province,district,division,location,sublocation,male,female,total,households,area_sqkm,density
CENTRAL,GATANGA,GATANGA,GATANGA,CHOMO,2730,2787,5517,1399,9.61,574.32
CENTRAL,GATANGA,GATANGA,GATANGA,GATANGA,1453,1445,2898,709,3.7,784.09
CENTRAL,GATANGA,GATANGA,GATANGA,KIRWARA,2427,2603,5030,1351,6.79,740.29
CENTRAL,GATANGA,GATANGA,KIGIO,GAKURARI,1356,1474,2830,723,4.19,674.63
CENTRAL,GATANGA,GATANGA,KIGIO,ITHANGARARI,854,911,1765,465,2.05,859.55
CENTRAL,GATANGA,GATANGA,KIGIO,KIGIO,1679,1677,3356,788,3.25,1032.65
CENTRAL,GATANGA,GATANGA,KIRIA-INI,GATHANJI,1113,1200,2313,538,3.47,665.73
CENTRAL,GATANGA,GATANGA,KIRIA-INI,KIRIA-INI,1300,1337,2637,671,4.93,535.22
CENTRAL,GATANGA,GATANGA,KIRIA-INI,MUREKE,782,825,1607,376,2.5,642.67
CENTRAL,GATANGA,GATANGA,KIRIA-INI,THARE,768,779,1547,381,3.7,417.61
CENTRAL,GATANGA,GATANGA,MUGUMO-INI,MAMBANDA,1157,1253,2410,633,2.13,1133.16
CENTRAL,GATANGA,GATANGA,MUGUMO-INI,MITHANDUKU-INI,1696,1724,3420,1013,2.59,1321.59
CENTRAL,GATANGA,GATANGA,MUGUMO-INI,MUGUMO-INI,2376,2591,4967,1409,3.78,1314.86
CENTRAL,GATANGA,GATANGA,SAMURU,GATHAMBARA,2945,2444,5389,2065,36.93,145.92
CENTRAL,GATANGA,GATANGA,SAMURU,MWITHINGIRI,1141,964,2105,723,24.96,84.34
CENTRAL,GATANGA,KARIARA,GAMBUYA,KIARUTARA,1770,1827,3597,915,8.57,419.49
CENTRAL,GATANGA,KARIARA,GAMBUYA,KIGANJO,636,623,1259,312,3.25,386.98
CENTRAL,GATANGA,KARIARA,GAMBUYA,MWAGU,1025,1015,2040,493,5.08,401.8
CENTRAL,GATANGA,KARIARA,KARIARA,GATUNGURU,1233,1302,2535,634,5.75,440.67
CENTRAL,GATANGA,KARIARA,KARIARA,GATURA,1692,1864,3556,1019,5.49,647.63
CENTRAL,GATANGA,KARIARA,KARIARA,KARANGI,1347,1341,2688,723,8.29,324.29
CENTRAL,GATANGA,KARIARA,KARIARA,KIMAKIA,19,12,31,18,70.71,0.44
CENTRAL,GATANGA,KARIARA,KARIARA,MBUNGITI,1282,1292,2574,703,8.5,302.88
CENTRAL,GATANGA,KARIARA,KIGORO,GIACHUKI,822,887,1709,436,3.39,504.4
CENTRAL,GATANGA,KARIARA,KIGORO,GITIRI,1629,1737,3366,860,6.77,497.44
CENTRAL,GATANGA,KARIARA,KIGORO,KIGORO,2178,2198,4376,1184,9.83,445.23
CENTRAL,GATANGA,KARIARA,KIGORO,NDUNYU CHEGE,1575,1542,3117,768,4.43,703.52
CENTRAL,GATANGA,KARIARA,NDAKAINI,KANUNGA,708,693,1401,412,3.2,438.33
CENTRAL,GATANGA,KARIARA,NDAKAINI,KIMANDI/WANYAGA,1685,1794,3479,943,9.17,379.4
CENTRAL,GATANGA,KARIARA,NDAKAINI,NDAKAINI,1189,1255,2444,684,8.5,287.54
CENTRAL,GATANGA,KIUMBU-INI,KIUMBU-INI,KAGONGO,1072,1131,2203,580,2.91,757.93
CENTRAL,GATANGA,KIUMBU-INI,KIUMBU-INI,KIUMBU-INI,1007,1032,2039,541,3.42,596.16
CENTRAL,GATANGA,KIUMBU-INI,KIUMBU-INI,NYAGA,876,957,1833,468,2.62,698.68
CENTRAL,GATANGA,KIUMBU-INI,KIUMBU-INI,THUITA,1672,1736,3408,896,4.56,747.58
CENTRAL,GATANGA,KIUMBU-INI,KIUNYU,GITUAMBA,1375,1470,2845,712,3.72,765.3
CENTRAL,GATANGA,KIUMBU-INI,KIUNYU,KIUNYU,1554,1669,3223,891,3.22,999.41
CENTRAL,GATANGA,KIUMBU-INI,KIUNYU,RUGAITA,1203,1190,2393,609,2.57,930.37
CENTRAL,GATANGA,KIUMBU-INI,MUKARARA,GATIIGURU,920,1047,1967,490,3.06,643.53
CENTRAL,GATANGA,KIUMBU-INI,MUKARARA,MUKARARA,1528,1533,3061,692,3.96,773.45
CENTRAL,GATANGA,KIUMBU-INI,MUKARARA,MUKURWE,1018,1036,2054,496,3.81,539.29
CENTRAL,GATANGA,KIUMBU-INI,MUKARARA,NJAIINI,1004,1101,2105,488,3.07,685
CENTRAL,GATUNDU,CHANIA,GITUAMBA,GITUAMBA,2158,2268,4426,1149,8.19,540.61
CENTRAL,GATUNDU,CHANIA,GITUAMBA,KIRIKO,2244,2402,4646,1116,8.77,529.77
CENTRAL,GATUNDU,CHANIA,GITUAMBA,MARIA-INI,1062,1065,2127,524,6.34,335.72
CENTRAL,GATUNDU,CHANIA,GITUAMBA,MATAARA,1825,1873,3698,989,10.24,361.29
CENTRAL,GATUNDU,CHANIA,KAIRI,KAIRI,1542,1619,3161,830,4.56,693.49
CENTRAL,GATUNDU,CHANIA,KAIRI,MUIRIGO,1425,1628,3053,788,3.47,880.79
CENTRAL,GATUNDU,CHANIA,KAIRI,NGORONGO,1304,1475,2779,765,5.4,514.7
CENTRAL,GATUNDU,CHANIA,MAKWA,MAKWA,2050,2261,4311,1092,5.32,810.25
CENTRAL,GATUNDU,CHANIA,MAKWA,NGETHU,1109,1188,2297,640,4.09,561.04
CENTRAL,GATUNDU,CHANIA,MAKWA,NGUNA,2310,2401,4711,1207,5.62,838.29
CENTRAL,GATUNDU,FOREST,FOREST,FOREST,0,0,0,0,29,0
CENTRAL,GATUNDU,GATUNDU,KIAMWANGI,GATHAGE,2265,2484,4749,1301,7.18,661.69
CENTRAL,GATUNDU,GATUNDU,KIAMWANGI,KIAMWANGI,2582,2881,5463,1472,7.62,717.33
CENTRAL,GATUNDU,GATUNDU,KIAMWANGI,KIGONGO,2296,2474,4770,1208,6.75,706.83
CENTRAL,GATUNDU,GATUNDU,KIAMWANGI,NEMBU,2597,2792,5389,1429,6.29,856.97
CENTRAL,GATUNDU,GATUNDU,KIGANJO,GACHIKA,1896,2035,3931,1022,10.53,373.29
CENTRAL,GATUNDU,GATUNDU,KIGANJO,GATITU,1249,1307,2556,615,5.54,461.38
CENTRAL,GATUNDU,GATUNDU,KIGANJO,KIAMWORIA,2476,2592,5068,1253,8.79,576.39
CENTRAL,GATUNDU,GATUNDU,KIGANJO,KIGANJO,3558,3920,7478,1980,12.26,609.83
CENTRAL,GATUNDU,GATUNDU,KIGANJO,MUNDORO,2296,2432,4728,1265,9.66,489.44
CENTRAL,GATUNDU,GATUNDU,KIGANJO,NDUNDU,1643,1730,3373,839,8.41,400.96
CENTRAL,GATUNDU,GATUNDU,NDARUGU,GACHARAGE,828,876,1704,395,4.61,369.43
CENTRAL,GATUNDU,GATUNDU,NDARUGU,GITWE,1919,2179,4098,1021,10.13,404.35
CENTRAL,GATUNDU,GATUNDU,NDARUGU,KARATU,1088,1230,2318,650,6.87,337.29
CENTRAL,GATUNDU,GATUNDU,NDARUGU,KARINGA,2250,2563,4813,1224,8.73,551.36
CENTRAL,GATUNDU,GATUNDU,NDARUGU,KIRANGI,1708,1845,3553,942,10.15,350
CENTRAL,GATUNDU,GATUNDU,NDARUGU,MUNYU-INI,1822,1937,3759,897,9.87,380.71
CENTRAL,GATUNDU,GATUNDU,NGENDA,GITHUNGUCHU,3842,4066,7908,2078,7.39,1070.6
CENTRAL,GATUNDU,GATUNDU,NGENDA,HANDEGE,1653,1844,3497,864,5.77,605.67
CENTRAL,GATUNDU,GATUNDU,NGENDA,ITURU,2296,2230,4526,1154,6.47,699.31
CENTRAL,GATUNDU,GATUNDU,NGENDA,KAHUGUINI,2897,2902,5799,1547,8.41,689.55
CENTRAL,GATUNDU,GATUNDU,NGENDA,KIMUNYU,4189,4510,8699,2268,10.38,837.92
CENTRAL,GATUNDU,GATUNDU,NGENDA,KIRANGARI,2413,2786,5199,1701,2.64,1969.09
CENTRAL,GATUNDU,GATUNDU,NGENDA,RITHO,2432,2605,5037,1300,9.42,534.95
CENTRAL,GATUNDU,GATUNDU,NGENDA,WAMWANGI,2800,2965,5765,1486,8.52,677.02
CENTRAL,GATUNDU,MANGU,GAKOE,GAKOE,1832,2009,3841,957,7.53,509.81
CENTRAL,GATUNDU,MANGU,GAKOE,NDIKO,1453,1518,2971,725,6.76,439.46
CENTRAL,GATUNDU,MANGU,GATHAITE,GATEI,2093,2194,4287,1079,7.28,588.99
CENTRAL,GATUNDU,MANGU,GATHAITE,GATHAITE,657,694,1351,338,3.53,382.45
CENTRAL,GATUNDU,MANGU,GATHAITE,KAMWANGI,3548,3668,7216,1855,8.31,868.53
CENTRAL,GATUNDU,MANGU,GATHAITE,KANYONI,2338,2449,4787,1195,9.15,523
CENTRAL,GATUNDU,MANGU,GATHAITE,MWIMUTO,1182,1343,2525,628,6.33,398.6
CENTRAL,GATUNDU,MANGU,GITHOMBOKONI,GACHEGE,1618,1723,3341,822,6.52,512.67
CENTRAL,GATUNDU,MANGU,GITHOMBOKONI,KAMUNYAKA,962,979,1941,477,5.9,329.07
CENTRAL,GATUNDU,MANGU,GITHOMBOKONI,KIENI,708,669,1377,470,95.06,14.49
CENTRAL,GATUNDU,MANGU,GITHOMBOKONI,NJAHI,1279,1473,2752,721,7.45,369.46
CENTRAL,GATUNDU,MANGU,KARURI,IGEGANIA,1984,2206,4190,1044,4.34,966.28
CENTRAL,GATUNDU,MANGU,KARURI,KARURI,1137,1212,2349,647,2.54,923.68
CENTRAL,GATUNDU,MANGU,KARURI,NYAMANGARA,1772,1836,3608,904,5.02,718.18
CENTRAL,GATUNDU,MANGU,MANGU,GATUKUYU,3191,3378,6569,1730,4.45,1476.18
CENTRAL,GATUNDU,MANGU,MANGU,MANGU,3052,3251,6303,1585,6.44,978.3
CENTRAL,GATUNDU,MANGU,MANGU,MITERO,1362,1535,2897,766,3.54,818.41
CENTRAL,GATUNDU,MANGU,MANGU,MUKURWE,1530,1567,3097,762,4.89,633.45
CENTRAL,GITHUNGURI,GITHUNGURI,GITHUNGURI,GITHUNGURI,8692,9030,17722,5152,15.02,1179.78
CENTRAL,GITHUNGURI,GITHUNGURI,GITHUNGURI,KANJAI,4330,4416,8746,2177,9.07,964.29
CENTRAL,GITHUNGURI,GITHUNGURI,GITHUNGURI,KIAIRIA,4920,4990,9910,2395,12.6,786.7
CENTRAL,GITHUNGURI,GITHUNGURI,NGEWA,GIATHIEKO,2205,2237,4442,1142,5.18,857.3
CENTRAL,GITHUNGURI,GITHUNGURI,NGEWA,KIMATHI,3722,3788,7510,1907,10.13,741.51
CENTRAL,GITHUNGURI,GITHUNGURI,NGEWA,NYAGA,5214,5227,10441,2936,9.27,1125.86
CENTRAL,GITHUNGURI,IKINU,GITHIGA,GATHANGARI,3277,3353,6630,1848,12.93,512.83
CENTRAL,GITHUNGURI,IKINU,GITHIGA,GITHIGA,7211,7331,14542,3920,13.46,1080.35
CENTRAL,GITHUNGURI,IKINU,GITHIGA,GITIHA,3147,3349,6496,1708,8.95,725.95
CENTRAL,GITHUNGURI,IKINU,GITHIGA,MATUGUTA,1586,1657,3243,880,5.38,602.97
CENTRAL,GITHUNGURI,IKINU,IKINU,IKINU,3189,3272,6461,1712,5.31,1215.66
CENTRAL,GITHUNGURI,IKINU,IKINU,KIAIBABU,3464,3476,6940,1716,5.53,1254.04
CENTRAL,GITHUNGURI,IKINU,IKINU,LIOKI,3075,3179,6254,1640,6.8,919.49
CENTRAL,GITHUNGURI,IKINU,IKINU,NGEMWA,1967,2046,4013,982,4.71,852.63
CENTRAL,GITHUNGURI,KOMOTHAI,KIRATINA,GATHUGU,3725,3707,7432,1808,12.82,579.64
CENTRAL,GITHUNGURI,KOMOTHAI,KIRATINA,KIBICHOI,4081,4325,8406,2330,8.43,997.65
CENTRAL,GITHUNGURI,KOMOTHAI,KIRATINA,KIRATINA,4179,4535,8714,2382,11.73,742.7
CENTRAL,GITHUNGURI,KOMOTHAI,KOMOTHAI,KIAMBURURU,1969,1930,3899,1020,6.04,645.79
CENTRAL,GITHUNGURI,KOMOTHAI,KOMOTHAI,MBARI YA IGI,1822,1915,3737,1066,7.55,494.76
CENTRAL,GITHUNGURI,KOMOTHAI,KOMOTHAI,THUITA,1070,1155,2225,629,2.55,874.06
CENTRAL,KIAMBU EAST(KIAMBAA),KIAMBAA,CIANDA,CIANDA,1447,1253,2700,950,21.03,128.4
CENTRAL,KIAMBU EAST(KIAMBAA),KIAMBAA,CIANDA,KAWAIDA,6091,6328,12419,3574,15.66,793.2
CENTRAL,KIAMBU EAST(KIAMBAA),KIAMBAA,KIAMBAA,KARURI,5610,5826,11436,3326,4,2861.07
CENTRAL,KIAMBU EAST(KIAMBAA),KIAMBAA,KIAMBAA,KIAMBAA,3977,3930,7907,2148,4.27,1851.97
CENTRAL,KIAMBU EAST(KIAMBAA),KIAMBAA,KIAMBAA,MUCHATHA,6556,6548,13104,4033,3.16,4145.65
CENTRAL,KIAMBU EAST(KIAMBAA),KIAMBAA,KIAMBAA,NJIKU,5516,5801,11317,3173,6.18,1830.43
CENTRAL,KIAMBU EAST(KIAMBAA),KIAMBAA,KIAMBAA,NJORO,2328,2582,4910,1432,3.01,1632.31
CENTRAL,KIAMBU EAST(KIAMBAA),KIAMBAA,KIHARA,GACHIE,11948,10495,22443,7655,2.66,8452.15
CENTRAL,KIAMBU EAST(KIAMBAA),KIAMBAA,KIHARA,KARURA,2384,2334,4718,1278,2.5,1884.03
CENTRAL,KIAMBU EAST(KIAMBAA),KIAMBAA,KIHARA,KIHARA,7084,7350,14434,4195,2.7,5340.98
CENTRAL,KIAMBU EAST(KIAMBAA),KIAMBAA,KIHARA,MAHINDI,1873,2023,3896,1048,2.5,1558.77
CENTRAL,KIAMBU EAST(KIAMBAA),KIAMBAA,KIHARA,WANGUNYU,1772,1804,3576,944,2.57,1391.22
CENTRAL,KIAMBU EAST(KIAMBAA),KIAMBAA,RUAKA,NDENDERU,4942,5233,10175,3022,3.31,3071.23
CENTRAL,KIAMBU EAST(KIAMBAA),KIAMBAA,RUAKA,RUAKA,6579,6909,13488,4436,4.07,3310.99
CENTRAL,KIAMBU EAST(KIAMBAA),KIAMBAA,WAGUTHU,GATHANGA,4314,4216,8530,2305,5.59,1524.74
CENTRAL,KIAMBU EAST(KIAMBAA),KIAMBAA,WAGUTHU,KANUNGA,2878,2976,5854,1464,4.96,1180.91
CENTRAL,KIAMBU EAST(KIAMBAA),KIAMBAA,WAGUTHU,NGEGU,3998,4013,8011,2298,2.96,2710.81
CENTRAL,KIAMBU EAST(KIAMBAA),KIAMBU MUINI.,KAMITI,ANMER,1588,1465,3053,899,16.83,181.37
CENTRAL,KIAMBU EAST(KIAMBAA),KIAMBU MUINI.,KAMITI,KAMITI,1903,1701,3604,1250,21.72,165.93
CENTRAL,KIAMBU EAST(KIAMBAA),KIAMBU MUINI.,KIAMBAA S/A,KIAMBU TOWN,3640,4253,7893,2444,1.39,5678.83
CENTRAL,KIAMBU EAST(KIAMBAA),KIAMBU MUINI.,KIAMBAA S/A,KIAMUMBI,4174,4269,8443,2405,11.16,756.3
CENTRAL,KIAMBU EAST(KIAMBAA),KIAMBU MUINI.,KIAMBAA S/A,THINDIGUA,5576,5327,10903,3580,20.45,533.07
CENTRAL,KIAMBU EAST(KIAMBAA),KIAMBU MUINI.,NDUMBERI,KARUNGA,4030,4213,8243,2462,3.29,2501.67
CENTRAL,KIAMBU EAST(KIAMBAA),KIAMBU MUINI.,NDUMBERI,NDUMBERI,6812,6903,13715,3723,4.9,2800.81
CENTRAL,KIAMBU EAST(KIAMBAA),KIAMBU MUINI.,RIABAI,KIHINGO,5569,5981,11550,3581,5.1,2265.51
CENTRAL,KIAMBU EAST(KIAMBAA),KIAMBU MUINI.,RIABAI,RIABAI,6867,7492,14359,4269,4.08,3519.62
CENTRAL,KIAMBU EAST(KIAMBAA),KIAMBU MUINI.,TINGANGA,KAGONGO,2808,2976,5784,1504,4.82,1199.23
CENTRAL,KIAMBU EAST(KIAMBAA),KIAMBU MUINI.,TINGANGA,TINGANGA,3532,3754,7286,1944,4.18,1741.35
CENTRAL,KIAMBU WEST,LIMURU,KARAMBAINI,KARAMBAINI,2729,2658,5387,1801,22.89,235.39
CENTRAL,KIAMBU WEST,LIMURU,KARAMBAINI,KIAWAROGA,3663,3363,7026,2153,18.65,376.82
CENTRAL,KIAMBU WEST,LIMURU,KARAMBAINI,MABROUKE,8055,7880,15935,4892,16.35,974.68
CENTRAL,KIAMBU WEST,LIMURU,LIMURU,BIBIRIONI,10441,10761,21202,5481,21.87,969.59
CENTRAL,KIAMBU WEST,LIMURU,LIMURU,KAMIRITHU,8672,8649,17321,4620,16.3,1062.61
CENTRAL,KIAMBU WEST,LIMURU,LIMURU,LIMURU TOWN,2116,2239,4355,1618,1.49,2922.82
CENTRAL,KIAMBU WEST,LIMURU,NGECHA,KABUKU,1553,1706,3259,901,1.66,1965.03
CENTRAL,KIAMBU WEST,LIMURU,NGECHA,NGECHA,4555,4659,9214,2509,8.72,1056.83
CENTRAL,KIAMBU WEST,LIMURU,RIRONI,GATIMU,1844,1862,3706,881,3.69,1004.91
CENTRAL,KIAMBU WEST,LIMURU,RIRONI,RIRONI,2745,3084,5829,1610,4.02,1451.23
CENTRAL,KIAMBU WEST,LIMURU,TIGONI,ITHANJI,4223,4153,8376,2784,19.22,435.86
CENTRAL,KIAMBU WEST,LIMURU,TIGONI,RED HILL,1714,1421,3135,965,22.2,141.25
CENTRAL,KIAMBU WEST,NDEIYA,NDEIYA,NDERU,4228,4334,8562,2044,39.2,218.44
CENTRAL,KIAMBU WEST,NDEIYA,NDEIYA,NDIUNI,1207,1272,2479,581,10.95,226.48
CENTRAL,KIAMBU WEST,NDEIYA,NDEIYA,THIGIO,5307,5791,11098,2727,52.62,210.93
CENTRAL,KIAMBU WEST,NDEIYA,NDEIYA,TIEKUNU,2141,2107,4248,975,21.91,193.86
CENTRAL,KIKUYU,KABETE,KABETE,CHURA,1689,1731,3420,948,2.74,1248.31
CENTRAL,KIKUYU,KABETE,KABETE,KIBICHIKU,8267,7859,16126,5213,5.11,3155.46
CENTRAL,KIKUYU,KABETE,KABETE,LOWER KABETE,6996,7535,14531,4446,4.98,2918.75
CENTRAL,KIKUYU,KABETE,KABETE,RUKU,3639,3744,7383,2195,2.97,2488.12
CENTRAL,KIKUYU,KABETE,MUGUGA,GITARU,7269,7461,14730,4580,4.16,3542.99
CENTRAL,KIKUYU,KABETE,MUGUGA,KAHUHO,3672,3654,7326,1838,6.06,1208.89
CENTRAL,KIKUYU,KABETE,MUGUGA,KANYARIRI,5405,5622,11027,3111,6.64,1659.87
CENTRAL,KIKUYU,KABETE,MUGUGA,MUGUGA,6160,6658,12818,3407,6.31,2032.54
CENTRAL,KIKUYU,KABETE,NYATHUNA,GATHIGA,3438,3388,6826,1842,3.32,2054.04
CENTRAL,KIKUYU,KABETE,NYATHUNA,KARURA,2746,2852,5598,1511,4.51,1240.75
CENTRAL,KIKUYU,KABETE,NYATHUNA,KIRANGARI,4777,4966,9743,2695,4.78,2038.46
CENTRAL,KIKUYU,KABETE,NYATHUNA,NYATHUNA,3267,3337,6604,1746,5.21,1267.44
CENTRAL,KIKUYU,KIKUYU,KARAI,GIKAMBURA,6655,6957,13612,3720,11.92,1142.28
CENTRAL,KIKUYU,KIKUYU,KARAI,KARAI,882,898,1780,437,5.64,315.52
CENTRAL,KIKUYU,KIKUYU,KARAI,LUSEGETTI,3235,3291,6526,1684,11.39,573
CENTRAL,KIKUYU,KIKUYU,KARAI,NACHU,2023,2104,4127,1098,62.01,66.56
CENTRAL,KIKUYU,KIKUYU,KARAI,RENGUTTI,2587,2820,5407,1400,9.82,550.85
CENTRAL,KIKUYU,KIKUYU,KIKUYU,KARI,1293,1302,2595,667,13.12,197.79
CENTRAL,KIKUYU,KIKUYU,KIKUYU,KERWA,7313,7553,14866,3542,17.83,833.58
CENTRAL,KIKUYU,KIKUYU,KIKUYU,KIKUYU TSHIP,7887,8415,16302,4980,14.15,1152.08
CENTRAL,KIKUYU,KIKUYU,KIKUYU,SIGONA,5979,5978,11957,3653,6.7,1783.56
CENTRAL,KIKUYU,KIKUYU,KINOO,GITIBA,2600,2428,5028,1501,10.01,502.32
CENTRAL,KIKUYU,KIKUYU,KINOO,KINOO,12899,14183,27082,8710,6.28,4309.81
CENTRAL,KIKUYU,KIKUYU,KINOO,THOGOTO,7831,8289,16120,4747,6.89,2340.74
CENTRAL,KIKUYU,KIKUYU,KINOO,UTHIRU,11861,12434,24295,7374,3.52,6910.63
CENTRAL,KIRINYAGA,CENTRAL,INOI,KARIKO,4795,5145,9940,2911,12.04,825.43
CENTRAL,KIRINYAGA,CENTRAL,INOI,MBETI,1884,2155,4039,1212,6.12,659.79
CENTRAL,KIRINYAGA,CENTRAL,INOI,NDIMI,3529,3678,7207,2062,7.59,949.93
CENTRAL,KIRINYAGA,CENTRAL,INOI,THAITA,2972,3169,6141,1752,8.41,730.61
CENTRAL,KIRINYAGA,CENTRAL,KANYEKINE,KANYEI,3019,3081,6100,1715,9.15,666.91
CENTRAL,KIRINYAGA,CENTRAL,KANYEKINE,KATHARE,2759,2777,5536,1573,9.05,611.47
CENTRAL,KIRINYAGA,CENTRAL,KANYEKINE,KIAGA,1994,2016,4010,1079,8.35,480.4
CENTRAL,KIRINYAGA,CENTRAL,KANYEKINE,KIANJEGE,2632,2711,5343,1431,9,593.8
CENTRAL,KIRINYAGA,CENTRAL,KERUGOYA,KAGUYU,8195,9356,17551,5667,9.99,1757.45
CENTRAL,KIRINYAGA,CENTRAL,KERUGOYA,KAITHERI,1966,2000,3966,1208,3.47,1141.69
CENTRAL,KIRINYAGA,CENTRAL,KERUGOYA,KIMANDI,2582,2690,5272,1423,7.24,728.67
CENTRAL,KIRINYAGA,CENTRAL,KOROMA,KARIA,2004,1543,3547,941,5.07,699.95
CENTRAL,KIRINYAGA,CENTRAL,KOROMA,NDUINI,2789,2659,5448,1488,10.39,524.3
CENTRAL,KIRINYAGA,CENTRAL,KOROMA,NGARU,2939,2957,5896,1548,10.54,559.65
CENTRAL,KIRINYAGA,CENTRAL,KUTUS,KAMIGUA,2780,2791,5571,1818,9.69,574.96
CENTRAL,KIRINYAGA,CENTRAL,KUTUS,KANGU,1210,1261,2471,673,7.37,335.23
CENTRAL,KIRINYAGA,CENTRAL,KUTUS,KITHIRITI,3099,3110,6209,1906,8.8,705.9
CENTRAL,KIRINYAGA,CENTRAL,MUTIRA,KABARI,4425,4873,9298,2835,9.78,950.64
CENTRAL,KIRINYAGA,CENTRAL,MUTIRA,KAGUMO,1182,1279,2461,737,4.66,528.44
CENTRAL,KIRINYAGA,CENTRAL,MUTIRA,KAGUYU,2267,2518,4785,1316,7.11,672.71
CENTRAL,KIRINYAGA,CENTRAL,MUTIRA,KIRUNDA,3347,3468,6815,1902,8.48,803.79
CENTRAL,KIRINYAGA,GICHUGU,BARAGWI,GATU,2652,2605,5257,1494,8.51,617.92
CENTRAL,KIRINYAGA,GICHUGU,BARAGWI,RAIMU,2183,2295,4478,1466,5.3,845.03
CENTRAL,KIRINYAGA,GICHUGU,BARAGWI,RWAMBITI,2850,2959,5809,1644,11.24,516.89
CENTRAL,KIRINYAGA,GICHUGU,BARAGWI,THIMU,2219,2264,4483,1293,5.77,776.61
CENTRAL,KIRINYAGA,GICHUGU,KABARE,KIRITINI,2431,2562,4993,1386,6.43,776.82
CENTRAL,KIRINYAGA,GICHUGU,KABARE,MIKARARA,2201,2176,4377,1246,9.89,442.71
CENTRAL,KIRINYAGA,GICHUGU,KABARE,NGIROCHE,1545,1671,3216,945,4.94,650.85
CENTRAL,KIRINYAGA,GICHUGU,KABARE,RUKENYA,1973,1978,3951,1085,8.46,467.03
CENTRAL,KIRINYAGA,GICHUGU,KARUMANDI,GUAMA,2695,2756,5451,1579,8.2,664.63
CENTRAL,KIRINYAGA,GICHUGU,KARUMANDI,KARIRU,1960,1944,3904,1104,8.23,474.65
CENTRAL,KIRINYAGA,GICHUGU,KARUMANDI,KIARURI,2660,2874,5534,1639,7.58,730.32
CENTRAL,KIRINYAGA,GICHUGU,KARUMANDI,THUMAITA,4386,4627,9013,2631,14.58,618.25
CENTRAL,KIRINYAGA,GICHUGU,KIRIMA,GACHIGI,4192,4726,8918,2562,13.68,651.89
CENTRAL,KIRINYAGA,GICHUGU,KIRIMA,MUTIGE,1941,2182,4123,1217,5.75,716.88
CENTRAL,KIRINYAGA,GICHUGU,KIRIMA,NJUKU,4293,4618,8911,2611,13.29,670.76
CENTRAL,KIRINYAGA,GICHUGU,NGARIAMA,KABARI,2087,2218,4305,1282,7.91,543.97
CENTRAL,KIRINYAGA,GICHUGU,NGARIAMA,NYANGENI,2544,2554,5098,1497,10.34,492.98
CENTRAL,KIRINYAGA,GICHUGU,NGARIAMA,RUNGETO,2494,2556,5050,1507,11.9,424.45
CENTRAL,KIRINYAGA,GICHUGU,NGARIAMA,THIRIKWA,1837,1774,3611,1125,7.27,496.51
CENTRAL,KIRINYAGA,GICHUGU,NJUKIINI,KANJUU,3942,3914,7856,2218,22.29,352.47
CENTRAL,KIRINYAGA,GICHUGU,NJUKIINI,MIRICHI,3235,3392,6627,1832,14.32,462.64
CENTRAL,KIRINYAGA,GICHUGU,NJUKIINI,NGERWE,2099,2136,4235,1233,9.26,457.1
CENTRAL,KIRINYAGA,GICHUGU,NJUKIINI,NGIRIAMBU,2710,2762,5472,1492,14.18,385.97
CENTRAL,KIRINYAGA,MT KENYA FOREST,MT KENYA FOREST,MT KENYA FOREST,0,0,0,0,350,0
CENTRAL,KIRINYAGA,MWEA,KANGAI,KATHIGA,5060,5042,10102,2826,18.35,550.48
CENTRAL,KIRINYAGA,MWEA,KANGAI,KOMBU-INI,2828,2868,5696,1507,10.21,558.1
CENTRAL,KIRINYAGA,MWEA,KANGAI,MATHIGAINI,1749,1753,3502,969,10.19,343.73
CENTRAL,KIRINYAGA,MWEA,MURINDUKO,KAMUNYANGE,2526,2407,4933,1467,17.66,279.4
CENTRAL,KIRINYAGA,MWEA,MURINDUKO,MIUU,4281,3215,7496,2088,81.67,91.78
CENTRAL,KIRINYAGA,MWEA,MURINDUKO,MUGAMBACIURA,3642,3547,7189,1953,28.13,255.57
CENTRAL,KIRINYAGA,MWEA,MURINDUKO,RIAGACHERU,4402,4230,8632,2422,31.31,275.7
CENTRAL,KIRINYAGA,MWEA,MUTITHI,KABIRIRI,4392,4309,8701,2578,38.86,223.91
CENTRAL,KIRINYAGA,MWEA,MUTITHI,KIANDEGWA,2856,2763,5619,1724,13.68,410.68
CENTRAL,KIRINYAGA,MWEA,MUTITHI,KINYAGA,3267,3378,6645,1898,19.28,344.6
CENTRAL,KIRINYAGA,MWEA,MUTITHI,RUKANGA,3039,2860,5899,1407,34.96,168.76
CENTRAL,KIRINYAGA,MWEA,NYANGATI,KIRIMARA,1244,1227,2471,711,9.31,265.35
CENTRAL,KIRINYAGA,MWEA,NYANGATI,MATHANGAUTA,2520,2546,5066,1521,7.23,701.14
CENTRAL,KIRINYAGA,MWEA,NYANGATI,NYANGATI,3936,4358,8294,2489,17.09,485.29
CENTRAL,KIRINYAGA,MWEA,TEBERE,GATHIGIRIRI,3904,3429,7333,2044,12.95,566.05
CENTRAL,KIRINYAGA,MWEA,TEBERE,KIARUKUNGU,15686,15959,31645,10189,57.83,547.23
CENTRAL,KIRINYAGA,MWEA,TEBERE,MAHIGAINI,2989,2949,5938,1610,12.04,493.37
CENTRAL,KIRINYAGA,MWEA,THIBA,KIRATINA,6092,6059,12151,3759,16.73,726.48
CENTRAL,KIRINYAGA,MWEA,THIBA,NGUKA,5412,5656,11068,3150,17.3,639.95
CENTRAL,KIRINYAGA,MWEA,THIBA,WAMUMU,8984,8897,17881,5132,61.98,288.52
CENTRAL,KIRINYAGA,NDIA,KARITI,GACHARU,2523,2592,5115,1441,15.57,328.42
CENTRAL,KIRINYAGA,NDIA,KARITI,MUKUI,1871,1922,3793,1062,6.4,592.85
CENTRAL,KIRINYAGA,NDIA,KARITI,NYANGIO,2229,2295,4524,1240,12.8,353.53
CENTRAL,KIRINYAGA,NDIA,KARITI,SAGANA,4816,4970,9786,3256,16.67,587.04
CENTRAL,KIRINYAGA,NDIA,KARITI,THIGIRICHI,2313,2412,4725,1330,18.7,252.65
CENTRAL,KIRINYAGA,NDIA,KIINE,KIANGAI,4061,4490,8551,2629,15.94,536.34
CENTRAL,KIRINYAGA,NDIA,KIINE,KIBIGOTI,3184,3422,6606,1926,13.21,499.94
CENTRAL,KIRINYAGA,NDIA,KIINE,NGUGU-INE,2715,3075,5790,1716,12.02,481.52
CENTRAL,KIRINYAGA,NDIA,KIINE,RUIRU,1976,1989,3965,1147,10.2,388.77
CENTRAL,KIRINYAGA,NDIA,MUKURE,KAGIOINI,2184,2294,4478,1227,7.15,626.04
CENTRAL,KIRINYAGA,NDIA,MUKURE,KANYOKORA,2545,2760,5305,1560,9.61,551.91
CENTRAL,KIRINYAGA,NDIA,MUKURE,MUKURE,4036,4457,8493,2476,18.9,449.44
CENTRAL,KIRINYAGA,NDIA,MWERUA,GITAKU,3919,3924,7843,2351,16.18,484.85
CENTRAL,KIRINYAGA,NDIA,MWERUA,KIANJANGA,2164,2253,4417,1204,7.44,593.76
CENTRAL,KIRINYAGA,NDIA,MWERUA,KITHUMBU,5532,5997,11529,3685,18.9,610.13
CENTRAL,KIRINYAGA,NDIA,MWERUA,MAITHARUI,2255,2340,4595,1241,11.07,414.92
CENTRAL,LARI,GATAMAIYU,GATAMAIYU,KAGWE,4221,4405,8626,2357,15.01,574.53
CENTRAL,LARI,GATAMAIYU,GATAMAIYU,KAMUCHEGE,2759,2681,5440,1364,10.12,537.54
CENTRAL,LARI,GATAMAIYU,KAMBURU,KAGAA,2573,2527,5100,1399,14,364.25
CENTRAL,LARI,GATAMAIYU,KAMBURU,KAMBURU,2773,2885,5658,1501,9.94,568.96
CENTRAL,LARI,GATAMAIYU,KAMBURU,MATIMBEI,1350,1403,2753,733,7.5,367.15
CENTRAL,LARI,GATAMAIYU,NYANDUMA,GACHOIRE,3154,3379,6533,1723,16.16,404.24
CENTRAL,LARI,GATAMAIYU,NYANDUMA,NYANDUMA,4062,4233,8295,2047,18.99,436.83
CENTRAL,LARI,LARI,GITITHIA,GITITHIA,2389,2542,4931,1168,13.25,372.16
CENTRAL,LARI,LARI,GITITHIA,NYAMBARI,1562,1665,3227,862,2.77,1165.36
CENTRAL,LARI,LARI,KAMAE,KAMAE,3215,3399,6614,1492,57.52,114.99
CENTRAL,LARI,LARI,KAMAE,KAMUKOMBINI,2343,2461,4804,1023,16.69,287.88
CENTRAL,LARI,LARI,KIJABE,BATHI,3358,3659,7017,1817,7.25,968.09
CENTRAL,LARI,LARI,KIJABE,KIJABE,2656,3197,5853,1529,13.21,443.14
CENTRAL,LARI,LARI,KIJABE,MAGINA,2721,2940,5661,1426,3.25,1741.9
CENTRAL,LARI,LARI,KIJABE,MBAUINI,1288,1357,2645,604,6.04,437.94
CENTRAL,LARI,LARI,KINALE,KINALE,3197,3331,6528,1396,19.48,335.09
CENTRAL,LARI,LARI,KINALE,MUKEU,4042,4019,8061,1826,92.81,86.86
CENTRAL,LARI,LARI,KIRENGA,ESCARPMENT,1797,1891,3688,867,16.66,221.36
CENTRAL,LARI,LARI,KIRENGA,GITUAMBA,1090,1102,2192,544,4.01,546.08
CENTRAL,LARI,LARI,KIRENGA,KAMBAA,3212,3224,6436,1483,47.76,134.74
CENTRAL,LARI,LARI,KIRENGA,KIRENGA,1945,2087,4032,1044,5.01,804.87
CENTRAL,LARI,LARI,LARI,GITHIRIONI,1664,1722,3386,851,22.62,149.67
CENTRAL,LARI,LARI,LARI,LARI SCHEME,3261,3154,6415,1723,19.1,335.94
CENTRAL,MURANGA NORTH,ABERDARE FOREST,ABERDARE FOREST,ABERDARE FOREST,27,15,42,19,173.92,0.24
CENTRAL,MURANGA NORTH,KAHURO,KAHUHIA,GATHERU,2427,2841,5268,1470,10.69,492.66
CENTRAL,MURANGA NORTH,KAHURO,KAHUHIA,KIROGO,2642,3028,5670,1520,8.81,643.62
CENTRAL,MURANGA NORTH,KAHURO,KAHUHIA,MUKANGU,1537,1584,3121,845,7.21,432.58
CENTRAL,MURANGA NORTH,KAHURO,MUGOIRI,GATUNDU,2355,2604,4959,1370,9.63,515.12
CENTRAL,MURANGA NORTH,KAHURO,MUGOIRI,KAHURO,3398,3886,7284,2147,12.65,575.78
CENTRAL,MURANGA NORTH,KAHURO,MUGOIRI,KIRIA,4232,4527,8759,2440,18.8,465.95
CENTRAL,MURANGA NORTH,KAHURO,MUGOIRI,MIRICHU,3894,4296,8190,2250,16.31,502.29
CENTRAL,MURANGA NORTH,KAHURO,MURARANDIA,GATHAITHI,3205,3364,6569,1805,18.32,358.51
CENTRAL,MURANGA NORTH,KAHURO,MURARANDIA,GATUYA,2880,3127,6007,1688,9.61,624.88
CENTRAL,MURANGA NORTH,KAHURO,MURARANDIA,KAGANDA,2460,2739,5199,1421,10.03,518.27
CENTRAL,MURANGA NORTH,KAHURO,MURARANDIA,MURARANDIA,2824,3002,5826,1646,13.9,419.26
CENTRAL,MURANGA NORTH,KAHURO,MURARANDIA,THERI,2546,2796,5342,1563,8.17,654.23
CENTRAL,MURANGA NORTH,KAHURO,WEITHAGA,KAHUTI,2307,2516,4823,1315,7.21,668.88
CENTRAL,MURANGA NORTH,KAHURO,WEITHAGA,WANGU,1873,1964,3837,1070,6.82,562.27
CENTRAL,MURANGA NORTH,KAHURO,WEITHAGA,WANJENGI,2925,3254,6179,1770,10.05,615.06
CENTRAL,MURANGA NORTH,KANGEMA,IYEGO,GACHARAIGU,2026,2270,4296,1249,10.53,408.07
CENTRAL,MURANGA NORTH,KANGEMA,IYEGO,GIKUI,2458,2612,5070,1410,9.28,546.18
CENTRAL,MURANGA NORTH,KANGEMA,IYEGO,GITHUNGURI,1430,1652,3082,869,6.38,483.38
CENTRAL,MURANGA NORTH,KANGEMA,IYEGO,NYAKAHURA,1854,2135,3989,1087,10.13,393.71
CENTRAL,MURANGA NORTH,KANGEMA,KANYENYAINI,GITHIGA,2158,2383,4541,1293,7.44,610.46
CENTRAL,MURANGA NORTH,KANGEMA,KANYENYAINI,GITUGU,1574,1750,3324,956,5.82,571.06
CENTRAL,MURANGA NORTH,KANGEMA,KANYENYAINI,KANYENYAINI,1835,1889,3724,1096,7.82,476.39
CENTRAL,MURANGA NORTH,KANGEMA,KANYENYAINI,KIBUTHA,1087,1294,2381,638,4.46,534.02
CENTRAL,MURANGA NORTH,KANGEMA,KANYENYAINI,NGOEI-INI,743,786,1529,423,4.02,380.09
CENTRAL,MURANGA NORTH,KANGEMA,KIRURI,ICHICHI,1155,1155,2310,616,8.97,257.4
CENTRAL,MURANGA NORTH,KANGEMA,KIRURI,KARURUMO,845,809,1654,477,6.87,240.74
CENTRAL,MURANGA NORTH,KANGEMA,KIRURI,KIRURI,1180,1233,2413,720,8.5,283.84
CENTRAL,MURANGA NORTH,KANGEMA,KIRURI,NDUI-INI,644,672,1316,356,6.47,203.5
CENTRAL,MURANGA NORTH,KANGEMA,KIRURI,TUTHU,765,755,1520,416,6.42,236.81
CENTRAL,MURANGA NORTH,KANGEMA,MUGURU,GAKIRA,3425,3486,6911,2161,8.06,857.22
CENTRAL,MURANGA NORTH,KANGEMA,MUGURU,KANORERO,1545,1653,3198,839,4.84,661.11
CENTRAL,MURANGA NORTH,KANGEMA,MUGURU,KIAIRATHE,1531,1803,3334,947,5.29,630.02
CENTRAL,MURANGA NORTH,KANGEMA,MUGURU,WATUHA,2207,2437,4644,1305,6.49,715.92
CENTRAL,MURANGA NORTH,KANGEMA,RWATHIA,KIAWAMBOGO,1966,2279,4245,1161,11.18,379.86
CENTRAL,MURANGA NORTH,KANGEMA,RWATHIA,KIHOYA,2288,2453,4741,1302,9.93,477.39
CENTRAL,MURANGA NORTH,KANGEMA,RWATHIA,RWATHIA,2311,2712,5023,1447,8.89,565.12
CENTRAL,MURANGA NORTH,KANGEMA,RWATHIA,WANJERERE,1879,1864,3743,1046,15.85,236.16
CENTRAL,MURANGA NORTH,KIHARU,GATURI,GAKUYU,3122,3281,6403,1748,17.4,367.93
CENTRAL,MURANGA NORTH,KIHARU,GATURI,GATHUKIINI,3745,4258,8003,2248,14.15,565.43
CENTRAL,MURANGA NORTH,KIHARU,GATURI,GEITWA/MUGEKA,2679,2770,5449,1490,13.25,411.21
CENTRAL,MURANGA NORTH,KIHARU,GIKINDU,GITHURI,1564,1536,3100,857,29.79,104.06
CENTRAL,MURANGA NORTH,KIHARU,GIKINDU,KAMBIRWA,3067,3090,6157,1711,19.11,322.17
CENTRAL,MURANGA NORTH,KIHARU,GIKINDU,MIRIRA,2822,2993,5815,1548,33.86,171.73
CENTRAL,MURANGA NORTH,KIHARU,KIMATHI,KIGONGO,1495,1602,3097,816,10.7,289.36
CENTRAL,MURANGA NORTH,KIHARU,KIMATHI,NYAKIHAI,3006,3008,6014,1507,24.25,248.02
CENTRAL,MURANGA NORTH,KIHARU,KIMATHI,RURII,2182,2240,4422,1120,23.29,189.84
CENTRAL,MURANGA NORTH,KIHARU,MBIRI,GIKANDU,2141,2107,4248,1107,9.74,436.1
CENTRAL,MURANGA NORTH,KIHARU,MBIRI,MARAGI,1969,1999,3968,1085,5.05,785.21
CENTRAL,MURANGA NORTH,KIHARU,MBIRI,MUCHUNGUCHA,4772,5111,9883,2512,21.26,464.8
CENTRAL,MURANGA NORTH,KIHARU,TOWNSHIP,KARURI,3660,3902,7562,2690,5.43,1393.4
CENTRAL,MURANGA NORTH,KIHARU,TOWNSHIP,MUKUYU,6084,6764,12848,4458,7.58,1695.9
CENTRAL,MURANGA NORTH,KIHARU,TOWNSHIP,NJOGU-INI,3677,3397,7074,1915,6.7,1055.85
CENTRAL,MURANGA NORTH,MATHIOYA,GITUGI,CHUI,1234,1440,2674,715,5.06,528.16
CENTRAL,MURANGA NORTH,MATHIOYA,GITUGI,GITUGI,2236,2535,4771,1370,10.05,474.84
CENTRAL,MURANGA NORTH,MATHIOYA,GITUGI,KAMBARA,948,1063,2011,585,4.25,473.56
CENTRAL,MURANGA NORTH,MATHIOYA,GITUGI,KARUNGE,1371,1543,2914,861,5.04,578.42
CENTRAL,MURANGA NORTH,MATHIOYA,GITUGI,MIHUTI,1002,1153,2155,622,4.23,509.7
CENTRAL,MURANGA NORTH,MATHIOYA,GITUGI,NGUTU,2411,2556,4967,1432,7.85,633.13
CENTRAL,MURANGA NORTH,MATHIOYA,GITUGI,RUNYEKI,1568,1803,3371,947,12.76,264.2
CENTRAL,MURANGA NORTH,MATHIOYA,KAMACHARIA,KAIRI,1962,2143,4105,1169,7.37,556.69
CENTRAL,MURANGA NORTH,MATHIOYA,KAMACHARIA,KAMACHARIA,2802,2989,5791,1747,9.61,602.36
CENTRAL,MURANGA NORTH,MATHIOYA,KAMACHARIA,KAMUNE,3125,3377,6502,1921,11.86,548.14
CENTRAL,MURANGA NORTH,MATHIOYA,KAMACHARIA,THUITA,2143,2364,4507,1266,8.27,544.84
CENTRAL,MURANGA NORTH,MATHIOYA,KIRU,KAGUMO-INI,1777,2032,3809,1087,7.19,529.68
CENTRAL,MURANGA NORTH,MATHIOYA,KIRU,KAIRO,1719,1739,3458,944,9.71,356.26
CENTRAL,MURANGA NORTH,MATHIOYA,KIRU,KANJAMA,2487,2862,5349,1404,8.4,636.97
CENTRAL,MURANGA NORTH,MATHIOYA,KIRU,KIAMBUTHIA,2821,2976,5797,1501,11.2,517.63
CENTRAL,MURANGA NORTH,MATHIOYA,KIRU,KIRIAINI,1592,1844,3436,1151,4.82,713.03
CENTRAL,MURANGA NORTH,MATHIOYA,KIRU,KORA,1754,2009,3763,1033,5.5,684.24
CENTRAL,MURANGA NORTH,MATHIOYA,NJUMBI,GACHARAGEINI,1674,1729,3403,908,9.53,357.09
CENTRAL,MURANGA NORTH,MATHIOYA,NJUMBI,GATUNGURU,1653,1873,3526,974,6.13,575.41
CENTRAL,MURANGA NORTH,MATHIOYA,NJUMBI,GIKOE,1831,1965,3796,1008,6.27,605.14
CENTRAL,MURANGA NORTH,MATHIOYA,NJUMBI,KAGONGO,910,905,1815,502,7.25,250.25
CENTRAL,MURANGA NORTH,MATHIOYA,NJUMBI,KIAMUTURI,1374,1337,2711,638,9.97,272.04
CENTRAL,MURANGA NORTH,MATHIOYA,NJUMBI,NYAKIANGA,1705,1841,3546,951,5.03,704.83
CENTRAL,MURANGA SOUTH,ABERDARE FOREST,ABERDARE FOREST,ABERDARE FOREST,0,0,0,0,80.46,0
CENTRAL,MURANGA SOUTH,KANDARA,GAICHANJIRU,GAICHANJIRU,1845,2006,3851,1020,4.93,780.9
CENTRAL,MURANGA SOUTH,KANDARA,GAICHANJIRU,KAGIRA,1345,1581,2926,774,5.25,556.96
CENTRAL,MURANGA SOUTH,KANDARA,GAICHANJIRU,KAGUMO-INI,2796,2935,5731,1444,9.86,581.32
CENTRAL,MURANGA SOUTH,KANDARA,GAICHANJIRU,MARIA-INI,1832,2050,3882,995,7.51,516.74
CENTRAL,MURANGA SOUTH,KANDARA,GAICHANJIRU,NGURWE-INI,2715,3066,5781,1539,7.67,753.34
CENTRAL,MURANGA SOUTH,KANDARA,ITHIRU,GAKARARA,2420,2558,4978,1205,5.43,917.3
CENTRAL,MURANGA SOUTH,KANDARA,ITHIRU,GAKUI/KARIMAMWARO,3834,4316,8150,2057,13.2,617.57
CENTRAL,MURANGA SOUTH,KANDARA,ITHIRU,GITHUYA,882,910,1792,466,2.98,601.75
CENTRAL,MURANGA SOUTH,KANDARA,ITHIRU,KAGUTHI,2885,3224,6109,1552,8.74,699.28
CENTRAL,MURANGA SOUTH,KANDARA,ITHIRU,KIIRI,2955,3198,6153,1703,7.33,839.29
CENTRAL,MURANGA SOUTH,KANDARA,KAGUNDU-INI,GITHUNGURI,1995,2057,4052,1039,6.75,600.04
CENTRAL,MURANGA SOUTH,KANDARA,KAGUNDU-INI,GITURA,2751,2857,5608,1501,7.01,800.07
CENTRAL,MURANGA SOUTH,KANDARA,KAGUNDU-INI,KABATI,4242,4439,8681,2529,8.93,971.77
CENTRAL,MURANGA SOUTH,KANDARA,KAGUNDU-INI,KAGUNDU-INI,2426,2561,4987,1349,6.37,782.83
CENTRAL,MURANGA SOUTH,KANDARA,KAGUNDU-INI,KARITI,2661,2858,5519,1453,9.2,599.81
CENTRAL,MURANGA SOUTH,KANDARA,MURUKA,GATITU,1965,2132,4097,1087,6.73,608.34
CENTRAL,MURANGA SOUTH,KANDARA,MURUKA,MURUKA(KIRANGA),6270,6764,13034,3454,16.88,772.3
CENTRAL,MURANGA SOUTH,KANDARA,MURUKA,NGUTHURU,3170,3234,6404,1687,8.76,730.98
CENTRAL,MURANGA SOUTH,KANDARA,NGARARIA,KAWENDO,1592,1660,3252,806,4.33,750.57
CENTRAL,MURANGA SOUTH,KANDARA,NGARARIA,NAARO,4425,4484,8909,2325,11.73,759.8
CENTRAL,MURANGA SOUTH,KANDARA,NGARARIA,NGARARIA,2838,3006,5844,1566,5.85,999.62
CENTRAL,MURANGA SOUTH,KANDARA,RUCHU,GACHARAGE,4787,5017,9804,2542,17.17,571.01
CENTRAL,MURANGA SOUTH,KANDARA,RUCHU,GITHUMU,4709,4736,9445,2495,20.32,464.78
CENTRAL,MURANGA SOUTH,KANDARA,RUCHU,GITURU,1696,1662,3358,879,8.89,377.58
CENTRAL,MURANGA SOUTH,KANDARA,RUCHU,KARIUA,2908,3284,6192,1705,11.41,542.89
CENTRAL,MURANGA SOUTH,KANDARA,RUCHU,MUNGARIA/MUKANGU,3892,4232,8124,2062,12.68,640.85
CENTRAL,MURANGA SOUTH,KIGUMO,KANGARI,KANGARI,5946,5964,11910,3420,22.38,532.26
CENTRAL,MURANGA SOUTH,KIGUMO,KANGARI,MAKOMBOKI,4139,4156,8295,2204,24.05,344.93
CENTRAL,MURANGA SOUTH,KIGUMO,KANGARI,MARIIRA,4383,4607,8990,2422,17.32,518.92
CENTRAL,MURANGA SOUTH,KIGUMO,KIGUMO,GACHOCHO,3701,4113,7814,2108,13.75,568.37
CENTRAL,MURANGA SOUTH,KIGUMO,KIGUMO,GITHIMA,4807,5437,10244,2726,15.24,671.99
CENTRAL,MURANGA SOUTH,KIGUMO,KIGUMO,IRIGU-INI,1901,2074,3975,1182,5.78,687.31
CENTRAL,MURANGA SOUTH,KIGUMO,KIGUMO,KIRERE,3405,3691,7096,1878,9.37,757.15
CENTRAL,MURANGA SOUTH,KIGUMO,KIGUMO,MARUMI,965,1040,2005,583,3.28,611.65
CENTRAL,MURANGA SOUTH,KIGUMO,KINYONA,GACHARAGE,3269,3345,6614,1789,24.86,266.03
CENTRAL,MURANGA SOUTH,KIGUMO,KINYONA,KAMUKABI,3498,3774,7272,1859,15.3,475.29
CENTRAL,MURANGA SOUTH,KIGUMO,KINYONA,KINYONA,3232,3314,6546,1797,21.58,303.32
CENTRAL,MURANGA SOUTH,MAKUYU,KAMAHUHA,IGANJO,2429,2494,4923,1232,16.23,303.36
CENTRAL,MURANGA SOUTH,MAKUYU,KAMAHUHA,KAHARATI,2328,2472,4800,1242,9.38,511.79
CENTRAL,MURANGA SOUTH,MAKUYU,KAMAHUHA,KAMAHUHA,2126,2402,4528,1193,8.78,515.54
CENTRAL,MURANGA SOUTH,MAKUYU,KAMAHUHA,SABASABA,4758,5180,9938,2784,13.38,743.01
CENTRAL,MURANGA SOUTH,MAKUYU,KAMBITI,KAMBITI,2531,2525,5056,1289,20.32,248.8
CENTRAL,MURANGA SOUTH,MAKUYU,KAMBITI,KARIA-INI,1799,1784,3583,878,11.27,318.05
CENTRAL,MURANGA SOUTH,MAKUYU,KAMBITI,MARANJAU,1075,859,1934,489,6.87,281.47
CENTRAL,MURANGA SOUTH,MAKUYU,KAMBITI,MIHANGO,1956,2043,3999,1006,9.28,430.76
CENTRAL,MURANGA SOUTH,MAKUYU,MAKUYU,GAKUNGU,3950,4019,7969,2131,24.38,326.82
CENTRAL,MURANGA SOUTH,MAKUYU,MAKUYU,GATHUNGURURU,2762,2703,5465,1422,46.09,118.57
CENTRAL,MURANGA SOUTH,MAKUYU,MAKUYU,KIMORORI,5412,5702,11114,2895,24.67,450.54
CENTRAL,MURANGA SOUTH,MAKUYU,MAKUYU,KIRIMIRI,6042,6078,12120,2924,76.06,159.35
CENTRAL,MURANGA SOUTH,MAKUYU,MAKUYU,MAKUYU,3291,3530,6821,1832,13.97,488.23
CENTRAL,MURANGA SOUTH,MAKUYU,MAKUYU,WEMPA,7867,7919,15786,4245,55.18,286.07
CENTRAL,MURANGA SOUTH,MARAGUA,ICHAGAKI,GIKOMORA,2152,2324,4476,1186,7.19,622.68
CENTRAL,MURANGA SOUTH,MARAGUA,ICHAGAKI,ICHAGAKI,2672,2964,5636,1403,10.77,523.42
CENTRAL,MURANGA SOUTH,MARAGUA,ICHAGAKI,KIANJIRU-INI,4850,5392,10242,2980,12.96,790.52
CENTRAL,MURANGA SOUTH,MARAGUA,ICHAGAKI,SAMAR,1580,1319,2899,837,27.22,106.49
CENTRAL,MURANGA SOUTH,MARAGUA,KAHUMBU,GAKUYU,2226,2524,4750,1257,6.24,761.65
CENTRAL,MURANGA SOUTH,MARAGUA,KAHUMBU,GITHEMBE,2053,2299,4352,1198,6.01,723.92
CENTRAL,MURANGA SOUTH,MARAGUA,KAHUMBU,KAHARIRO,1234,1466,2700,738,4.96,544.42
CENTRAL,MURANGA SOUTH,MARAGUA,KAHUMBU,KANDANI,2530,2770,5300,1385,12.39,427.64
CENTRAL,MURANGA SOUTH,MARAGUA,KAHUMBU,MUGUMO-INI,1179,1305,2484,654,3.62,686.68
CENTRAL,MURANGA SOUTH,MARAGUA,MARAGUA RIDGE,KAMUIRU,1494,1485,2979,730,10.71,278.12
CENTRAL,MURANGA SOUTH,MARAGUA,MARAGUA RIDGE,MARAGUA RIDGE,1834,1810,3644,928,19.32,188.62
CENTRAL,MURANGA SOUTH,MARAGUA,MUTHITHI,GIKARANGU,3355,3432,6787,1665,11.65,582.83
CENTRAL,MURANGA SOUTH,MARAGUA,MUTHITHI,KAGURUMO,2355,2549,4904,1220,9.95,492.81
CENTRAL,MURANGA SOUTH,MARAGUA,MUTHITHI,KIAHITI,1324,1427,2751,734,3.55,774.56
CENTRAL,MURANGA SOUTH,MARAGUA,MUTHITHI,MUNGU-INI,1726,1882,3608,926,4.29,840.61
CENTRAL,MURANGA SOUTH,MARAGUA,MUTHITHI,MUTHITHI,2579,2790,5369,1405,6.49,826.78
CENTRAL,MURANGA SOUTH,MARAGUA,NGINDA,GAKOIGO,3735,3832,7567,2119,12.93,585.14
CENTRAL,MURANGA SOUTH,MARAGUA,NGINDA,GATHERA,2287,2497,4784,1239,8.89,538.42
CENTRAL,MURANGA SOUTH,MARAGUA,NGINDA,IREMBU,753,762,1515,404,2.19,692.29
CENTRAL,MURANGA SOUTH,MARAGUA,NGINDA,ITAAGA,1393,1557,2950,813,4.19,703.22
CENTRAL,MURANGA SOUTH,MARAGUA,NGINDA,KAHARO,1777,1986,3763,1004,6.62,568.2
CENTRAL,MURANGA SOUTH,MARAGUA,NGINDA,MBUGUA,1859,1922,3781,989,7.87,480.66
CENTRAL,NYANDARUA NORTH,ABERDARE FOREST,ABERDARE FOREST,ABERDARE FOREST,0,0,0,0,132.82,0
CENTRAL,NYANDARUA NORTH,NDARAGWA,KAHUTHA,KARIKI,1944,1875,3819,903,48.31,79.06
CENTRAL,NYANDARUA NORTH,NDARAGWA,KAHUTHA,KIANJOGU,1401,1502,2903,731,56.05,51.79
CENTRAL,NYANDARUA NORTH,NDARAGWA,KAHUTHA,KIRIOGO,1250,1266,2516,641,18.55,135.6
CENTRAL,NYANDARUA NORTH,NDARAGWA,KAHUTHA,MURICHO,3479,3611,7090,1927,44.51,159.28
CENTRAL,NYANDARUA NORTH,NDARAGWA,KAHUTHA,URUKU,1309,1359,2668,689,30.07,88.72
CENTRAL,NYANDARUA NORTH,NDARAGWA,KANYAGIA,KANYAGIA,1478,1653,3131,797,19.01,164.67
CENTRAL,NYANDARUA NORTH,NDARAGWA,KANYAGIA,KIHARA,1219,1243,2462,650,32.27,76.3
CENTRAL,NYANDARUA NORTH,NDARAGWA,KANYAGIA,MURUAI,2629,2742,5371,1291,38.68,138.84
CENTRAL,NYANDARUA NORTH,NDARAGWA,KIRITA,MAIRO-INYA,6547,6962,13509,3642,25.48,530.17
CENTRAL,NYANDARUA NORTH,NDARAGWA,KIRITA,SHAURI,1857,1974,3831,943,10.95,349.83
CENTRAL,NYANDARUA NORTH,NDARAGWA,LESHAU,KARAGOINI,3162,3488,6650,1647,47.79,139.14
CENTRAL,NYANDARUA NORTH,NDARAGWA,LESHAU,MBUYU,3059,3390,6449,1713,49.74,129.66
CENTRAL,NYANDARUA NORTH,NDARAGWA,MATHINGIRA,LESHAU,3033,3259,6292,1631,39.06,161.09
CENTRAL,NYANDARUA NORTH,NDARAGWA,MATHINGIRA,NDIVAI,1214,1280,2494,621,19.82,125.85
CENTRAL,NYANDARUA NORTH,NDARAGWA,SHAMATA,KARANDI,3068,3232,6300,1461,22.36,281.81
CENTRAL,NYANDARUA NORTH,NDARAGWA,SHAMATA,KIRIMA,2258,2288,4546,1017,47.32,96.06
CENTRAL,NYANDARUA NORTH,NDARAGWA,SHAMATA,PESI,1880,1856,3736,1046,50.92,73.37
CENTRAL,NYANDARUA NORTH,NDARAGWA,SHAMATA,SHAMATA,3444,3477,6921,1745,30.73,225.23
CENTRAL,NYANDARUA NORTH,NDARAGWA,SHAMATA,SIMBARA,998,940,1938,522,21.99,88.12
CENTRAL,NYANDARUA NORTH,OLJORO-OROK,GATHANJI,GATHANJI,3909,3801,7710,1831,56.17,137.26
CENTRAL,NYANDARUA NORTH,OLJORO-OROK,GATHANJI,NGANO,3048,3070,6118,1518,25.37,241.19
CENTRAL,NYANDARUA NORTH,OLJORO-OROK,GATHANJI,SILIBWET,6764,6857,13621,3265,52.38,260.04
CENTRAL,NYANDARUA NORTH,OLJORO-OROK,GATIMU,GATIMU,6584,7016,13600,3675,38.78,350.65
CENTRAL,NYANDARUA NORTH,OLJORO-OROK,GATIMU,GIKINGI,4501,4663,9164,2718,10.07,910.14
CENTRAL,NYANDARUA NORTH,OLJORO-OROK,GATIMU,KANGUO,1874,1703,3577,909,23.38,152.99
CENTRAL,NYANDARUA NORTH,OLJORO-OROK,OL JORO-OROK,LESRIKO,3542,3834,7376,1969,21.83,337.93
CENTRAL,NYANDARUA NORTH,OLJORO-OROK,OL JORO-OROK,NYAIROKO,1052,1002,2054,557,19.41,105.82
CENTRAL,NYANDARUA NORTH,OLJORO-OROK,OL JORO-OROK,ORAIMUTIA,1918,1916,3834,944,29.6,129.54
CENTRAL,NYANDARUA NORTH,OLJORO-OROK,WERU,GATUMBIRO,2283,2422,4705,1174,27.88,168.77
CENTRAL,NYANDARUA NORTH,OLJORO-OROK,WERU,KIRIMANGAI,2658,2740,5398,1301,22.07,244.54
CENTRAL,NYANDARUA NORTH,OLJORO-OROK,WERU,WERU,4221,4447,8668,2210,62.11,139.56
CENTRAL,NYANDARUA NORTH,OLKALOU,KAIMBAGA,GICHUNGO,5628,5606,11234,3166,47.74,235.33
CENTRAL,NYANDARUA NORTH,OLKALOU,KAIMBAGA,KANDUTURA,3261,3431,6692,1568,64,104.56
CENTRAL,NYANDARUA NORTH,OLKALOU,NDUNDORI,MATINDIRI,1716,1742,3458,817,26.53,130.32
CENTRAL,NYANDARUA NORTH,OLKALOU,NDUNDORI,MILANGINE,5911,6060,11971,2633,36.46,328.33
CENTRAL,NYANDARUA NORTH,OLKALOU,NDUNDORI,RUIRU,3084,3276,6360,1389,23.75,267.76
CENTRAL,NYANDARUA NORTH,OLKALOU,NDUNDORI,SABUGO,7288,7797,15085,3376,33.11,455.64
CENTRAL,NYANDARUA NORTH,OLKALOU,NGORIKA,NGORIKA,6646,6793,13439,3145,52.46,256.2
CENTRAL,NYANDARUA NORTH,OLKALOU,OL KALOU,MAWINGO,6973,7445,14418,3002,52.64,273.87
CENTRAL,NYANDARUA NORTH,OLKALOU,OL KALOU,MUNYEKI,5448,5648,11096,3042,52.49,211.41
CENTRAL,NYANDARUA NORTH,OLKALOU,RURII,MATURA,4432,4706,9138,2175,35.27,259.11
CENTRAL,NYANDARUA NORTH,OLKALOU,RURII,PASSENGA,2521,2523,5044,1286,35.54,141.91
CENTRAL,NYANDARUA NORTH,OLKALOU,RURII,RURII,4784,4986,9770,2416,56.39,173.27
CENTRAL,NYANDARUA NORTH,OLKALOU,TUMAINI,KANJUIRI,4345,4308,8653,1919,48.41,178.74
CENTRAL,NYANDARUA NORTH,OLKALOU,TUMAINI,UPPER GILGIL,1891,1851,3742,975,21.85,171.23
CENTRAL,NYANDARUA SOUTH,ABERDARE FOREST,ABERDARE FOREST,ABERDARE FOREST,0,0,0,0,117.41,0
CENTRAL,NYANDARUA SOUTH,KINANGOP NORTH,ENGINEER,GATHARA,5051,5211,10262,2399,57.39,178.81
CENTRAL,NYANDARUA SOUTH,KINANGOP NORTH,ENGINEER,KAHURU MURUAKI,10226,10577,20803,4990,95.51,217.81
CENTRAL,NYANDARUA SOUTH,KINANGOP NORTH,ENGINEER,MURUNGARU,7147,7562,14709,3352,72.41,203.15
CENTRAL,NYANDARUA SOUTH,KINANGOP NORTH,KINANGOP NORTH,KINJA,4065,4449,8514,2151,21.43,397.34
CENTRAL,NYANDARUA SOUTH,KINANGOP NORTH,KINANGOP NORTH,KITIRI,4269,4288,8557,1821,88.57,96.61
CENTRAL,NYANDARUA SOUTH,KINANGOP NORTH,KINANGOP NORTH,MIKARO,1617,1675,3292,679,61.53,53.51
CENTRAL,NYANDARUA SOUTH,KINANGOP NORTH,KINANGOP NORTH,MKUNGI,4339,4580,8919,1928,30.93,288.37
CENTRAL,NYANDARUA SOUTH,KINANGOP NORTH,KINANGOP NORTH,NANDARASI,6081,6260,12341,2896,45.08,273.78
CENTRAL,NYANDARUA SOUTH,KINANGOP SOUTH,MAGUMU,BAMBOO,5614,6241,11855,2972,19.08,621.18
CENTRAL,NYANDARUA SOUTH,KINANGOP SOUTH,MAGUMU,GITWE,2751,2816,5567,1353,11.89,468.08
CENTRAL,NYANDARUA SOUTH,KINANGOP SOUTH,MAGUMU,KARATI,3628,3655,7283,1670,30.5,238.79
CENTRAL,NYANDARUA SOUTH,KINANGOP SOUTH,MAGUMU,MATURA,3987,4229,8216,1957,22.81,360.15
CENTRAL,NYANDARUA SOUTH,KINANGOP SOUTH,NJABINI,KIBURU,5551,5548,11099,2744,70.19,158.12
CENTRAL,NYANDARUA SOUTH,KINANGOP SOUTH,NJABINI,MURUAKI,3018,3156,6174,1454,23.26,265.44
CENTRAL,NYANDARUA SOUTH,KINANGOP SOUTH,NJABINI,NJABINI,4753,4813,9566,2437,28.66,333.72
CENTRAL,NYANDARUA SOUTH,KINANGOP SOUTH,NJABINI,TULAGA,3828,4052,7880,1767,31.07,253.64
CENTRAL,NYANDARUA SOUTH,KINANGOP SOUTH,NYAKIO,GITHABAI,2923,2956,5879,1383,38.58,152.4
CENTRAL,NYANDARUA SOUTH,KINANGOP SOUTH,NYAKIO,KARANGATHA,4260,4546,8806,2063,13.32,661.06
CENTRAL,NYANDARUA SOUTH,KINANGOP SOUTH,NYAKIO,KOINANGE,3109,3214,6323,1405,25.44,248.58
CENTRAL,NYANDARUA SOUTH,KINANGOP SOUTH,NYAKIO,MUKEU,4316,4416,8732,2014,21.48,406.59
CENTRAL,NYANDARUA SOUTH,KINANGOP SOUTH,NYAKIO,RWANYAMBO,3798,3804,7602,1706,12.9,589.49
CENTRAL,NYANDARUA SOUTH,KIPIPIRI,GETA,GETA,3037,3178,6215,1441,20.15,308.49
CENTRAL,NYANDARUA SOUTH,KIPIPIRI,GETA,KIAMBOGO,2175,2383,4558,975,15.93,286.13
CENTRAL,NYANDARUA SOUTH,KIPIPIRI,GETA,MAKUMBI,2255,2424,4679,1013,10.07,464.53
CENTRAL,NYANDARUA SOUTH,KIPIPIRI,GETA,MIKEU,2318,2489,4807,1152,18.21,264.03
CENTRAL,NYANDARUA SOUTH,KIPIPIRI,KIPIPIRI,GITHIORO,6058,6498,12556,3004,85.15,147.45
CENTRAL,NYANDARUA SOUTH,KIPIPIRI,KIPIPIRI,MIHARATI,6042,6257,12299,2860,58.31,210.91
CENTRAL,NYANDARUA SOUTH,KIPIPIRI,LERESHWA,KIRIKO,3686,3795,7481,1702,67.35,111.07
CENTRAL,NYANDARUA SOUTH,KIPIPIRI,LERESHWA,LERESHWA,2382,2468,4850,1134,28.23,171.82
CENTRAL,NYANDARUA SOUTH,KIPIPIRI,MALEWA,MALEWA,2760,3082,5842,1342,41.1,142.13
CENTRAL,NYANDARUA SOUTH,KIPIPIRI,MALEWA,NDEMI,4035,4141,8176,1910,58.96,138.67
CENTRAL,NYANDARUA SOUTH,KIPIPIRI,WANJOHI,GATONDO,3021,3113,6134,1379,51.84,118.32
CENTRAL,NYANDARUA SOUTH,KIPIPIRI,WANJOHI,RIRONI,1848,2045,3893,1025,23.88,163.02
CENTRAL,NYANDARUA SOUTH,KIPIPIRI,WANJOHI,WANJOHI,6696,7152,13848,3204,64.5,214.71
CENTRAL,NYERI NORTH,ABERDARES FOREST,ABERDARE FOREST,ABERDARE FOREST,0,0,0,0,301.47,0
CENTRAL,NYERI NORTH,KIENI EAST,GAKAWA,GATHIURU,2886,2484,5370,1609,118.21,45.43
CENTRAL,NYERI NORTH,KIENI EAST,GAKAWA,GITHIMA,2416,2439,4855,1363,39.04,124.36
CENTRAL,NYERI NORTH,KIENI EAST,GAKAWA,KAHURURA,7981,8115,16096,5125,94.29,170.71
CENTRAL,NYERI NORTH,KIENI EAST,KABARU,KIMAHURI,3322,3255,6577,1961,13.39,491.24
CENTRAL,NYERI NORTH,KIENI EAST,KABARU,KIRIMA,2858,2602,5460,1505,62.36,87.55
CENTRAL,NYERI NORTH,KIENI EAST,KABARU,MUNYU,1773,1803,3576,1020,26.46,135.14
CENTRAL,NYERI NORTH,KIENI EAST,KABARU,NDATHI,3310,3161,6471,1719,101.4,63.81
CENTRAL,NYERI NORTH,KIENI EAST,KIAMATHAGA,GIKAMBA,2183,2001,4184,1098,66.41,63
CENTRAL,NYERI NORTH,KIENI EAST,KIAMATHAGA,KABENDERA,1419,1472,2891,830,11.31,255.63
CENTRAL,NYERI NORTH,KIENI EAST,KIAMATHAGA,MURICHU,1353,1321,2674,762,11.31,236.53
CENTRAL,NYERI NORTH,KIENI EAST,KIAMATHAGA,THIGITHI,1175,1019,2194,666,21.05,104.21
CENTRAL,NYERI NORTH,KIENI EAST,NAROMORU,GATURIRI,1814,1736,3550,1063,29.48,120.44
CENTRAL,NYERI NORTH,KIENI EAST,NAROMORU,KAMBURAINI,3224,3190,6414,1813,42.66,150.37
CENTRAL,NYERI NORTH,KIENI EAST,NAROMORU,NAROMORU,2040,2061,4101,1661,6.56,624.91
CENTRAL,NYERI NORTH,KIENI EAST,NAROMORU,NDIRITI,1964,1869,3833,1094,16.75,228.9
CENTRAL,NYERI NORTH,KIENI EAST,NAROMORU,RONGAI,1681,1954,3635,989,37.72,96.38
CENTRAL,NYERI NORTH,KIENI EAST,THEGU,LUSOI,1138,967,2105,605,34.16,61.63
CENTRAL,NYERI NORTH,KIENI EAST,THEGU,MARAGIMA,1629,1607,3236,872,22.83,141.73
CENTRAL,NYERI NORTH,KIENI EAST,THEGU,THIRIGITU,2263,2105,4368,1446,26.72,163.5
CENTRAL,NYERI NORTH,KIENI EAST,THEGU,THUNGARI,2568,2342,4910,1811,35.01,140.25
CENTRAL,NYERI NORTH,KIENI WEST,ENDARASHA,CHARITY,2769,2649,5418,1456,21.9,247.44
CENTRAL,NYERI NORTH,KIENI WEST,ENDARASHA,ENDARASHA,3143,3473,6616,1907,16.6,398.62
CENTRAL,NYERI NORTH,KIENI WEST,ENDARASHA,GAKANGA,1050,1019,2069,569,23.42,88.34
CENTRAL,NYERI NORTH,KIENI WEST,ENDARASHA,MITERO,1785,1805,3590,901,14.87,241.41
CENTRAL,NYERI NORTH,KIENI WEST,GATARAKWA,EMBARINGO,2336,2284,4620,1217,62.76,73.62
CENTRAL,NYERI NORTH,KIENI WEST,GATARAKWA,KAMARIKI,3285,3253,6538,1809,88.36,73.99
CENTRAL,NYERI NORTH,KIENI WEST,GATARAKWA,LAMURIA,2292,2282,4574,1366,32.13,142.36
CENTRAL,NYERI NORTH,KIENI WEST,GATARAKWA,WATUKA,2124,2169,4293,1126,23.87,179.87
CENTRAL,NYERI NORTH,KIENI WEST,MUGUNDA,KAMIRURI,1325,1441,2766,722,19.23,143.8
CENTRAL,NYERI NORTH,KIENI WEST,MUGUNDA,KAREMENO,909,924,1833,538,18.4,99.61
CENTRAL,NYERI NORTH,KIENI WEST,MUGUNDA,NAIRUTIA,2195,2281,4476,1191,58.76,76.17
CENTRAL,NYERI NORTH,KIENI WEST,MUGUNDA,RUIRII,1706,1819,3525,993,44.08,79.97
CENTRAL,NYERI NORTH,KIENI WEST,MWEIGA,AMBONI,2156,2188,4344,1194,13.06,332.5
CENTRAL,NYERI NORTH,KIENI WEST,MWEIGA,BONDENI,691,728,1419,367,5.27,269.21
CENTRAL,NYERI NORTH,KIENI WEST,MWEIGA,KAMATONGU,4250,4464,8714,2915,37.46,232.62
CENTRAL,NYERI NORTH,KIENI WEST,MWEIGA,NJENGU,1404,1383,2787,784,13.51,206.22
CENTRAL,NYERI NORTH,KIENI WEST,MWIYOGO,KABATI,1261,1229,2490,701,28.27,88.08
CENTRAL,NYERI NORTH,KIENI WEST,MWIYOGO,LABURA,2745,2750,5495,1494,65.48,83.92
CENTRAL,NYERI NORTH,KIENI WEST,MWIYOGO,MUTHUINI,986,1008,1994,571,19.75,100.98
CENTRAL,NYERI NORTH,KIENI WEST,MWIYOGO,MWIYOGO,861,890,1751,471,16.1,108.73
CENTRAL,NYERI NORTH,MATHIRA,IRIAINI,CHEHE,2085,2313,4398,1383,10.35,424.78
CENTRAL,NYERI NORTH,MATHIRA,IRIAINI,GATUNDU,1470,1595,3065,902,4.2,729.4
CENTRAL,NYERI NORTH,MATHIRA,IRIAINI,KAGUYU,2467,2662,5129,1531,10.36,495.08
CENTRAL,NYERI NORTH,MATHIRA,IRIAINI,KAIRA,1950,2172,4122,1219,6.05,680.89
CENTRAL,NYERI NORTH,MATHIRA,IRIAINI,KIAGUTHI,1567,1615,3182,937,5.71,557.57
CENTRAL,NYERI NORTH,MATHIRA,IRIAINI,KIAMWANGI,2442,2615,5057,1523,5.58,906.84
CENTRAL,NYERI NORTH,MATHIRA,IRIAINI,THEGENGE,1289,1410,2699,854,7.53,358.39
CENTRAL,NYERI NORTH,MATHIRA,KARATINA,CHERUKIANGARU,610,695,1305,357,0.77,1691.95
CENTRAL,NYERI NORTH,MATHIRA,KARATINA,KIHARO/BIASHARA,1235,1637,2872,1096,0.41,7086.11
CENTRAL,NYERI NORTH,MATHIRA,KARATINA,MUTHUA/GIAKAIRU,1984,2480,4464,1655,0.64,6937.06
CENTRAL,NYERI NORTH,MATHIRA,KIRIMUKUYU,GACHUIRO,2118,2256,4374,1233,10.91,401.08
CENTRAL,NYERI NORTH,MATHIRA,KIRIMUKUYU,KIRIA,1309,1546,2855,818,6.56,435.35
CENTRAL,NYERI NORTH,MATHIRA,KIRIMUKUYU,MBOGOINI,2630,2783,5413,1571,7.62,710.26
CENTRAL,NYERI NORTH,MATHIRA,KIRIMUKUYU,MUTATHIINI,1093,1150,2243,637,3.88,578.69
CENTRAL,NYERI NORTH,MATHIRA,KIRIMUKUYU,NGAINI,1144,1249,2393,675,5.15,464.78
CENTRAL,NYERI NORTH,MATHIRA,KIRIMUKUYU,NGANDU,2415,2752,5167,1365,8.62,599.52
CENTRAL,NYERI NORTH,MATHIRA,KIRIMUKUYU,THAITHI,1316,1423,2739,756,5.42,505.77
CENTRAL,NYERI NORTH,MATHIRA,KIRIMUKUYU,THIU,1826,1888,3714,1082,6.08,610.52
CENTRAL,NYERI NORTH,MATHIRA,KONYU,BARICHO,2952,2978,5930,1959,8.17,725.69
CENTRAL,NYERI NORTH,MATHIRA,KONYU,GACHUKU,2204,2421,4625,1290,7.31,633.02
CENTRAL,NYERI NORTH,MATHIRA,KONYU,GAKUYU,2517,2692,5209,1487,10.3,505.75
CENTRAL,NYERI NORTH,MATHIRA,KONYU,ICHUGA,2081,2077,4158,1260,8.03,517.85
CENTRAL,NYERI NORTH,MATHIRA,KONYU,ITIATI,2139,2253,4392,1277,9.18,478.59
CENTRAL,NYERI NORTH,MATHIRA,KONYU,KARINDUNDU,3763,3913,7676,2536,6.33,1212.47
CENTRAL,NYERI NORTH,MATHIRA,KONYU,MUKORE,2122,2327,4449,1251,7.92,561.76
CENTRAL,NYERI NORTH,MATHIRA,MAGUTU,GAIKUYU,1514,1605,3119,925,7.51,415.51
CENTRAL,NYERI NORTH,MATHIRA,MAGUTU,GATEI,3800,3784,7584,2077,11.16,679.71
CENTRAL,NYERI NORTH,MATHIRA,MAGUTU,GATHEHU,2124,2171,4295,1197,7.7,557.78
CENTRAL,NYERI NORTH,MATHIRA,MAGUTU,GIKUMBO,1095,1221,2316,654,4.79,483.26
CENTRAL,NYERI NORTH,MATHIRA,MAGUTU,GITUNDUTI,1169,1239,2408,711,4.13,582.99
CENTRAL,NYERI NORTH,MATHIRA,MAGUTU,RAGATI,2186,2363,4549,1463,4.14,1099.88
CENTRAL,NYERI NORTH,MATHIRA,NGORANO,CHIENI,1034,1046,2080,574,6.45,322.38
CENTRAL,NYERI NORTH,MATHIRA,NGORANO,GATUNGANGA,1135,1227,2362,658,6.85,344.67
CENTRAL,NYERI NORTH,MATHIRA,NGORANO,HIRIGA,654,707,1361,401,6.38,213.4
CENTRAL,NYERI NORTH,MATHIRA,NGORANO,KARUTHI,881,910,1791,542,4.13,433.32
CENTRAL,NYERI NORTH,MATHIRA,RUGURU,IRURI,1620,1739,3359,926,7.62,440.54
CENTRAL,NYERI NORTH,MATHIRA,RUGURU,KIAMARIGA,2008,2235,4243,1261,11.97,354.56
CENTRAL,NYERI NORTH,MATHIRA,RUGURU,RUTURU,1798,1939,3737,1038,8.51,439.11
CENTRAL,NYERI NORTH,MATHIRA,RUGURU,SAGANA,2105,1908,4013,1223,42.14,95.22
CENTRAL,NYERI NORTH,MT. KENYA FOREST,MT. KENYA FOREST,MT. KENYA FOREST,0,0,0,0,248.44,0
CENTRAL,NYERI SOUTH,FOREST,FOREST,FOREST,0,0,0,0,311.81,0
CENTRAL,NYERI SOUTH,MUKURWEINI,GAKINDU,GAIKUNDO,753,817,1570,451,2.93,536.35
CENTRAL,NYERI SOUTH,MUKURWEINI,GAKINDU,GAKINDUINI,1497,1734,3231,1034,5.61,576.08
CENTRAL,NYERI SOUTH,MUKURWEINI,GAKINDU,MBIUINI,1633,1930,3563,1013,6.95,512.65
CENTRAL,NYERI SOUTH,MUKURWEINI,GAKINDU,NJIRUINI,1144,1309,2453,731,3.56,688.66
CENTRAL,NYERI SOUTH,MUKURWEINI,GAKINDU,RUTHANJI,1149,1231,2380,684,3.89,612.33
CENTRAL,NYERI SOUTH,MUKURWEINI,GIATHUGU,IGANA,1435,1625,3060,828,4.89,625.68
CENTRAL,NYERI SOUTH,MUKURWEINI,GIATHUGU,KARUNDU,1769,1884,3653,1034,8.68,420.98
CENTRAL,NYERI SOUTH,MUKURWEINI,GIATHUGU,MIHUTI,2508,2663,5171,1520,9.38,551.5
CENTRAL,NYERI SOUTH,MUKURWEINI,GIATHUGU,MWERU,1693,1741,3434,929,7.72,444.88
CENTRAL,NYERI SOUTH,MUKURWEINI,GIKONDI,KARINDI,1387,1528,2915,849,5.54,526.52
CENTRAL,NYERI SOUTH,MUKURWEINI,GIKONDI,KIIRUNGI,1753,1864,3617,1013,6.61,547.57
CENTRAL,NYERI SOUTH,MUKURWEINI,GIKONDI,MUTHUTHINI,1085,1170,2255,603,3.72,606.75
CENTRAL,NYERI SOUTH,MUKURWEINI,GIKONDI,THIMU,1433,1425,2858,788,4.7,607.53
CENTRAL,NYERI SOUTH,MUKURWEINI,GITHI,ICHAMARA,1257,1315,2572,756,5.59,460.28
CENTRAL,NYERI SOUTH,MUKURWEINI,GITHI,ITHANJI,1022,1067,2089,572,6.64,314.79
CENTRAL,NYERI SOUTH,MUKURWEINI,GITHI,KIHARO,1968,2065,4033,1200,11.72,344.05
CENTRAL,NYERI SOUTH,MUKURWEINI,GITHI,KIREREMA,968,1038,2006,600,4.33,462.93
CENTRAL,NYERI SOUTH,MUKURWEINI,MUHITO,GATURA,1028,1222,2250,619,4.76,472.36
CENTRAL,NYERI SOUTH,MUKURWEINI,MUHITO,GATURIA,2669,2815,5484,1797,6.31,869.4
CENTRAL,NYERI SOUTH,MUKURWEINI,MUHITO,MURUNDUINI,1521,1643,3164,842,4.37,723.6
CENTRAL,NYERI SOUTH,MUKURWEINI,MUHITO,MUYU,1419,1551,2970,855,5.44,545.59
CENTRAL,NYERI SOUTH,MUKURWEINI,MUHITO,THIHA,1657,1794,3451,973,6.49,532.06
CENTRAL,NYERI SOUTH,MUKURWEINI,RUTUNE,KARIARA,1252,1291,2543,704,8.67,293.19
CENTRAL,NYERI SOUTH,MUKURWEINI,RUTUNE,MUTUNDU,1659,1825,3484,986,13.16,264.66
CENTRAL,NYERI SOUTH,MUKURWEINI,RUTUNE,NGAMWA,1404,1434,2838,791,10.02,283.37
CENTRAL,NYERI SOUTH,MUKURWEINI,THANU,KAHARO,1292,1414,2706,744,6.12,442.15
CENTRAL,NYERI SOUTH,MUKURWEINI,THANU,KARABA,1226,1292,2518,677,6.87,366.56
CENTRAL,NYERI SOUTH,MUKURWEINI,THANU,KIBUTIO,801,863,1664,450,3.95,420.85
CENTRAL,NYERI SOUTH,MUNICIPALITY,KIGANJO,GACHIKA,1270,1364,2634,680,7.02,375.37
CENTRAL,NYERI SOUTH,MUNICIPALITY,KIGANJO,KIGANJO,2196,1251,3447,924,5.42,635.54
CENTRAL,NYERI SOUTH,MUNICIPALITY,KIGANJO,KIRICHU,2187,2301,4488,1329,9.66,464.47
CENTRAL,NYERI SOUTH,MUNICIPALITY,KIGANJO,NYARIBO,1595,1533,3128,985,10.64,294.05
CENTRAL,NYERI SOUTH,MUNICIPALITY,MUKARO,CHORONGI,2670,2844,5514,1446,8.14,677.16
CENTRAL,NYERI SOUTH,MUNICIPALITY,MUKARO,GATITU,1046,1083,2129,650,5.07,420.29
CENTRAL,NYERI SOUTH,MUNICIPALITY,MUKARO,GITATHI-INI,1326,1323,2649,706,2.77,956.66
CENTRAL,NYERI SOUTH,MUNICIPALITY,MUKARO,GITHIRU,1141,1211,2352,640,5.02,468.23
CENTRAL,NYERI SOUTH,MUNICIPALITY,MUKARO,KAMAKWA,6843,7281,14124,4886,5.91,2388.07
CENTRAL,NYERI SOUTH,MUNICIPALITY,MUKARO,KARIA,1586,1678,3264,912,3.52,926.88
CENTRAL,NYERI SOUTH,MUNICIPALITY,MUKARO,KIHATHA,876,911,1787,483,3.25,549.1
CENTRAL,NYERI SOUTH,MUNICIPALITY,MUKARO,KIHUYO,1073,1079,2152,558,4.79,449.44
CENTRAL,NYERI SOUTH,MUNICIPALITY,MUKARO,KINUNGA,640,657,1297,370,2.22,585.37
CENTRAL,NYERI SOUTH,MUNICIPALITY,MUKARO,MAJENGO,13353,11665,25018,8168,6.5,3847.86
CENTRAL,NYERI SOUTH,MUNICIPALITY,MUKARO,MARUA,1077,1194,2271,610,4.66,486.89
CENTRAL,NYERI SOUTH,MUNICIPALITY,MUKARO,MATHARI,4080,3943,8023,2094,38.71,207.24
CENTRAL,NYERI SOUTH,MUNICIPALITY,MUKARO,MUNUNGAINI,1377,1644,3021,776,4.51,670.37
CENTRAL,NYERI SOUTH,MUNICIPALITY,MUKARO,MURUGURU,1282,1398,2680,725,5.7,470.38
CENTRAL,NYERI SOUTH,MUNICIPALITY,MUKARO,MUTHUA-INI,1765,1776,3541,939,6.15,575.69
CENTRAL,NYERI SOUTH,MUNICIPALITY,MUKARO,RIAMUKORWE,1715,1782,3497,894,6.93,504.81
CENTRAL,NYERI SOUTH,MUNICIPALITY,MUKARO,RURINGU,6295,7087,13382,4785,3.27,4091.6
CENTRAL,NYERI SOUTH,MUNICIPALITY,MUKARO,THUNGUMA,4360,4515,8875,2852,17.88,496.38
CENTRAL,NYERI SOUTH,OTHAYA,CHINGA NORTH,GICHICHE,1086,952,2038,504,3.77,540.68
CENTRAL,NYERI SOUTH,OTHAYA,CHINGA NORTH,GIKIGIE,1610,1708,3318,896,7.88,420.91
CENTRAL,NYERI SOUTH,OTHAYA,CHINGA NORTH,KANGONGO,1190,1262,2452,700,4.64,528.78
CENTRAL,NYERI SOUTH,OTHAYA,CHINGA NORTH,MUCHARAGE,1060,1116,2176,614,6.59,330.42
CENTRAL,NYERI SOUTH,OTHAYA,CHINGA SOUTH,GATHERA,1433,1472,2905,752,12.82,226.56
CENTRAL,NYERI SOUTH,OTHAYA,CHINGA SOUTH,KAIGUTHU,1193,1313,2506,661,3.71,675.13
CENTRAL,NYERI SOUTH,OTHAYA,CHINGA SOUTH,KARUTHI,861,970,1831,564,3.69,495.9
CENTRAL,NYERI SOUTH,OTHAYA,CHINGA SOUTH,MUMBUINI,2229,2444,4673,1289,10.07,463.93
CENTRAL,NYERI SOUTH,OTHAYA,IRIAINI,GITUNDU,2601,2860,5461,1682,6.63,823.38
CENTRAL,NYERI SOUTH,OTHAYA,IRIAINI,IHURIRIO,2259,2500,4759,1266,11.03,431.62
CENTRAL,NYERI SOUTH,OTHAYA,IRIAINI,KAIRUTHI,1943,2049,3992,1118,8.08,494.03
CENTRAL,NYERI SOUTH,OTHAYA,IRIAINI,KIAHAGU,2284,2567,4851,1151,6.35,764.06
CENTRAL,NYERI SOUTH,OTHAYA,IRIAINI,KIANDEMI,1678,1874,3552,954,9.85,360.79
CENTRAL,NYERI SOUTH,OTHAYA,IRIAINI,THUNGURI,925,996,1921,499,3.86,497.46
CENTRAL,NYERI SOUTH,OTHAYA,KARIMA,GURA,1832,2079,3911,1049,7.55,518.15
CENTRAL,NYERI SOUTH,OTHAYA,KARIMA,ITEMEINI,1360,1619,2979,862,5.41,550.51
CENTRAL,NYERI SOUTH,OTHAYA,KARIMA,KIHUNGIRU,2470,2694,5164,1523,5.61,919.83
CENTRAL,NYERI SOUTH,OTHAYA,KARIMA,THUTI,1716,1934,3650,1006,7.49,487.44
CENTRAL,NYERI SOUTH,OTHAYA,KARIMA,WITIMA,1554,1835,3389,1013,7.08,478.49
CENTRAL,NYERI SOUTH,OTHAYA,MAHIGA,GATURUTURU,959,1023,1982,555,3.14,631.17
CENTRAL,NYERI SOUTH,OTHAYA,MAHIGA,GIKOE,1030,1097,2127,592,4.92,432.24
CENTRAL,NYERI SOUTH,OTHAYA,MAHIGA,KAMOKO,1427,1736,3163,878,5.46,579.46
CENTRAL,NYERI SOUTH,OTHAYA,MAHIGA,MUNYANGE,877,913,1790,487,3.85,464.6
CENTRAL,NYERI SOUTH,OTHAYA,MAHIGA,UGACHIKU,1468,1528,2996,810,5.28,567.66
CENTRAL,NYERI SOUTH,OTHAYA,MUMWE,GITUGI,1099,1136,2235,608,5.03,444.42
CENTRAL,NYERI SOUTH,OTHAYA,MUMWE,KAGONYE,932,1160,2092,550,3.52,593.54
CENTRAL,NYERI SOUTH,OTHAYA,MUMWE,KIHOME,778,828,1606,446,4.2,382.61
CENTRAL,NYERI SOUTH,OTHAYA,MUMWE,RUKIRA,1842,2013,3855,988,6.97,553.01
CENTRAL,NYERI SOUTH,TETU EAST,AGUTHII,GICHIRA,1532,1621,3153,832,5.58,565.33
CENTRAL,NYERI SOUTH,TETU EAST,AGUTHII,GITITU,1745,1787,3532,974,6.49,543.93
CENTRAL,NYERI SOUTH,TETU EAST,AGUTHII,ITHEKAHUNO,1019,1108,2127,593,3.68,578.33
CENTRAL,NYERI SOUTH,TETU EAST,AGUTHII,MUNGARIA,1140,1178,2318,622,4.33,535.47
CENTRAL,NYERI SOUTH,TETU EAST,AGUTHII,THAGEINI,1098,1232,2330,667,5.65,412.44
CENTRAL,NYERI SOUTH,TETU EAST,GAAKI,GAAKI,2335,2547,4882,1332,8.54,571.63
CENTRAL,NYERI SOUTH,TETU EAST,GAAKI,GATHAITHI,801,780,1581,423,2.94,537.33
CENTRAL,NYERI SOUTH,TETU EAST,GAAKI,HUHOINI,956,1075,2031,597,3.43,592.2
CENTRAL,NYERI SOUTH,TETU EAST,GAAKI,KIAWAITHANJI,970,1020,1990,538,3.31,600.61
CENTRAL,NYERI SOUTH,TETU EAST,GAAKI,MUTATHIINI,1283,1404,2687,661,3.85,698.72
CENTRAL,NYERI SOUTH,TETU EAST,KARUNDU,KAIGURI,1183,1287,2470,669,3.67,672.95
CENTRAL,NYERI SOUTH,TETU EAST,KARUNDU,KARIGUINI,1043,1124,2167,552,3.15,687.59
CENTRAL,NYERI SOUTH,TETU EAST,KARUNDU,KIANJOGU,2841,3080,5921,1655,8.7,680.58
CENTRAL,NYERI SOUTH,TETU EAST,KARUNDU,KIGWADI,1221,1265,2486,680,3.69,673.55
CENTRAL,NYERI SOUTH,TETU EAST,KARUNDU,KIHORA,669,736,1405,373,2.43,578.5
CENTRAL,NYERI SOUTH,TETU EAST,KARUNDU,MBAANI,674,701,1375,384,2.21,621.36
CENTRAL,NYERI SOUTH,TETU EAST,KARUNDU,UNJIRU,989,1130,2119,603,3.47,609.89
CENTRAL,NYERI SOUTH,TETU WEST,MUHOYA,IHURURU,1302,1334,2636,784,5.75,458.12
CENTRAL,NYERI SOUTH,TETU WEST,MUHOYA,KABAGE,124,51,175,68,67.97,2.57
CENTRAL,NYERI SOUTH,TETU WEST,MUHOYA,KANJORA,883,947,1830,485,3.19,573.7
CENTRAL,NYERI SOUTH,TETU WEST,MUHOYA,KARUNAINI,725,738,1463,394,3.2,457.49
CENTRAL,NYERI SOUTH,TETU WEST,MUHOYA,NGOORU,722,737,1459,408,3.89,374.78
CENTRAL,NYERI SOUTH,TETU WEST,MUHOYA,THATHA,756,724,1480,429,3.8,389.13
CENTRAL,NYERI SOUTH,TETU WEST,TETU,GATUMBIRO,795,816,1611,407,3.14,513.27
CENTRAL,NYERI SOUTH,TETU WEST,TETU,ICHAGACHIRU,973,1049,2022,555,4.87,415.1
CENTRAL,NYERI SOUTH,TETU WEST,TETU,KARAIHU,959,1048,2007,558,4.59,437.19
CENTRAL,NYERI SOUTH,TETU WEST,TETU,KIGOGOINI,1615,1733,3348,930,6.3,531.27
CENTRAL,NYERI SOUTH,TETU WEST,TETU,KIRURUMI,1327,1328,2655,724,9.54,278.16
CENTRAL,NYERI SOUTH,TETU WEST,THEGENGE,GATHUTHI,753,875,1628,472,3.83,425
CENTRAL,NYERI SOUTH,TETU WEST,THEGENGE,HUBUINI,620,724,1344,371,3.37,399.22
CENTRAL,NYERI SOUTH,TETU WEST,THEGENGE,IHETHE,685,750,1435,399,3.89,368.74
CENTRAL,NYERI SOUTH,TETU WEST,THEGENGE,KARANGIA,1237,1432,2669,751,3.89,685.71
CENTRAL,NYERI SOUTH,TETU WEST,THEGENGE,KIAMUTIGA,514,627,1141,335,2.16,528.07
CENTRAL,NYERI SOUTH,TETU WEST,THEGENGE,MATHAKWAINI,939,1030,1969,545,3.09,637.32
CENTRAL,NYERI SOUTH,TETU WEST,THEGENGE,NDUGAMANO,1046,1191,2237,662,4.25,526.34
CENTRAL,NYERI SOUTH,TETU WEST,THEGENGE,WANDUMBI,299,338,637,191,1.73,368.85
CENTRAL,RUIRU,GITHURAI,GIKUMARI,GATONGORA,6972,6835,13807,3793,112.92,122.27
CENTRAL,RUIRU,GITHURAI,GITHURAI,KIUU,23169,23182,46351,14835,4.89,9479.7
CENTRAL,RUIRU,GITHURAI,GITHURAI,MWIHOKO,5909,6025,11934,3238,25.77,463.09
CENTRAL,RUIRU,GITHURAI,GITHURAI,MWIKI,21609,23151,44760,15112,1.49,30106.95
CENTRAL,RUIRU,GITHURAI,KAHAWA SUKARI,KAHAWA SUKARI,4065,4679,8744,1986,4.42,1977.16
CENTRAL,RUIRU,GITHURAI,KAHAWA SUKARI,KAHAWA WENDANI,7940,8771,16711,5891,1.13,14735.03
CENTRAL,RUIRU,GITHURAI,THETA,THETA,11318,11816,23134,6184,31.14,742.93
CENTRAL,RUIRU,RUIRU,MUGUTHA,MUGUTHA,7975,7912,15887,4789,59.45,267.24
CENTRAL,RUIRU,RUIRU,RUIRU,GITOTHUA,8935,7251,16186,4284,20.71,781.6
CENTRAL,RUIRU,RUIRU,RUIRU,MUKUYU,1004,893,1897,611,21.42,88.55
CENTRAL,RUIRU,RUIRU,RUIRU,RUIRU,21654,19942,41596,14461,8.64,4816.08
CENTRAL,THIKA EAST,KAKUZI,ITHANGA,GIATHANI-INI,1455,1589,3044,729,14.4,211.4
CENTRAL,THIKA EAST,KAKUZI,ITHANGA,KAGUKU,2409,2525,4934,1214,16.87,292.45
CENTRAL,THIKA EAST,KAKUZI,ITHANGA,MIANYANI,2235,2400,4635,996,10.5,441.47
CENTRAL,THIKA EAST,KAKUZI,KAKUZI,GITUAMBA,5491,5528,11019,2535,55.88,197.18
CENTRAL,THIKA EAST,KAKUZI,KAKUZI,KINYANGI,2604,2597,5201,1375,73.22,71.03
CENTRAL,THIKA EAST,KAKUZI,MITUMBIRI,NANGA,4041,4100,8141,2595,34.46,236.24
CENTRAL,THIKA EAST,KAKUZI,MITUMBIRI,THUTHUA,3714,3069,6783,2112,54.13,125.31
CENTRAL,THIKA EAST,KAKUZI,NGELELYA,KWA MUKUNDI,629,731,1360,322,7.14,190.43
CENTRAL,THIKA EAST,KAKUZI,NGELELYA,MUGUMO,1118,1192,2310,575,9.97,231.6
CENTRAL,THIKA EAST,KAKUZI,NGELELYA,THUNGURURU,1495,1581,3076,753,9.97,308.54
CENTRAL,THIKA EAST,THIKA EAST,GATUANYAGA,GATUANYAGA,4622,4425,9047,2316,49.71,181.99
CENTRAL,THIKA EAST,THIKA EAST,MUNYU,GITHIMA,1626,1694,3320,843,27.31,121.57
CENTRAL,THIKA EAST,THIKA EAST,MUNYU,MUNYU,1308,1259,2567,665,5.04,509.44
CENTRAL,THIKA EAST,THIKA EAST,NGOLIBA,MAGUGUNI,4222,3834,8056,2299,27.03,298.09
CENTRAL,THIKA EAST,THIKA EAST,NGOLIBA,NGOLIBA,1809,1771,3580,1112,17.39,205.81
CENTRAL,THIKA WEST,JUJA,JUJA,KIAORA,11008,10888,21896,7137,15.53,1410.18
CENTRAL,THIKA WEST,JUJA,JUJA,MILIMAINI,6290,5948,12238,4096,30.39,402.71
CENTRAL,THIKA WEST,JUJA,KALIMONI,KALIMONI,10165,9696,19861,6039,121.33,163.69
CENTRAL,THIKA WEST,JUJA,KOMO,KOMO,2168,1993,4161,1514,39.22,106.09
CENTRAL,THIKA WEST,JUJA,KOMO,WETEITHIE,11190,10426,21616,7409,29.57,730.95
CENTRAL,THIKA WEST,THIKA WEST,BIASHARA,KARIMENU,4453,4961,9414,2706,26.43,356.18
CENTRAL,THIKA WEST,THIKA WEST,BIASHARA,MAJENGO,8057,9137,17194,6182,2.91,5911.84
CENTRAL,THIKA WEST,THIKA WEST,BIASHARA,TOWNSHIP,5217,6482,11699,3300,4.03,2906.58
CENTRAL,THIKA WEST,THIKA WEST,BIASHARA,UMOJA,4230,4099,8329,2298,9.84,846.43
CENTRAL,THIKA WEST,THIKA WEST,MAKONGENI,KAMENU,18750,18727,37477,12164,33.29,1125.77
CENTRAL,THIKA WEST,THIKA WEST,MAKONGENI,KIANJAU,9887,8100,17987,6627,7.82,2299.39
CENTRAL,THIKA WEST,THIKA WEST,MAKONGENI,KOMU,18499,18173,36672,12579,6.72,5459.58
COAST,KALOLENI,KALOLENI,JIBANA,CHILULU,1548,1710,3258,527,7.24,449.99
COAST,KALOLENI,KALOLENI,JIBANA,KWALE,2195,2524,4719,785,8.69,543.14
COAST,KALOLENI,KALOLENI,JIBANA,NYALANI,2634,2819,5453,917,7.22,755.01
COAST,KALOLENI,KALOLENI,JIBANA,TSAGWA,1427,1580,3007,490,12.22,246.08
COAST,KALOLENI,KALOLENI,KALOLENI,BIRINI / MWAMLEKA,1873,2091,3964,531,15.68,252.86
COAST,KALOLENI,KALOLENI,KALOLENI,CHALANI/MIHINGONI,3180,3698,6878,979,14.56,472.46
COAST,KALOLENI,KALOLENI,KALOLENI,KALOLENI VISHAKANI,8613,9121,17734,3166,26.6,666.57
COAST,KALOLENI,KALOLENI,KALOLENI,KINANI/MAKOMBOANI,2524,2915,5439,691,14.92,364.59
COAST,KALOLENI,KALOLENI,KALOLENI,MIKIRIANI,2596,2978,5574,826,16.96,328.7
COAST,KALOLENI,KALOLENI,KAMBE,KIKOMANI /MBWAKA,3602,3670,7272,1343,11.16,651.51
COAST,KALOLENI,KALOLENI,KAMBE,PANGANI / MAERENI,2289,2419,4708,783,15.27,308.39
COAST,KALOLENI,KALOLENI,KAYAFUNGO,KINAGONI,1414,1820,3234,404,25.7,125.83
COAST,KALOLENI,KALOLENI,KAYAFUNGO,MBALAMWENI,4573,5217,9790,1301,54.84,178.53
COAST,KALOLENI,KALOLENI,KAYAFUNGO,MIYANI,1641,2083,3724,471,16,232.79
COAST,KALOLENI,KALOLENI,KAYAFUNGO,MRIMANI,4078,4602,8680,1102,19.43,446.64
COAST,KALOLENI,KALOLENI,RIBE,CHAURINGO,2645,2686,5331,897,34.02,156.69
COAST,KALOLENI,MARIAKANI,MARIAKANI,KAWALA/KADZONZO,6317,7016,13333,2014,46.22,288.49
COAST,KALOLENI,MARIAKANI,MARIAKANI,MITANGONI/MARIAKANI,15179,14687,29866,6895,81.79,365.17
COAST,KALOLENI,MARIAKANI,MWANAMWINGA,KIBWABWANI,2133,2488,4621,598,32.84,140.7
COAST,KALOLENI,MARIAKANI,MWANAMWINGA,KITHENGWANI/MAZIACHENDA,4257,4842,9099,1198,72.98,124.68
COAST,KALOLENI,MARIAKANI,MWANAMWINGA,VIRAGONI,3418,4336,7754,1092,72.35,107.17
COAST,KALOLENI,MARIAKANI,TSANGATSINI,MNYENZENI,1625,1982,3607,577,59.58,60.54
COAST,KALOLENI,MARIAKANI,TSANGATSINI,TSANGATSINI,2724,3281,6005,1008,80.55,74.55
COAST,KALOLENI,RABAI,MWAWESA,BWAGAMOYO,2977,3372,6349,1025,12.12,524
COAST,KALOLENI,RABAI,MWAWESA,MIKAHANI,1791,2075,3866,601,8.59,450.11
COAST,KALOLENI,RABAI,MWAWESA,MWAMTSUNGA,2139,2667,4806,768,16.43,292.58
COAST,KALOLENI,RABAI,RABAI,BUNI KISIMANI,4813,5111,9924,1633,23.88,415.64
COAST,KALOLENI,RABAI,RABAI,KALIANGOMBE /JIMBA,4518,4824,9342,1545,16.9,552.87
COAST,KALOLENI,RABAI,RABAI,MGUMO /PATSA/MAZERAS,7669,8240,15909,3723,10.96,1450.89
COAST,KALOLENI,RABAI,RABAI,MWELE KISURUTINI,3787,4182,7969,1371,10.65,747.95
COAST,KALOLENI,RABAI,RURUMA,JIMBA,2016,2321,4337,645,15.62,277.64
COAST,KALOLENI,RABAI,RURUMA,MIYUNI,3799,4241,8040,1313,13.74,585.25
COAST,KALOLENI,RABAI,RURUMA,MLEJI,4365,4967,9332,1473,16.44,567.52
COAST,KILIFI,ARABUKO SOKOKE FOREST,ARABUKO SOKOKE FOREST,ARABUKO SOKOKE FOREST,0,0,0,0,191.96,0
COAST,KILIFI,BAHARI,MATSANGONI,MATSANGONI,2465,2537,5002,680,11.22,445.87
COAST,KILIFI,BAHARI,MATSANGONI,MKONGANI,2586,2801,5387,721,14.33,376
COAST,KILIFI,BAHARI,MATSANGONI,UYOMBO,2810,2906,5716,864,15.47,369.58
COAST,KILIFI,BAHARI,NGERENYA,EZAMOYO,1797,1837,3634,513,12.38,293.51
COAST,KILIFI,BAHARI,NGERENYA,NGERENYA,3106,3331,6437,925,16.1,399.7
COAST,KILIFI,BAHARI,NGERENYA,ZOWERANI,2251,2324,4575,682,20.71,220.88
COAST,KILIFI,BAHARI,ROKA,CHUMANI,4488,4579,9067,1369,23.51,385.6
COAST,KILIFI,BAHARI,ROKA,ROKA,4057,4334,8391,1151,28.71,292.23
COAST,KILIFI,BAHARI,TEZO,KIBARANI,4918,5245,10163,1682,16.56,613.72
COAST,KILIFI,BAHARI,TEZO,MTONDIA /MAJAONI,7207,7326,14533,2393,43.01,337.89
COAST,KILIFI,BAHARI,TOWNSHIP,HOSPITAL,13188,13829,27017,6445,13.33,2027.13
COAST,KILIFI,BAHARI,TOWNSHIP,KONJORA,5236,5459,10695,1519,52.42,204.01
COAST,KILIFI,BAHARI,TOWNSHIP,MNARANI,3630,3762,7392,1909,19.1,387.05
COAST,KILIFI,BAHARI,TOWNSHIP,SOKONI,3826,4184,8010,2188,1.09,7356.05
COAST,KILIFI,BAMBA,BAMBA,MWAKWALA,2570,2974,5544,767,60,92.41
COAST,KILIFI,BAMBA,BAMBA,PAZIANI,2178,2710,4888,691,42.49,115.03
COAST,KILIFI,BAMBA,BANDARI,KARIMANI,512,671,1183,207,30.88,38.31
COAST,KILIFI,BAMBA,BANDARI,KIDEMU,923,1082,2005,316,16.59,120.87
COAST,KILIFI,BAMBA,BANDARI,MIKAMINI,1246,1499,2745,418,43.97,62.44
COAST,KILIFI,BAMBA,BANDARI,MITSEMERINI,1016,1195,2211,339,17.09,129.35
COAST,KILIFI,BAMBA,MITANGANI,DANGARANI,920,1102,2022,311,95.09,21.26
COAST,KILIFI,BAMBA,MITANGANI,GEDE,759,846,1605,221,837.68,1.92
COAST,KILIFI,BAMBA,MITANGANI,GOSHI,447,535,982,107,67.4,14.57
COAST,KILIFI,BAMBA,MITANGANI,MIDOINA,502,538,1040,153,86.54,12.02
COAST,KILIFI,BAMBA,MITANGANI,MIGUJINI,426,495,921,144,47.11,19.55
COAST,KILIFI,BAMBA,MITANGANI,MNAGONI,486,636,1122,141,67.54,16.61
COAST,KILIFI,BAMBA,MTSARA WATSATSU,MTSARAWA TSATSU,5220,6342,11562,1683,120.36,96.06
COAST,KILIFI,BAMBA,NDIGIRIA,MIRIHINI,1140,1467,2607,343,55.49,46.98
COAST,KILIFI,BAMBA,NDIGIRIA,MWAMBANI,1143,1377,2520,349,97.68,25.8
COAST,KILIFI,BAMBA,NDIGIRIA,NDIGIRIA/ MAPOTEA,1172,1434,2606,337,77.71,33.54
COAST,KILIFI,CHONYI,BANDA RA SALAMA,MWEMBE KATI,2563,3032,5595,996,16.99,329.23
COAST,KILIFI,CHONYI,BANDA RA SALAMA,PINGILIKANI,2145,2466,4611,781,28.29,162.97
COAST,KILIFI,CHONYI,CHASIMBA,CHASIMBA,2716,3139,5855,1041,14.58,401.62
COAST,KILIFI,CHONYI,CHASIMBA,KITSOENI,2397,2853,5250,966,29.92,175.48
COAST,KILIFI,CHONYI,CHASIMBA,MWAKAMBI,1989,2219,4208,723,34.27,122.79
COAST,KILIFI,CHONYI,MWARAKAYA,KIZINGO,4536,5306,9842,1790,17.73,555.25
COAST,KILIFI,CHONYI,MWARAKAYA,MWARAKAYA,2299,2725,5024,966,26.03,193.04
COAST,KILIFI,CHONYI,ZIANI,NGOMBENI,2344,2557,4901,797,19.19,255.46
COAST,KILIFI,CHONYI,ZIANI,ZIANI,4264,4816,9080,1598,13.12,692.26
COAST,KILIFI,GANZE,DUNGICHA,DUNGICHA,1001,1279,2280,314,38.13,59.8
COAST,KILIFI,GANZE,DUNGICHA,MWEZA/MIGODOMANI,792,1024,1816,256,30.14,60.24
COAST,KILIFI,GANZE,GANZE,GANZE/TSANGALAWENI,2928,3549,6477,1027,71.24,90.92
COAST,KILIFI,GANZE,GANZE,PENTANGUO,1567,1832,3399,456,44.6,76.21
COAST,KILIFI,GANZE,PALAKUMI,MARIANI / VISAPUNI,1765,2162,3927,573,59.91,65.55
COAST,KILIFI,GANZE,PALAKUMI,PALAKUMI,2480,2937,5417,800,90.81,59.65
COAST,KILIFI,JARIBUNI,JARIBUNI,CHIVARA,992,1187,2179,370,14.44,150.94
COAST,KILIFI,JARIBUNI,JARIBUNI,MARERE,1031,1136,2167,346,21.85,99.15
COAST,KILIFI,JARIBUNI,JARIBUNI,MWAPULA,701,724,1425,209,27.1,52.57
COAST,KILIFI,JARIBUNI,KAUMA,MAGOGONI/MATOLANI,1039,1173,2212,338,36.34,60.87
COAST,KILIFI,JARIBUNI,KAUMA,MNDANGARANI,612,741,1353,205,21.04,64.32
COAST,KILIFI,JARIBUNI,KAUMA,VINAGONI,1236,1351,2587,399,21.4,120.88
COAST,KILIFI,JARIBUNI,VYAMBANI,NGAMANI,912,1026,1938,286,9.85,196.68
COAST,KILIFI,JARIBUNI,VYAMBANI,VYAMBANI,824,929,1753,272,7.39,237.24
COAST,KILIFI,KIKAMBALA,JUNJU,GONGONI/VIPINGO,6228,6228,12456,2735,47.72,261.01
COAST,KILIFI,KIKAMBALA,JUNJU,JUNJU,5160,5397,10557,1684,43.51,242.63
COAST,KILIFI,KIKAMBALA,JUNJU,KURUWITU /CHODARI,4204,4535,8739,1453,23.33,374.56
COAST,KILIFI,KIKAMBALA,MTWAPA,KANAMAI,7604,7785,15389,3542,16.96,907.52
COAST,KILIFI,KIKAMBALA,MTWAPA,KIDUTANI MAWAMBA,4892,4694,9586,1651,34.29,279.52
COAST,KILIFI,KIKAMBALA,MTWAPA,KIJIPWA,4866,4802,9668,1812,13.53,714.48
COAST,KILIFI,KIKAMBALA,MTWAPA,SHIMO LATEWA,25242,25604,50846,14473,21.12,2407.36
COAST,KILIFI,KIKAMBALA,TAKAUNGU,KIRIBA / WANGWANI,1870,2025,3895,495,14.9,261.47
COAST,KILIFI,KIKAMBALA,TAKAUNGU,MAVUENI/MAJAJANI,3869,4136,8005,1170,34.96,228.95
COAST,KILIFI,KIKAMBALA,TAKAUNGU,MKOMANI /MKWAJUNI,3700,3727,7427,1297,41.43,179.28
COAST,KILIFI,KIKAMBALA,TAKAUNGU,TAKAUNGU,3283,3373,6656,1188,15.01,443.58
COAST,KILIFI,VITENGENI,DIDA,BALE,786,916,1702,307,16.02,106.27
COAST,KILIFI,VITENGENI,DIDA,DIDA,858,907,1765,277,27.8,63.49
COAST,KILIFI,VITENGENI,DIDA,KAHINGONI,434,533,967,153,7.67,126.08
COAST,KILIFI,VITENGENI,MRIMA WA NDEGE,DULUKIZA,720,794,1514,232,46.99,32.22
COAST,KILIFI,VITENGENI,MRIMA WA NDEGE,MILORE,1282,1519,2801,367,65.6,42.7
COAST,KILIFI,VITENGENI,MRIMA WA NDEGE,MRIMA WA NDEGE,701,836,1537,245,55.78,27.56
COAST,KILIFI,VITENGENI,MWAHERA,DZIKUNZE,1493,1809,3302,415,20.05,164.65
COAST,KILIFI,VITENGENI,MWAHERA,KAEMBENI,1820,2089,3909,561,21.68,180.34
COAST,KILIFI,VITENGENI,MWAHERA,MWAHERA,1446,1789,3235,477,31.93,101.32
COAST,KILIFI,VITENGENI,MWAHERA,MWANGEA,1341,1657,2998,386,117.33,25.55
COAST,KILIFI,VITENGENI,MWAHERA,NDUGUMUNANI,707,745,1452,202,23.17,62.65
COAST,KILIFI,VITENGENI,SOKOKE,MAGOGONI,2109,2558,4667,703,53.62,87.03
COAST,KILIFI,VITENGENI,SOKOKE,NYARI,2297,2566,4863,683,17.18,283
COAST,KILIFI,VITENGENI,SOKOKE,RARE,1223,1481,2704,407,28.17,95.99
COAST,KILIFI,VITENGENI,VITENGENI,MADAMANI,3470,3963,7433,1205,52.51,141.54
COAST,KILIFI,VITENGENI,VITENGENI,MITSEDZINI,500,580,1080,177,55.85,19.34
COAST,KILIFI,VITENGENI,VITENGENI,VITENGENI,1023,1243,2266,368,39.44,57.46
COAST,KILINDINI,CHANGAMWE,CHAANI,CHAANI,31268,26970,58238,19492,4.22,13793.28
COAST,KILINDINI,CHANGAMWE,CHANGAMWE,CHANGAMWE,5584,5429,11013,2914,3.79,2906.42
COAST,KILINDINI,CHANGAMWE,PORTREITZ,PORTREITZ,33457,29984,63441,19863,7.96,7965.17
COAST,KILINDINI,JOMVU,MIKINDANI,BIRIKANI,9664,7856,17520,5937,2.34,7484.3
COAST,KILINDINI,JOMVU,MIKINDANI,KWASHEE,17641,17616,35257,10642,3.83,9198.76
COAST,KILINDINI,JOMVU,MIRITINI,JOMVU KUU,19974,18802,38776,10294,19.04,2036.26
COAST,KILINDINI,JOMVU,MIRITINI,MIRITINI,13644,12290,25934,8159,10.39,2496.17
COAST,KILINDINI,LIKONI,LIKONI,BOFU,15740,13414,29154,9450,1.58,18440.23
COAST,KILINDINI,LIKONI,LIKONI,LIKONI,11445,10194,21639,6879,1.07,20183.75
COAST,KILINDINI,LIKONI,LIKONI,TIMBWANI,32223,28788,61011,19361,6.81,8965.35
COAST,KILINDINI,LONGO,MTONGWE,MTONGWE,15105,13063,28168,7951,25.48,1105.33
COAST,KILINDINI,LONGO,SHIKA ADABU,VIJIWENI,5882,5576,11458,3243,3.91,2927.66
COAST,KILINDINI,LONGO,SHIKA ADABU,VYEMANI,7259,7319,14578,3980,2.18,6675.52
COAST,KINANGO,KASEMENI,GANDINI,GANDINI,6259,7056,13315,2162,105.03,126.77
COAST,KINANGO,KASEMENI,KASEMENI,CHIGATO,1858,2164,4022,668,17.78,226.18
COAST,KINANGO,KASEMENI,KASEMENI,MAZERAS,4284,4421,8705,1680,15.54,560.31
COAST,KINANGO,KASEMENI,KASEMENI,MNYENZENI,3848,4444,8292,1363,29.02,285.69
COAST,KINANGO,KASEMENI,KASEMENI,MWAMDUDU,1080,1200,2280,353,16.12,141.47
COAST,KINANGO,KASEMENI,MTAA,BOFU,2542,2894,5436,945,55.8,97.42
COAST,KINANGO,KASEMENI,MTAA,MABESHENI,677,766,1443,227,31.91,45.22
COAST,KINANGO,KASEMENI,MTAA,MTAA,1553,1911,3464,599,43.7,79.26
COAST,KINANGO,KASEMENI,MWATATE,MATUMBI,1811,2036,3847,642,71.06,54.14
COAST,KINANGO,KASEMENI,MWATATE,MWATATE,5052,5739,10791,1601,41.13,262.34
COAST,KINANGO,KASEMENI,MWAVUNDO,KALALANI,5399,5791,11190,1781,61.62,181.6
COAST,KINANGO,KASEMENI,MWAVUNDO,MWABILA,2830,3244,6074,881,103.26,58.82
COAST,KINANGO,KINANGO,KINANGO,DUMBULE,2666,2864,5530,955,70.83,78.08
COAST,KINANGO,KINANGO,KINANGO,KIBANDAONGO,2650,3087,5737,990,90.88,63.13
COAST,KINANGO,KINANGO,KINANGO,KINANGO,3897,4092,7989,1610,38.67,206.59
COAST,KINANGO,KINANGO,PUMA,MAZOLA,2880,3284,6164,910,134.47,45.84
COAST,KINANGO,KINANGO,VIGURUNGANI,BUSA,3067,3081,6148,997,400.97,15.33
COAST,KINANGO,KINANGO,VIGURUNGANI,VIGURUNGANI,3608,3940,7548,1255,324.89,23.23
COAST,KINANGO,NDAVAYA,NDAVAYA,GULANZE,2252,2499,4751,820,71.75,66.21
COAST,KINANGO,NDAVAYA,NDAVAYA,KIFYONZO,4668,5213,9881,1483,128,77.19
COAST,KINANGO,NDAVAYA,NDAVAYA,MWANDIMU,3593,3749,7342,1141,291.12,25.22
COAST,KINANGO,NDAVAYA,NDAVAYA,NDAVAYA,2775,3067,5842,962,65.02,89.84
COAST,KINANGO,SAMBURU,CHENGONI,CHENGONI,2585,3012,5597,778,105.21,53.2
COAST,KINANGO,SAMBURU,CHENGONI,MAJI YA CHUMVI,1299,1516,2815,420,90.13,31.23
COAST,KINANGO,SAMBURU,CHENGONI,SILALONI,2495,2886,5381,708,126.51,42.53
COAST,KINANGO,SAMBURU,MACKINON ROAD,KILIBASI,1241,1265,2506,374,150.54,16.65
COAST,KINANGO,SAMBURU,MACKINON ROAD,MACKINON ROAD,3772,3741,7513,1357,252.76,29.72
COAST,KINANGO,SAMBURU,MAKAMINI,MAKAMINI,2269,2686,4955,811,149.53,33.14
COAST,KINANGO,SAMBURU,MAKAMINI,VINYUNDUNI,2724,3060,5784,889,143.93,40.19
COAST,KINANGO,SAMBURU,SAMBURU SOUTH,KINAGONI,4046,4718,8764,1304,246.01,35.63
COAST,KINANGO,SAMBURU,SAMBURU SOUTH,MATOPE,4702,5382,10084,1601,129.62,77.8
COAST,KINANGO,SAMBURU,TARU,DUPHARO,4987,5383,10370,1737,408.88,25.36
COAST,KWALE,KUBO,LUKORE,LUKORE,1719,1702,3421,609,22.91,149.3
COAST,KWALE,KUBO,MAJIMBONI,BOYANI,892,841,1733,319,14.46,119.89
COAST,KWALE,KUBO,MAJIMBONI,KIPAMBANI,494,478,972,203,12.68,76.67
COAST,KWALE,KUBO,MAJIMBONI,MAJIMBONI,894,921,1815,345,22.03,82.38
COAST,KWALE,KUBO,MAJIMBONI,MAKOBE,595,571,1166,254,15.93,73.19
COAST,KWALE,KUBO,MAJIMBONI,MSULWA,835,817,1652,289,17.03,97.01
COAST,KWALE,KUBO,MAJIMBONI,SHIMBA HILLS,690,654,1344,318,8.65,155.41
COAST,KWALE,KUBO,MANGAWANI,MANGAWANI,3548,3635,7183,1267,58.33,123.13
COAST,KWALE,KUBO,MKONGANI,MKOMBA,2797,2975,5772,983,34.88,165.47
COAST,KWALE,KUBO,MKONGANI,MTSAMVIANI,3008,3201,6209,1004,42.19,147.17
COAST,KWALE,KUBO,MKONGANI,TIRIBE,3673,4105,7778,1360,45.6,170.58
COAST,KWALE,KUBO,MWALUPHAMBA,KIZIBE,2463,2678,5141,855,76.02,67.63
COAST,KWALE,KUBO,MWALUPHAMBA,MLAFYENI,5717,6701,12418,2098,60.5,205.25
COAST,KWALE,KUBO,MWALUVANGA,MANYATTA,1146,1223,2369,450,21.99,107.75
COAST,KWALE,KUBO,MWALUVANGA,MWALUVANGA,861,820,1681,351,19.64,85.57
COAST,KWALE,MATUGA,GOLINI,GOLINI,6866,7208,14074,3054,51.86,271.36
COAST,KWALE,MATUGA,MBUGUNI,MBUGUNI,2782,2968,5750,1006,56.8,101.24
COAST,KWALE,MATUGA,NGOMBENI,KITEJE,1833,1706,3539,701,19.06,185.72
COAST,KWALE,MATUGA,NGOMBENI,NGOMBENI,5466,5331,10797,2032,23.64,456.67
COAST,KWALE,MATUGA,NGOMBENI,PUNGU,2231,2152,4383,815,6.26,699.82
COAST,KWALE,MATUGA,TIWI,MKOYO,4347,4426,8773,1822,17.16,511.3
COAST,KWALE,MATUGA,TIWI,SIMKUMBE,5260,5376,10636,2094,32.24,329.86
COAST,KWALE,MATUGA,TSIMBA,KUNDUTSI,3997,4375,8372,1511,38.6,216.87
COAST,KWALE,MATUGA,TSIMBA,MAZUMALUME,2808,2998,5806,999,31.46,184.56
COAST,KWALE,MATUGA,WAA,KITIVO,2847,2950,5797,1242,15.65,370.42
COAST,KWALE,MATUGA,WAA,KOMBANI,2219,2198,4417,892,13.96,316.47
COAST,KWALE,MATUGA,WAA,MATUGA,4262,4588,8850,1647,35.37,250.2
COAST,KWALE,SHIMBA HILLS NAT. RESV 01,SHIMB AHILLS NAT. RESV,SHIMBA HILLS NAT RSV,73,57,130,39,216.3,0.6
COAST,LAMU,AMU,LANGONI,LANGONI,4901,4892,9793,2281,2.96,3304.32
COAST,LAMU,AMU,MATONDONI,KIPUNGANI,350,234,584,109,21.84,26.74
COAST,LAMU,AMU,MATONDONI,MATONDONI,844,831,1675,377,15.17,110.41
COAST,LAMU,AMU,MKOMANI,MKOMANI,3565,3475,7040,1620,4.94,1424.15
COAST,LAMU,AMU,SHELLA/MANDA,MANDA,681,411,1092,371,37.48,29.13
COAST,LAMU,AMU,SHELLA/MANDA,SHELLA,1201,981,2182,514,17.25,126.49
COAST,LAMU,FAZA,FAZA,KWATINI,597,578,1175,240,2.49,471.7
COAST,LAMU,FAZA,FAZA,KWATONGANI,652,659,1311,275,7.87,166.57
COAST,LAMU,FAZA,PATE,PATE,1104,1149,2253,458,26.46,85.15
COAST,LAMU,FAZA,SIYU,SHANGA,339,320,659,113,6.46,101.99
COAST,LAMU,FAZA,SIYU,SIYU,610,560,1170,250,29.13,40.16
COAST,LAMU,FAZA,TCHUNDWA,TCHUNDWA,910,868,1778,305,6.77,262.79
COAST,LAMU,HINDI,H/MAGOGONI,BARGONI,1192,864,2056,366,805.65,2.55
COAST,LAMU,HINDI,H/MAGOGONI,HINDI,3124,2322,5446,1187,262.64,20.74
COAST,LAMU,HINDI,MOKOWE,KILIMANI,363,271,634,137,33.16,19.12
COAST,LAMU,HINDI,MOKOWE,MOKOWE,1342,1222,2564,596,49.38,51.93
COAST,LAMU,KIUNGA,BASUBA,MANGAI,116,136,252,47,350.27,0.72
COAST,LAMU,KIUNGA,BASUBA,MARARANI,103,95,198,42,766.49,0.26
COAST,LAMU,KIUNGA,BASUBA,MILIMANI,323,279,602,108,591.96,1.02
COAST,LAMU,KIUNGA,KIUNGA,MKOKONI,361,302,663,118,160.49,4.13
COAST,LAMU,KIUNGA,KIUNGA,RUBU/MAMBORE,1259,944,2203,447,353.42,6.23
COAST,LAMU,KIZINGITINI,KIZINGITINI,KIZINGITINI,1573,1581,3154,529,0.62,5096.14
COAST,LAMU,KIZINGITINI,MBWAJUMWALI,MYABOGI,977,1047,2024,347,11.02,183.66
COAST,LAMU,KIZINGITINI,NDAU,KIWAYUU,286,259,545,115,4.73,115.17
COAST,LAMU,KIZINGITINI,NDAU,NDAU,404,450,854,168,1.37,623.31
COAST,LAMU,MPEKETONI,BAHARI,BAHARI,1857,1725,3582,783,65.44,54.74
COAST,LAMU,MPEKETONI,BAHARI,TEWE,1435,1214,2649,589,59.82,44.28
COAST,LAMU,MPEKETONI,HONGWE,BOMANI,2268,2010,4278,1000,56.81,75.31
COAST,LAMU,MPEKETONI,HONGWE,HONGWE,2480,2339,4819,1100,71.67,67.24
COAST,LAMU,MPEKETONI,MAPENYA,MAPENYA,1144,1034,2178,438,15.59,139.74
COAST,LAMU,MPEKETONI,MAPENYA,UZIWA,1045,984,2029,417,20.18,100.53
COAST,LAMU,MPEKETONI,MKUNUMBI,MKUNUMBI,3580,2984,6564,1638,1366.12,4.8
COAST,LAMU,MPEKETONI,MPEKETONI,CENTRAL,3568,3448,7016,1838,28.1,249.65
COAST,LAMU,MPEKETONI,MPEKETONI,KIONGWE,1288,1171,2459,527,17.36,141.63
COAST,LAMU,MPEKETONI,NDAMBWE,NDAMBWE,463,490,953,194,26.64,35.78
COAST,LAMU,WITU,DIDEWARIDE,CHALALUMA,1229,1016,2245,428,27.54,81.51
COAST,LAMU,WITU,DIDEWARIDE,MOA,1814,1754,3568,667,334.9,10.65
COAST,LAMU,WITU,WITU,PANDANGUO,2677,2489,5166,1031,589.03,8.77
COAST,LAMU,WITU,WITU,WITU,1020,1106,2126,414,23.89,89
COAST,MALINDI,LANGOBAYA,CHAKAMA,KISIKI,1801,1607,3408,625,1697.14,2.01
COAST,MALINDI,LANGOBAYA,CHAKAMA,MAKONGENI,2338,2338,4676,676,1304.68,3.58
COAST,MALINDI,LANGOBAYA,CHAKAMA,MATOLANI,844,837,1681,286,1522.67,1.1
COAST,MALINDI,LANGOBAYA,JILORE,GIRIMACHA,710,847,1557,234,32.76,47.53
COAST,MALINDI,LANGOBAYA,JILORE,JILORE/ZIANI,1470,1630,3100,484,245.52,12.63
COAST,MALINDI,LANGOBAYA,JILORE,KAKONENI,2066,2425,4491,709,35.6,126.17
COAST,MALINDI,LANGOBAYA,LANGOBAYA,LANGOBAYA,1940,2066,4006,650,48.68,82.29
COAST,MALINDI,LANGOBAYA,LANGOBAYA,MAKOBENI,1001,1096,2097,322,53.14,39.46
COAST,MALINDI,LANGOBAYA,LANGOBAYA,MKONDONI,1052,1194,2246,345,39.18,57.33
COAST,MALINDI,LANGOBAYA,MALANGA,MALANGA,2299,2677,4976,710,37.92,131.22
COAST,MALINDI,MAGARINI,FUNDISSA,FUNDISSA,4802,5099,9901,1415,96.04,103.09
COAST,MALINDI,MAGARINI,FUNDISSA,MARERENI,10288,11303,21591,3658,282.19,76.51
COAST,MALINDI,MAGARINI,GONGONI,GONGONI,7440,7758,15198,2663,60.17,252.6
COAST,MALINDI,MAGARINI,GONGONI,NGOMENI,3844,3797,7641,1218,20.47,373.32
COAST,MALINDI,MAGARINI,GONGONI,SHOMELLA,890,967,1857,252,55.27,33.6
COAST,MALINDI,MAGARINI,MAGARINI,BOMANI,3837,4296,8133,1180,69.2,117.54
COAST,MALINDI,MAGARINI,MAGARINI,MAMBRUI,8281,8471,16752,2646,54.35,308.2
COAST,MALINDI,MAGARINI,MAGARINI,MARIKEBUNI,4460,4840,9300,1388,44.14,210.67
COAST,MALINDI,MAGARINI,MAGARINI,PUMWANI,3076,3433,6509,862,81.17,80.19
COAST,MALINDI,MALINDI,GANDA,GANDA,2162,2223,4385,667,8.55,512.96
COAST,MALINDI,MALINDI,GANDA,MERE,2871,2849,5720,778,9.97,573.69
COAST,MALINDI,MALINDI,GANDA,MSABAHA,3695,3736,7431,1125,16.47,451.19
COAST,MALINDI,MALINDI,GEDE,DABASO,6550,6497,13047,2444,28.76,453.71
COAST,MALINDI,MALINDI,GEDE,MIDA,3159,3376,6535,850,16.21,403.09
COAST,MALINDI,MALINDI,GEDE,MIJOMBONI,2744,2804,5548,766,16.96,327.17
COAST,MALINDI,MALINDI,GEDE,MKENGE,2216,2257,4473,566,14.95,299.24
COAST,MALINDI,MALINDI,GOSHI,BURA MAGONGOLONI/ MOGOTINI,1070,1207,2277,374,9.51,239.33
COAST,MALINDI,MALINDI,GOSHI,KAKUYUNI,2204,2418,4622,670,24.31,190.12
COAST,MALINDI,MALINDI,GOSHI,MADUNGUNI,1187,1391,2578,361,10.5,245.55
COAST,MALINDI,MALINDI,GOSHI,MALIMO,2474,2599,5073,684,33.54,151.25
COAST,MALINDI,MALINDI,GOSHI,PAZIANI,1671,1744,3415,468,14.09,242.33
COAST,MALINDI,MALINDI,MALINDI,BARANI,16157,15911,32068,9234,11.85,2706.64
COAST,MALINDI,MALINDI,MALINDI,CENTRAL,9418,9768,19186,4888,9.41,2039.11
COAST,MALINDI,MALINDI,MALINDI,KIJIWETANGA,7456,7570,15026,2007,19.69,763.13
COAST,MALINDI,MALINDI,MALINDI,SABAKI,8500,7817,16317,2742,36.88,442.45
COAST,MALINDI,MALINDI,MALINDI,SHELLA,21477,21957,43434,10895,16.17,2686.12
COAST,MALINDI,MALINDI,WATAMU,CHEMBE KIBABAMCHE,2165,2166,4331,590,23.28,186.02
COAST,MALINDI,MALINDI,WATAMU,JIMBA,3058,3000,6058,1270,18.31,330.77
COAST,MALINDI,MALINDI,WATAMU,MBARAKA CHEMBE,2561,2589,5150,794,15.34,335.79
COAST,MALINDI,MALINDI,WATAMU,WATAMU,5373,5070,10443,2795,2.28,4577.45
COAST,MALINDI,MARAFA,ADU,ADU,1384,1467,2851,401,52.86,53.93
COAST,MALINDI,MARAFA,ADU,KADZANDANI,917,1012,1929,288,39.62,48.69
COAST,MALINDI,MARAFA,ADU,KAMALE,896,958,1854,232,198.66,9.33
COAST,MALINDI,MARAFA,ADU,RAMADA,2462,2553,5015,746,329.12,15.24
COAST,MALINDI,MARAFA,BUNGALE,BARICHO,1231,1362,2593,378,80.16,32.35
COAST,MALINDI,MARAFA,BUNGALE,DAKACHA,3996,4087,8083,1282,449.6,17.98
COAST,MALINDI,MARAFA,BUNGALE,GANDINI,825,843,1668,240,26.08,63.95
COAST,MALINDI,MARAFA,DAGAMRA,BATE,2052,2414,4466,660,18.33,243.6
COAST,MALINDI,MARAFA,DAGAMRA,BURA,1809,2115,3924,500,50.49,77.72
COAST,MALINDI,MARAFA,DAGAMRA,KAYA,804,934,1738,259,12.7,136.86
COAST,MALINDI,MARAFA,GARASHI,MASINDENI,832,841,1673,251,11.44,146.25
COAST,MALINDI,MARAFA,GARASHI,MIKUYUNI,1355,1572,2927,432,14.13,207.17
COAST,MALINDI,MARAFA,GARASHI,SIGWAYA,1036,1037,2073,305,52.91,39.18
COAST,MALINDI,MARAFA,MARAFA,BORE,2295,2424,4719,709,81.44,57.94
COAST,MALINDI,MARAFA,MARAFA,MADINA,2485,2729,5214,814,91.31,57.1
COAST,MALINDI,MARAFA,MARAFA,MAMBASSA,1695,1855,3550,542,146.02,24.31
COAST,MOMBASA,BAMBURI,BAMBURI,BAMBURI,13373,11545,24918,4831,12.34,2019.09
COAST,MOMBASA,BAMBURI,BAMBURI,MAUNGUJA,723,803,1526,236,11.07,137.81
COAST,MOMBASA,BAMBURI,BAMBURI,MWAKIRUNGE,3599,3804,7403,1267,31.32,236.35
COAST,MOMBASA,BAMBURI,BAMBURI,MWEMBELENGEZA,14576,14227,28803,8006,11.05,2607.69
COAST,MOMBASA,BAMBURI,BAMBURI,SHANZU,4834,4430,9264,2458,7.19,1287.95
COAST,MOMBASA,ISLAND,GANJONI,GANJONI,5018,5400,10418,2583,2.17,4810.45
COAST,MOMBASA,ISLAND,GANJONI,KIZINGO,3471,3692,7163,1543,2.18,3292.43
COAST,MOMBASA,ISLAND,MAJENGO,MAJENGO,14943,15977,30920,6933,1.45,21360.97
COAST,MOMBASA,ISLAND,MWEMBE TAYARI,MWEMBE TAYARI,3816,4098,7914,1806,0.62,12760.4
COAST,MOMBASA,ISLAND,OLD TOWN,MAKADARA,4105,4551,8656,1653,0.39,22206.26
COAST,MOMBASA,ISLAND,OLD TOWN,MJI WA KALE,4814,5242,10056,1760,0.39,25646.52
COAST,MOMBASA,ISLAND,RAILWAY,RAILWAY,4580,3808,8388,2110,3.42,2449.91
COAST,MOMBASA,ISLAND,TONONOKA,BONDENI,5123,5034,10157,1696,0.49,20737.04
COAST,MOMBASA,ISLAND,TONONOKA,TONONOKA,8506,8850,17356,3849,1.02,16992.36
COAST,MOMBASA,ISLAND,TUDOR,TUDOR 4,7155,7315,14470,3436,1.72,8435.35
COAST,MOMBASA,ISLAND,TUDOR,TUDOR ESTATE,9604,8026,17630,5791,0.84,21053.26
COAST,MOMBASA,KISAUNI,KISAUNI,JUNDA,20948,18484,39432,11845,7.51,5248.5
COAST,MOMBASA,KISAUNI,KISAUNI,KISAUNI,39680,40131,79811,22762,8.07,9894.87
COAST,MOMBASA,KISAUNI,KISAUNI,MAGOGONI,42012,40706,82718,23896,8.29,9983.83
COAST,MOMBASA,KISAUNI,KONGOWEA,KONGOWEA,34540,29453,63993,19332,8.35,7659.61
COAST,MOMBASA,KISAUNI,KONGOWEA,MAWENI,22618,19569,42187,12742,6.37,6626.92
COAST,MSAMBWENI,DIANI,DIANI,BONGWE,5436,5386,10822,2089,45.12,239.86
COAST,MSAMBWENI,DIANI,DIANI,GOMBATO,12171,11853,24024,7138,10.58,2271.04
COAST,MSAMBWENI,DIANI,DIANI,UKUNDA,19897,18732,38629,10687,25.05,1542.27
COAST,MSAMBWENI,DIANI,KINONDO,GAZI,2542,2283,4825,973,67.99,70.97
COAST,MSAMBWENI,DIANI,KINONDO,KINONDO,9395,8637,18032,3676,83.68,215.48
COAST,MSAMBWENI,LUNGA LUNGA,DZOMBO,MALAMBA,19489,22020,41509,6476,223.47,185.75
COAST,MSAMBWENI,LUNGA LUNGA,KIKONENI,BUMBANI,9519,10039,19558,3512,129.73,150.76
COAST,MSAMBWENI,LUNGA LUNGA,LUNGA LUNGA,KASEMENI,3019,3059,6078,1188,314.29,19.34
COAST,MSAMBWENI,LUNGA LUNGA,LUNGA LUNGA,SEGA,7970,8066,16036,3061,126.71,126.56
COAST,MSAMBWENI,LUNGA LUNGA,MWERENI,KILIMANGODO,7256,7717,14973,2490,1611.77,9.29
COAST,MSAMBWENI,LUNGA LUNGA,MWERENI,MWENA,6282,7295,13577,2400,114.33,118.76
COAST,MSAMBWENI,LUNGA LUNGA,VANGA,JEGO,3131,3406,6537,1161,41.11,159.03
COAST,MSAMBWENI,LUNGA LUNGA,VANGA,KIWEGU,4546,4866,9412,1586,80.76,116.54
COAST,MSAMBWENI,LUNGA LUNGA,VANGA,VANGA,1973,2161,4134,832,6.35,650.66
COAST,MSAMBWENI,MSAMBWENI,KINGWENDE SHIRAZI,FUNZI,449,392,841,212,10.81,77.79
COAST,MSAMBWENI,MSAMBWENI,KINGWENDE SHIRAZI,KINGWEDE,2485,2697,5182,987,11.27,459.86
COAST,MSAMBWENI,MSAMBWENI,KINGWENDE SHIRAZI,SHIRAZI,2421,2300,4721,1030,38.88,121.44
COAST,MSAMBWENI,MSAMBWENI,MIVUMONI,MIVUMONI,5357,5212,10569,2082,99.94,105.75
COAST,MSAMBWENI,MSAMBWENI,MSAMBWENI,MILALANI,2279,2453,4732,956,18.52,255.55
COAST,MSAMBWENI,MSAMBWENI,MSAMBWENI,VINGUJINI,6139,6523,12662,2686,11.67,1084.55
COAST,MSAMBWENI,MSAMBWENI,PONGWE / KIDIMO,MAJORENI,3679,3978,7657,1404,58.23,131.5
COAST,MSAMBWENI,MSAMBWENI,PONGWE / KIDIMO,MZIZIMA,3999,4178,8177,1598,72.52,112.75
COAST,MSAMBWENI,MSAMBWENI,PONGWE / KIDIMO,SHIMONI,2077,1992,4069,965,19.63,207.3
COAST,MSAMBWENI,MSAMBWENI,PONGWE / KIDIMO,WASINI / MKWIRO,794,843,1637,295,4.84,337.89
COAST,TAITA,MWAMBIRWA,RONGE JUU,KIRONGE / MWAKALERI,661,757,1418,312,10.75,131.9
COAST,TAITA,MWAMBIRWA,RONGE JUU,KISHAU / KIWETO,606,684,1290,292,14.62,88.22
COAST,TAITA,MWAMBIRWA,RONGE JUU,NDEMBONY BAGHAU,402,433,835,205,3,278.17
COAST,TAITA,MWATATE,BURA,ILOLE,680,954,1634,370,4.87,335.61
COAST,TAITA,MWATATE,BURA,MNAMU,735,773,1508,384,6.92,217.9
COAST,TAITA,MWATATE,BURA,MRUGHUA,1071,1211,2282,556,7.64,298.63
COAST,TAITA,MWATATE,BURA,NYOLO,1752,1536,3288,1103,241.49,13.62
COAST,TAITA,MWATATE,BURA,SAGHAIGHU,575,672,1247,294,4.33,287.92
COAST,TAITA,MWATATE,CHAWIA,CHAWIA,883,931,1814,445,5.75,315.7
COAST,TAITA,MWATATE,CHAWIA,WUSI,1870,2011,3881,978,11.95,324.78
COAST,TAITA,MWATATE,KIDAYA/ NGERENYI,KIDAYA/ NGERENYI,1884,1965,3849,858,7.71,499.27
COAST,TAITA,MWATATE,KISHAMBA,KAYA ILOLE,1071,1085,2156,551,7.75,278.05
COAST,TAITA,MWATATE,KISHAMBA,KISHAMBA,907,942,1849,429,5,369.87
COAST,TAITA,MWATATE,KISHAMBA,MENGO,1008,938,1946,517,39.31,49.51
COAST,TAITA,MWATATE,KISHAMBA,MWACHAWAZA,759,788,1547,380,7.07,218.76
COAST,TAITA,MWATATE,MWACHABO,MRURU/MAGANGA,1163,1415,2578,606,7.28,354.3
COAST,TAITA,MWATATE,MWACHABO,MWACHABO,3116,2595,5711,1349,299.88,19.04
COAST,TAITA,MWATATE,MWACHABO,WUMARI/ SECHU,2076,1898,3974,1110,83.54,47.57
COAST,TAITA,MWATATE,MWAKITAU,GODOMA,1310,1390,2700,727,86.58,31.18
COAST,TAITA,MWATATE,MWAKITAU,MLUGHI/ MWASHUMA,829,804,1633,470,23.76,68.72
COAST,TAITA,MWATATE,MWAKITAU,MWAKITAU,1287,1306,2593,662,550.65,4.71
COAST,TAITA,MWATATE,MWATATE,MODAMBOGHO,2725,2655,5380,1378,214.87,25.04
COAST,TAITA,MWATATE,MWATATE,MWATATE,3189,3150,6339,1715,9.21,688.27
COAST,TAITA,MWATATE,MWATATE,SEMBE,1530,1259,2789,957,118.92,23.45
COAST,TAITA,NATIONAL PARK,NATIONAL PARK,TSAVO WEST,2032,625,2657,933,3668.11,0.72
COAST,TAITA,NYANGALA,KASIGAU,BUGUTA,3162,3712,6874,1197,115.19,59.68
COAST,TAITA,NYANGALA,KASIGAU,MAKWASINI,1427,1420,2847,606,436.24,6.53
COAST,TAITA,NYANGALA,KASIGAU,RUKANGA,2195,1770,3965,942,1102.29,3.6
COAST,TAITA,NYANGALA,MARUNGU,MAUNGU,3806,3802,7608,1686,118.69,64.1
COAST,TAITA,NYANGALA,MARUNGU,MIASENYI,769,640,1409,322,703.88,2
COAST,TAITA,TAUSA,MBOLOLO,MRARU,2877,2929,5806,1413,60.3,96.28
COAST,TAITA,TAUSA,MBOLOLO,TAUSA,1426,1405,2831,748,32.92,86.01
COAST,TAITA,TAUSA,NGOLIA,GHAZI,1550,1523,3073,754,90.8,33.84
COAST,TAITA,TAUSA,NGOLIA,NDOME,1438,1408,2846,723,68.02,41.84
COAST,TAITA,TAUSA,NGOLIA,WONGONYI,965,991,1956,500,17.66,110.76
COAST,TAITA,TAUSA,RONGE,KIGHOMBO,1008,1032,2040,513,21.91,93.1
COAST,TAITA,TAUSA,RONGE,MSAU-RAHAI,640,531,1171,277,9.62,121.73
COAST,TAITA,TAUSA,RONGE,RONGE NYIKA,1099,1006,2105,528,33.19,63.43
COAST,TAITA,TSAVO EAST NAT. PARK,NAT. PARK,TSAVO EAST NAT. PARK,699,255,954,401,4106.14,0.23
COAST,TAITA,VOI,SAGALLA,KISHAMBA,1501,1458,2959,722,156.29,18.93
COAST,TAITA,VOI,SAGALLA,NDARA,1547,1526,3073,805,70.5,43.59
COAST,TAITA,VOI,SAGALLA,TALIO,1127,1140,2267,521,153.44,14.77
COAST,TAITA,VOI,SAGALLA,TERI,1210,1307,2517,708,44.61,56.42
COAST,TAITA,VOI,VOI,KALOLENI,10998,9420,20418,5119,77.93,262.01
COAST,TAITA,VOI,VOI,MWANGEA,8687,8667,17354,5003,20.31,854.6
COAST,TAITA,WUNDANYI,KISHUSHE,KISHUSHE,1973,1644,3617,971,379.8,9.52
COAST,TAITA,WUNDANYI,KISHUSHE,PARANGA,878,835,1713,467,100.13,17.11
COAST,TAITA,WUNDANYI,MBALE,CHOKE,567,601,1168,279,7.48,156.12
COAST,TAITA,WUNDANYI,MBALE,MBALE CENTRAL,731,764,1495,390,4.01,372.99
COAST,TAITA,WUNDANYI,MBALE,MLECHI,586,620,1206,301,10.04,120.15
COAST,TAITA,WUNDANYI,MBALE,MOGHO,667,693,1360,307,3.28,414.31
COAST,TAITA,WUNDANYI,MGANGE,LUSHANGONYI,1000,982,1982,438,3.48,569.87
COAST,TAITA,WUNDANYI,MGANGE,MGANGE NYIKA,1180,1309,2489,621,4.68,531.99
COAST,TAITA,WUNDANYI,MGANGE,MGANGE/ DAWIDA,1648,1813,3461,788,6.27,551.75
COAST,TAITA,WUNDANYI,MGANGE,MWAROKO,761,804,1565,381,40.01,39.11
COAST,TAITA,WUNDANYI,MWANDA,KISHAMBA,1050,984,2034,614,29.37,69.25
COAST,TAITA,WUNDANYI,MWANDA,NJAWULI,851,940,1791,481,21.03,85.17
COAST,TAITA,WUNDANYI,WERUGHA,MARUMAMGE,584,516,1100,254,2.07,530.27
COAST,TAITA,WUNDANYI,WERUGHA,MLONDO,748,737,1485,330,2.94,505.1
COAST,TAITA,WUNDANYI,WERUGHA,SHAGHASA,1280,1287,2567,603,16.51,155.5
COAST,TAITA,WUNDANYI,WERUGHA,WERUGHA,1782,1742,3524,808,5.69,619.4
COAST,TAITA,WUNDANYI,WUMINGU,MGAMBONYI,1008,1022,2030,460,7.93,255.93
COAST,TAITA,WUNDANYI,WUMINGU,MWARUNGU,872,907,1779,402,6.53,272.32
COAST,TAITA,WUNDANYI,WUMINGU,NYACHE,1459,1549,3008,713,18.68,161.03
COAST,TAITA,WUNDANYI,WUMINGU,WUMINGU,1101,1107,2208,480,12.06,183.14
COAST,TAITA,WUNDANYI,WUNDANYI,MTENI,2040,1877,3917,1115,2.54,1541.88
COAST,TAITA,WUNDANYI,WUNDANYI,SHIGHARO,1422,1343,2765,666,6.47,427.33
COAST,TAITA,WUNDANYI,WUNDANYI,SUNGULULU,1405,1517,2922,685,2.98,980.7
COAST,TAITA,WUNDANYI,WUNDANYI,WUNDANYI,2470,2365,4835,1109,7.28,664.08
COAST,TANA DELTA,GARSEN,ASSA,ASSA,209,273,482,97,2385.8,0.2
COAST,TANA DELTA,GARSEN,ASSA,KONE,509,541,1050,214,4325.99,0.24
COAST,TANA DELTA,GARSEN,ASSA,ONJIRA,22,29,51,16,2013.68,0.03
COAST,TANA DELTA,GARSEN,BILISA,CHIRA,1059,1187,2246,461,144.73,15.52
COAST,TANA DELTA,GARSEN,BILISA,GARSEN,3409,3478,6887,1438,289.71,23.77
COAST,TANA DELTA,GARSEN,GALILI,DANISA,836,984,1820,332,54.57,33.35
COAST,TANA DELTA,GARSEN,GALILI,DUMI,1337,1277,2614,494,35.21,74.23
COAST,TANA DELTA,GARSEN,GALILI,GALILI,2638,2549,5187,975,75.53,68.68
COAST,TANA DELTA,GARSEN,MWINA,BENDERANI,1191,1092,2283,396,72.22,31.61
COAST,TANA DELTA,GARSEN,MWINA,MIKAMENI,912,919,1831,349,89.64,20.43
COAST,TANA DELTA,GARSEN,MWINA,SERA,1089,1135,2224,455,540.46,4.12
COAST,TANA DELTA,GARSEN,NDERA,BAOMO,1207,1363,2570,505,716.91,3.58
COAST,TANA DELTA,GARSEN,NDERA,MNAZINI,1845,2007,3852,751,55.73,69.12
COAST,TANA DELTA,GARSEN,SALAMA,WEMA,2381,2360,4741,911,110.51,42.9
COAST,TANA DELTA,GARSEN,SHIRIKISHO,DALU,1219,1275,2494,442,196.23,12.71
COAST,TANA DELTA,GARSEN,SHIRIKISHO,IDSOWE,1480,1534,3014,619,70.91,42.5
COAST,TANA DELTA,KIPINI,KILELENGWANI,KAU,1887,1858,3745,746,65.7,57
COAST,TANA DELTA,KIPINI,KILELENGWANI,KILELENGWANI,1304,1315,2619,443,32.95,79.48
COAST,TANA DELTA,KIPINI,KIPINI,KIPINI,2113,2060,4173,801,28.1,148.49
COAST,TANA DELTA,KIPINI,KIPINI,MATANGENI,3665,3537,7202,1364,184.6,39.01
COAST,TANA DELTA,KIPINI,OZI,MPEKETONI,359,293,652,140,45.99,14.18
COAST,TANA DELTA,KIPINI,OZI,OZI,585,601,1186,249,16.99,69.8
COAST,TANA DELTA,TARASAA,CHARA,CHAMWANA MUMA,1707,1606,3313,578,68.11,48.64
COAST,TANA DELTA,TARASAA,CHARA,SEMI KARO,900,835,1735,314,48.32,35.91
COAST,TANA DELTA,TARASAA,KIPAO,KIPAO,2195,2065,4260,825,47.02,90.6
COAST,TANA DELTA,TARASAA,KIPAO,ONGONYO,537,434,971,172,22.81,42.58
COAST,TANA DELTA,TARASAA,KONE MANSA,KIKOMO,855,555,1410,277,87.46,16.12
COAST,TANA DELTA,TARASAA,KONE MANSA,ODOLE,1423,1061,2484,497,92.33,26.9
COAST,TANA DELTA,TARASAA,NGAO,GOLBANTI,405,405,810,166,6.43,125.97
COAST,TANA DELTA,TARASAA,NGAO,NGAO,1109,1059,2168,440,11.49,188.7
COAST,TANA DELTA,TARASAA,NGAO,TARASAA,1449,1385,2834,570,110.81,25.57
COAST,TANA DELTA,TARASAA,WACHU ODA,HANDARAKU,2096,2220,4316,812,129.44,33.34
COAST,TANA DELTA,TARASAA,WACHU ODA,KURAWA,2402,2339,4741,1017,175.87,26.96
COAST,TANA DELTA,TARASAA,WACHU ODA,ODA,2366,2333,4699,924,202.33,23.22
COAST,TANA DELTA,TSAVO EAST PARK,TSAVO EAST PARK,TSAVO EAST PARK,0,0,0,0,3059.46,0
COAST,TANA RIVER,BANGALE,BANGALE,BANGALE,3531,3635,7166,1365,3692.55,1.94
COAST,TANA RIVER,BANGALE,BUWA,BUWA,1668,1557,3225,586,268.07,12.03
COAST,TANA RIVER,BANGALE,BUWA,KORATI,1418,1385,2803,541,154.94,18.09
COAST,TANA RIVER,BANGALE,KAMAGURU,BOKA,1690,1567,3257,607,160.58,20.28
COAST,TANA RIVER,BANGALE,KAMAGURU,KAMAGURU,1039,870,1909,350,1312.87,1.45
COAST,TANA RIVER,BANGALE,KAMAGURU,ODOWANI,920,853,1773,289,102.81,17.24
COAST,TANA RIVER,BANGALE,MBALAMBALA,ASAKO,1210,1210,2420,452,230.22,10.51
COAST,TANA RIVER,BANGALE,MBALAMBALA,PAMBA,359,383,742,141,43.26,17.15
COAST,TANA RIVER,BURA,BURA,BISKIDERA,1848,1869,3717,775,113.66,32.7
COAST,TANA RIVER,BURA,BURA,METI,4098,4170,8268,1749,193.22,42.79
COAST,TANA RIVER,BURA,CHEWELE,CHEWELE,1202,1367,2569,444,141.98,18.09
COAST,TANA RIVER,BURA,CHEWELE,WADESA,1433,1578,3011,591,158.59,18.99
COAST,TANA RIVER,BURA,HIRIMANI,HALO,614,597,1211,249,277.08,4.37
COAST,TANA RIVER,BURA,HIRIMANI,HIRIMANI,828,670,1498,231,1837.49,0.82
COAST,TANA RIVER,BURA,HIRIMANI,WALESORHEA,354,335,689,137,651.96,1.06
COAST,TANA RIVER,BURA,NANIGHI,DUKANOTU,2232,2080,4312,861,1320.43,3.27
COAST,TANA RIVER,BURA,NANIGHI,NANIGHI,3201,3310,6511,1204,679.4,9.58
COAST,TANA RIVER,GALOLE,CHEWANI,CHEWANI,1324,1409,2733,517,58.08,47.06
COAST,TANA RIVER,GALOLE,CHEWANI,HOLA MISSION,1280,1432,2712,600,3.56,761.31
COAST,TANA RIVER,GALOLE,CHIFIRI,CHIFIRI,527,541,1068,207,1877.7,0.57
COAST,TANA RIVER,GALOLE,CHIFIRI,HAKOKA,454,501,955,200,1433.36,0.67
COAST,TANA RIVER,GALOLE,KALKACHA,DAYATE,491,622,1113,254,85.75,12.98
COAST,TANA RIVER,GALOLE,KALKACHA,HARORESA,565,614,1179,247,761.45,1.55
COAST,TANA RIVER,GALOLE,KALKACHA,KALKACHA,674,529,1203,257,134.99,8.91
COAST,TANA RIVER,GALOLE,KIARIKUNGU,KIARIKUNGU,355,352,707,143,9.31,75.96
COAST,TANA RIVER,GALOLE,KIARIKUNGU,MATANYA,224,232,456,95,36.22,12.59
COAST,TANA RIVER,GALOLE,MAKERE,BUBU,663,725,1388,270,51.37,27.02
COAST,TANA RIVER,GALOLE,MAKERE,GHOREI,659,740,1399,267,50.52,27.69
COAST,TANA RIVER,GALOLE,MASABUBU,MASABUBU,553,671,1224,234,55.45,22.07
COAST,TANA RIVER,GALOLE,MASABUBU,RHOKA,566,656,1222,231,86.73,14.09
COAST,TANA RIVER,GALOLE,MIKINDUNI,LENDA,1066,1117,2183,399,58.64,37.23
COAST,TANA RIVER,GALOLE,MIKINDUNI,MIKINDUNI,1333,1421,2754,527,35.41,77.77
COAST,TANA RIVER,GALOLE,MILALULU,BOHONI,705,755,1460,282,49.43,29.54
COAST,TANA RIVER,GALOLE,MILALULU,LAINI,929,990,1919,390,61.79,31.06
COAST,TANA RIVER,GALOLE,WALDENA,TITILA,864,930,1794,377,1224.71,1.46
COAST,TANA RIVER,GALOLE,WALDENA,WALDENA,2130,2187,4317,897,975.27,4.43
COAST,TANA RIVER,GALOLE,WAYU,WAYU,1997,2217,4214,783,2009.84,2.1
COAST,TANA RIVER,GALOLE,ZUBAKI,HOLA,1092,934,2026,460,11.25,180.14
COAST,TANA RIVER,GALOLE,ZUBAKI,KIBUYU,3344,3611,6955,1554,17.73,392.35
COAST,TANA RIVER,MADOGO,MADOGO,MADOGO,5330,5400,10730,2201,404.84,26.5
COAST,TANA RIVER,MADOGO,MADOGO,MARAMTU,827,867,1694,351,194.41,8.71
COAST,TANA RIVER,MADOGO,MORORO,MORORO,2822,2272,5094,1351,11.63,438.13
COAST,TANA RIVER,MADOGO,MORORO,ZIWANI,265,256,521,93,12.96,40.19
COAST,TANA RIVER,MADOGO,SAKA,KONORAMADHA,1300,1200,2500,499,409.57,6.1
COAST,TANA RIVER,MADOGO,SAKA,MULANJO,1972,1892,3864,812,369.38,10.46
COAST,TANA RIVER,MADOGO,SALA,SALA,789,832,1621,316,217.32,7.46
COAST,TANA RIVER,MADOGO,SALA,SOMBO,736,704,1440,292,232.31,6.2
COAST,TANA RIVER,WENJE,GWANO,HARA,638,674,1312,263,99.94,13.13
COAST,TANA RIVER,WENJE,GWANO,MARONI,439,476,915,157,28.17,32.48
COAST,TANA RIVER,WENJE,GWANO,WENJE,787,862,1649,312,73.32,22.49
COAST,TANA RIVER,WENJE,JAMUHURI,BUBUBU,1342,1322,2664,509,50.52,52.73
COAST,TANA RIVER,WENJE,KINAKOMBA,MAJENGO,1217,1284,2501,443,47.01,53.2
COAST,TANA RIVER,WENJE,KINAKOMBA,MASALANI,588,623,1211,207,82.17,14.74
COAST,TANA RIVER,WENJE,MAZUNI,GAFURU,466,577,1043,222,49.85,20.92
COAST,TANA RIVER,WENJE,MAZUNI,MAZUNI,246,267,513,95,17.65,29.07
COAST,TANA RIVER,WENJE,MAZUNI,MKOMANI,311,338,649,109,13.96,46.49
COAST,TANA RIVER,WENJE,NDURA,BONDENI,954,1050,2004,359,15.59,128.55
COAST,TANA RIVER,WENJE,NDURA,HANDAMPIA,684,740,1424,270,64.63,22.03
COAST,TAVETA,BOMENI,BOMANI,MAHOO,1578,1618,3196,813,7.28,438.75
COAST,TAVETA,BOMENI,BOMANI,MALUKILORITI,753,785,1538,358,12.3,125.03
COAST,TAVETA,BOMENI,BOMENI,MBOGHONI,4241,4141,8382,2384,14.25,588.36
COAST,TAVETA,BOMENI,BOMENI,NJORO,1254,1146,2400,609,6.62,362.79
COAST,TAVETA,BOMENI,KIMORIGO,ELDORO,2212,2111,4323,967,26.46,163.36
COAST,TAVETA,BOMENI,KIMORIGO,KIMORIGO,1055,884,1939,418,37.41,51.83
COAST,TAVETA,BOMENI,KITOBO,KITOBO,1994,1807,3801,839,33.81,112.42
COAST,TAVETA,BOMENI,KITOBO,MRABANI,1234,969,2203,510,57.27,38.46
COAST,TAVETA,BOMENI,NGARASHI,LESESIA,591,564,1155,217,9.31,124.01
COAST,TAVETA,BOMENI,NGARASHI,MJINI,4613,4369,8982,2544,2.89,3108.5
COAST,TAVETA,CHALLA,CHALLA,CHALLA,2661,2345,5006,1243,106.9,46.83
COAST,TAVETA,CHALLA,CHALLA,MAHANDAKINI,1550,1416,2966,567,28.35,104.64
COAST,TAVETA,CHALLA,CHALLA,NAKRUTO,628,633,1261,263,14.51,86.89
COAST,TAVETA,CHALLA,NJUKINI,CHUMVINI,1483,1397,2880,543,11.92,241.66
COAST,TAVETA,CHALLA,NJUKINI,LUMI,1260,1183,2443,510,26.25,93.06
COAST,TAVETA,CHALLA,NJUKINI,NJUKINI,2477,2293,4770,989,33.94,140.52
COAST,TAVETA,JIPE,JIPE,KIMALA,1855,1753,3608,911,12.61,286.16
COAST,TAVETA,JIPE,JIPE,MATA,2413,2136,4549,1088,166.81,27.27
COAST,TAVETA,JIPE,TIMBILA,MSENGONI,555,594,1149,288,8.04,142.83
COAST,TAVETA,JIPE,TIMBILA,NDILINDAU,498,456,954,213,9.19,103.78
COAST,TAVETA,NATIONAL PARK,NATIONAL PARK,TSAVO WEST,114,46,160,84,2875.74,0.06
EASTERN,CHALBI,DUKANA,BALESA RIRIBA,BALESA,1922,1874,3796,760,1299.68,2.92
EASTERN,CHALBI,DUKANA,BALESA RIRIBA,EL-HADI,1549,936,2485,429,956.11,2.6
EASTERN,CHALBI,DUKANA,BALESA SARU,SABAREI,2953,1397,4350,1098,2756.62,1.58
EASTERN,CHALBI,DUKANA,DUKANA,DUKANA,4152,3845,7997,1594,1785.62,4.48
EASTERN,CHALBI,MAIKONA,HURRI HILLS,ELLE- BORR,54,7,61,7,436.5,0.14
EASTERN,CHALBI,MAIKONA,HURRI HILLS,FOROLLE,849,677,1526,291,440.43,3.46
EASTERN,CHALBI,MAIKONA,HURRI HILLS,HURRI HILLS,1229,1192,2421,534,1342.69,1.8
EASTERN,CHALBI,MAIKONA,KALACHA,EL-GADE,1021,951,1972,433,1789.12,1.1
EASTERN,CHALBI,MAIKONA,KALACHA,KALACHA,3160,2832,5992,1318,818.68,7.32
EASTERN,CHALBI,MAIKONA,MAIKONA,MAIKONA,3368,2956,6324,1208,4743.96,1.33
EASTERN,CHALBI,MAIKONA,MAIKONA,MEDATE KURO,476,453,929,199,293.4,3.17
EASTERN,CHALBI,NORTH HORR,GALAS,CHARI GOLLO,1096,484,1580,318,1168.69,1.35
EASTERN,CHALBI,NORTH HORR,GALAS,GALAS,2043,1437,3480,531,1186.24,2.93
EASTERN,CHALBI,NORTH HORR,ILLERET,ILLERET,5255,4535,9790,1527,4041.52,2.42
EASTERN,CHALBI,NORTH HORR,NORTH HORR,DARATE,1476,519,1995,514,2617.93,0.76
EASTERN,CHALBI,NORTH HORR,NORTH HORR,MALABOT,942,815,1757,391,531.98,3.3
EASTERN,CHALBI,NORTH HORR,NORTH HORR,NORTH HORR,4179,4226,8405,1883,2218.03,3.79
EASTERN,CHALBI,TURBI,BUBISA,BUBISA,2536,2275,4811,1285,3651.56,1.32
EASTERN,CHALBI,TURBI,SHURA,SHURA,696,508,1204,308,4144.43,0.29
EASTERN,CHALBI,TURBI,TURBI,BURGABO,1256,1031,2287,477,2568.4,0.89
EASTERN,CHALBI,TURBI,TURBI,TURBI,1106,928,2034,481,456.45,4.46
EASTERN,EMBU,CENTRAL,MBETI NORTH,GATITURI,3005,2870,5875,1604,11.46,512.8
EASTERN,EMBU,CENTRAL,MBETI NORTH,ITABUA,4121,4107,8228,2086,28.53,288.43
EASTERN,EMBU,CENTRAL,MBETI NORTH,KIANGIMA,2096,2249,4345,1118,6.12,709.8
EASTERN,EMBU,CENTRAL,MUNICIPALITY,DALLAS/STADIUM,9168,9599,18767,6901,3.42,5480.54
EASTERN,EMBU,CENTRAL,MUNICIPALITY,KAMIU,7524,7496,15020,4810,6.52,2305.45
EASTERN,EMBU,CENTRAL,MUNICIPALITY,NJUKIRI,2196,2419,4615,1373,8.87,520.52
EASTERN,EMBU,CENTRAL,MUNICIPALITY,NTHAMBO,1925,2365,4290,901,4.63,925.75
EASTERN,EMBU,KYENI,KYENI CENTRAL,KATHANJURI,2203,2261,4464,1175,6.22,717.78
EASTERN,EMBU,KYENI,KYENI CENTRAL,NYAGARI,1252,1237,2489,724,5.2,478.72
EASTERN,EMBU,KYENI,KYENI EAST,KIGUMO,2722,2846,5568,1455,9.17,607.1
EASTERN,EMBU,KYENI,KYENI EAST,MUKURIA,1202,1166,2368,600,8.04,294.54
EASTERN,EMBU,KYENI,KYENI N. WEST,MUFU,2263,2773,5036,1246,7.14,705.19
EASTERN,EMBU,KYENI,KYENI N. WEST,NJERURI,1465,1457,2922,732,4.27,684.68
EASTERN,EMBU,KYENI,KYENI N. WEST,RUKURIRI,1638,1799,3437,918,3.31,1037.84
EASTERN,EMBU,KYENI,KYENI N.EAST,IRIARI,1677,1713,3390,911,5.05,670.76
EASTERN,EMBU,KYENI,KYENI N.EAST,KATHARI,1763,1856,3619,1039,4.92,735.72
EASTERN,EMBU,KYENI,KYENI N.EAST,KIANGUNGI,1574,1568,3142,824,4.48,700.7
EASTERN,EMBU,KYENI,KYENI SOUTH,KARIRU,2409,2209,4618,1163,15.03,307.34
EASTERN,EMBU,KYENI,KYENI SOUTH,KASAFARI,674,682,1356,320,8.97,151.2
EASTERN,EMBU,KYENI,KYENI SOUTH,KATHUNGURI,1059,1036,2095,537,5.18,404.44
EASTERN,EMBU,KYENI,KYENI SOUTH,KIRURUMO,2209,2271,4480,1200,13.43,333.49
EASTERN,EMBU,MANYATTA,GATURI NORTH,ITONGURI,1987,2172,4159,1191,5.14,809.36
EASTERN,EMBU,MANYATTA,GATURI NORTH,KAVUTIRI,2040,2199,4239,1086,6.69,633.46
EASTERN,EMBU,MANYATTA,GATURI NORTH,KIANJUKI,2216,2278,4494,1165,6.66,675.04
EASTERN,EMBU,MANYATTA,KATHANGARIRI,NGUVIU,2883,2979,5862,1552,10.26,571.5
EASTERN,EMBU,MANYATTA,KATHANGARIRI,RUGUMA,1680,1659,3339,824,4.64,719.22
EASTERN,EMBU,MANYATTA,KIBUGU,GICHERORI,2244,2180,4424,1197,5.74,770.3
EASTERN,EMBU,MANYATTA,KIBUGU,KIBUGU,1440,1415,2855,740,4.81,593.78
EASTERN,EMBU,MANYATTA,KIBUGU,NGERWE,1376,1432,2808,714,5.34,525.5
EASTERN,EMBU,MANYATTA,MBUVORE,MBUVORE,4540,4683,9223,2149,12.98,710.61
EASTERN,EMBU,MANYATTA,NGANDORI EAST,KAMVIU,1058,1085,2143,581,3.25,659.36
EASTERN,EMBU,MANYATTA,NGANDORI EAST,KARIARI,1032,1075,2107,603,2.25,934.91
EASTERN,EMBU,MANYATTA,NGANDORI EAST,KIRIGI,1639,1671,3310,926,4.38,755.74
EASTERN,EMBU,MANYATTA,NGANDORI EAST,MANYATTA,1375,1658,3033,743,3.31,915.46
EASTERN,EMBU,MANYATTA,NGANDORI EAST,RIANJAGI,1166,1241,2407,647,3.1,775.38
EASTERN,EMBU,MANYATTA,NGANDORI WEST,KAIRURI,1469,1550,3019,789,5,603.25
EASTERN,EMBU,MANYATTA,NGANDORI WEST,KATHANGARI,984,903,1887,511,3.23,584.03
EASTERN,EMBU,MANYATTA,NGANDORI WEST,KITHUNGURURU,1326,1300,2626,658,3.48,755.23
EASTERN,EMBU,MANYATTA,NGANDORI WEST,MUKANGU,1239,1268,2507,651,4.56,549.4
EASTERN,EMBU,MANYATTA,RUGURU,KIAMWINJA,527,528,1055,264,1.67,631.02
EASTERN,EMBU,MANYATTA,RUGURU,KIRIARI,1623,1791,3414,912,5.76,592.19
EASTERN,EMBU,MANYATTA,RUGURU,KITHUNGURIRI,1390,1512,2902,739,5.9,491.63
EASTERN,EMBU,MANYATTA,RUGURU,MUKURIA,999,1029,2028,489,3.48,582.22
EASTERN,EMBU,MT. KENYA FOREST,MT. KENYA FOREST,MT. KENYA FOREST,0,0,0,0,202.81,0
EASTERN,EMBU,NEMBURE,GATURI SOUTH,ENA EAST,1621,1680,3301,801,5.65,583.91
EASTERN,EMBU,NEMBURE,GATURI SOUTH,GATUNDURI,2865,2799,5664,1476,9.04,626.75
EASTERN,EMBU,NEMBURE,GATURI SOUTH,NEMBURE,2233,2346,4579,1189,7.42,617.49
EASTERN,EMBU,NEMBURE,KITHIMU,ENA WEST,954,1050,2004,507,3.59,558.89
EASTERN,EMBU,NEMBURE,KITHIMU,KITHEGI,3292,3358,6650,1648,22.45,296.18
EASTERN,EMBU,NEMBURE,KITHIMU,KITHIMU,5083,5262,10345,2614,20.56,503.15
EASTERN,EMBU,NEMBURE,MAKENGI,KEVOTE,2932,3072,6004,1568,11.06,542.82
EASTERN,EMBU,NEMBURE,MAKENGI,MAKENGI,2748,2754,5502,1400,7.89,697.42
EASTERN,EMBU,RUNYENJES,KAGAARI EAST,GICHERA,2739,2824,5563,1478,14.15,393.08
EASTERN,EMBU,RUNYENJES,KAGAARI EAST,KIRINGA,1800,1717,3517,852,24.62,142.87
EASTERN,EMBU,RUNYENJES,KAGAARI N. WEST,KAMUGERE,534,574,1108,283,2.84,390.06
EASTERN,EMBU,RUNYENJES,KAGAARI N. WEST,KIANJOKOMA,2126,2177,4303,1164,6.99,615.36
EASTERN,EMBU,RUNYENJES,KAGAARI N. WEST,MBUINJERU,1915,2111,4026,1039,6.69,602.23
EASTERN,EMBU,RUNYENJES,KAGAARI N. WEST,MUGUI,2121,2174,4295,1145,7.19,597.07
EASTERN,EMBU,RUNYENJES,KAGAARI N.EAST,KANJA NORTH,1661,1812,3473,935,5.3,655.23
EASTERN,EMBU,RUNYENJES,KAGAARI N.EAST,KANJA SOUTH,1562,1655,3217,882,5.77,557.67
EASTERN,EMBU,RUNYENJES,KAGAARI N.EAST,MUKUURI,897,1011,1908,502,3.38,564.6
EASTERN,EMBU,RUNYENJES,KAGAARI N.EAST,NDUURI,1310,1312,2622,649,5.62,466.36
EASTERN,EMBU,RUNYENJES,KAGAARI S.WEST,KAWANJARA,1922,1915,3837,981,7.32,524.01
EASTERN,EMBU,RUNYENJES,KAGAARI S.WEST,MARANGA,907,778,1685,428,11.72,143.75
EASTERN,EMBU,RUNYENJES,KAGAARI S.WEST,NTHAGAYIA,2855,2969,5824,1431,20.49,284.21
EASTERN,EMBU,RUNYENJES,RUNYENJES EAST,GICHICHE,2700,2978,5678,1569,8.6,660.22
EASTERN,EMBU,RUNYENJES,RUNYENJES EAST,KIGAA,3266,3283,6549,1773,9.48,690.82
EASTERN,EMBU,RUNYENJES,RUNYENJES WEST,GIKUURI,2639,2739,5378,1387,5.49,979.46
EASTERN,EMBU,RUNYENJES,RUNYENJES WEST,GITARE,1623,1589,3212,870,4.3,746.21
EASTERN,EMBU,RUNYENJES,RUNYENJES WEST,MBIRURI,1360,1423,2783,799,3.48,800.56
EASTERN,GARBATULLA,GARBATULLA,GARBATULLA,GARBATULLA NORTH,1962,1771,3733,806,604,6.18
EASTERN,GARBATULLA,GARBATULLA,GARBATULLA,GARBATULLA SOUTH,2845,2221,5066,1082,2283.96,2.22
EASTERN,GARBATULLA,GARBATULLA,GARFASA,GARFASA,1438,1509,2947,651,206.25,14.29
EASTERN,GARBATULLA,GARBATULLA,GARFASA,MUCHURO,708,732,1440,314,280.26,5.14
EASTERN,GARBATULLA,GARBATULLA,MALKADAKA,MALKADAKA,1718,1497,3215,645,446.91,7.19
EASTERN,GARBATULLA,KINNA,KINNA,BIBI-DUSE,700,518,1218,275,267.6,4.55
EASTERN,GARBATULLA,KINNA,KINNA,KINNA,3099,3072,6171,1203,320.8,19.24
EASTERN,GARBATULLA,KINNA,KULA MAWE,KULA MAWE,1588,1505,3093,633,501.47,6.17
EASTERN,GARBATULLA,KINNA,KULA MAWE,MODOYAKA,645,444,1089,240,494.39,2.2
EASTERN,GARBATULLA,KINNA,RAPSU,KORBESA,1316,453,1769,330,512.56,3.45
EASTERN,GARBATULLA,KINNA,RAPSU,RAPSU,776,502,1278,236,84.29,15.16
EASTERN,GARBATULLA,SERICHO,ELDERA,ELDERA,377,276,653,135,452.75,1.44
EASTERN,GARBATULLA,SERICHO,ELDERA,QURI,463,256,719,134,410.47,1.75
EASTERN,GARBATULLA,SERICHO,IRESA BORU,BADANA GARADIDA,621,400,1021,255,389.61,2.62
EASTERN,GARBATULLA,SERICHO,IRESA BORU,IRESA BORU,1014,957,1971,421,643.54,3.06
EASTERN,GARBATULLA,SERICHO,MODOGASHE,MODOGASHE NORTH,299,271,570,132,455.77,1.25
EASTERN,GARBATULLA,SERICHO,MODOGASHE,MODOGASHE SOUTH,1170,1212,2382,472,868.03,2.74
EASTERN,GARBATULLA,SERICHO,SERICHO,GUBATU,673,497,1170,224,262.25,4.46
EASTERN,GARBATULLA,SERICHO,SERICHO,SERICHO,1902,1711,3613,675,333.99,10.82
EASTERN,IGEMBE,IGEMBE CENTRAL,ANTUBOCHIU,ANCHENGE,1509,1552,3061,667,1.6,1918.76
EASTERN,IGEMBE,IGEMBE CENTRAL,ANTUBOCHIU,BURIEMARIA,1943,1965,3908,902,3.16,1235.5
EASTERN,IGEMBE,IGEMBE CENTRAL,KANTHIARI,ITUMI,2664,2807,5471,1167,4.77,1146.94
EASTERN,IGEMBE,IGEMBE CENTRAL,KANTHIARI,KINYANKA,2378,2450,4828,1022,8.99,536.84
EASTERN,IGEMBE,IGEMBE CENTRAL,KIEGOI,MBOONE,1561,1624,3185,642,4.25,748.94
EASTERN,IGEMBE,IGEMBE CENTRAL,KIEGOI,NGUNDUNE,1847,1944,3791,783,10.26,369.48
EASTERN,IGEMBE,IGEMBE CENTRAL,KITHETU,ANKURANI,689,670,1359,257,1.07,1265.36
EASTERN,IGEMBE,IGEMBE CENTRAL,KITHETU,KATHIMA,766,761,1527,334,2.38,642.16
EASTERN,IGEMBE,IGEMBE CENTRAL,KITHETU,KITHAENE,1233,1277,2510,550,1.41,1785.59
EASTERN,IGEMBE,IGEMBE CENTRAL,LULUMA,GITERETU,1270,1266,2536,556,1.64,1549.93
EASTERN,IGEMBE,IGEMBE CENTRAL,LULUMA,MAKIRI,2610,2895,5505,1696,2.06,2670.26
EASTERN,IGEMBE,IGEMBE CENTRAL,MAUA,AMWATHI,1979,2085,4064,1008,2.79,1456.32
EASTERN,IGEMBE,IGEMBE CENTRAL,MAUA,GITURA,814,876,1690,337,1.6,1057.9
EASTERN,IGEMBE,IGEMBE CENTRAL,MAUA,KAIBU,5474,5993,11467,3362,2.08,5518.82
EASTERN,IGEMBE,IGEMBE EAST,KIENGU,A / NJUONE,2434,2339,4773,1040,3.43,1391.34
EASTERN,IGEMBE,IGEMBE EAST,KIENGU,AMAKU,3011,2967,5978,1283,4.28,1398.23
EASTERN,IGEMBE,IGEMBE EAST,KIENGU,KALINGENE,2600,2637,5237,1225,9.6,545.69
EASTERN,IGEMBE,IGEMBE EAST,MIORI,ANDIALA,1651,1679,3330,698,2.57,1294.06
EASTERN,IGEMBE,IGEMBE EAST,MIORI,KAURINE,2225,2348,4573,993,11.18,408.94
EASTERN,IGEMBE,IGEMBE EAST,MIORI,NTHARE,1341,1265,2606,509,3.36,774.88
EASTERN,IGEMBE,IGEMBE EAST,NGUYUYU,KANJOO,3425,3096,6521,1629,20.28,321.49
EASTERN,IGEMBE,IGEMBE EAST,NGUYUYU,KITHEO,2746,2463,5209,1214,2.81,1854.46
EASTERN,IGEMBE,IGEMBE EAST,NGUYUYU,NTHAMBIRO,3266,2996,6262,1465,13.62,459.65
EASTERN,IGEMBE,IGEMBE NORTH,ANTUBEIGA,BURIERURI,4410,4530,8940,1815,4.23,2113.58
EASTERN,IGEMBE,IGEMBE NORTH,ANTUBEIGA,RUNGU,1882,1914,3796,808,1.77,2143.42
EASTERN,IGEMBE,IGEMBE NORTH,KANGETA,KALIMBENE,1702,1727,3429,705,6.85,500.34
EASTERN,IGEMBE,IGEMBE NORTH,KANGETA,KANGETA,4574,4060,8634,1615,8.35,1033.49
EASTERN,IGEMBE,IGEMBE NORTH,MERU NORTH NATIONAL PARK,MERU NORTH NATIONAL PARK,290,154,444,185,880.25,0.5
EASTERN,IGEMBE,IGEMBE NORTH,MUKULULU,LIBURU,2722,2888,5610,1096,4.93,1137.58
EASTERN,IGEMBE,IGEMBE NORTH,MUKULULU,NTURUBA,2511,2690,5201,1071,4.96,1047.76
EASTERN,IGEMBE,IGEMBE NORTH,MURINGENE,KITHARE,2856,2837,5693,1128,5.12,1111.5
EASTERN,IGEMBE,IGEMBE NORTH,MURINGENE,THUURU,2833,2942,5775,1037,4.55,1268.14
EASTERN,IGEMBE,IGEMBE NORTH,NJIA,ITUULU,3292,3601,6893,1268,5.71,1206.48
EASTERN,IGEMBE,IGEMBE NORTH,NJIA,K.K.MUUTI,1646,1769,3415,646,58.81,58.07
EASTERN,IGEMBE,IGEMBE NORTH,NJIA,NJIA CIA MWENDWA,3943,4304,8247,1540,92.39,89.27
EASTERN,IGEMBE,IGEMBE NORTH,NKINYANGA,LAIKUMUKUMU,861,877,1738,341,67.39,25.79
EASTERN,IGEMBE,IGEMBE NORTH,NKINYANGA,LILIABA,2876,3155,6031,1148,25.67,234.94
EASTERN,IGEMBE,IGEMBE S.EAST,ATHIRU GAITI,ANJARU,2204,2239,4443,948,4.38,1014.45
EASTERN,IGEMBE,IGEMBE S.EAST,ATHIRU GAITI,ANTUBAKIRU,2988,2991,5979,1282,7.02,851.28
EASTERN,IGEMBE,IGEMBE S.EAST,KINDANI,LAKATHI,1314,1166,2480,547,16.13,153.71
EASTERN,IGEMBE,IGEMBE S.EAST,KINDANI,THAICU,2380,2216,4596,1072,19.53,235.35
EASTERN,IGEMBE,IGEMBE S.EAST,KIRIMAMPIO,BWETHAA,2565,2547,5112,1111,10.35,494.07
EASTERN,IGEMBE,IGEMBE S.EAST,KIRIMAMPIO,THUURIA,2040,2081,4121,819,5.26,783.03
EASTERN,IGEMBE,IGEMBE S.WEST,AKACHIU,AMWAMBA,1714,1820,3534,758,6.56,538.82
EASTERN,IGEMBE,IGEMBE S.WEST,AKACHIU,AUKI,2101,2035,4136,909,16.81,245.98
EASTERN,IGEMBE,IGEMBE S.WEST,ATHI,KIRINDINE,2649,2762,5411,1199,5.72,945.75
EASTERN,IGEMBE,IGEMBE S.WEST,ATHI,NCEME,1422,1433,2855,634,11.42,250.11
EASTERN,IGEMBE,IGEMBE S.WEST,GUKA,MAREGA,864,889,1753,383,14.88,117.82
EASTERN,IGEMBE,IGEMBE S.WEST,GUKA,UGOTI,1166,1171,2337,491,12.93,180.8
EASTERN,IGEMBE,IGEMBE S.WEST,NDUGUTO,AMUNJU,1010,1008,2018,416,2.33,865.39
EASTERN,IGEMBE,IGEMBE S.WEST,NDUGUTO,TIIRA,2325,2299,4624,966,6.14,752.9
EASTERN,IGEMBE,IGEMBE SOUTH,KABULINE,AMUNGENTI,1977,2011,3988,829,8.38,475.98
EASTERN,IGEMBE,IGEMBE SOUTH,KABULINE,ANTUANTHAMA,1506,1434,2940,652,2.07,1418.37
EASTERN,IGEMBE,IGEMBE SOUTH,KABULINE,IKUU,930,952,1882,403,2.65,708.9
EASTERN,IGEMBE,IGEMBE SOUTH,KANUNI,ATHIMBA,2098,2046,4144,754,3.73,1110.13
EASTERN,IGEMBE,IGEMBE SOUTH,KANUNI,KIUNYENE,1865,1961,3826,838,3.07,1245.93
EASTERN,IGEMBE,IGEMBE SOUTH,KIGURU,ANTUAMBUI,1102,1192,2294,476,1.96,1171.72
EASTERN,IGEMBE,IGEMBE SOUTH,KIGURU,KIANDA,2611,2094,4705,1101,46.77,100.61
EASTERN,IGEMBE,IGEMBE SOUTH,KIGURU,NKIENE,1250,1220,2470,467,6.89,358.38
EASTERN,IGEMBE,LAARE,AKIRANGONDU,KATHELWA,5394,5661,11055,2029,42.93,257.53
EASTERN,IGEMBE,LAARE,AKIRANGONDU,MACHUNGULU,9990,10381,20371,3636,15.97,1275.21
EASTERN,IGEMBE,LAARE,ANTUAMBUI,ANTUAMBUI,7869,8249,16118,3015,190.69,84.52
EASTERN,IGEMBE,LAARE,ANTUAMBUI,NKANDA,6555,6558,13113,2381,11.28,1162.12
EASTERN,IGEMBE,LAARE,NTUNENE,KIRINDARA,5629,5702,11331,2708,7.27,1559.13
EASTERN,IGEMBE,LAARE,NTUNENE,NTUNENE,3962,4267,8229,1449,137.87,59.69
EASTERN,IGEMBE,MUTUATI,KABACHI,AMWATHI I,12270,12784,25054,4930,114.26,219.28
EASTERN,IGEMBE,MUTUATI,KABACHI,AMWATHI II,9271,9939,19210,3665,312.15,61.54
EASTERN,IGEMBE,MUTUATI,NAATHU,NAATHU,6418,6764,13182,2501,173,76.2
EASTERN,IGEMBE,MUTUATI,NAATHU,NKANDONE,7963,8410,16373,2888,71.61,228.66
EASTERN,IGEMBE,NDOLELI,ANTUBETWE,KARICHU,1598,1653,3251,560,2.75,1182.91
EASTERN,IGEMBE,NDOLELI,ANTUBETWE,KIANI,2214,2399,4613,894,5.07,909.36
EASTERN,IGEMBE,NDOLELI,ANTUBETWE,NDOLELI,1338,1125,2463,591,120.65,20.42
EASTERN,IGEMBE,NDOLELI,ANTUBETWE,RUONGO,2523,2473,4996,897,2.44,2047.54
EASTERN,IGEMBE,NDOLELI,ATHIRU RUUNJINE,THITHA,9546,9732,19278,3768,12.5,1542.33
EASTERN,IGEMBE,NDOLELI,KAWIRU,BAIBARIU,5210,5065,10275,2558,53.39,192.44
EASTERN,IGEMBE,NDOLELI,KAWIRU,KAENE,7027,7051,14078,2929,24.47,575.34
EASTERN,IGEMBE,NDOLELI,LUGUTI,ANJALU,2289,2383,4672,876,3.36,1389.36
EASTERN,IGEMBE,NDOLELI,LUGUTI,KIROMWATHI,3177,3301,6478,1177,6.19,1045.75
EASTERN,IGEMBE,NDOLELI,LUGUTI,MIRIKI,2800,2931,5731,1041,5.99,957.13
EASTERN,IMENTI NORTH,BUURI,KIIRUA,KIIRUA,1952,2246,4198,1287,13.54,309.98
EASTERN,IMENTI NORTH,BUURI,KIIRUA,KITHIMA,1960,1701,3661,1127,33.6,108.94
EASTERN,IMENTI NORTH,BUURI,KIIRUA,NKANDO,1680,1656,3336,903,29.26,114.02
EASTERN,IMENTI NORTH,BUURI,NAARI,GITIMENE,1608,1664,3272,875,6.96,469.97
EASTERN,IMENTI NORTH,BUURI,NAARI,MAITEI,2806,2830,5636,1480,18.36,307.05
EASTERN,IMENTI NORTH,BUURI,NAARI,MICHOGOMONE,1934,1951,3885,1037,10.06,386.18
EASTERN,IMENTI NORTH,BUURI,NAARI,RUNKURU,1633,1678,3311,832,6.77,489.37
EASTERN,IMENTI NORTH,BUURI,RUIRI,KAMUTUNE,1466,1610,3076,808,6.74,456.38
EASTERN,IMENTI NORTH,BUURI,RUIRI,MUTUMA,2063,2146,4209,1087,20.61,204.18
EASTERN,IMENTI NORTH,BUURI,RUIRI,NCOROIBORO,2221,2248,4469,1162,15.28,292.44
EASTERN,IMENTI NORTH,BUURI,RWARERA,KIRWIRO,489,460,949,264,20.28,46.79
EASTERN,IMENTI NORTH,BUURI,RWARERA,KITHWENE,2216,2289,4505,1231,36.7,122.75
EASTERN,IMENTI NORTH,BUURI,RWARERA,MUGAE,685,532,1217,351,31.91,38.13
EASTERN,IMENTI NORTH,MIRIGA MIERU E.,CHUGU,CHUNGARI,2159,2105,4264,1012,5.01,851.25
EASTERN,IMENTI NORTH,MIRIGA MIERU E.,CHUGU,KITHOKA,3759,3506,7265,1749,13.1,554.72
EASTERN,IMENTI NORTH,MIRIGA MIERU E.,CHUGU,RUNOGONE,1974,1948,3922,1023,4.42,887.47
EASTERN,IMENTI NORTH,MIRIGA MIERU E.,GIAKI,KAMBEREU,1346,1339,2685,666,9.95,269.83
EASTERN,IMENTI NORTH,MIRIGA MIERU E.,GIAKI,KANJAGI,816,822,1638,376,11.42,143.41
EASTERN,IMENTI NORTH,MIRIGA MIERU E.,GIAKI,KIRIMAITUNE,1490,1349,2839,734,13.5,210.33
EASTERN,IMENTI NORTH,MIRIGA MIERU E.,GIAKI,MBEU,814,768,1582,409,10.86,145.67
EASTERN,IMENTI NORTH,MIRIGA MIERU E.,KIBURINE,CIOTHIRAI,1115,1121,2236,554,10.42,214.59
EASTERN,IMENTI NORTH,MIRIGA MIERU E.,KIBURINE,GACHUA,1568,1542,3110,778,11.53,269.79
EASTERN,IMENTI NORTH,MIRIGA MIERU E.,KIBURINE,MBIRIKENE,1249,1208,2457,601,17.2,142.87
EASTERN,IMENTI NORTH,MIRIGA MIERU E.,MULATHANKARI,KAAGA,2307,2326,4633,1339,4.2,1104.36
EASTERN,IMENTI NORTH,MIRIGA MIERU E.,MULATHANKARI,MUKUA,1405,1334,2739,656,2.91,940.85
EASTERN,IMENTI NORTH,MIRIGA MIERU E.,MULATHANKARI,NJOKA,1147,1116,2263,551,2.57,881.71
EASTERN,IMENTI NORTH,MIRIGA MIERU E.,MUNITHU,GANKERE,1653,1630,3283,741,6.62,496.08
EASTERN,IMENTI NORTH,MIRIGA MIERU E.,MUNITHU,KAMBITI,1851,1920,3771,873,5.09,740.7
EASTERN,IMENTI NORTH,MIRIGA MIERU E.,MUNITHU,KIRIMENE,1742,1693,3435,826,3.86,889.32
EASTERN,IMENTI NORTH,MIRIGA MIERU E.,NKABUNE,KANYUANGO,663,685,1348,301,2.47,544.98
EASTERN,IMENTI NORTH,MIRIGA MIERU E.,NKABUNE,KATHITA,1054,1151,2205,526,2.82,781.53
EASTERN,IMENTI NORTH,MIRIGA MIERU E.,THUURA,KIAMWITARI,3239,3158,6397,1645,16.7,382.94
EASTERN,IMENTI NORTH,MIRIGA MIERU E.,THUURA,RWANYANGE,2306,2157,4463,1115,16.5,270.42
EASTERN,IMENTI NORTH,MIRIGA MIERU W.,IGOKI,GACHANKA,2712,2850,5562,2046,1.81,3079.56
EASTERN,IMENTI NORTH,MIRIGA MIERU W.,IGOKI,LOWER IGOKI,743,802,1545,418,1.73,890.95
EASTERN,IMENTI NORTH,MIRIGA MIERU W.,IGOKI,MURINGOMBUGI,1138,1280,2418,553,2.32,1040.27
EASTERN,IMENTI NORTH,MIRIGA MIERU W.,MUNICIPALITY,GAKOROMONE,5657,5801,11458,3654,3.89,2944.06
EASTERN,IMENTI NORTH,MIRIGA MIERU W.,MUNICIPALITY,KAAGA,5690,5999,11689,3462,3.94,2963.44
EASTERN,IMENTI NORTH,MIRIGA MIERU W.,MUNICIPALITY,TOWNSHIP,2116,2040,4156,1043,0.83,4979.63
EASTERN,IMENTI NORTH,MIRIGA MIERU W.,NTAKIRA,GITUGU,936,927,1863,485,3.25,573.57
EASTERN,IMENTI NORTH,MIRIGA MIERU W.,NTAKIRA,KIRUGUA,1886,1895,3781,958,3.18,1188.62
EASTERN,IMENTI NORTH,MIRIGA MIERU W.,NTAKIRA,MAGUNDU,4208,4499,8707,2969,2.07,4197.76
EASTERN,IMENTI NORTH,MIRIGA MIERU W.,NTAKIRA,NCHAURE,1763,1951,3714,927,3.51,1057.16
EASTERN,IMENTI NORTH,MIRIGA MIERU W.,NTAKIRA,NGONYI,1904,1871,3775,964,5.11,738.56
EASTERN,IMENTI NORTH,MIRIGA MIERU W.,NTHIMBIRI,KAINGINYO,1359,1355,2714,719,3.86,702.87
EASTERN,IMENTI NORTH,MIRIGA MIERU W.,NTHIMBIRI,MPURI,2830,2931,5761,1483,77.6,74.24
EASTERN,IMENTI NORTH,MIRIGA MIERU W.,NTHIMBIRI,NTHIMBIRI,1768,1683,3451,911,4.43,779.25
EASTERN,IMENTI NORTH,MIRIGA MIERU W.,NTIMA,TUNTU,1736,1761,3497,1153,1.41,2472.6
EASTERN,IMENTI NORTH,MIRIGA MIERU W.,NTIMA,UPPER IGOKI,4217,4301,8518,2687,3.04,2804.56
EASTERN,IMENTI NORTH,MT. KENYA FOREST,MT. KENYA FOREST,MT. KENYA FOREST,0,0,0,0,276.43,0
EASTERN,IMENTI NORTH,TIMAU,KIRIMARA,KIAMBOGO,5553,5272,10825,3613,18.41,587.85
EASTERN,IMENTI NORTH,TIMAU,KIRIMARA,KITHITHINA,3324,3265,6589,1754,22.84,288.49
EASTERN,IMENTI NORTH,TIMAU,KISIMA,BUURI,3571,3412,6983,2051,84.17,82.97
EASTERN,IMENTI NORTH,TIMAU,KISIMA,NGARENDARE,1942,1872,3814,1066,122.69,31.09
EASTERN,IMENTI NORTH,TIMAU,NGUSISHI,MARITATI,2919,2692,5611,2129,117.21,47.87
EASTERN,IMENTI NORTH,TIMAU,NGUSISHI,MUTARAKWA,2498,2380,4878,1740,47.36,103
EASTERN,IMENTI NORTH,TIMAU,NTIRIMITI,MARANYA,685,634,1319,351,9.38,140.66
EASTERN,IMENTI NORTH,TIMAU,NTIRIMITI,MUTUNYI,1175,915,2090,695,98.65,21.19
EASTERN,IMENTI NORTH,TIMAU,NTIRIMITI,NTIRIMITI,1588,1422,3010,841,29.43,102.27
EASTERN,IMENTI NORTH,TIMAU,NTIRIMITI,SUBUIGA,1061,919,1980,650,57.46,34.46
EASTERN,IMENTI NORTH,TIMAU,ONTULILI,ANTU BA MWITU,3758,3644,7402,2273,66.19,111.84
EASTERN,IMENTI NORTH,TIMAU,ONTULILI,KANGAITA,2076,2054,4130,1188,25.57,161.51
EASTERN,IMENTI NORTH,TIMAU,ONTULILI,KATHERI,2732,2716,5448,1598,21.69,251.21
EASTERN,IMENTI SOUTH,ABOGETA,ABOGETA,UPPER KIUNGONE,5894,5925,11819,3038,27.62,427.98
EASTERN,IMENTI SOUTH,ABOGETA,IGOKI,KOTHINE,2927,2888,5815,1467,7.39,786.48
EASTERN,IMENTI SOUTH,ABOGETA,IGOKI,MWICHIUNE,3123,3019,6142,1566,9.21,666.88
EASTERN,IMENTI SOUTH,ABOGETA,IGOKI,UPPER CHURE,4900,5023,9923,2212,20.87,475.53
EASTERN,IMENTI SOUTH,ABOGETA,KANYAKINE,KANYAKINE,3064,3213,6277,1664,10.22,613.89
EASTERN,IMENTI SOUTH,ABOGETA,KIRINGA,IGOKINE,1271,1243,2514,661,15.07,166.82
EASTERN,IMENTI SOUTH,ABOGETA,KIRINGA,KAIRAA,890,889,1779,457,2.83,629.4
EASTERN,IMENTI SOUTH,ABOGETA,KIRINGA,KITHATU,1121,1133,2254,594,6.72,335.47
EASTERN,IMENTI SOUTH,ABOGETA,KITHANGARI,BARANGA,824,794,1618,426,3.1,522.53
EASTERN,IMENTI SOUTH,ABOGETA,KITHANGARI,KITHANGARI,4246,4350,8596,2194,20.22,425.22
EASTERN,IMENTI SOUTH,ABOGETA,KITHANGARI,NTHARENE,2170,1893,4063,979,7.33,553.98
EASTERN,IMENTI SOUTH,ABOGETA,NKACHIE,KITHAKANARO,988,1012,2000,503,9.45,211.66
EASTERN,IMENTI SOUTH,ABOGETA,NKACHIE,MARAA,700,686,1386,362,7.85,176.64
EASTERN,IMENTI SOUTH,IGOJI,IGOJI,GAKIIRI,1561,1664,3225,868,6.29,513.04
EASTERN,IMENTI SOUTH,IGOJI,IGOJI,GIKUI,3976,3913,7889,1992,14.45,545.83
EASTERN,IMENTI SOUTH,IGOJI,IGOJI,KUIRI,1602,1664,3266,928,3.45,947.85
EASTERN,IMENTI SOUTH,IGOJI,KARIA,KARIA,2985,2918,5903,1568,11.83,499.18
EASTERN,IMENTI SOUTH,IGOJI,KARIA,KIANGUA,1076,1098,2174,665,4.01,541.6
EASTERN,IMENTI SOUTH,IGOJI,KARIA,NKUNJUMU,905,933,1838,516,4.5,408.74
EASTERN,IMENTI SOUTH,IGOJI,KIANJOGU,KIANJOGU,1394,1499,2893,746,6.05,478.21
EASTERN,IMENTI SOUTH,IGOJI,KIANJOGU,MIRURIIRI,1669,1648,3317,897,6.29,527.6
EASTERN,IMENTI SOUTH,IGOJI,KIANJOGU,MITUNE,1137,1147,2284,603,4.29,531.82
EASTERN,IMENTI SOUTH,IGOJI,KINORO,KIAMWERI,962,960,1922,501,4.6,417.58
EASTERN,IMENTI SOUTH,IGOJI,KINORO,KINORO,1740,1837,3577,1012,6.51,549.69
EASTERN,IMENTI SOUTH,IGOJI,KINORO,KIROONE,855,918,1773,497,5.72,309.98
EASTERN,IMENTI SOUTH,IGOJI,MWERU,KIATHATHI,2245,2177,4422,1124,8.8,502.45
EASTERN,IMENTI SOUTH,IGOJI,MWERU,MWERU,1676,1643,3319,835,8.89,373.47
EASTERN,IMENTI SOUTH,IGOJI,MWERU,MWOROGA,850,675,1525,394,15.89,95.99
EASTERN,IMENTI SOUTH,MT. KENYA FOREST,MT. KENYA FOREST,MT. KENYA FOREST,0,0,0,0,267.91,0
EASTERN,IMENTI SOUTH,NKUENE,KATHERA,KATHERA,2040,2031,4071,1105,6.86,593.09
EASTERN,IMENTI SOUTH,NKUENE,KATHERA,MARIMBA,2185,2304,4489,1297,8.88,505.34
EASTERN,IMENTI SOUTH,NKUENE,KATHERA,TAITA,5393,5258,10651,3172,4.42,2412.4
EASTERN,IMENTI SOUTH,NKUENE,MIKUMBUNE,KIGANE,2665,2540,5205,1253,6.7,776.92
EASTERN,IMENTI SOUTH,NKUENE,MIKUMBUNE,MIKUMBUNE,4064,4030,8094,2087,11.35,713.35
EASTERN,IMENTI SOUTH,NKUENE,MITUNGUU,KIRINDENE,5915,5403,11318,3320,52.08,217.32
EASTERN,IMENTI SOUTH,NKUENE,MITUNGUU,NGONYI,4908,4609,9517,2367,21.37,445.41
EASTERN,IMENTI SOUTH,NKUENE,URUKU,BAITEGETU,2031,1865,3896,1063,7.35,529.71
EASTERN,IMENTI SOUTH,NKUENE,URUKU,UKUU,2311,2320,4631,1178,7.73,599.28
EASTERN,IMENTI SOUTH,NKUENE,URUKU,URUKU,2028,2191,4219,1086,7.36,573.47
EASTERN,ISIOLO,CENTRAL,CENTRAL,BULLA PESA,11148,11574,22722,6190,7.66,2965.93
EASTERN,ISIOLO,CENTRAL,CENTRAL,ODHA,2860,3062,5922,1236,5.67,1044.57
EASTERN,ISIOLO,CENTRAL,WEST,BURAT,4580,4010,8590,1640,345.51,24.86
EASTERN,ISIOLO,CENTRAL,WEST,ISIOLO WEST,2162,2100,4262,1004,396.86,10.74
EASTERN,ISIOLO,CHERAB,KORBESA,BULTO BONSA,351,402,753,173,299.13,2.52
EASTERN,ISIOLO,CHERAB,KORBESA,KORBESA,871,939,1810,361,247.4,7.32
EASTERN,ISIOLO,CHERAB,KORBESA,MATA ARBA,237,266,503,108,121.97,4.12
EASTERN,ISIOLO,CHERAB,MALKAGALLA,MALKAGALLA,1105,1071,2176,443,2812.81,0.77
EASTERN,ISIOLO,CHERAB,YAMICHA,DUMA,236,121,357,80,1652.59,0.22
EASTERN,ISIOLO,CHERAB,YAMICHA,URURA,587,470,1057,243,1621.58,0.65
EASTERN,ISIOLO,CHERAB,YAMICHA,YAMICHA,807,764,1571,307,1552.1,1.01
EASTERN,ISIOLO,EAST,EAST,KIWANJANI,1459,1537,2996,651,4.41,680.03
EASTERN,ISIOLO,EAST,EAST,WABERA,7305,7130,14435,3045,8.57,1683.76
EASTERN,ISIOLO,EAST,NGARE MARA,GOTU,1040,887,1927,491,778.93,2.47
EASTERN,ISIOLO,EAST,NGARE MARA,NGARE MARA,2071,1522,3593,759,184.96,19.43
EASTERN,ISIOLO,MERTI,BISAN BILIQU,BISAN BILIQU,663,686,1349,285,636.46,2.12
EASTERN,ISIOLO,MERTI,BISAN BILIQU,KOM,276,252,528,127,2567.21,0.21
EASTERN,ISIOLO,MERTI,BULESA,BULESA,851,888,1739,384,316.65,5.49
EASTERN,ISIOLO,MERTI,BULESA,GODA,628,537,1165,233,240.92,4.84
EASTERN,ISIOLO,MERTI,MERTI,MERTI NORTH,2375,2448,4823,998,312.92,15.41
EASTERN,ISIOLO,MERTI,MERTI,MERTI SOUTH,1221,1289,2510,552,241.66,10.39
EASTERN,ISIOLO,OLDONYIRO,KIPSING,KIPSING,1666,1741,3407,745,204.62,16.65
EASTERN,ISIOLO,OLDONYIRO,KIPSING,LENGURUMA,1031,1122,2153,473,335.74,6.41
EASTERN,ISIOLO,OLDONYIRO,OLDONYIRO,LONKOPITO,1406,1450,2856,587,365.81,7.81
EASTERN,ISIOLO,OLDONYIRO,OLDONYIRO,OLDONYIRO,3444,3528,6972,1348,255.06,27.34
EASTERN,KANGUNDO,KAKUYUNI,KAKUYUNI,KAKUYUNI,1987,2155,4142,1025,8.55,484.54
EASTERN,KANGUNDO,KAKUYUNI,KAKUYUNI,KATHOME,1819,1897,3716,869,7.56,491.32
EASTERN,KANGUNDO,KAKUYUNI,KAKUYUNI,KAVILINGUNI,1843,1946,3789,903,9.13,414.91
EASTERN,KANGUNDO,KAKUYUNI,KAKUYUNI,KYEVALUKI,2613,2614,5227,1212,12.14,430.49
EASTERN,KANGUNDO,KAKUYUNI,KAWETHEI,KATHAANA,2674,2627,5301,1148,15.1,351.02
EASTERN,KANGUNDO,KAKUYUNI,KAWETHEI,KAWETHEI,1777,1887,3664,856,5.77,634.69
EASTERN,KANGUNDO,KAKUYUNI,KAWETHEI,MBUSYANI,1722,1922,3644,851,6.62,550.64
EASTERN,KANGUNDO,KAKUYUNI,KAWETHEI,MUKUNIKE,1756,1878,3634,824,6.91,525.78
EASTERN,KANGUNDO,KANGUNDO,KANGUNDO,ISINGA,3344,3342,6686,1642,8.62,775.34
EASTERN,KANGUNDO,KANGUNDO,KANGUNDO,MAIUNI,2303,2418,4721,1090,5.75,821.76
EASTERN,KANGUNDO,KANGUNDO,KANGUNDO,MATETANI,3496,3743,7239,1664,11.39,635.58
EASTERN,KANGUNDO,KANGUNDO,KANGUNDO,MUISUNI,3151,3053,6204,1687,6.1,1016.88
EASTERN,KANGUNDO,KANGUNDO,KANGUNDO,NDUNDUNI,1921,1992,3913,871,6.17,633.89
EASTERN,KANGUNDO,KANGUNDO,KANZALU,KAWAUNI,1717,1820,3537,778,6.65,531.71
EASTERN,KANGUNDO,KANGUNDO,KANZALU,KIKAMBUANI,2923,3148,6071,1404,11.7,519.02
EASTERN,KANGUNDO,KANGUNDO,KANZALU,KITWII,1935,2025,3960,927,5.72,692.88
EASTERN,KANGUNDO,KANGUNDO,KANZALU,MBILINI,2414,2501,4915,1151,7.03,699.16
EASTERN,KANGUNDO,KANGUNDO,KIVAANI,IIAITUNE,2202,2321,4523,1018,11.76,384.68
EASTERN,KANGUNDO,KANGUNDO,KIVAANI,KATITU,1279,1370,2649,595,6.58,402.69
EASTERN,KANGUNDO,KANGUNDO,KIVAANI,MIU,1119,1202,2321,523,8.35,277.81
EASTERN,KANGUNDO,KANGUNDO,KIVAANI,NGUMUTI,2207,2304,4511,1057,9.58,471.04
EASTERN,KANGUNDO,MATUNGULU,KALANDINI,KALANDINI,3635,3819,7454,1623,18.2,409.48
EASTERN,KANGUNDO,MATUNGULU,KALANDINI,MBUNI,1290,1386,2676,597,4.96,539.82
EASTERN,KANGUNDO,MATUNGULU,KOMAROCK,KOMA,2272,1858,4130,1165,66.38,62.22
EASTERN,KANGUNDO,MATUNGULU,KOMAROCK,KWALE,1843,1839,3682,728,24.99,147.37
EASTERN,KANGUNDO,MATUNGULU,KOMAROCK,MATUU,2183,2161,4344,982,45.19,96.12
EASTERN,KANGUNDO,MATUNGULU,KOMAROCK,MUNGENGESYA,1140,820,1960,533,53.36,36.73
EASTERN,KANGUNDO,MATUNGULU,KYANZAVI,KAYATA,2438,2319,4757,1064,25.56,186.11
EASTERN,KANGUNDO,MATUNGULU,KYANZAVI,KIANZABE,2335,2088,4423,1021,44.3,99.85
EASTERN,KANGUNDO,MATUNGULU,KYANZAVI,KIBOKO,4741,4967,9708,2471,48.36,200.75
EASTERN,KANGUNDO,MATUNGULU,KYANZAVI,KWA KUMBU,1073,1012,2085,482,22.05,94.54
EASTERN,KANGUNDO,MATUNGULU,KYANZAVI,UAMANI,2028,2040,4068,860,28.32,143.65
EASTERN,KANGUNDO,MATUNGULU,KYELENI,KITULUNI,940,934,1874,394,12.01,156.03
EASTERN,KANGUNDO,MATUNGULU,KYELENI,KWOSAU,1736,1657,3393,686,10.76,315.21
EASTERN,KANGUNDO,MATUNGULU,KYELENI,KYELENI,3115,3201,6316,1302,32.22,196.03
EASTERN,KANGUNDO,MATUNGULU,KYELENI,NZANBANI,1217,1256,2473,497,7.96,310.83
EASTERN,KANGUNDO,MATUNGULU,MATUNGULU,KAMBUSU,2026,2171,4197,934,3.94,1065.47
EASTERN,KANGUNDO,MATUNGULU,MATUNGULU,KATHEKA,1472,1667,3139,718,10.53,298.03
EASTERN,KANGUNDO,MATUNGULU,MATUNGULU,KINGOTI,2886,2882,5768,1330,11.27,511.85
EASTERN,KANGUNDO,MATUNGULU,MATUNGULU,MATHEINI,2433,2581,5014,1208,10.55,475.39
EASTERN,KANGUNDO,MATUNGULU,MATUNGULU,MWATATI,1727,1880,3607,824,3.74,964.83
EASTERN,KANGUNDO,MATUNGULU,NGULUNI,KITHIMANI,1388,1480,2868,647,10.93,262.46
EASTERN,KANGUNDO,MATUNGULU,NGULUNI,KITHUANI,1925,1993,3918,870,18.4,212.96
EASTERN,KANGUNDO,MATUNGULU,NGULUNI,KWANGII,1122,1032,2154,470,18.82,114.47
EASTERN,KANGUNDO,MATUNGULU,NGULUNI,NGULUNI,2154,2277,4431,954,10.62,417.4
EASTERN,KANGUNDO,MATUNGULU,TALA,KATINE,3784,4148,7932,1710,14.35,552.8
EASTERN,KANGUNDO,MATUNGULU,TALA,KYAUME,4377,4378,8755,2287,6.04,1448.42
EASTERN,KANGUNDO,MATUNGULU,TALA,SENGANI,4750,4860,9610,2370,13.75,699.11
EASTERN,KIBWEZI,CHYULU G. R.,CHYULU G. R.,CHYULU G. R.,76,11,87,71,775.81,0.11
EASTERN,KIBWEZI,KIBWEZI,KIKUMBULYU,KALUNGU,2299,2370,4669,936,22.93,203.62
EASTERN,KIBWEZI,KIBWEZI,KIKUMBULYU,KATHYAKA,4267,4438,8705,1719,104.55,83.26
EASTERN,KIBWEZI,KIBWEZI,KIKUMBULYU,MBUI NZAU,1536,1548,3084,540,21.85,141.16
EASTERN,KIBWEZI,KIBWEZI,KIKUMBULYU,MIKUYUNI,4629,4841,9470,2585,21.88,432.88
EASTERN,KIBWEZI,KIBWEZI,KIKUMBULYU,NDETANI,1432,1336,2768,486,17.97,154.07
EASTERN,KIBWEZI,KIBWEZI,KIKUMBULYU,NGANDANI,4400,4269,8669,1827,52.58,164.88
EASTERN,KIBWEZI,KIBWEZI,KIKUMBULYU,NGULU,4306,4535,8841,1604,162.03,54.56
EASTERN,KIBWEZI,KIBWEZI,MASONGALENI,KYANGULI,806,944,1750,336,22.33,78.35
EASTERN,KIBWEZI,KIBWEZI,MASONGALENI,MASIMBANI,3256,3330,6586,1310,70.7,93.15
EASTERN,KIBWEZI,KIBWEZI,MASONGALENI,MASONGALENI,2846,3136,5982,1235,40.13,149.06
EASTERN,KIBWEZI,KIBWEZI,MASONGALENI,ULILINZI,3309,3433,6742,1315,146.72,45.95
EASTERN,KIBWEZI,MACHINERY,KINYAMBU,KINYAMBU,5001,4945,9946,2364,134.52,73.94
EASTERN,KIBWEZI,MACHINERY,UTITHI,THANGE,6122,6024,12146,2441,71.23,170.53
EASTERN,KIBWEZI,MACHINERY,UTITHI,UTITHI,4925,5056,9981,1944,55.63,179.41
EASTERN,KIBWEZI,MAKINDU,KIBOKO,KAASUVI,1830,1644,3474,983,168.43,20.63
EASTERN,KIBWEZI,MAKINDU,KIBOKO,KYALE,1876,1957,3833,717,100.18,38.26
EASTERN,KIBWEZI,MAKINDU,KIBOKO,MULILI,1820,1682,3502,734,77.68,45.08
EASTERN,KIBWEZI,MAKINDU,MAKINDU,KAI,1424,1429,2853,730,29.91,95.38
EASTERN,KIBWEZI,MAKINDU,MAKINDU,KAMBOO,1222,1266,2488,471,68.3,36.43
EASTERN,KIBWEZI,MAKINDU,MAKINDU,KISINGO,1736,1856,3592,696,32.29,111.24
EASTERN,KIBWEZI,MAKINDU,MAKINDU,KIU,3044,2913,5957,1307,27.93,213.26
EASTERN,KIBWEZI,MAKINDU,MAKINDU,MANYATTA,4227,4811,9038,2593,11.33,797.85
EASTERN,KIBWEZI,MAKINDU,NGUUMO,KAUNGUNI,3802,3977,7779,1529,42.21,184.3
EASTERN,KIBWEZI,MAKINDU,NGUUMO,MUUNI,4931,5160,10091,2199,64.68,156.02
EASTERN,KIBWEZI,MAKINDU,NGUUMO,NDOVOINI,2108,2171,4279,936,32.52,131.57
EASTERN,KIBWEZI,MAKINDU,NGUUMO,SYUMILE,2856,3203,6059,1110,71.15,85.16
EASTERN,KIBWEZI,MAKINDU,TWAANDU,KALII,1255,1265,2520,468,44.88,56.15
EASTERN,KIBWEZI,MAKINDU,TWAANDU,MITENDEU,1181,1299,2480,496,53.04,46.76
EASTERN,KIBWEZI,MAKINDU,TWAANDU,NGAKAA,1094,1263,2357,456,23.65,99.65
EASTERN,KIBWEZI,MTITO ANDEI,KAMBU,KAMBU,3715,3950,7665,1520,37.82,202.65
EASTERN,KIBWEZI,MTITO ANDEI,KAMBU,KITENGEI,2105,2155,4260,838,62.97,67.65
EASTERN,KIBWEZI,MTITO ANDEI,KATHEKANI,KATHEKANI,5100,5187,10287,2070,131,78.53
EASTERN,KIBWEZI,MTITO ANDEI,MTITO ANDEI,MTITO ANDEI,6138,6004,12142,3077,212.53,57.13
EASTERN,KIBWEZI,MTITO ANDEI,NGWATA,MUKAANGE,5547,5663,11210,2312,201.85,55.54
EASTERN,KIBWEZI,MTITO ANDEI,NTHONGONI,MANGELETE,9855,9695,19550,3854,168.86,115.77
EASTERN,KIBWEZI,MTITO ANDEI,NZAMBANI,MUTHINGIINI,6402,6691,13093,2741,125.98,103.93
EASTERN,KIBWEZI,TSAVO W. N. P.,TSAVO W. N. P.,TSAVO W. N. P.,591,178,769,429,475.25,1.62
EASTERN,KITUI,CENTRAL,ITOLEKA,ITOLEKA,2671,2955,5626,1297,33.29,169.01
EASTERN,KITUI,CENTRAL,ITOLEKA,KAVUTA,1355,1558,2913,634,30.94,94.15
EASTERN,KITUI,CENTRAL,KATULANI,KATULANI,2760,3187,5947,1260,38.02,156.41
EASTERN,KITUI,CENTRAL,KATULANI,KWA MULI,1181,1335,2516,586,12.4,202.84
EASTERN,KITUI,CENTRAL,KYANGWITHYA EAST,IVAINI,2039,2448,4487,994,18.61,241.1
EASTERN,KITUI,CENTRAL,KYANGWITHYA EAST,KAVETA,2311,2273,4584,950,8.27,554.02
EASTERN,KITUI,CENTRAL,KYANGWITHYA EAST,MISEWANI,2881,2838,5719,1288,9.59,596.64
EASTERN,KITUI,CENTRAL,KYANGWITHYA EAST,MULUNDI,3441,3458,6899,1389,24.42,282.52
EASTERN,KITUI,CENTRAL,KYANGWITHYA EAST,MUSEVE,2996,3378,6374,1307,41.52,153.53
EASTERN,KITUI,CENTRAL,KYANGWITHYA EAST,MUTUNE,2101,2677,4778,910,10.84,440.84
EASTERN,KITUI,CENTRAL,KYANGWITHYA WEST,MBUSYANI,836,826,1662,361,7.4,224.46
EASTERN,KITUI,CENTRAL,KYANGWITHYA WEST,MULUTU,1791,2057,3848,815,28.45,135.24
EASTERN,KITUI,CENTRAL,KYANGWITHYA WEST,NDUMONI,1094,1151,2245,481,23.68,94.82
EASTERN,KITUI,CENTRAL,KYANGWITHYA WEST,TUNGUTU,3412,3366,6778,1321,20.77,326.38
EASTERN,KITUI,CENTRAL,KYANGWITHYA WEST,UTOONI,1785,1848,3633,842,28.87,125.82
EASTERN,KITUI,CENTRAL,MALIKU,KATHUNGI,1725,1947,3672,751,45.44,80.8
EASTERN,KITUI,CENTRAL,MALIKU,KAVISUNI,2142,2261,4403,847,48.82,90.19
EASTERN,KITUI,CENTRAL,MALIKU,MALIKU,1631,1995,3626,753,61.7,58.77
EASTERN,KITUI,CENTRAL,MIAMBANI,KAMANDIO / MALILI,2476,2937,5413,1152,62.05,87.23
EASTERN,KITUI,CENTRAL,MIAMBANI,MUNGANGA,1958,2216,4174,807,50.54,82.59
EASTERN,KITUI,CENTRAL,MIAMBANI,MUTULA,2149,2415,4564,895,37.72,121.01
EASTERN,KITUI,CENTRAL,MIAMBANI,NZAAYA,1706,2080,3786,755,42.95,88.14
EASTERN,KITUI,CENTRAL,MULANGO,KYAMBITI,1498,1570,3068,642,11.61,264.18
EASTERN,KITUI,CENTRAL,MULANGO,KYANGUNGA,1841,1924,3765,763,14.76,255.08
EASTERN,KITUI,CENTRAL,MULANGO,WII,951,1060,2011,437,11.28,178.25
EASTERN,KITUI,CENTRAL,MULANGO,WIKILILYE,3700,3894,7594,1723,22.15,342.82
EASTERN,KITUI,CENTRAL,TOWNSHIP,KALUNDU,2311,1869,4180,1341,2.42,1730.28
EASTERN,KITUI,CENTRAL,TOWNSHIP,MANYENGO,1991,1996,3987,1123,2.98,1337.47
EASTERN,KITUI,CENTRAL,TOWNSHIP,TOWNSHIP,6577,6688,13265,3779,4.23,3138.6
EASTERN,KITUI,CHULUNI,KISASI,KITUNGATI,2305,2553,4858,1007,25.59,189.81
EASTERN,KITUI,CHULUNI,KISASI,MASIMBINI,2655,2652,5307,1140,36.74,144.43
EASTERN,KITUI,CHULUNI,KISASI,NGANGANI,1826,1907,3733,763,11.15,334.7
EASTERN,KITUI,CHULUNI,MBITINI,KANZAU,1557,1740,3297,669,20.77,158.74
EASTERN,KITUI,CHULUNI,MBITINI,KATWALA,2327,2575,4902,910,26.98,181.72
EASTERN,KITUI,CHULUNI,MBITINI,MBITINI,3786,4282,8068,1614,46.64,172.99
EASTERN,KITUI,CHULUNI,MBITINI,MOSA,1481,1600,3081,594,20.09,153.39
EASTERN,KITUI,CHULUNI,MBUSYANI,MBUSYANI,1638,1943,3581,712,25.75,139.06
EASTERN,KITUI,CHULUNI,MBUSYANI,MUKAMENI,1433,1586,3019,620,28.38,106.39
EASTERN,KITUI,CHULUNI,MBUSYANI,NGILUNI,818,1026,1844,407,8.81,209.41
EASTERN,KITUI,CHULUNI,MBUSYANI,NGUUNI,916,982,1898,386,23.38,81.19
EASTERN,KITUI,CHULUNI,NZAMBANI,ITHUMULA,1785,2025,3810,787,22.07,172.65
EASTERN,KITUI,CHULUNI,NZAMBANI,KYANIKA,5126,5209,10335,2315,27.22,379.7
EASTERN,KITUI,CHULUNI,NZAMBANI,MALUMA,3707,4084,7791,1632,36.73,212.12
EASTERN,KITUI,CHULUNI,NZANGATHI,KALUVA,4848,5149,9997,1968,87.96,113.65
EASTERN,KITUI,CHULUNI,THUA,KENZE,1888,2073,3961,765,57.93,68.37
EASTERN,KITUI,CHULUNI,THUA,NGUNGI,2065,2213,4278,854,67.23,63.63
EASTERN,KITUI,MATINYANI,KALIMANI,KAVUVUU,831,877,1708,411,6.51,262.27
EASTERN,KITUI,MATINYANI,KALIMANI,KYAMBUSYA,1002,1079,2081,452,10.67,195.12
EASTERN,KITUI,MATINYANI,KALIMANI,NZAKAME,715,688,1403,301,4.06,345.31
EASTERN,KITUI,MATINYANI,KATHIVO,KALINDILO,456,501,957,230,8.01,119.42
EASTERN,KITUI,MATINYANI,KATHIVO,KATHIVO,489,564,1053,235,7.34,143.43
EASTERN,KITUI,MATINYANI,KAUMA,KAUMA,1385,1648,3033,653,9.11,332.77
EASTERN,KITUI,MATINYANI,KAUMA,MUSOSYA,1259,1453,2712,535,8.27,327.98
EASTERN,KITUI,MATINYANI,KITHUMULA,KASAINI,800,983,1783,379,11.79,151.26
EASTERN,KITUI,MATINYANI,KITHUMULA,KITHUMULA,2823,3101,5924,1295,38.92,152.2
EASTERN,KITUI,MATINYANI,KWA MULUNGU,KWA MULUNGU,405,471,876,175,6.09,143.9
EASTERN,KITUI,MATINYANI,KWA MULUNGU,MASELELE,608,675,1283,273,13.92,92.16
EASTERN,KITUI,MATINYANI,KWA MUTONGA,MITHIKWANI,1060,1236,2296,471,40.98,56.03
EASTERN,KITUI,MATINYANI,KWA MUTONGA,MUTONGA,1468,1642,3110,646,39.53,78.67
EASTERN,KITUI,MATINYANI,KWA MUTONGA,SYOKITHUMBI,678,748,1426,274,25.43,56.08
EASTERN,KITUI,MATINYANI,MATINYANI,KALIA,1202,1065,2267,443,5.08,446.12
EASTERN,KITUI,MATINYANI,MATINYANI,KATHEUNI,961,968,1929,426,8.24,234.2
EASTERN,KITUI,MATINYANI,MATINYANI,KYONDONI,1500,1593,3093,687,5.75,538.29
EASTERN,KITUI,MATINYANI,MUTULU,KATHUMA,1750,1929,3679,775,7.8,471.56
EASTERN,KITUI,MATINYANI,MUTULU,KITUMBI,215,253,468,101,1.86,251.92
EASTERN,KITUI,MATINYANI,MUTULU,MASEKI,802,906,1708,358,4.74,360.14
EASTERN,KITUI,MUTITU,KALIKU,KAVUTEI,945,1054,1999,389,95.23,20.99
EASTERN,KITUI,MUTITU,KALIKU,KAWALA,1278,1366,2644,477,113.33,23.33
EASTERN,KITUI,MUTITU,KALIKU,KYAIMU,671,731,1402,267,56.72,24.72
EASTERN,KITUI,MUTITU,KALIKU,MANYOENI,1185,1361,2546,461,164.1,15.51
EASTERN,KITUI,MUTITU,MUTITO,ITIKO,992,1018,2010,415,59.44,33.82
EASTERN,KITUI,MUTITU,MUTITO,KITOO,1812,1984,3796,908,37.01,102.57
EASTERN,KITUI,MUTITU,MUTITO,MASASINI,669,684,1353,288,29.22,46.3
EASTERN,KITUI,MUTITU,MUTITO,MUSUKINI,1615,1733,3348,768,41.57,80.53
EASTERN,KITUI,MUTITU,ZOMBE,KASUNGINI,1154,1270,2424,444,43.63,55.56
EASTERN,KITUI,MUTITU,ZOMBE,MALATANI,2158,2449,4607,935,100.88,45.67
EASTERN,KITUI,MUTITU,ZOMBE,NGUNGI,776,810,1586,331,31.06,51.06
EASTERN,KITUI,MUTITU,ZOMBE,THUA,2088,2254,4342,924,84.11,51.62
EASTERN,KITUI,MUTONGUNI,KAKEANI,KAKEANI,2092,2631,4723,1047,33.31,141.79
EASTERN,KITUI,MUTONGUNI,KAKEANI,KANGII,1411,1688,3099,694,10.86,285.33
EASTERN,KITUI,MUTONGUNI,KATUTU,KASAKINI,1092,1150,2242,481,29.76,75.33
EASTERN,KITUI,MUTONGUNI,KATUTU,KATUTU,706,854,1560,362,12.91,120.87
EASTERN,KITUI,MUTONGUNI,KATUTU,KISAYANI,513,566,1079,221,15.68,68.81
EASTERN,KITUI,MUTONGUNI,KATUTU,KYENGE,655,740,1395,278,22.44,62.17
EASTERN,KITUI,MUTONGUNI,KATUTU,NZALAE,898,1064,1962,381,31.51,62.26
EASTERN,KITUI,MUTONGUNI,KAUWI,KATHEKA,1095,955,2050,414,12.99,157.81
EASTERN,KITUI,MUTONGUNI,KAUWI,KAUWI,2894,3380,6274,1603,30.28,207.18
EASTERN,KITUI,MUTONGUNI,KAUWI,KISEVENI,921,1073,1994,380,22.35,89.24
EASTERN,KITUI,MUTONGUNI,KIVANI,KANGUNGI,902,1031,1933,434,15.25,126.72
EASTERN,KITUI,MUTONGUNI,KIVANI,KIVANI,937,1138,2075,438,22.92,90.54
EASTERN,KITUI,MUTONGUNI,MUSENGO,KAKUMUTI,851,1011,1862,427,9.13,203.88
EASTERN,KITUI,MUTONGUNI,MUSENGO,MUSENGO,4373,4860,9233,2105,36.91,250.15
EASTERN,KITUI,MUTONGUNI,MUTANDA,MUTANDA,838,954,1792,398,18.24,98.27
EASTERN,KITUI,MUTONGUNI,MUTANDA,SANGALA,481,548,1029,233,10.98,93.68
EASTERN,KITUI,MUTONGUNI,MUTONGUNI,KAIMU,3691,4434,8125,1773,28.28,287.35
EASTERN,KITUI,MUTONGUNI,MUTONGUNI,MITHINI,2318,2748,5066,1133,21.89,231.45
EASTERN,KITUI,MUTONGUNI,USIANI,USIANI,1980,2247,4227,850,21.83,193.6
EASTERN,KITUI,MUTONGUNI,USIANI,YALATANI,945,1087,2032,349,17.44,116.54
EASTERN,KITUI,MWITIKA,ENDAU,KATHUA,635,647,1282,210,98.54,13.01
EASTERN,KITUI,MWITIKA,ENDAU,KATUMBI,747,803,1550,296,954.79,1.62
EASTERN,KITUI,MWITIKA,ENDAU,NDETANI,1732,1809,3541,693,184.79,19.16
EASTERN,KITUI,MWITIKA,ENDAU,YIUKU,973,1044,2017,359,60.46,33.36
EASTERN,KITUI,MWITIKA,KYAMATU,KYAMATU,1710,1899,3609,649,69.42,51.99
EASTERN,KITUI,MWITIKA,KYAMATU,MUTHUNGUE,1869,2047,3916,637,580.59,6.74
EASTERN,KITUI,MWITIKA,KYAMATU,NZANZU,682,706,1388,245,66.55,20.86
EASTERN,KITUI,MWITIKA,MALALANI,MAKUKA,787,956,1743,315,229.96,7.58
EASTERN,KITUI,MWITIKA,MALALANI,MALALANI,799,976,1775,325,228.5,7.77
EASTERN,KITUI,MWITIKA,MALALANI,SYOU,800,834,1634,283,118.89,13.74
EASTERN,KITUI,MWITIKA,MALALANI,TWAMBUI,947,1017,1964,347,652.05,3.01
EASTERN,KITUI,MWITIKA,MWITIKA,KATIKONI,713,751,1464,278,56.97,25.7
EASTERN,KITUI,MWITIKA,MWITIKA,KAVINGO,1176,1339,2515,468,49.92,50.38
EASTERN,KITUI,MWITIKA,MWITIKA,KIKUU,1585,1854,3439,639,63.77,53.92
EASTERN,KITUI,MWITIKA,MWITIKA,KILAA,1173,1282,2455,522,35.49,69.18
EASTERN,KITUI,MWITIKA,MWITIKA,MAKONGO,1260,1360,2620,438,114.71,22.84
EASTERN,KITUI,YATTA,KANYANGI,MANDONGOI,2254,2509,4763,981,59.89,79.53
EASTERN,KITUI,YATTA,KANYANGI,MASIMBA,1858,1928,3786,785,66.12,57.26
EASTERN,KITUI,YATTA,KANYANGI,SYOMUNYU,2758,2898,5656,1137,88.23,64.11
EASTERN,KITUI,YATTA,KANYONGONYO,KANYONGONYO,1416,1386,2802,501,65.04,43.08
EASTERN,KITUI,YATTA,KANYONGONYO,NZAMBIA,1016,1080,2096,401,31.27,67.03
EASTERN,KITUI,YATTA,KISEUNI,KISEUNI,973,977,1950,341,57.3,34.03
EASTERN,KITUI,YATTA,KISEUNI,KITHIANI,529,512,1041,182,50.88,20.46
EASTERN,KITUI,YATTA,KWA VONZA,KANYONYOONI,2115,1723,3838,1070,309.34,12.41
EASTERN,KITUI,YATTA,KWA VONZA,MIKUYUNI,3674,3814,7488,1710,148.05,50.58
EASTERN,KITUI,YATTA,NTHONGONI,KAWANGO/ KATHOME,2178,2399,4577,863,74.42,61.5
EASTERN,KITUI,YATTA,NTHONGONI,MUVITHA/KATHEMBONI,1223,1396,2619,522,36.79,71.19
EASTERN,KITUI,YATTA,YATTA,ILIKA,1603,1909,3512,663,58.89,59.64
EASTERN,KITUI,YATTA,YATTA,MAKUSYA,2110,2122,4232,901,65.38,64.73
EASTERN,KITUI,YATTA,YATTA,NDUNGUNI,978,1090,2068,444,31.41,65.85
EASTERN,KITUI,YATTA,YATTA,NYANYAA,1165,1233,2398,501,33.1,72.45
EASTERN,KYUSO,KYUSO,KAMUWONGO,ITIVA-NZOU,2029,2497,4526,882,64.81,69.83
EASTERN,KYUSO,KYUSO,KAMUWONGO,KAMUWONGO,1647,1883,3530,719,28.68,123.07
EASTERN,KYUSO,KYUSO,KIMANGAO,KIMANGAO,1790,2088,3878,782,74.28,52.21
EASTERN,KYUSO,KYUSO,KIMANGAO,KIMU,2144,2430,4574,924,62.2,73.53
EASTERN,KYUSO,KYUSO,KIMANGAO,KISEUNI,877,1011,1888,361,69.02,27.35
EASTERN,KYUSO,KYUSO,KIMANGAO,MASEKI,1085,1330,2415,460,51.9,46.53
EASTERN,KYUSO,KYUSO,KYUSO,GAI,2897,3135,6032,1246,115.57,52.2
EASTERN,KYUSO,KYUSO,KYUSO,NGAIE,2106,2549,4655,867,79.3,58.7
EASTERN,KYUSO,KYUSO,MIVUKONI,KAMULA,1126,1225,2351,411,75.24,31.24
EASTERN,KYUSO,KYUSO,MIVUKONI,KATUKA,975,1218,2193,420,63.99,34.27
EASTERN,KYUSO,KYUSO,MIVUKONI,MATAKA,645,760,1405,261,35.7,39.36
EASTERN,KYUSO,KYUSO,MIVUKONI,TWIMYUA,1396,1532,2928,562,82.67,35.42
EASTERN,KYUSO,MUMONI,KAKUYU,KAKUYU,1258,1475,2733,526,73.05,37.41
EASTERN,KYUSO,MUMONI,KAKUYU,KYANDALI,1153,1291,2444,477,58.71,41.63
EASTERN,KYUSO,MUMONI,KAKUYU,NGUNGANI,1957,2312,4269,767,82.05,52.03
EASTERN,KYUSO,MUMONI,KAKUYU,TYAA KAMUTHALE,2437,2965,5402,1028,86.24,62.64
EASTERN,KYUSO,MUMONI,KANTHUNGU,GATORONI,612,722,1334,279,37.03,36.02
EASTERN,KYUSO,MUMONI,KANTHUNGU,KAMAINDI,1345,1483,2828,516,68.67,41.18
EASTERN,KYUSO,MUMONI,KANTHUNGU,KANTHUNGU,960,1123,2083,386,67.48,30.87
EASTERN,KYUSO,MUMONI,KATSE,KAMATHITU,799,887,1686,314,27.06,62.3
EASTERN,KYUSO,MUMONI,KATSE,KONYU,950,1104,2054,411,48.35,42.48
EASTERN,KYUSO,MUMONI,KATSE,MBARANI,1329,1460,2789,615,35.18,79.27
EASTERN,KYUSO,MUMONI,MUKONGA,IKONGO,1265,1375,2640,492,101.28,26.07
EASTERN,KYUSO,MUMONI,MUKONGA,MUKONGA,843,985,1828,429,71.79,25.46
EASTERN,KYUSO,MUMONI,MUTANDA,KALIWA,712,862,1574,323,22.54,69.84
EASTERN,KYUSO,MUMONI,MUTANDA,MUTANDA,472,611,1083,211,16.47,65.77
EASTERN,KYUSO,MUMONI,MUTANDA,WANGUTU,630,717,1347,261,25.2,53.45
EASTERN,KYUSO,MUMONI,NGUUKU,KATHIANI/NGUUKU,389,476,865,161,16.55,52.27
EASTERN,KYUSO,MUMONI,NGUUKU,KATIA,752,872,1624,274,20.05,80.98
EASTERN,KYUSO,MUMONI,NGUUKU,MUSOSYA,885,1002,1887,362,23.4,80.62
EASTERN,KYUSO,MUMONI,THARAKA,GACIGONGO,1218,1384,2602,464,81.61,31.88
EASTERN,KYUSO,MUMONI,THARAKA,GACOMBE,1438,1626,3064,591,77.86,39.35
EASTERN,KYUSO,MUMONI,THARAKA,KANYENGYA,547,626,1173,209,29.73,39.45
EASTERN,KYUSO,NGOMENI,MITAMISYI,KAMUSILIU,824,961,1785,314,51.53,34.64
EASTERN,KYUSO,NGOMENI,MITAMISYI,KIMELA,1294,1456,2750,531,270.21,10.18
EASTERN,KYUSO,NGOMENI,MITAMISYI,MITAMYISI,1001,1034,2035,380,261.22,7.79
EASTERN,KYUSO,NGOMENI,MITAMISYI,NDATANI,777,912,1689,296,77.93,21.67
EASTERN,KYUSO,NGOMENI,NGOMENI,IKIME,1213,1385,2598,472,368.4,7.05
EASTERN,KYUSO,NGOMENI,NGOMENI,KALWA,1059,1133,2192,404,75.65,28.98
EASTERN,KYUSO,NGOMENI,NGOMENI,KAVAANI,1636,1651,3287,618,460.51,7.14
EASTERN,KYUSO,NGOMENI,NGOMENI,KAVUTI,944,1167,2111,440,53.93,39.15
EASTERN,KYUSO,TSEIKURU,MASYUNGWA,KATHIANI,1490,1650,3140,551,72.31,43.42
EASTERN,KYUSO,TSEIKURU,MASYUNGWA,KITOVOTO,1978,2385,4363,790,494.62,8.82
EASTERN,KYUSO,TSEIKURU,MASYUNGWA,KYANDANI,1591,1814,3405,593,172.61,19.73
EASTERN,KYUSO,TSEIKURU,MUSAVANI,KANINGO,1444,1496,2940,552,113.84,25.82
EASTERN,KYUSO,TSEIKURU,MUSAVANI,KYENINI,1750,1979,3729,729,90.61,41.15
EASTERN,KYUSO,TSEIKURU,MUSAVANI,NGERENI,940,1159,2099,398,52.58,39.92
EASTERN,KYUSO,TSEIKURU,MUSAVANI,USUENI,1360,1574,2934,569,70.17,41.81
EASTERN,KYUSO,TSEIKURU,TSEIKURU,KAIVIRYA,963,1024,1987,376,54.13,36.71
EASTERN,KYUSO,TSEIKURU,TSEIKURU,KASYATHYUMI,862,990,1852,353,35.64,51.96
EASTERN,KYUSO,TSEIKURU,TSEIKURU,NGALANGE,1173,1415,2588,462,66.99,38.63
EASTERN,KYUSO,TSEIKURU,TSEIKURU,NGONGONI,594,677,1271,231,41.51,30.62
EASTERN,KYUSO,TSEIKURU,TSEIKURU,NZIITU,1626,1902,3528,798,63.37,55.67
EASTERN,LAISAMIS,KORR,KORR,HAFARE,3658,3435,7093,1198,785.51,9.03
EASTERN,LAISAMIS,KORR,KORR,HALISURWA,896,1113,2009,421,600.77,3.34
EASTERN,LAISAMIS,KORR,KORR,KORR,1837,2073,3910,837,183.61,21.3
EASTERN,LAISAMIS,KORR,NGURUN IT,ILLAUT,1224,1421,2645,638,412.98,6.4
EASTERN,LAISAMIS,KORR,NGURUN IT,LONYORI PICHAU,1255,1357,2612,598,348.57,7.49
EASTERN,LAISAMIS,KORR,NGURUN IT,NGURUN IT,1467,1569,3036,682,449.5,6.75
EASTERN,LAISAMIS,LAISAMIS,LAISAMIS,KOYA,509,205,714,259,1482.5,0.48
EASTERN,LAISAMIS,LAISAMIS,LAISAMIS,LAISAMIS,2707,3002,5709,1456,1368.11,4.17
EASTERN,LAISAMIS,LAISAMIS,LOGOLOGO,GUDAS SORIADI,329,420,749,158,897.6,0.83
EASTERN,LAISAMIS,LAISAMIS,LOGOLOGO,KAMBOE,551,510,1061,290,323.03,3.28
EASTERN,LAISAMIS,LAISAMIS,LOGOLOGO,LOGOLOGO,1706,1628,3334,745,673.25,4.95
EASTERN,LAISAMIS,LAISAMIS,LONTOLIO,LONTOLIO,373,511,884,231,481.9,1.83
EASTERN,LAISAMIS,LAISAMIS,LONTOLIO,NDIKIR,724,815,1539,323,213.56,7.21
EASTERN,LAISAMIS,LAISAMIS,MERILE,IRIR,550,723,1273,282,160.19,7.95
EASTERN,LAISAMIS,LAISAMIS,MERILE,MERILE,1524,1466,2990,680,178.92,16.71
EASTERN,LAISAMIS,LOIYANGALANI,KARGI,KAMBINYE,1026,1253,2279,641,1620.26,1.41
EASTERN,LAISAMIS,LOIYANGALANI,KARGI,KARGI,1449,1876,3325,876,2175.82,1.53
EASTERN,LAISAMIS,LOIYANGALANI,KARGI,KURKUM,299,155,454,148,2489.49,0.18
EASTERN,LAISAMIS,LOIYANGALANI,LOIYANGALANI,EL-MOLO BAY,1005,970,1975,420,938.11,2.11
EASTERN,LAISAMIS,LOIYANGALANI,LOIYANGALANI,GAS,384,98,482,118,629.34,0.77
EASTERN,LAISAMIS,LOIYANGALANI,LOIYANGALANI,LOIYANGALANI,3310,3941,7251,1493,645.62,11.23
EASTERN,LAISAMIS,LOIYANGALANI,LOIYANGALANI,MOITE,1097,764,1861,365,435.24,4.28
EASTERN,LAISAMIS,LOIYANGALANI,MT. KULAL,ARAPAL,538,437,975,248,428.13,2.28
EASTERN,LAISAMIS,LOIYANGALANI,MT. KULAL,LARACHI,172,188,360,79,272.23,1.32
EASTERN,LAISAMIS,LOIYANGALANI,MT. KULAL,MT. KULAL,1216,1379,2595,579,714.88,3.63
EASTERN,LAISAMIS,LOIYANGALANI,MT. KULAL,OLTUROT,485,374,859,181,138.95,6.18
EASTERN,LAISAMIS,LOIYANGALANI,SOUTH HORR,ARGE,526,536,1062,251,482.32,2.2
EASTERN,LAISAMIS,LOIYANGALANI,SOUTH HORR,KURUNGU,727,450,1177,217,726.05,1.62
EASTERN,LAISAMIS,LOIYANGALANI,SOUTH HORR,SOUTH HORR,654,802,1456,328,34.01,42.81
EASTERN,MAARA,MT. KENYA FOREST,MT. KENYA FOREST,MT. KENYA FOREST,21,6,27,18,183.78,0.15
EASTERN,MAARA,MUTHAMBI,GITIJE,CHAMUNGA,2469,2561,5030,1274,8.89,565.72
EASTERN,MAARA,MUTHAMBI,GITIJE,KAMWANGU,1012,947,1959,494,11.57,169.28
EASTERN,MAARA,MUTHAMBI,GITIJE,KANDUNGU,1868,1885,3753,922,13.29,282.44
EASTERN,MAARA,MUTHAMBI,MITHERU,GATUA,2404,2536,4940,1302,10.07,490.61
EASTERN,MAARA,MUTHAMBI,MITHERU,KARIMBA,2412,2634,5046,1259,9.72,519.35
EASTERN,MAARA,MUTHAMBI,MITHERU,NDUMBINI,1167,1093,2260,595,8.16,276.99
EASTERN,MAARA,MUTHAMBI,MITHERU,RUGUTA,1603,1460,3063,840,5.03,608.73
EASTERN,MAARA,MUTHAMBI,MUTHAMBI,IGAMURATHI,2073,2078,4151,1126,6.98,594.93
EASTERN,MAARA,MUTHAMBI,MUTHAMBI,IRIGA,1004,1051,2055,607,5.7,360.45
EASTERN,MAARA,MUTHAMBI,MUTHAMBI,WERU,1225,1200,2425,661,4.24,571.37
EASTERN,MAARA,MWIMBI,CHOGORIA,CHOGORIA,3791,4021,7812,2205,9.45,826.24
EASTERN,MAARA,MWIMBI,CHOGORIA,GIACHUKU,1370,1327,2697,724,7.13,378.45
EASTERN,MAARA,MWIMBI,CHOGORIA,KIRARO,1964,1943,3907,1036,5.5,710.29
EASTERN,MAARA,MWIMBI,CHOGORIA,MUKWEGO,1621,1587,3208,807,5.58,574.65
EASTERN,MAARA,MWIMBI,GANGA,KARIAKOMO,1584,1635,3219,849,4.44,724.54
EASTERN,MAARA,MWIMBI,GANGA,KIRUMI,2429,2540,4969,1284,13.19,376.65
EASTERN,MAARA,MWIMBI,GANGA,MUGUMANGO,3089,3097,6186,1550,13.9,444.99
EASTERN,MAARA,MWIMBI,GANGA,NDUNGURI,1541,1572,3113,825,5.21,597.69
EASTERN,MAARA,MWIMBI,KIERA,KAARE,2079,1951,4030,1018,30.94,130.25
EASTERN,MAARA,MWIMBI,KIERA,KARII,963,870,1833,474,19.09,96.03
EASTERN,MAARA,MWIMBI,KIERA,KATHINGITHU,261,233,494,143,17.9,27.6
EASTERN,MAARA,MWIMBI,KIERA,MAGUTUNI,2118,2356,4474,1210,14.04,318.57
EASTERN,MAARA,MWIMBI,MAARA,IRUMA,3006,3010,6016,1508,8.55,703.55
EASTERN,MAARA,MWIMBI,MAARA,KIROO,1716,1721,3437,853,8.64,397.58
EASTERN,MAARA,MWIMBI,MAARA,THIGAA,1320,1331,2651,697,5.24,506.11
EASTERN,MAARA,MWIMBI,MURUGI,GANTARAKI,1127,1134,2261,609,2.75,823.23
EASTERN,MAARA,MWIMBI,MURUGI,GITOMBANI,623,587,1210,327,3.74,323.11
EASTERN,MAARA,MWIMBI,MURUGI,KIANJAGI,2424,2273,4697,1249,11.96,392.62
EASTERN,MAARA,MWIMBI,MURUGI,KIRIANI,1260,1265,2525,709,3.68,686.53
EASTERN,MAARA,MWIMBI,MURUGI,KITHARE,705,687,1392,367,2.96,469.7
EASTERN,MAARA,MWIMBI,MURUGI,MUNGA,1138,1147,2285,609,3.95,578.96
EASTERN,MACHAKOS,ATHI RIVER,ATHI RIVER,ATHI RIVER TOWNSHIP,26448,23273,49721,17596,39.46,1260.19
EASTERN,MACHAKOS,ATHI RIVER,ATHI RIVER,ATHII RIVER NORTH,790,782,1572,353,38.33,41.01
EASTERN,MACHAKOS,ATHI RIVER,KATANI,KATANI,5058,4925,9983,2541,40.77,244.88
EASTERN,MACHAKOS,ATHI RIVER,KATANI,NGELANI,1921,1476,3397,1046,94.96,35.77
EASTERN,MACHAKOS,ATHI RIVER,KATANI,SYOKIMAU,23466,18688,42154,14332,37.3,1130.02
EASTERN,MACHAKOS,ATHI RIVER,LUKENYA,KINANIE,4024,3045,7069,2140,129.34,54.65
EASTERN,MACHAKOS,ATHI RIVER,LUKENYA,MATHATANI,5983,4486,10469,3247,282.6,37.04
EASTERN,MACHAKOS,ATHI RIVER,LUKENYA,MUTHWANI,8437,6700,15137,4227,180.42,83.9
EASTERN,MACHAKOS,CENTRAL,KATHEKAKAI,KATELEMBO,3303,3111,6414,1477,31.86,201.31
EASTERN,MACHAKOS,CENTRAL,KATHEKAKAI,KATHEKA-KAI,1578,1510,3088,688,8.58,359.78
EASTERN,MACHAKOS,CENTRAL,KATHEKAKAI,KITANGA,2240,1985,4225,938,37.52,112.61
EASTERN,MACHAKOS,CENTRAL,KATHEKAKAI,MIKUYU,2216,1877,4093,984,53.87,75.97
EASTERN,MACHAKOS,CENTRAL,KIIME KIMWE,KATOLONI,3038,3382,6420,1780,4.54,1414.03
EASTERN,MACHAKOS,CENTRAL,KIIME KIMWE,KIIMA KIMWE,1078,1099,2177,456,3.52,618.87
EASTERN,MACHAKOS,CENTRAL,KIIME KIMWE,MBILINI,1043,1063,2106,453,4.89,430.68
EASTERN,MACHAKOS,CENTRAL,KIIME KIMWE,MUTHINI,5285,5340,10625,3616,1.4,7585.49
EASTERN,MACHAKOS,CENTRAL,KIIME KIMWE,MWANYANI,976,921,1897,461,1.61,1176.14
EASTERN,MACHAKOS,CENTRAL,KIMUTWA,KAATHI,1427,1616,3043,637,15.33,198.45
EASTERN,MACHAKOS,CENTRAL,KIMUTWA,KIMUTWA,3265,3270,6535,1541,47.34,138.05
EASTERN,MACHAKOS,CENTRAL,KIMUTWA,KONZA,793,658,1451,422,255.65,5.68
EASTERN,MACHAKOS,CENTRAL,KIMUTWA,KYANZASU,1386,1391,2777,642,15.36,180.78
EASTERN,MACHAKOS,CENTRAL,MUA HILLS,KYAANI,724,747,1471,338,13.82,106.47
EASTERN,MACHAKOS,CENTRAL,MUA HILLS,KYANDA,1264,1312,2576,589,14.6,176.44
EASTERN,MACHAKOS,CENTRAL,MUA HILLS,MUA HILLS,1869,1837,3706,829,21.9,169.25
EASTERN,MACHAKOS,CENTRAL,MUMBUNI,KASINGA,4169,4324,8493,1934,12.58,675.19
EASTERN,MACHAKOS,CENTRAL,MUMBUNI,LOWER KIANDANI,5639,6020,11659,3418,9.72,1199.42
EASTERN,MACHAKOS,CENTRAL,MUMBUNI,MISAKWANI,4119,4068,8187,1840,10.66,768.34
EASTERN,MACHAKOS,CENTRAL,MUMBUNI,MUNGALA,4034,4133,8167,1893,8.15,1002.59
EASTERN,MACHAKOS,CENTRAL,MUMBUNI,UPPER KIANDANI,4771,4874,9645,2567,6.99,1379.73
EASTERN,MACHAKOS,CENTRAL,MUTITUNI,KIVUTINI,1939,2131,4070,950,3.89,1045.22
EASTERN,MACHAKOS,CENTRAL,MUTITUNI,MUTITUNI,2540,2594,5134,1258,2.79,1839.42
EASTERN,MACHAKOS,CENTRAL,MUTITUNI,NDUU,1791,1975,3766,880,4.89,770.79
EASTERN,MACHAKOS,CENTRAL,MUVUTI,KIVANDINI,2611,2843,5454,1225,11.44,476.86
EASTERN,MACHAKOS,CENTRAL,MUVUTI,MUVUTI,1871,1863,3734,798,9.61,388.39
EASTERN,MACHAKOS,CENTRAL,NGELANI,KAMUTHANGA,1729,2002,3731,912,4.3,868.3
EASTERN,MACHAKOS,CENTRAL,NGELANI,NGELANI,1716,1860,3576,837,7.22,495.58
EASTERN,MACHAKOS,CENTRAL,NGELANI,NZOWENI,1652,1807,3459,754,3.72,929.21
EASTERN,MACHAKOS,CENTRAL,TOWNSHIP,EASTLEIGH,3002,3282,6284,1366,2.29,2746.5
EASTERN,MACHAKOS,CENTRAL,TOWNSHIP,MJINI,4184,4230,8414,2961,2.71,3100.11
EASTERN,MACHAKOS,KALAMA,KALAMA,KIITINI,2957,3328,6285,1419,35.37,177.71
EASTERN,MACHAKOS,KALAMA,KALAMA,NZIUNI,2297,2573,4870,1015,17.55,277.44
EASTERN,MACHAKOS,KALAMA,KOLA,IIUNI,2072,2343,4415,986,26.62,165.87
EASTERN,MACHAKOS,KALAMA,KOLA,KATANGA,3616,4079,7695,1643,34.18,225.13
EASTERN,MACHAKOS,KALAMA,KYANGALA,KAKUYUNI,1155,1299,2454,568,7.84,312.98
EASTERN,MACHAKOS,KALAMA,KYANGALA,KINOI,1039,1303,2342,543,11.89,197.04
EASTERN,MACHAKOS,KALAMA,KYANGALA,KYANGALA,1040,1258,2298,541,10.46,219.69
EASTERN,MACHAKOS,KALAMA,LUMBWA,MUUMANDU,6021,6454,12475,2820,148.63,83.93
EASTERN,MACHAKOS,KATHIANI,IVETI,IVETI,1688,1776,3464,747,5.9,587.28
EASTERN,MACHAKOS,KATHIANI,IVETI,KAANI,3233,3490,6723,1457,20.61,326.25
EASTERN,MACHAKOS,KATHIANI,IVETI,KALILUNI,4303,4479,8782,1903,11.87,739.96
EASTERN,MACHAKOS,KATHIANI,IVETI,KITUNDUNI,1899,1976,3875,821,7.47,518.42
EASTERN,MACHAKOS,KATHIANI,IVETI,KOMBU,2190,2392,4582,966,4.86,942.53
EASTERN,MACHAKOS,KATHIANI,KAEWA,ITHAENI,1869,2148,4017,843,9.3,431.99
EASTERN,MACHAKOS,KATHIANI,KAEWA,KAEWA,2577,2804,5381,1162,7.14,753.95
EASTERN,MACHAKOS,KATHIANI,KAEWA,KALUNGA,2256,2398,4654,1019,4.94,941.21
EASTERN,MACHAKOS,KATHIANI,KAEWA,KAUTI,2118,2350,4468,998,10.68,418.44
EASTERN,MACHAKOS,KATHIANI,KAEWA,KITHIA,1803,2023,3826,898,5.37,712.25
EASTERN,MACHAKOS,KATHIANI,KATHIANI,KAIANI,2252,2465,4717,1108,10.99,429.17
EASTERN,MACHAKOS,KATHIANI,KATHIANI,KATHIANI,2718,3005,5723,1411,7.06,810.88
EASTERN,MACHAKOS,KATHIANI,KATHIANI,LITA,1685,1848,3533,805,5.8,609.56
EASTERN,MACHAKOS,KATHIANI,KATHIANI,MBEE,2505,2781,5286,1161,7.48,706.57
EASTERN,MACHAKOS,KATHIANI,KATHIANI,NGOLENI,2447,2684,5131,1150,7.1,722.56
EASTERN,MACHAKOS,KATHIANI,MITABONI,KINYAU,2507,2634,5141,1161,31.61,162.66
EASTERN,MACHAKOS,KATHIANI,MITABONI,MATHUNYA,1894,2159,4053,934,7.06,574.23
EASTERN,MACHAKOS,KATHIANI,MITABONI,MITABONI,3304,3387,6691,1602,14.72,454.41
EASTERN,MACHAKOS,KATHIANI,MITABONI,MIUMBUNI,2199,2316,4515,1021,11.48,393.39
EASTERN,MACHAKOS,KATHIANI,MITABONI,NGIINI,2311,2614,4925,1102,8.1,608.13
EASTERN,MACHAKOS,KATHIANI,MITABONI,THINU,2187,2543,4730,1143,7.55,626.75
EASTERN,MAKUENI,KAITI,IUANI,IUANI,2997,3263,6260,1185,33.15,188.86
EASTERN,MAKUENI,KAITI,KILALA,KAUMONI,1656,1708,3364,653,11.63,289.23
EASTERN,MAKUENI,KAITI,KILALA,KILALA,2924,3009,5933,1254,21.35,277.94
EASTERN,MAKUENI,KAITI,KILALA,NTHANGU,1245,1261,2506,495,22.44,111.67
EASTERN,MAKUENI,KAITI,KIVANI,KIVANI,1565,1700,3265,738,17.47,186.9
EASTERN,MAKUENI,KAITI,KIVANI,MAKONGO,1689,1662,3351,623,17.3,193.72
EASTERN,MAKUENI,KAITI,UKIA,KYUASINI,1436,1589,3025,627,24.75,122.22
EASTERN,MAKUENI,KAITI,UKIA,MUKUYUNI,3626,3781,7407,1532,24.29,304.94
EASTERN,MAKUENI,KAITI,UKIA,NZUUNI,1511,1723,3234,632,7.11,455.11
EASTERN,MAKUENI,KAITI,UKIA,UTAATI,3341,3420,6761,1397,39.47,171.28
EASTERN,MAKUENI,KATHONZWENI,KATHONZWENI,ITUKA,3378,3861,7239,1378,43.88,164.97
EASTERN,MAKUENI,KATHONZWENI,KATHONZWENI,THAVU,2508,2568,5076,931,48.75,104.12
EASTERN,MAKUENI,KATHONZWENI,KWAKAVISI,KAVINGONI,2456,2637,5093,924,43.12,118.12
EASTERN,MAKUENI,KATHONZWENI,KWAKAVISI,KWAKAVISI,2025,2157,4182,775,47.08,88.83
EASTERN,MAKUENI,KEE,KEE,IKALYONI,1429,1714,3143,735,11.71,268.43
EASTERN,MAKUENI,KEE,KEE,KYAMWALYE,1445,1627,3072,693,9.35,328.67
EASTERN,MAKUENI,KEE,WATEMA,KASUNGUNI,1039,1268,2307,541,8.91,258.95
EASTERN,MAKUENI,KEE,WATEMA,KITANDI,649,716,1365,308,5.09,268.18
EASTERN,MAKUENI,KEE,WATEMA,MUTULANI,990,1131,2121,493,4.61,460.16
EASTERN,MAKUENI,KEE,WATEMA,NGULUNI,1115,1286,2401,523,7.17,334.99
EASTERN,MAKUENI,KILUNGU,ILIMA,KYAMUOSO,4560,5128,9688,1899,30.02,322.67
EASTERN,MAKUENI,KILUNGU,ILIMA,NDOLO,2572,2942,5514,1042,12.88,427.99
EASTERN,MAKUENI,KILUNGU,ILIMA,WAUTU,2174,2369,4543,952,19.12,237.65
EASTERN,MAKUENI,KILUNGU,KIKOKO,KALONGO,4753,5357,10110,2053,17.61,573.96
EASTERN,MAKUENI,KILUNGU,KIKOKO,KISEKINI,2786,3117,5903,1145,10.36,569.84
EASTERN,MAKUENI,KILUNGU,KIKOKO,KITHANGATHINI,1570,1822,3392,756,6.6,513.56
EASTERN,MAKUENI,KILUNGU,KITHEMBE,KAUTI,1630,1843,3473,798,12.58,276.12
EASTERN,MAKUENI,KILUNGU,KITHEMBE,NDIANI,2366,2657,5023,1116,11.63,431.81
EASTERN,MAKUENI,KILUNGU,KITHEMBE,NDUU,2913,3138,6051,1326,14.46,418.48
EASTERN,MAKUENI,KILUNGU,MUSALAL,MUSALALA,3195,3709,6904,1437,21.92,315.02
EASTERN,MAKUENI,KITHUKI,KANZOKEA,KIMUNDI,1469,1613,3082,576,25.88,119.07
EASTERN,MAKUENI,KITHUKI,KANZOKEA,YINTHUNGU,1460,1629,3089,584,40.52,76.23
EASTERN,MAKUENI,KITHUKI,KITHUKI,KITHUKI,2750,2991,5741,1064,82.85,69.29
EASTERN,MAKUENI,KITISE,KITISE,KITISE,3363,3540,6903,1338,111.03,62.17
EASTERN,MAKUENI,KITISE,KITISE,MWANIA,1569,1670,3239,599,62.87,51.52
EASTERN,MAKUENI,KITISE,MBUVO,KIANGINI,2249,2426,4675,857,58.73,79.6
EASTERN,MAKUENI,KITISE,MBUVO,KITULUNI,2392,2620,5012,915,59.41,84.36
EASTERN,MAKUENI,MAVINDINI,KANTHUNI,IVINGANZIA,1353,1517,2870,553,34.85,82.35
EASTERN,MAKUENI,MAVINDINI,KANTHUNI,KANTHUNI,1407,1646,3053,557,43.34,70.44
EASTERN,MAKUENI,MAVINDINI,KANTHUNI,YEKANGA,1419,1483,2902,523,34.93,83.09
EASTERN,MAKUENI,MAVINDINI,MAVINDINI,KATITHI,1364,1540,2904,576,38.93,74.59
EASTERN,MAKUENI,MAVINDINI,MAVINDINI,MAVINDINI,2806,3022,5828,1152,53.95,108.02
EASTERN,MAKUENI,MAVINDINI,MUUSINI,KIUMONI,828,858,1686,299,17.35,97.18
EASTERN,MAKUENI,MAVINDINI,MUUSINI,MUUSINI,1988,2043,4031,713,35.29,114.22
EASTERN,MAKUENI,WOTE,KAKO,KAKO,3348,3444,6792,1410,54.52,124.59
EASTERN,MAKUENI,WOTE,KIKUMINI,KAMBI MAWE,1578,1574,3152,614,30.07,104.83
EASTERN,MAKUENI,WOTE,KIKUMINI,KIKUMINI,2679,2611,5290,995,58.26,90.79
EASTERN,MAKUENI,WOTE,MUVAU,KITONYONI,1284,1306,2590,462,27.06,95.72
EASTERN,MAKUENI,WOTE,MUVAU,MUVAU,3121,3087,6208,1182,56.51,109.86
EASTERN,MAKUENI,WOTE,NZIU,NZIU,3274,3264,6538,1358,40.86,160.02
EASTERN,MAKUENI,WOTE,WOTE,ITAA,1066,1129,2195,400,19.34,113.49
EASTERN,MAKUENI,WOTE,WOTE,KAMUNYOLO,4138,4108,8246,2506,23.47,351.34
EASTERN,MAKUENI,WOTE,WOTE,MUMBUNI,2475,2567,5042,1005,39.84,126.54
EASTERN,MAKUENI,WOTE,WOTE,UNOA,5520,5022,10542,2805,54.57,193.17
EASTERN,MARSABIT,CENTRAL,DAKABARICHA,DAKABARICHA,1497,1556,3053,584,7.64,399.62
EASTERN,MARSABIT,CENTRAL,DAKABARICHA,MATAARBA,605,582,1187,272,6.38,186.13
EASTERN,MARSABIT,CENTRAL,HULA HULA,HULA HULA,872,963,1835,417,197.27,9.3
EASTERN,MARSABIT,CENTRAL,HULA HULA,OGICHO,542,503,1045,244,175.04,5.97
EASTERN,MARSABIT,CENTRAL,JIRIME,JIRIME,96,92,188,36,65.17,2.88
EASTERN,MARSABIT,CENTRAL,JIRIME,MILIMA TATU,834,772,1606,306,14.35,111.91
EASTERN,MARSABIT,CENTRAL,KARARE,KARARE,980,1139,2119,442,233.8,9.06
EASTERN,MARSABIT,CENTRAL,KARARE,SCHEME,620,626,1246,241,133.89,9.31
EASTERN,MARSABIT,CENTRAL,MOUTAIN,TOWNSHIP,1399,1048,2447,581,1.32,1849.44
EASTERN,MARSABIT,CENTRAL,MOUTAIN,WABERA,2099,2105,4204,1093,0.93,4523.35
EASTERN,MARSABIT,CENTRAL,NAGAYO,MAJENGO,2762,2883,5645,1258,339.23,16.64
EASTERN,MARSABIT,CENTRAL,NAGAYO,NYAYO ROAD,1123,1205,2328,490,0.42,5493.16
EASTERN,MARSABIT,CENTRAL,SONGA,KITURUNI,679,589,1268,266,93.57,13.55
EASTERN,MARSABIT,CENTRAL,SONGA,LEYYAI,180,184,364,82,35.54,10.24
EASTERN,MARSABIT,CENTRAL,SONGA,SONGA,728,719,1447,315,43.73,33.09
EASTERN,MARSABIT,DIRRI,QILTA,GAR - QARSA,566,590,1156,233,214.02,5.4
EASTERN,MARSABIT,DIRRI,QILTA,QILTA,1414,1415,2829,541,68.46,41.32
EASTERN,MARSABIT,DIRRI,SAGANTE,RUKESA,2122,2098,4220,895,52.32,80.65
EASTERN,MARSABIT,DIRRI,SAGANTE,SAGANTE,0,0,0,0,32.02,0
EASTERN,MARSABIT,GADAMOJI,DIRIB GOMBO,DIRIB GOMBO,1103,1133,2236,452,45.69,48.94
EASTERN,MARSABIT,GADAMOJI,DIRIB GOMBO,QACHACHA,1251,1250,2501,528,51.33,48.72
EASTERN,MARSABIT,GADAMOJI,JALDESA,BADASA,976,874,1850,355,51.2,36.14
EASTERN,MARSABIT,GADAMOJI,JALDESA,JALDESA,774,828,1602,322,74.16,21.6
EASTERN,MARSABIT,MARSABIT G. R,M.G.RESERVE,MARSABIT,83,43,126,52,114.45,1.1
EASTERN,MBEERE,EVURORE,ISHIARA,EVURORE,4072,4703,8775,1983,45.41,193.24
EASTERN,MBEERE,EVURORE,ISHIARA,KAMARANDI,2653,3188,5841,1205,88.2,66.22
EASTERN,MBEERE,EVURORE,KANYUAMBORA,NGURA,2671,2946,5617,1434,21.66,259.27
EASTERN,MBEERE,EVURORE,KANYUAMBORA,NGUTHI,3037,3202,6239,1530,26.22,237.95
EASTERN,MBEERE,EVURORE,KIANGOMBE,KARIRU,1359,1471,2830,627,24.79,114.17
EASTERN,MBEERE,EVURORE,KIANGOMBE,KATHERA,2560,3015,5575,1237,38.48,144.87
EASTERN,MBEERE,EVURORE,NDURUMORI,IRIA ITUNE,2703,3023,5726,1199,98.95,57.86
EASTERN,MBEERE,EVURORE,NDURUMORI,NTHAMBU,2272,2707,4979,1102,66.08,75.35
EASTERN,MBEERE,GACHOKA,KIANJIRU,KIRIMA,3477,3381,6858,1522,60.6,113.17
EASTERN,MBEERE,GACHOKA,KIANJIRU,NYANGWA,1910,1686,3596,778,19.58,183.63
EASTERN,MBEERE,GACHOKA,MBETI SOUTH,GACHOKA,3745,3557,7302,1754,57.67,126.62
EASTERN,MBEERE,GACHOKA,MBETI SOUTH,GACHURIRI,2989,2773,5762,1721,69.44,82.98
EASTERN,MBEERE,GACHOKA,MBETI SOUTH,KIAMURINGA,2622,2351,4973,1238,43.11,115.35
EASTERN,MBEERE,GACHOKA,MBITA,GIKIIRO,3463,3164,6627,1463,22.82,290.36
EASTERN,MBEERE,GACHOKA,MBITA,MBITA,2436,2248,4684,1073,24.41,191.86
EASTERN,MBEERE,KIRITIRI,GICHICHE,GICHICHE,1408,1518,2926,672,21.51,136.04
EASTERN,MBEERE,KIRITIRI,GICHICHE,NJIGO,1924,1926,3850,881,65.88,58.44
EASTERN,MBEERE,KIRITIRI,KIAMBERE,KIAMBERE,2369,2614,4983,1159,68.18,73.08
EASTERN,MBEERE,KIRITIRI,KIAMBERE,NTHARAWE,798,773,1571,347,31.26,50.25
EASTERN,MBEERE,KIRITIRI,KITHUNTHIRI,GACEGETHIURI,1589,1490,3079,668,14.73,209.05
EASTERN,MBEERE,KIRITIRI,KITHUNTHIRI,KITHUNTHIRI,2687,2707,5394,1252,27.79,194.11
EASTERN,MBEERE,KIRITIRI,MAVURIA,KOMBO MUNYIRI,2244,2440,4684,1021,31.05,150.84
EASTERN,MBEERE,KIRITIRI,MAVURIA,MAVURIA,2017,1966,3983,902,60.99,65.31
EASTERN,MBEERE,KIRITIRI,MUTUOBARE,GACABARI,1223,1362,2585,545,66.94,38.62
EASTERN,MBEERE,KIRITIRI,MUTUOBARE,KINDARUMA,2878,3042,5920,1355,120.61,49.08
EASTERN,MBEERE,MAKIMA,MAKIMA,MAKIMA,2135,2110,4245,1044,42.05,100.96
EASTERN,MBEERE,MAKIMA,MAKIMA,MBONDONI,3929,3748,7677,1740,129.49,59.28
EASTERN,MBEERE,MAKIMA,MAKIMA,MWEA GRAZING,4763,4580,9343,2098,115.4,80.96
EASTERN,MBEERE,MAKIMA,MAKIMA,MWEA N. RESERVE,14,12,26,14,55.25,0.47
EASTERN,MBEERE,MWEA,KARABA,KARABA,4285,4394,8679,2082,49.9,173.93
EASTERN,MBEERE,MWEA,KARABA,WACHORO,4988,4895,9883,2582,34.1,289.79
EASTERN,MBEERE,MWEA,RIAKANAU,GATEGI,2396,2486,4882,1112,25.02,195.1
EASTERN,MBEERE,MWEA,RIAKANAU,RIAKANAU,3235,3438,6673,1558,63.67,104.81
EASTERN,MBEERE,SIAKAGO,GITIBURI,GITIBURI,3216,2997,6213,1460,39.04,159.13
EASTERN,MBEERE,SIAKAGO,GITIBURI,THURA,1487,1464,2951,729,9.94,296.74
EASTERN,MBEERE,SIAKAGO,MUMINJI,GANGARA,2496,2865,5361,1183,61.31,87.44
EASTERN,MBEERE,SIAKAGO,MUMINJI,KARAMBARI,1782,1889,3671,858,41.66,88.11
EASTERN,MBEERE,SIAKAGO,MUTITU,KIRIE,727,873,1600,374,28.19,56.76
EASTERN,MBEERE,SIAKAGO,MUTITU,MUTITU,1847,1871,3718,948,64.99,57.21
EASTERN,MBEERE,SIAKAGO,MUTITU,NGUTHI,1090,1288,2378,529,28.58,83.2
EASTERN,MBEERE,SIAKAGO,NTHAWA,RIANDU,4695,4650,9345,2296,61.42,152.14
EASTERN,MBEERE,SIAKAGO,NTHAWA,SIAKAGO,4069,4147,8216,2270,26.1,314.79
EASTERN,MBOONI,KALAWA,ATHI,KAVUMBU,625,695,1320,249,18.71,70.56
EASTERN,MBOONI,KALAWA,ATHI,KINZE,934,1037,1971,364,28.23,69.81
EASTERN,MBOONI,KALAWA,ATHI,MIANGENI,729,850,1579,319,20.97,75.31
EASTERN,MBOONI,KALAWA,KALAWA,KALAWA,755,844,1599,351,21.85,73.18
EASTERN,MBOONI,KALAWA,KALAWA,KIMEENI,920,1036,1956,382,29.6,66.08
EASTERN,MBOONI,KALAWA,KALAWA,MALUNDA,1278,1324,2602,583,27.41,94.93
EASTERN,MBOONI,KALAWA,KALAWA,MBUKONI,1211,1283,2494,567,15.98,156.05
EASTERN,MBOONI,KALAWA,KATANGINI,ITITU,866,941,1807,347,18.61,97.11
EASTERN,MBOONI,KALAWA,KATANGINI,KATHONGO,749,827,1576,309,21.14,74.54
EASTERN,MBOONI,KALAWA,KATANGINI,NDAUNI,989,1113,2102,412,15.83,132.78
EASTERN,MBOONI,KALAWA,KATANGINI,THWAKE,935,1013,1948,391,20.31,95.9
EASTERN,MBOONI,KALAWA,KATHULUMBI,KATHULUMBI,896,981,1877,386,30.92,60.71
EASTERN,MBOONI,KALAWA,KATHULUMBI,MUTEMBUKU,940,975,1915,385,21.42,89.41
EASTERN,MBOONI,KALAWA,KATHULUMBI,SYOTUVALI,1126,1302,2428,480,39.09,62.11
EASTERN,MBOONI,KISAU,KISAU,MANGANI,1591,1710,3301,707,23.43,140.9
EASTERN,MBOONI,KISAU,KISAU,MUKIMWANI,1973,2470,4443,911,21.48,206.86
EASTERN,MBOONI,KISAU,KISAU,MUTHWANI,2169,2427,4596,979,26.53,173.25
EASTERN,MBOONI,KISAU,KISAU,NGONI,2140,2172,4312,878,20.78,207.55
EASTERN,MBOONI,KISAU,KITETA,KAKUSWI,2197,2416,4613,1070,20.06,229.99
EASTERN,MBOONI,KISAU,KITETA,KIAMBWA,2756,3159,5915,1393,19.23,307.54
EASTERN,MBOONI,KISAU,KITETA,NDITUNI,1693,1866,3559,733,13.8,257.92
EASTERN,MBOONI,KISAU,KITETA,NGILUNI,2975,3345,6320,1333,30.25,208.94
EASTERN,MBOONI,KISAU,WAIA,KAKO,1509,1696,3205,651,29.6,108.29
EASTERN,MBOONI,KISAU,WAIA,NDULUKU,2027,2179,4206,871,34.59,121.61
EASTERN,MBOONI,KISAU,WAIA,SAKAI,1770,1854,3624,772,22.6,160.38
EASTERN,MBOONI,KISAU,WAIA,USALALA,2600,2655,5255,1162,34.73,151.31
EASTERN,MBOONI,MBOONI,KITHUNGO,KALIANI,2399,2650,5049,994,21.07,239.67
EASTERN,MBOONI,MBOONI,KITHUNGO,NGAI,2629,2886,5515,1077,17.15,321.65
EASTERN,MBOONI,MBOONI,KITHUNGO,UVUU,842,895,1737,371,1.69,1029.15
EASTERN,MBOONI,MBOONI,KITUNDU,KITUNDU,3208,3635,6843,1340,16.59,412.37
EASTERN,MBOONI,MBOONI,KITUNDU,MATAA,1046,1087,2133,414,5.41,394.34
EASTERN,MBOONI,MBOONI,MBOONI,KYUU,4481,4896,9377,2004,17.38,539.62
EASTERN,MBOONI,MBOONI,MBOONI,MUTITU,4828,5144,9972,2189,20.44,487.78
EASTERN,MBOONI,MBOONI,MBOONI,NZEVENI,4641,5291,9932,2075,16.65,596.49
EASTERN,MBOONI,MBOONI,MBOONI,UTHIUNI,2163,2330,4493,994,9.52,471.73
EASTERN,MBOONI,MBOONI,UTANGWA,KAVUMBU,1060,1230,2290,446,7.82,292.66
EASTERN,MBOONI,MBOONI,UTANGWA,UTANGWA,2225,2393,4618,845,7.93,582.49
EASTERN,MBOONI,TULIMANI,ITETANI,ITETANI,2453,2689,5142,1123,20.74,247.89
EASTERN,MBOONI,TULIMANI,KALAWANI,KALAWANI,4631,4761,9392,2036,36.87,254.75
EASTERN,MBOONI,TULIMANI,KALAWANI,MAVINDU,2894,3307,6201,1327,14.82,418.33
EASTERN,MBOONI,TULIMANI,TULIMANI,IIANI,3620,3782,7402,1544,36.71,201.62
EASTERN,MBOONI,TULIMANI,YANDUE,MBANYA,1547,1844,3391,731,8.92,380.25
EASTERN,MBOONI,TULIMANI,YANDUE,YANDUE,1768,2054,3822,807,7.75,492.91
EASTERN,MERU CENTRAL,ABOTHUGUCHI C.,GATIMBI,BARAGU,1122,1103,2225,587,3.9,571.13
EASTERN,MERU CENTRAL,ABOTHUGUCHI C.,GATIMBI,KANGI,800,807,1607,422,5.33,301.43
EASTERN,MERU CENTRAL,ABOTHUGUCHI C.,GATIMBI,RUIGA,1377,1439,2816,721,5.36,525
EASTERN,MERU CENTRAL,ABOTHUGUCHI C.,KARIENE,GITAUGA,1033,1042,2075,571,2.6,798.32
EASTERN,MERU CENTRAL,ABOTHUGUCHI C.,KARIENE,KARIENE,1829,1881,3710,965,3.4,1092.43
EASTERN,MERU CENTRAL,ABOTHUGUCHI C.,KIRIA,KARINDINE,622,573,1195,308,1.93,619.33
EASTERN,MERU CENTRAL,ABOTHUGUCHI C.,KIRIA,KINUGU,753,719,1472,366,1.72,854.37
EASTERN,MERU CENTRAL,ABOTHUGUCHI C.,KIRIA,KIRIA,964,921,1885,468,1.94,970.2
EASTERN,MERU CENTRAL,ABOTHUGUCHI C.,KIRIA,KIRIRWA,833,820,1653,432,2.57,642.72
EASTERN,MERU CENTRAL,ABOTHUGUCHI C.,KIRIGARA,KIRIGARA,1049,1129,2178,580,2.98,731.07
EASTERN,MERU CENTRAL,ABOTHUGUCHI C.,KIRIGARA,RWANDERI,972,1072,2044,589,2.72,750.64
EASTERN,MERU CENTRAL,ABOTHUGUCHI C.,MARIENE,MARIENE,1299,1393,2692,720,4.06,662.47
EASTERN,MERU CENTRAL,ABOTHUGUCHI C.,MARIENE,MUGABONE,559,574,1133,280,1.34,845.46
EASTERN,MERU CENTRAL,ABOTHUGUCHI C.,NKUENE,NKUENE,1109,997,2106,566,6.25,336.9
EASTERN,MERU CENTRAL,ABOTHUGUCHI C.,NKUENE,NKUENE YA KIORO,931,921,1852,520,4.96,373.12
EASTERN,MERU CENTRAL,ABOTHUGUCHI C.,NYWERI,NYWERI,784,761,1545,326,2.06,750.73
EASTERN,MERU CENTRAL,ABOTHUGUCHI C.,NYWERI,RUGUTI,870,923,1793,460,3.12,574.35
EASTERN,MERU CENTRAL,ABOTHUGUCHI E.,GAITU EAST,MBAJONE,2200,2242,4442,1143,19.35,229.55
EASTERN,MERU CENTRAL,ABOTHUGUCHI E.,GAITU WEST,GAITU,2292,2396,4688,1161,16.77,279.52
EASTERN,MERU CENTRAL,ABOTHUGUCHI E.,MWANGANTHIA,GATUUNE,1699,1687,3386,853,5.34,634.15
EASTERN,MERU CENTRAL,ABOTHUGUCHI E.,MWANGANTHIA,IGANE,1905,1921,3826,950,19,201.33
EASTERN,MERU CENTRAL,ABOTHUGUCHI E.,NDURUMA,KAONGO,2148,2182,4330,1170,9.94,435.48
EASTERN,MERU CENTRAL,ABOTHUGUCHI E.,NDURUMA,NKANDONE,2072,2049,4121,1034,23.68,173.99
EASTERN,MERU CENTRAL,ABOTHUGUCHI W.,KATHERI CENTRAL,KATHITA,893,898,1791,508,3.87,462.65
EASTERN,MERU CENTRAL,ABOTHUGUCHI W.,KATHERI CENTRAL,MWIRANGOMBE,557,530,1087,297,1.52,715.6
EASTERN,MERU CENTRAL,ABOTHUGUCHI W.,KATHERI CENTRAL,NKIRIRI NORTH,803,865,1668,452,2.63,633.43
EASTERN,MERU CENTRAL,ABOTHUGUCHI W.,KATHERI CENTRAL,NKIRIRI SOUTH,1493,1587,3080,886,3.79,812.66
EASTERN,MERU CENTRAL,ABOTHUGUCHI W.,KATHERI EAST,KIATHUMBI,599,535,1134,302,2.13,531.62
EASTERN,MERU CENTRAL,ABOTHUGUCHI W.,KATHERI EAST,KINJO NORTH,493,509,1002,279,2.28,440.17
EASTERN,MERU CENTRAL,ABOTHUGUCHI W.,KATHERI EAST,KINJO SOUTH,436,464,900,247,1.67,540.09
EASTERN,MERU CENTRAL,ABOTHUGUCHI W.,KATHERI EAST,KIRIMA KIATHI,811,867,1678,450,2.91,577.29
EASTERN,MERU CENTRAL,ABOTHUGUCHI W.,KATHERI WEST,KATHIRANGA C.,532,517,1049,279,1.4,748.91
EASTERN,MERU CENTRAL,ABOTHUGUCHI W.,KATHERI WEST,KATHIRANGA E.,496,519,1015,280,1.82,558.74
EASTERN,MERU CENTRAL,ABOTHUGUCHI W.,KATHERI WEST,KATHIRANGA N.,666,652,1318,356,2.78,474.7
EASTERN,MERU CENTRAL,ABOTHUGUCHI W.,KATHERI WEST,KATHIRANGA W.,571,551,1122,284,2.15,522.05
EASTERN,MERU CENTRAL,ABOTHUGUCHI W.,KIBARANYAKI,GIKUUNE,1123,1212,2335,692,3.3,708.31
EASTERN,MERU CENTRAL,ABOTHUGUCHI W.,KIBARANYAKI,KAUGU,758,786,1544,406,2.29,673.53
EASTERN,MERU CENTRAL,ABOTHUGUCHI W.,KIBARANYAKI,KIBARANYAKI,596,648,1244,333,2.42,513.9
EASTERN,MERU CENTRAL,ABOTHUGUCHI W.,KITHIRUNE EAST,KAGUMA,499,492,991,284,2.74,362.08
EASTERN,MERU CENTRAL,ABOTHUGUCHI W.,KITHIRUNE EAST,KIARAGO,413,413,826,189,1.22,676.49
EASTERN,MERU CENTRAL,ABOTHUGUCHI W.,KITHIRUNE EAST,MBWINJERU,620,621,1241,330,2.18,568.61
EASTERN,MERU CENTRAL,ABOTHUGUCHI W.,KITHIRUNE EAST,NDURUMA,792,766,1558,457,2.3,676.36
EASTERN,MERU CENTRAL,ABOTHUGUCHI W.,KITHIRUNE EAST,NKANDONE,501,505,1006,285,1.57,640.52
EASTERN,MERU CENTRAL,ABOTHUGUCHI W.,KITHIRUNE WEST,KIORU,990,1005,1995,542,4.06,491.86
EASTERN,MERU CENTRAL,ABOTHUGUCHI W.,KITHIRUNE WEST,MURUGI,1181,1311,2492,648,4.04,616.3
EASTERN,MERU CENTRAL,ABOTHUGUCHI W.,MARATHI,GAKURWENE,804,830,1634,556,1.32,1237.32
EASTERN,MERU CENTRAL,ABOTHUGUCHI W.,MARATHI,KARUGWA,537,579,1116,306,2.5,445.97
EASTERN,MERU CENTRAL,ABOTHUGUCHI W.,MARATHI,MARATHI,496,508,1004,266,2.51,400.77
EASTERN,MERU CENTRAL,KIAGU,KIAGU,KATHWENE,2812,2806,5618,1247,39.31,142.93
EASTERN,MERU CENTRAL,KIAGU,KIAGU,KIAMURI,1704,1757,3461,741,23,150.5
EASTERN,MERU CENTRAL,KIAGU,KIIJA,GITIE,1770,1705,3475,842,6.33,549.27
EASTERN,MERU CENTRAL,KIAGU,KIIJA,KIIJA,2549,2590,5139,1325,23.54,218.29
EASTERN,MERU CENTRAL,KIAGU,MAKANDUNE,KANYWEE,528,440,968,236,6.1,158.81
EASTERN,MERU CENTRAL,KIAGU,MAKANDUNE,MAKANDUNE,1060,1100,2160,546,10.84,199.25
EASTERN,MERU CENTRAL,KIAGU,MAKANDUNE,MATETU,733,689,1422,376,11.96,118.87
EASTERN,MERU CENTRAL,KIBIRICHIA,KIAMIOGO,KIAMIOGO,1567,1614,3181,846,12.96,245.4
EASTERN,MERU CENTRAL,KIBIRICHIA,KIAMIOGO,MBURUGITI,1911,2021,3932,1265,3.44,1143.95
EASTERN,MERU CENTRAL,KIBIRICHIA,KIBIRICHIA,GATHUINE,342,303,645,174,19.79,32.59
EASTERN,MERU CENTRAL,KIBIRICHIA,KIBIRICHIA,KIMBO,2101,2048,4149,1042,9.22,450.22
EASTERN,MERU CENTRAL,KIBIRICHIA,NTUGI,MBOROGA,1636,1711,3347,877,12.97,258.05
EASTERN,MERU CENTRAL,KIBIRICHIA,NTUGI,MURINYA,2268,2294,4562,1202,6.62,689.09
EASTERN,MERU CENTRAL,KIBIRICHIA,NTUMBURI,BARIER,1035,1152,2187,594,17.1,127.93
EASTERN,MERU CENTRAL,KIBIRICHIA,NTUMBURI,NTUMBURI,1370,1477,2847,760,23.74,119.9
EASTERN,MERU CENTRAL,MT. KENYA FOREST,MT. KENYA FOREST,MT. KENYA FOREST,47,24,71,30,351.5,0.2
EASTERN,MERU SOUTH,CHUKA,GITARENI,GITARENI,1482,1661,3143,884,4.33,726.12
EASTERN,MERU SOUTH,CHUKA,GITARENI,KAARANI,1135,1192,2327,590,5.11,455.58
EASTERN,MERU SOUTH,CHUKA,GITARENI,KIAMUCII,1485,1635,3120,803,11.44,272.64
EASTERN,MERU SOUTH,CHUKA,KARINGANI,KARONGONI,2358,2376,4734,1207,13.76,343.96
EASTERN,MERU SOUTH,CHUKA,KARINGANI,MARIANI,2457,2550,5007,1374,42.6,117.54
EASTERN,MERU SOUTH,CHUKA,KARINGANI,NDAGANI,2265,2264,4529,1225,8.95,506.25
EASTERN,MERU SOUTH,CHUKA,KARINGANI,NJAINI,494,496,990,239,1.76,561.16
EASTERN,MERU SOUTH,CHUKA,KARINGANI,RUKINDU,1448,1486,2934,775,5.39,544.51
EASTERN,MERU SOUTH,CHUKA,KIANGONDU,KIANGONDU,1917,1913,3830,1024,5.89,650.12
EASTERN,MERU SOUTH,CHUKA,KIANGONDU,MUCWA,1357,1375,2732,755,3.51,778.95
EASTERN,MERU SOUTH,CHUKA,KIANGONDU,TOWNSHIP,3767,4359,8126,2916,3.39,2395.5
EASTERN,MERU SOUTH,CHUKA,KITHANGANI,KITHANGANI,585,595,1180,319,7.07,166.86
EASTERN,MERU SOUTH,CHUKA,KITHANGANI,MAREMBO,628,663,1291,327,18.13,71.22
EASTERN,MERU SOUTH,CHUKA,KITHANGANI,RIANTHIGA,367,366,733,178,7.83,93.67
EASTERN,MERU SOUTH,CHUKA,KITHANGANI,WERU,572,606,1178,292,7.1,165.85
EASTERN,MERU SOUTH,CHUKA,MUGWE,KIREGE,2559,2635,5194,1280,7.46,695.93
EASTERN,MERU SOUTH,CHUKA,MUGWE,MUGIRIRWA,2614,2727,5341,1369,6.76,789.66
EASTERN,MERU SOUTH,CHUKA,MUIRU,MUIRU,1433,1482,2915,771,4.21,693.21
EASTERN,MERU SOUTH,CHUKA,MUIRU,NKUTHIKA,1054,1091,2145,541,4.93,434.82
EASTERN,MERU SOUTH,IGAMBANGOMBE,ITUGURURU,IGAMATUNDU,1069,1030,2099,548,13.15,159.58
EASTERN,MERU SOUTH,IGAMBANGOMBE,ITUGURURU,MBOGONI,782,781,1563,457,8.93,175
EASTERN,MERU SOUTH,IGAMBANGOMBE,KAJUKI,KAJUKI,1220,1415,2635,666,16.44,160.24
EASTERN,MERU SOUTH,IGAMBANGOMBE,KAJUKI,KAMUTIRIA,1341,1537,2878,677,11.97,240.4
EASTERN,MERU SOUTH,IGAMBANGOMBE,KAJUKI,MAKANYANGA,1208,1393,2601,585,21.23,122.54
EASTERN,MERU SOUTH,IGAMBANGOMBE,KAMAINDI,IGAMBANGOMBE,736,825,1561,343,11.21,139.27
EASTERN,MERU SOUTH,IGAMBANGOMBE,KAMAINDI,KAMAINDI,832,1030,1862,443,18.5,100.65
EASTERN,MERU SOUTH,IGAMBANGOMBE,KAMWIMBI,KAMWIMBI,1095,1180,2275,571,17.53,129.81
EASTERN,MERU SOUTH,IGAMBANGOMBE,KAMWIMBI,KIARITHA,1532,1604,3136,734,25.56,122.69
EASTERN,MERU SOUTH,IGAMBANGOMBE,MUTINO,KAMONKA,1088,1161,2249,530,16.98,132.41
EASTERN,MERU SOUTH,IGAMBANGOMBE,MUTINO,KATHANJE,1901,2078,3979,810,23.24,171.18
EASTERN,MERU SOUTH,IGAMBANGOMBE,MUTINO,MUTINO,1570,1752,3322,775,26.53,125.22
EASTERN,MERU SOUTH,MAGUMONI,KABUBONI,KABUBONI,1313,1440,2753,713,3.4,810.21
EASTERN,MERU SOUTH,MAGUMONI,KABUBONI,KANYAKINI,857,954,1811,482,2.55,709.78
EASTERN,MERU SOUTH,MAGUMONI,MAGUMONI,NJURI,1082,1179,2261,539,3.21,703.73
EASTERN,MERU SOUTH,MAGUMONI,MAGUMONI,NTHAMBO,1938,1984,3922,962,6.98,561.59
EASTERN,MERU SOUTH,MAGUMONI,MUKUUNI,KARAMANI,2002,2253,4255,1068,10.69,397.92
EASTERN,MERU SOUTH,MAGUMONI,MUKUUNI,KINORU,1257,1272,2529,648,7.23,349.59
EASTERN,MERU SOUTH,MAGUMONI,MUKUUNI,MUKUUNI,861,891,1752,455,3.59,488
EASTERN,MERU SOUTH,MAGUMONI,MWONGE,KAGUMO,678,707,1385,373,2.54,546.11
EASTERN,MERU SOUTH,MAGUMONI,MWONGE,KANGORO(KARAMANI),1379,1165,2544,546,3.24,786.3
EASTERN,MERU SOUTH,MAGUMONI,MWONGE,MWONGE,1334,1462,2796,700,3.72,752.26
EASTERN,MERU SOUTH,MAGUMONI,RUBATE,KANTHIRI,768,830,1598,415,4.62,345.89
EASTERN,MERU SOUTH,MAGUMONI,RUBATE,RUBATE,1211,1277,2488,662,4.35,571.74
EASTERN,MERU SOUTH,MAGUMONI,THUITA,KATHATWA,1657,1653,3310,803,4.01,826.43
EASTERN,MERU SOUTH,MAGUMONI,THUITA,THUITA,1489,1605,3094,885,4,774.43
EASTERN,MERU SOUTH,MT. KENYA FOREST,MT. KENYA FOREST,MT. KENYA FOREST,0,0,0,0,178.97,0
EASTERN,MOYALE,CENTRAL,BORI,BORI,2701,2194,4895,753,129.1,37.92
EASTERN,MOYALE,CENTRAL,BORI,KATE,1163,862,2025,310,169.21,11.97
EASTERN,MOYALE,CENTRAL,BUTIYE,BUTIYE,2440,2357,4797,752,2.85,1683.34
EASTERN,MOYALE,CENTRAL,BUTIYE,GOROMUDA,1862,2001,3863,612,2.51,1537.76
EASTERN,MOYALE,CENTRAL,HEILU,HEILU,4708,3828,8536,1115,4.47,1908.34
EASTERN,MOYALE,CENTRAL,HEILU,MANSILE,1132,911,2043,262,13.7,149.15
EASTERN,MOYALE,CENTRAL,KINISA,KINISA,1627,1449,3076,467,29.06,105.85
EASTERN,MOYALE,CENTRAL,LAMI,LAMI,2194,2410,4604,712,0.78,5916.22
EASTERN,MOYALE,CENTRAL,MANYATTA,MANYATTA,1416,1477,2893,479,2.7,1071.24
EASTERN,MOYALE,CENTRAL,SOMARE,SOMARE,745,613,1358,238,21,64.66
EASTERN,MOYALE,CENTRAL,SOMARE,TESSO,369,235,604,168,17.03,35.48
EASTERN,MOYALE,CENTRAL,TOWNSHIP,GURUMESA,1856,1922,3778,613,1.03,3680.11
EASTERN,MOYALE,CENTRAL,TOWNSHIP,SESSI,1308,1220,2528,532,1.71,1479.49
EASTERN,MOYALE,CENTRAL,TOWNSHIP,TOWNSHIP,3132,3257,6389,1139,0.98,6548.79
EASTERN,MOYALE,GOLBO,DABEL,DABEL,2365,1950,4315,612,315.86,13.66
EASTERN,MOYALE,GOLBO,DABEL,DIRDIMA,1297,1338,2635,372,298.57,8.83
EASTERN,MOYALE,GOLBO,DABEL,GOLA,1624,1538,3162,396,181.71,17.4
EASTERN,MOYALE,GOLBO,DABEL,GUYO TIMOR,1632,1494,3126,465,1016.07,3.08
EASTERN,MOYALE,GOLBO,GODOMA,DIDIQO,1199,943,2142,318,69.94,30.63
EASTERN,MOYALE,GOLBO,GODOMA,GODOMA,1746,1581,3327,495,54.52,61.02
EASTERN,MOYALE,GOLBO,NANA,NANA,1839,1665,3504,584,62.53,56.04
EASTERN,MOYALE,GOLBO,NANA,YABALO,1331,1217,2548,424,84.92,30
EASTERN,MOYALE,GOLBO,ODDA,FUNANYATTA,747,706,1453,241,127.35,11.41
EASTERN,MOYALE,GOLBO,ODDA,ODDA,1585,1364,2949,540,162.53,18.14
EASTERN,MOYALE,OBBU,AMBALLO,AMBALLO,793,596,1389,209,892.88,1.56
EASTERN,MOYALE,OBBU,AMBALLO,BODODHA,452,371,823,148,597.46,1.38
EASTERN,MOYALE,OBBU,ANONA,ANONA,778,667,1445,247,14.81,97.58
EASTERN,MOYALE,OBBU,D/FACHANA,D/FACHANA,685,615,1300,250,344.8,3.77
EASTERN,MOYALE,OBBU,D/FACHANA,GARBA,218,198,416,70,674.43,0.62
EASTERN,MOYALE,OBBU,SOLOLO,RAMATA,2543,2561,5104,902,43.42,117.56
EASTERN,MOYALE,OBBU,SOLOLO MAKUTANO,SOLOLO MAKUTANO,630,637,1267,226,737.53,1.72
EASTERN,MOYALE,OBBU,WAYE,MADO ADHI,571,522,1093,196,55.85,19.57
EASTERN,MOYALE,OBBU,WAYE,WAYE GODHA,318,340,658,124,12.56,52.37
EASTERN,MOYALE,URAN,GOLOLE,GOLOLE,1183,969,2152,293,26.09,82.47
EASTERN,MOYALE,URAN,GOLOLE,KARBURURI,712,626,1338,205,48.92,27.35
EASTERN,MOYALE,URAN,RAWANA,BANALE,224,88,312,75,182.84,1.71
EASTERN,MOYALE,URAN,RAWANA,RAWANA,498,498,996,197,1988.61,0.5
EASTERN,MOYALE,URAN,URAN,LATAKA,768,620,1388,220,177.98,7.8
EASTERN,MOYALE,URAN,URAN,URAN,947,842,1789,292,24.57,72.82
EASTERN,MOYALE,URAN,WALDA,WALDA,953,826,1779,355,777.87,2.29
EASTERN,MUTOMO,ATHI,ATHI,KILAWA,1702,1848,3550,731,61.54,57.68
EASTERN,MUTOMO,ATHI,ATHI,KISIIO,1545,1544,3089,586,77.55,39.83
EASTERN,MUTOMO,ATHI,ATHI,KITUTI,4253,4409,8662,1648,235.38,36.8
EASTERN,MUTOMO,ATHI,KALIVU,KALIVU,1713,1971,3684,665,118.4,31.12
EASTERN,MUTOMO,ATHI,KALIVU,KATILINI,1493,1689,3182,509,100.03,31.81
EASTERN,MUTOMO,ATHI,KALIVU,MAKAIE,1793,1909,3702,638,82.35,44.95
EASTERN,MUTOMO,ATHI,MALUMA,MALUMA,2421,2549,4970,901,145.54,34.15
EASTERN,MUTOMO,ATHI,MALUMA,MONGUNI,984,1075,2059,376,54.24,37.96
EASTERN,MUTOMO,ATHI,MALUMA,MUAMBANI,1229,1310,2539,457,77.3,32.85
EASTERN,MUTOMO,IKANGA,IKANGA,ILUSYA,783,850,1633,339,16.09,101.5
EASTERN,MUTOMO,IKANGA,IKANGA,ITHUMULA,1919,2108,4027,782,50,80.54
EASTERN,MUTOMO,IKANGA,IKANGA,KATHUNGU,2825,3017,5842,1146,43.96,132.89
EASTERN,MUTOMO,IKANGA,IKANGA,KIANGWA,1921,2059,3980,782,38.61,103.09
EASTERN,MUTOMO,IKANGA,IKANGA,MAKELE,1141,1287,2428,487,33.79,71.85
EASTERN,MUTOMO,IKANGA,IKANGA,NDUUNDUNE,1350,1483,2833,555,36.26,78.13
EASTERN,MUTOMO,IKANGA,KYATUNE,KYATUNE,2028,2244,4272,812,58.84,72.6
EASTERN,MUTOMO,IKANGA,KYATUNE,NDATANI,1131,1222,2353,433,81.17,28.99
EASTERN,MUTOMO,IKANGA,KYATUNE,NGWANI,1840,2102,3942,746,52.46,75.15
EASTERN,MUTOMO,IKANGA,KYATUNE,VOTE,1022,1098,2120,414,49.22,43.07
EASTERN,MUTOMO,IKANGA,KYATUNE,YONGELA,1309,1446,2755,547,31.2,88.3
EASTERN,MUTOMO,IKUTHA,IKUTHA,KIANGU,1880,2069,3949,651,71.22,55.45
EASTERN,MUTOMO,IKUTHA,IKUTHA,KYOANI,1378,1541,2919,514,50.49,57.81
EASTERN,MUTOMO,IKUTHA,IKUTHA,MAAINI,559,349,908,149,18.27,49.7
EASTERN,MUTOMO,IKUTHA,IKUTHA,NDILI,1648,1732,3380,782,57.2,59.09
EASTERN,MUTOMO,IKUTHA,IKUTHA,NGAWUNI,697,818,1515,259,26.1,58.06
EASTERN,MUTOMO,IKUTHA,KASAALA,KASAALA,1621,1672,3293,564,42.11,78.2
EASTERN,MUTOMO,IKUTHA,KASAALA,NGWATE,1615,1753,3368,570,55.03,61.2
EASTERN,MUTOMO,IKUTHA,KASAALA,NZAMBA,1798,1774,3572,544,47.06,75.9
EASTERN,MUTOMO,IKUTHA,KASAALA,UIINI,1559,1713,3272,535,66.39,49.28
EASTERN,MUTOMO,KANZIKO,KANZIKO,KEITUNDA,883,961,1844,335,37.35,49.38
EASTERN,MUTOMO,KANZIKO,KANZIKO,KITUVWI,920,1025,1945,294,94.16,20.66
EASTERN,MUTOMO,KANZIKO,KANZIKO,KIVANDENI,932,1039,1971,328,30.61,64.39
EASTERN,MUTOMO,KANZIKO,KANZIKO,KYANYAA,580,652,1232,221,17.82,69.12
EASTERN,MUTOMO,KANZIKO,KANZIKO,MWANIANGA,860,954,1814,316,25.49,71.17
EASTERN,MUTOMO,KANZIKO,SIMISI,EKANI,1511,1749,3260,570,58.76,55.48
EASTERN,MUTOMO,KANZIKO,SIMISI,ILAMBA,625,660,1285,223,98,13.11
EASTERN,MUTOMO,KANZIKO,SIMISI,SIMISI,1201,1345,2546,475,58.82,43.28
EASTERN,MUTOMO,MUTHA,MATHIMA,KENGO,965,1066,2031,367,55.19,36.8
EASTERN,MUTOMO,MUTHA,MATHIMA,KIATU,941,1118,2059,348,42.82,48.09
EASTERN,MUTOMO,MUTHA,MATHIMA,KIIMANI,852,959,1811,311,51.7,35.03
EASTERN,MUTOMO,MUTHA,MATHIMA,KIVYUNI,1151,1231,2382,398,41.83,56.94
EASTERN,MUTOMO,MUTHA,MATHIMA,MIVUNE,634,751,1385,283,13.01,106.43
EASTERN,MUTOMO,MUTHA,MATHIMA,NDILILI,676,706,1382,220,19.39,71.28
EASTERN,MUTOMO,MUTHA,MUTHA,KAATENE,1104,1170,2274,395,77.3,29.42
EASTERN,MUTOMO,MUTHA,MUTHA,KALAMBANI,982,1046,2028,349,373.13,5.44
EASTERN,MUTOMO,MUTHA,MUTHA,NGAANI,2026,2154,4180,785,1863.93,2.24
EASTERN,MUTOMO,MUTHA,NDAKANI,ISAA,1027,1172,2199,379,32.39,67.89
EASTERN,MUTOMO,MUTHA,NDAKANI,KALIA KATUNE,1211,1385,2596,445,752.32,3.45
EASTERN,MUTOMO,MUTHA,NDAKANI,NDAKANI,1712,1866,3578,634,186.48,19.19
EASTERN,MUTOMO,MUTHA,VOO,IMALE,797,877,1674,312,42.03,39.83
EASTERN,MUTOMO,MUTHA,VOO,KASASI,1536,1688,3224,563,91.94,35.07
EASTERN,MUTOMO,MUTHA,VOO,KYANGINI,848,968,1816,323,59.94,30.3
EASTERN,MUTOMO,MUTHA,VOO,KYANGO,1570,1754,3324,566,63.97,51.96
EASTERN,MUTOMO,MUTHA,VOO,NZUNGUNI,1920,2140,4060,670,140.37,28.92
EASTERN,MUTOMO,MUTOMO,KIBWEA,KAWELU,2836,3180,6016,1233,90.9,66.18
EASTERN,MUTOMO,MUTOMO,KIBWEA,KIBWEA,1610,1757,3367,584,48.02,70.11
EASTERN,MUTOMO,MUTOMO,KIBWEA,UAE,1554,1671,3225,572,48.76,66.14
EASTERN,MUTOMO,MUTOMO,MUTOMO,KANDAE,1196,1422,2618,639,17.38,150.63
EASTERN,MUTOMO,MUTOMO,MUTOMO,KITOO,2311,2588,4899,880,77.07,63.56
EASTERN,MUTOMO,MUTOMO,MUTOMO,MWALA,2042,2283,4325,756,43.29,99.91
EASTERN,MUTOMO,TSAVO EAST NATIONAL PARK,TSAVO EAST NATIONAL PARK,TSAVO EAST NATIONAL PARK,0,0,0,0,6302.71,0
EASTERN,MWALA,KIBAUNI,IKALAASA,KAMUTHWA,1293,1412,2705,564,19.3,140.13
EASTERN,MWALA,KIBAUNI,IKALAASA,MATULANI,640,786,1426,287,28.03,50.87
EASTERN,MWALA,KIBAUNI,IKALAASA,NDITHINI,801,951,1752,366,22.66,77.31
EASTERN,MWALA,KIBAUNI,IKALAASA,NGUNGI,1203,1348,2551,535,14.62,174.48
EASTERN,MWALA,KIBAUNI,KIBAUNI,ITUMBULE,850,937,1787,404,14.56,122.76
EASTERN,MWALA,KIBAUNI,KIBAUNI,KITILE,756,871,1627,306,16.93,96.11
EASTERN,MWALA,KIBAUNI,KIBAUNI,MUKAA,721,827,1548,349,16.42,94.3
EASTERN,MWALA,KIBAUNI,NGOMANO,KILALA,1461,1532,2993,599,38.09,78.58
EASTERN,MWALA,KIBAUNI,NGOMANO,KIUNDUANI,774,764,1538,305,14.17,108.51
EASTERN,MWALA,MASII,MAKUTANO,KYAMUTWII,1095,1098,2193,485,9.14,239.88
EASTERN,MWALA,MASII,MAKUTANO,MATHUNTHINI,1211,1253,2464,512,11.5,214.24
EASTERN,MWALA,MASII,MAKUTANO,MAWELI,1659,1791,3450,781,24.82,139
EASTERN,MWALA,MASII,MANGO,KYANGANGA,1377,1373,2750,640,11.74,234.3
EASTERN,MWALA,MASII,MANGO,WETAA,1102,1055,2157,492,12.04,179.09
EASTERN,MWALA,MASII,MASII,KAVUMBU,1229,1418,2647,566,17.19,153.96
EASTERN,MWALA,MASII,MASII,KITHANGAINI,1620,1745,3365,694,16.62,202.46
EASTERN,MWALA,MASII,MASII,MBAANI,1223,1439,2662,553,16.29,163.38
EASTERN,MWALA,MASII,MASII,MITHINI,2193,2166,4359,973,24.94,174.79
EASTERN,MWALA,MASII,MASII,UTITHINI,2851,2955,5806,1522,22.51,257.88
EASTERN,MWALA,MASII,MUTHETHENI,EMBUI,1967,1928,3895,877,28.32,137.51
EASTERN,MWALA,MASII,MUTHETHENI,KALYAMBEU,1155,1322,2477,538,14.42,171.83
EASTERN,MWALA,MASII,MUTHETHENI,KANGETHE,935,1005,1940,447,10.28,188.68
EASTERN,MWALA,MASII,MUTHETHENI,KIONYWENI,958,1078,2036,434,13.94,146.01
EASTERN,MWALA,MASII,MUTHETHENI,KYETHIVO,1619,1837,3456,766,17.82,193.94
EASTERN,MWALA,MASII,MUTHETHENI,NTHAANI,861,955,1816,373,8.63,210.37
EASTERN,MWALA,MASII,VYULYA,MITHANGA,1133,1316,2449,517,8.67,282.58
EASTERN,MWALA,MASII,VYULYA,MUUSINI,1100,1156,2256,495,7.17,314.55
EASTERN,MWALA,MASII,VYULYA,UUNI,2466,2462,4928,1058,19.07,258.36
EASTERN,MWALA,MWALA,KATHAMA,ITIKONI,996,1012,2008,442,13.68,146.83
EASTERN,MWALA,MWALA,KATHAMA,KATITU,891,937,1828,415,7.22,253.02
EASTERN,MWALA,MWALA,KATHAMA,KWA MUTULA,1214,1331,2545,580,14,181.84
EASTERN,MWALA,MWALA,KATHAMA,MUTHWANI,1312,1478,2790,664,11.62,240.16
EASTERN,MWALA,MWALA,KATHAMA,ULAANI,1048,1101,2149,498,8.86,242.6
EASTERN,MWALA,MWALA,MBIUNI,KABAA,1719,1697,3416,727,20.13,169.69
EASTERN,MWALA,MWALA,MBIUNI,MAKILIVA,1584,1747,3331,700,10.54,315.96
EASTERN,MWALA,MWALA,MBIUNI,MBIUNI,1999,2006,4005,870,14.44,277.43
EASTERN,MWALA,MWALA,MBIUNI,MUMBUNI,2789,2977,5766,1202,30.87,186.81
EASTERN,MWALA,MWALA,MBIUNI,NYANYAA,2009,2295,4304,918,15.38,279.85
EASTERN,MWALA,MWALA,MWALA,KAMWALA,2341,2401,4742,976,16.63,285.11
EASTERN,MWALA,MWALA,MWALA,KANGII,677,699,1376,327,20.54,67
EASTERN,MWALA,MWALA,MWALA,KIBAU,2245,2234,4479,1043,14.02,319.38
EASTERN,MWALA,MWALA,MWALA,KIVANDINI,876,894,1770,381,8.97,197.23
EASTERN,MWALA,MWALA,MWALA,KYAWANGO,699,750,1449,337,16.27,89.09
EASTERN,MWALA,MWALA,MWALA,MYANYANI,1336,1395,2731,559,13.73,198.95
EASTERN,MWALA,MWALA,MWALA,NGULINI,1250,1316,2566,506,17.78,144.36
EASTERN,MWALA,YATHUI,MIU,KALAMBA,1019,1223,2242,474,16.69,134.36
EASTERN,MWALA,YATHUI,MIU,KIKULUMI,851,790,1641,347,11.37,144.38
EASTERN,MWALA,YATHUI,MIU,KYAWIKYO,748,813,1561,361,10.31,151.48
EASTERN,MWALA,YATHUI,MIU,NGAMBA,953,1168,2121,440,11.59,182.95
EASTERN,MWALA,YATHUI,MIU,UTITHINI,1682,1833,3515,808,21.52,163.35
EASTERN,MWALA,YATHUI,WAMUNYU,KAITHA,1540,1612,3152,651,26.49,119.01
EASTERN,MWALA,YATHUI,WAMUNYU,KAMBITI,1555,1603,3158,784,28.21,111.93
EASTERN,MWALA,YATHUI,WAMUNYU,KILEMBWA,1036,1091,2127,439,24.06,88.4
EASTERN,MWALA,YATHUI,WAMUNYU,KYAWANGO,1861,1889,3750,868,17.76,211.15
EASTERN,MWALA,YATHUI,WAMUNYU,NYAANI,1384,1490,2874,543,19.44,147.87
EASTERN,MWALA,YATHUI,YATHUI,KWA-KALA,1225,1341,2566,522,34.35,74.7
EASTERN,MWALA,YATHUI,YATHUI,KYAMATULA,1844,2033,3877,856,28.91,134.11
EASTERN,MWALA,YATHUI,YATHUI,KYANGULUMI,2006,2154,4160,917,32.63,127.51
EASTERN,MWINGI,CENTRAL,ENDUI,KATHOKA,1791,2075,3866,805,71.98,53.71
EASTERN,MWINGI,CENTRAL,ENDUI,KATITIKA,1459,1566,3025,628,62.81,48.16
EASTERN,MWINGI,CENTRAL,ENDUI,NYANYAA,786,932,1718,332,41.72,41.18
EASTERN,MWINGI,CENTRAL,KANZANZU,KALISASI,832,985,1817,358,16.41,110.73
EASTERN,MWINGI,CENTRAL,KANZANZU,KANZANZU,1073,1206,2279,498,24.04,94.8
EASTERN,MWINGI,CENTRAL,KANZANZU,MAITHYAKANI,1006,1104,2110,428,18.54,113.81
EASTERN,MWINGI,CENTRAL,KIOMO,KAIRUNGU,2620,2868,5488,997,136.25,40.28
EASTERN,MWINGI,CENTRAL,KIOMO,KIOMO,1976,2146,4122,806,37.38,110.27
EASTERN,MWINGI,CENTRAL,KIOMO,MBONDONI,1084,1201,2285,461,23.76,96.16
EASTERN,MWINGI,CENTRAL,KYETHANI,KARURA,1170,1192,2362,444,46.03,51.32
EASTERN,MWINGI,CENTRAL,KYETHANI,KYETHANI,1916,2131,4047,827,64.5,62.74
EASTERN,MWINGI,CENTRAL,KYETHANI,WIKITHUKI,1273,1423,2696,484,50.44,53.45
EASTERN,MWINGI,CENTRAL,MUMBUNI,KATALWA,1063,1164,2227,472,24.85,89.62
EASTERN,MWINGI,CENTRAL,MUMBUNI,KISOVO,1511,1771,3282,636,31.92,102.83
EASTERN,MWINGI,CENTRAL,MUMBUNI,KWANUNGU,1039,1201,2240,485,8.41,266.46
EASTERN,MWINGI,CENTRAL,MWINGI,ENZIU,3127,3424,6551,1311,98.08,66.79
EASTERN,MWINGI,CENTRAL,MWINGI,ITHUMBI,1974,2087,4061,850,47.02,86.36
EASTERN,MWINGI,CENTRAL,MWINGI,KANZUI,1025,1225,2250,432,39.61,56.8
EASTERN,MWINGI,CENTRAL,MWINGI,KAVUVWANI,2330,2567,4897,913,39.51,123.96
EASTERN,MWINGI,CENTRAL,MWINGI,KIVOU,2098,2250,4348,785,33.85,128.45
EASTERN,MWINGI,CENTRAL,MWINGI,KYANIKA,3799,3877,7676,2165,24.36,315.15
EASTERN,MWINGI,CENTRAL,MWINGI,MWINGI,6359,6281,12640,3924,9.25,1365.95
EASTERN,MWINGI,CENTRAL,NZELUNI,ILALAMBYU,701,773,1474,340,7.5,196.51
EASTERN,MWINGI,CENTRAL,NZELUNI,NZATANI,1379,1475,2854,653,22.63,126.13
EASTERN,MWINGI,CENTRAL,NZELUNI,NZELUNI,942,1288,2230,489,18.81,118.54
EASTERN,MWINGI,CENTRAL,WAITA,IKUUSYA,1267,1495,2762,529,40.57,68.08
EASTERN,MWINGI,CENTRAL,WAITA,MWMBUI,1192,1319,2511,535,47.56,52.8
EASTERN,MWINGI,CENTRAL,WAITA,THONOA,1568,1760,3328,645,60.86,54.68
EASTERN,MWINGI,CENTRAL,WAITA,WAITA,1903,1777,3680,723,51.78,71.07
EASTERN,MWINGI,MIGWANI,KYOME,KASEVI,930,1150,2080,459,12.72,163.53
EASTERN,MWINGI,MIGWANI,KYOME,KYOME,1868,1963,3831,841,23.1,165.85
EASTERN,MWINGI,MIGWANI,KYOME,MUSUANI,971,1147,2118,445,15.66,135.26
EASTERN,MWINGI,MIGWANI,KYOME,THOKOA,1105,1343,2448,524,15.17,161.39
EASTERN,MWINGI,MIGWANI,MIGWANI,ITOLONI,1689,1865,3554,791,17.81,199.53
EASTERN,MWINGI,MIGWANI,MIGWANI,KALILUNI,999,1277,2276,493,19.87,114.56
EASTERN,MWINGI,MIGWANI,MIGWANI,KYAMBOO,857,1002,1859,421,8.27,224.7
EASTERN,MWINGI,MIGWANI,MIGWANI,MIGWANI,1205,1137,2342,592,7.39,316.77
EASTERN,MWINGI,MIGWANI,NGUTANI,KAKULULO,1706,1929,3635,675,42.84,84.84
EASTERN,MWINGI,MIGWANI,NGUTANI,KAVOLOI,1324,1668,2992,637,15.49,193.2
EASTERN,MWINGI,MIGWANI,NGUTANI,NGONGONI,1155,1398,2553,487,19.6,130.27
EASTERN,MWINGI,MIGWANI,NGUTANI,NZALAE,1297,1464,2761,563,30.77,89.74
EASTERN,MWINGI,MIGWANI,NGUTANI,NZAWA,2590,3408,5998,1211,44.52,134.74
EASTERN,MWINGI,MIGWANI,NZAUNI,KIKIINI,1257,1583,2840,581,12.96,219.21
EASTERN,MWINGI,MIGWANI,NZAUNI,MUIVU,1630,1887,3517,695,29.13,120.75
EASTERN,MWINGI,MIGWANI,NZAUNI,NZAUNI,1354,1615,2969,652,14.4,206.16
EASTERN,MWINGI,MIGWANI,THAANA NZAU,KYUSYANI,688,835,1523,273,36.72,41.48
EASTERN,MWINGI,MIGWANI,THAANA NZAU,THAANA NZAU,682,739,1421,276,24.99,56.86
EASTERN,MWINGI,MIGWANI,THAANA NZAU,WINZYEEI,1361,1499,2860,533,58.66,48.76
EASTERN,MWINGI,MIGWANI,THAANA NZAU,YENZUVA,1059,1200,2259,428,42.72,52.88
EASTERN,MWINGI,MIGWANI,THITANI,KANYAA,946,1077,2023,456,8.95,226.09
EASTERN,MWINGI,MIGWANI,THITANI,KASANGA,1231,1427,2658,567,30.32,87.67
EASTERN,MWINGI,MIGWANI,THITANI,KAVAINI,711,851,1562,347,33.46,46.68
EASTERN,MWINGI,MIGWANI,THITANI,KITULANI,655,836,1491,340,5.53,269.77
EASTERN,MWINGI,MUI,KALITINI,ITIKO,1212,1439,2651,529,57.53,46.08
EASTERN,MWINGI,MUI,KALITINI,KITISE,1593,1692,3285,690,59.03,55.65
EASTERN,MWINGI,MUI,KALITINI,YUMBU,1231,1295,2526,503,63.14,40.01
EASTERN,MWINGI,MUI,MUI,NGILUNI,2011,2062,4073,859,83.96,48.51
EASTERN,MWINGI,MUI,MUI,NGOO,2160,2451,4611,932,66.67,69.16
EASTERN,MWINGI,MUI,MUI,NGUNGI,1165,1317,2482,528,39.1,63.47
EASTERN,MWINGI,NGUNI,MBUVU,KALANGA,814,850,1664,304,45.12,36.88
EASTERN,MWINGI,NGUNI,MBUVU,MBUVU,2218,2567,4785,892,184.81,25.89
EASTERN,MWINGI,NGUNI,NGUNI,KYAVUKA,2382,2688,5070,928,140.53,36.08
EASTERN,MWINGI,NGUNI,NGUNI,MATHYAKANI,1298,1459,2757,507,57.47,47.97
EASTERN,MWINGI,NGUNI,NGUNI,MWASUMA,2464,2692,5156,1043,79.19,65.11
EASTERN,MWINGI,NGUNI,UKASI,KAMUTIU,1083,1244,2327,432,72.74,31.99
EASTERN,MWINGI,NGUNI,UKASI,MWALALI,1671,1805,3476,638,773.74,4.49
EASTERN,MWINGI,NGUNI,UKASI,UKASI,1888,2190,4078,770,405.1,10.07
EASTERN,MWINGI,NUU,MUTYANGOMBE,MWANGENI,1525,1691,3216,590,81.65,39.39
EASTERN,MWINGI,NUU,MUTYANGOMBE,NGIENI,1514,1754,3268,606,64.23,50.88
EASTERN,MWINGI,NUU,NUU,MWAMBIU,1511,1660,3171,577,87.22,36.36
EASTERN,MWINGI,NUU,NUU,NGAANI,1664,1834,3498,718,91.37,38.28
EASTERN,MWINGI,NUU,NUU,NYAANI,1502,1628,3130,591,106.79,29.31
EASTERN,MWINGI,NUU,WINGEMI,KYANGATI,2634,3102,5736,1036,134.7,42.58
EASTERN,MWINGI,NUU,WINGEMI,MALAWA,2598,3027,5625,1052,758.81,7.41
EASTERN,NZAUI,KALAMBA,IKANGAVYA,IKANGAVYA,2454,2744,5198,1081,25.78,201.66
EASTERN,NZAUI,KALAMBA,KALAMBA,KALAMBA,3523,3667,7190,1487,31.39,229.04
EASTERN,NZAUI,KALAMBA,KITHUMBA,KITHUMBA,1960,2034,3994,786,21.15,188.84
EASTERN,NZAUI,KALAMBA,KITHUMBA,NZEENI,989,1047,2036,416,10.83,187.93
EASTERN,NZAUI,KASIKEU,KASIKEU,KASIKEU,3571,3729,7300,1526,30.86,236.56
EASTERN,NZAUI,KASIKEU,KASIKEU,UVALENI,1668,1803,3471,749,15.21,228.23
EASTERN,NZAUI,KASIKEU,KASIKEU,WATHINI,2938,3258,6196,1220,38.99,158.92
EASTERN,NZAUI,KASIKEU,MUMELA,MUMELA,2764,2907,5671,1259,22.15,256.07
EASTERN,NZAUI,KILOME,KITAINGO,KIONGWANI,2121,2270,4391,900,28.42,154.49
EASTERN,NZAUI,KILOME,KITAINGO,KITAINGO,3541,3900,7441,1631,19.81,375.67
EASTERN,NZAUI,KILOME,MUKAA,KILOME,4349,4746,9095,2074,32.88,276.61
EASTERN,NZAUI,KILOME,MUKAA,MAIANI,2659,2939,5598,1293,19.69,284.36
EASTERN,NZAUI,KIOU,KWALE,KIOU,1067,1070,2137,444,5.7,374.87
EASTERN,NZAUI,KIOU,KWALE,KWALE,1472,1331,2803,658,44.87,62.47
EASTERN,NZAUI,KIOU,MUANI,LUMU,1379,1561,2940,587,17.08,172.15
EASTERN,NZAUI,KIOU,MUANI,MUANI,1792,1890,3682,706,16.28,226.21
EASTERN,NZAUI,KIOU,MUANI,SULTAN HAMUD,2336,1812,4148,1241,77.27,53.68
EASTERN,NZAUI,MALILI,KIIMA KIU,KAVUKO,550,494,1044,198,7.82,133.58
EASTERN,NZAUI,MALILI,KIIMA KIU,KIIMAKIU,2533,2436,4969,1114,38.78,128.13
EASTERN,NZAUI,MALILI,MALILI,MALILI,545,251,796,352,25.78,30.88
EASTERN,NZAUI,MALILI,MALILI,MAVIVYE,2433,2739,5172,1141,31.2,165.78
EASTERN,NZAUI,MALILI,NGAAMBA,ITUMBULE,2125,2144,4269,905,40.96,104.23
EASTERN,NZAUI,MALILI,NGAAMBA,NGAAMBA,3488,3253,6741,1633,127.53,52.86
EASTERN,NZAUI,MATILIKU,KILILI,KATHATU,986,1029,2015,382,16.34,123.34
EASTERN,NZAUI,MATILIKU,KILILI,KILILI,919,984,1903,378,8.98,211.95
EASTERN,NZAUI,MATILIKU,KILILI,MULENYU,565,575,1140,251,12.25,93.07
EASTERN,NZAUI,MATILIKU,KILILI,WEE,616,684,1300,248,12.36,105.18
EASTERN,NZAUI,MATILIKU,NZAUI,KAWALA,3406,3605,7011,1327,35.41,197.98
EASTERN,NZAUI,MATILIKU,NZAUI,MATILIKU,2536,2719,5255,1204,23.14,227.12
EASTERN,NZAUI,MBITINI,KAKUTHA,KITHUMANI,640,692,1332,259,8.38,159.04
EASTERN,NZAUI,MBITINI,KAKUTHA,MANOONI,755,815,1570,300,4.75,330.74
EASTERN,NZAUI,MBITINI,KAKUTHA,MUNGYANI,970,1143,2113,425,4.8,440.13
EASTERN,NZAUI,MBITINI,KAKUTHA,MWAMBWANI,862,907,1769,319,7.21,245.5
EASTERN,NZAUI,MBITINI,KAVUTHU,KAVUTHU,709,748,1457,283,8.14,178.99
EASTERN,NZAUI,MBITINI,KAVUTHU,MASUE,1686,1835,3521,670,9.41,374.1
EASTERN,NZAUI,MBITINI,KAVUTHU,VULUENI,1042,1113,2155,422,9.93,216.92
EASTERN,NZAUI,MBITINI,MUTYAMBUA,KATANI,1105,1261,2366,459,12.09,195.66
EASTERN,NZAUI,MBITINI,MUTYAMBUA,MUTISWA,1251,1431,2682,514,4.92,545.13
EASTERN,NZAUI,MBITINI,MUTYAMBUA,MUTYAMBUA,2091,2210,4301,835,14.02,306.89
EASTERN,NZAUI,MULALA,EMALI,EMALI,3947,3605,7552,2691,29.63,254.87
EASTERN,NZAUI,MULALA,EMALI,KWAKAKULU,1041,957,1998,365,5.6,356.49
EASTERN,NZAUI,MULALA,EMALI,TUTINI,1157,1183,2340,479,18.63,125.63
EASTERN,NZAUI,MULALA,KYEMUNDU,KALIINI,982,1017,1999,421,10.25,195.05
EASTERN,NZAUI,MULALA,KYEMUNDU,KYEMUNDU,746,785,1531,310,6.01,254.75
EASTERN,NZAUI,MULALA,KYEMUNDU,MBELETU,559,572,1131,225,5.21,217.28
EASTERN,NZAUI,MULALA,KYEMUNDU,MWASANGOMBE,399,429,828,178,3.54,233.85
EASTERN,NZAUI,MULALA,KYEMUNDU,YUMBANI,751,842,1593,320,7.01,227.39
EASTERN,NZAUI,MULALA,MULALA,ITETA,1267,1487,2754,533,7.99,344.72
EASTERN,NZAUI,MULALA,MULALA,KATUNE,1421,1497,2918,558,7.94,367.64
EASTERN,NZAUI,MULALA,MULALA,MAATHA,1354,1388,2742,561,20.03,136.87
EASTERN,NZAUI,MULALA,MULALA,MATIKU,1187,1306,2493,484,9.73,256.3
EASTERN,NZAUI,MULALA,MULALA,NGETHA,1385,1475,2860,601,15.45,185.12
EASTERN,NZAUI,NGUU,ITHUMBA,KAKILI,796,873,1669,337,15.55,107.34
EASTERN,NZAUI,NGUU,ITHUMBA,MASUMBA,810,868,1678,345,20.41,82.23
EASTERN,NZAUI,NGUU,ITHUMBA,MII,1234,1280,2514,465,37.55,66.95
EASTERN,NZAUI,NGUU,ITHUMBA,MITHUMONI,1067,1133,2200,425,21.65,101.62
EASTERN,NZAUI,NGUU,MWEINI,MWEINI,827,873,1700,304,29.75,57.14
EASTERN,NZAUI,NGUU,MWEINI,VOLOLO,978,1030,2008,391,34.35,58.45
EASTERN,NZAUI,NGUU,MWEINI,YIKIVUMBU,693,743,1436,263,22.13,64.88
EASTERN,NZAUI,NGUU,NGUU,KIKUMINI,683,664,1347,283,19.79,68.08
EASTERN,NZAUI,NGUU,NGUU,MASAMUKYE,538,546,1084,230,22.04,49.17
EASTERN,NZAUI,NGUU,NGUU,MUKAMEMBEU,1093,1051,2144,460,34.84,61.54
EASTERN,NZAUI,NGUU,NGUU,NDUNGUI,536,552,1088,212,8.66,125.69
EASTERN,NZAUI,NGUU,NGUU,NTHUNGUI,1011,1082,2093,409,31.8,65.81
EASTERN,NZAUI,NGUU,WOLWA,MAKASA,364,218,582,157,23.13,25.16
EASTERN,NZAUI,NGUU,WOLWA,THITHI,740,621,1361,323,15.38,88.5
EASTERN,NZAUI,NGUU,WOLWA,WOLWA,448,412,860,186,12.04,71.43
EASTERN,THARAKA,THARAKA CENTRAL,GITUMA,GITUMA,779,854,1633,307,33.2,49.19
EASTERN,THARAKA,THARAKA CENTRAL,GITUMA,KAGUMA,840,854,1694,351,38.11,44.45
EASTERN,THARAKA,THARAKA CENTRAL,KAROCHO,IBOTE,1498,1632,3130,677,22.12,141.51
EASTERN,THARAKA,THARAKA CENTRAL,KAROCHO,KAROCHO,2014,2175,4189,856,22.87,183.17
EASTERN,THARAKA,THARAKA CENTRAL,MARIMANTI,KAMATUNGU,1294,1379,2673,745,24.75,108.01
EASTERN,THARAKA,THARAKA CENTRAL,MARIMANTI,KIRANGARE,682,686,1368,308,20.62,66.33
EASTERN,THARAKA,THARAKA CENTRAL,MARIMANTI,KITHIGIRI,1333,1349,2682,712,22.67,118.28
EASTERN,THARAKA,THARAKA CENTRAL,MARIMANTI,MARIMANTI,887,925,1812,401,19.33,93.72
EASTERN,THARAKA,THARAKA CENTRAL,MATAKIRI,KERERIA,1096,1223,2319,491,15.69,147.82
EASTERN,THARAKA,THARAKA CENTRAL,MATAKIRI,MATAKIRI,1233,1406,2639,550,18.93,139.39
EASTERN,THARAKA,THARAKA CENTRAL,MWANYANI,MWANYANI,1441,1527,2968,636,14.32,207.25
EASTERN,THARAKA,THARAKA CENTRAL,MWANYANI,TUMBURA,1149,1241,2390,535,16.55,144.37
EASTERN,THARAKA,THARAKA CENTRAL,NKONDI,NKONDI,1492,1612,3104,657,21.63,143.5
EASTERN,THARAKA,THARAKA CENTRAL,NKONDI,RUKURINI,1086,1068,2154,463,16.7,128.99
EASTERN,THARAKA,THARAKA CENTRAL,NTUGI,KANYURU,1191,1261,2452,540,18.46,132.85
EASTERN,THARAKA,THARAKA CENTRAL,NTUGI,RUKENYA,1189,1293,2482,458,33.79,73.45
EASTERN,THARAKA,THARAKA CENTRAL,TURIMA,KATHUURA,887,862,1749,356,16.52,105.86
EASTERN,THARAKA,THARAKA CENTRAL,TURIMA,TURIMA,1891,2114,4005,840,25.88,154.74
EASTERN,THARAKA,THARAKA NORTH,GATUE,GATUNGA,3256,3534,6790,1382,91.32,74.35
EASTERN,THARAKA,THARAKA NORTH,GIKINGO,IRUNDUNI,3023,3290,6313,1230,32.63,193.47
EASTERN,THARAKA,THARAKA NORTH,GIKINGO,MUKOTHIMA,2260,2462,4722,1018,24.72,191.01
EASTERN,THARAKA,THARAKA NORTH,KANJORO,KANJORO,2069,2213,4282,852,67.35,63.58
EASTERN,THARAKA,THARAKA NORTH,KANJORO,MAUTHINI,1461,1549,3010,667,84.68,35.54
EASTERN,THARAKA,THARAKA NORTH,KATHANGACHINI,KATHANGACHINI,1929,1879,3808,852,168.33,22.62
EASTERN,THARAKA,THARAKA NORTH,KATHANGACHINI,TWANTHANJU,1941,1909,3850,808,100.3,38.38
EASTERN,THARAKA,THARAKA NORTH,MARAGWA,KAMAGUNA,1490,1712,3202,624,140.89,22.73
EASTERN,THARAKA,THARAKA NORTH,MARAGWA,KAMWATHU,1824,1947,3771,767,81.28,46.4
EASTERN,THARAKA,THARAKA NORTH,NTORONI,NTORONI,2138,2213,4351,917,19,229.06
EASTERN,THARAKA,THARAKA NORTH,THIITI,KIRUNDI,1307,1389,2696,536,13.44,200.6
EASTERN,THARAKA,THARAKA NORTH,THIITI,THIITI,1540,1641,3181,629,20,159.05
EASTERN,THARAKA,THARAKA SOUTH,CHIAKARIGA,CHIAKARIGA,1791,2169,3960,836,39.87,99.32
EASTERN,THARAKA,THARAKA SOUTH,CHIAKARIGA,MATIRI,1150,1320,2470,488,14.1,175.13
EASTERN,THARAKA,THARAKA SOUTH,GAKURUNGU,GAKURUNGU,876,885,1761,378,13.87,126.94
EASTERN,THARAKA,THARAKA SOUTH,GAKURUNGU,MURINDA,1459,1621,3080,662,7.29,422.55
EASTERN,THARAKA,THARAKA SOUTH,GAKURUNGU,MWERERA,693,756,1449,291,10.95,132.31
EASTERN,THARAKA,THARAKA SOUTH,KAMANYAKI,KAMANYAKI,734,768,1502,282,25.98,57.81
EASTERN,THARAKA,THARAKA SOUTH,KAMANYAKI,KIRUKUMA,604,661,1265,290,19.35,65.39
EASTERN,THARAKA,THARAKA SOUTH,KAMARANDI,KAMARANDI,1300,1424,2724,513,34.78,78.32
EASTERN,THARAKA,THARAKA SOUTH,KAMARANDI,UTURINI,738,808,1546,275,38.01,40.67
EASTERN,THARAKA,THARAKA SOUTH,NKARINI,GACERAKA,1113,1184,2297,476,19.9,115.4
EASTERN,THARAKA,THARAKA SOUTH,NKARINI,NKARINI,1715,1781,3496,669,18.99,184.07
EASTERN,THARAKA,THARAKA SOUTH,TUNYAI,GAKIRWE,824,818,1642,345,6.85,239.63
EASTERN,THARAKA,THARAKA SOUTH,TUNYAI,KITHINO,949,1004,1953,488,12.25,159.45
EASTERN,THARAKA,THARAKA SOUTH,TUNYAI,TUBUI,764,726,1490,292,8.54,174.5
EASTERN,THARAKA,THARAKA SOUTH,TUNYAI,TUNYAI,1957,2087,4044,943,32.7,123.66
EASTERN,TIGANIA,AKITHI,ATHWANA,KUANI,1711,2185,3896,859,4.54,858.77
EASTERN,TIGANIA,AKITHI,ATHWANA,LACIATHURIO,1251,1434,2685,562,30.68,87.51
EASTERN,TIGANIA,AKITHI,ATHWANA,MATIRU,1831,2427,4258,918,9.37,454.27
EASTERN,TIGANIA,AKITHI,KITHEO,KALIATI,1024,1142,2166,463,3.21,674.81
EASTERN,TIGANIA,AKITHI,KITHEO,KITHEO,2100,2357,4457,970,5.18,860.71
EASTERN,TIGANIA,AKITHI,KITHEO,MUCHUNE,1988,2183,4171,865,4.9,851.94
EASTERN,TIGANIA,AKITHI,KITHEO,NTIBA,786,883,1669,321,4,417.29
EASTERN,TIGANIA,AKITHI,NCHOORO,KARII,1837,2030,3867,802,5.17,747.78
EASTERN,TIGANIA,AKITHI,NCHOORO,MAANTHI,1562,1779,3341,729,4.74,705.52
EASTERN,TIGANIA,AKITHI,NCHOORO,MWILI,1840,2138,3978,857,4.26,932.84
EASTERN,TIGANIA,AKITHI,RWANDA,KADEBENE,493,564,1057,226,18.04,58.58
EASTERN,TIGANIA,AKITHI,RWANDA,KIBIRU,1325,1382,2707,597,43.19,62.68
EASTERN,TIGANIA,AKITHI,RWANDA,NTULILI,1828,1696,3524,673,43.73,80.59
EASTERN,TIGANIA,AKITHI,THINYAINE,LIMBINE,2237,2860,5097,1048,6.34,804.25
EASTERN,TIGANIA,AKITHI,THINYAINE,MWERONKANGA,1557,1766,3323,717,26.4,125.85
EASTERN,TIGANIA,AKITHI,THINYAINE,TWALE,1637,1940,3577,753,9.89,361.77
EASTERN,TIGANIA,KARAMA,ANTUANDURU,ANTUANDURU,1759,1870,3629,799,16.01,226.67
EASTERN,TIGANIA,KARAMA,ANTUANDURU,GITUNDU,1598,1639,3237,616,8.97,361.02
EASTERN,TIGANIA,KARAMA,KARAMA,AMETHO,2814,2935,5749,1103,18.3,314.11
EASTERN,TIGANIA,KARAMA,KARAMA,BARANGA,3013,3180,6193,1277,7.28,850.41
EASTERN,TIGANIA,KARAMA,KARAMA,URRU,2240,2361,4601,869,3.77,1219.03
EASTERN,TIGANIA,KARAMA,MULA,KALOTHERA,317,282,599,140,44.73,13.39
EASTERN,TIGANIA,KARAMA,MULA,KAMBERIA,544,508,1052,197,31.46,33.44
EASTERN,TIGANIA,MITUNTU,MITUNTU,KAILITHIRIA,688,790,1478,335,8.63,171.25
EASTERN,TIGANIA,MITUNTU,MITUNTU,MITUNTU,560,586,1146,260,2.82,406.22
EASTERN,TIGANIA,MITUNTU,MUMUI,LAIRANGI,861,924,1785,418,20.85,85.61
EASTERN,TIGANIA,MITUNTU,MUMUI,MUMUI,844,893,1737,412,19.71,88.14
EASTERN,TIGANIA,MITUNTU,MUMUI,REI,921,843,1764,434,10.92,161.51
EASTERN,TIGANIA,MITUNTU,THAU,MUTHIRU,1002,1066,2068,479,10.01,206.68
EASTERN,TIGANIA,MITUNTU,THAU,THAU,945,1085,2030,491,5.71,355.56
EASTERN,TIGANIA,MUTHARA,BUURI,LAILUBA,1837,2204,4041,821,36.03,112.16
EASTERN,TIGANIA,MUTHARA,BUURI,LANYIRU,1423,1652,3075,653,83.8,36.7
EASTERN,TIGANIA,MUTHARA,BUURI,MABURWA,1363,1604,2967,601,57.31,51.77
EASTERN,TIGANIA,MUTHARA,MUTHARA,ATHANJA,1960,2272,4232,887,7.23,585.02
EASTERN,TIGANIA,MUTHARA,MUTHARA,ATHINGA,1826,2170,3996,848,4.61,867.7
EASTERN,TIGANIA,MUTHARA,MUTHARA,IROTIA,1751,2164,3915,794,3.43,1140.97
EASTERN,TIGANIA,MUTHARA,MUTHARA,KETHARENE,2563,2982,5545,1219,6.82,813.32
EASTERN,TIGANIA,MUTHARA,MUTHARA,THUMBUKU,3838,4218,8056,1672,11.41,705.94
EASTERN,TIGANIA,MUTHARA,NGAREMARA,TIRINGWII,1555,1646,3201,683,95.09,33.66
EASTERN,TIGANIA,TIGANIA,AMUGAA,AMUGAA,1701,1821,3522,763,7.34,479.88
EASTERN,TIGANIA,TIGANIA,AMUGAA,CHURIU,1517,1611,3128,640,13.95,224.28
EASTERN,TIGANIA,TIGANIA,AMUGAA,NKWILA,1130,1165,2295,475,4.11,558.45
EASTERN,TIGANIA,TIGANIA,ANKAMIA,ANKAMIA,3093,3255,6348,1351,7.35,863.79
EASTERN,TIGANIA,TIGANIA,ANKAMIA,IGURUNE,1028,1014,2042,398,3.93,519.51
EASTERN,TIGANIA,TIGANIA,IGARII,IGARII,2325,2314,4639,895,13.53,342.97
EASTERN,TIGANIA,TIGANIA,IGARII,NKANDI,950,956,1906,394,9.9,192.57
EASTERN,TIGANIA,TIGANIA,THANGATHA,GIITHU,2600,2625,5225,1103,8.58,608.88
EASTERN,TIGANIA,TIGANIA,THANGATHA,KATITHINI,1237,1148,2385,593,10.19,233.97
EASTERN,TIGANIA,TIGANIA,THANGATHA,KUNATI,3483,3638,7121,1483,29.06,245.07
EASTERN,TIGANIA,TIGANIA,THANGATHA,NGUTU,800,779,1579,342,5.41,291.96
EASTERN,TIGANIA,TIGANIA CENTRAL,KIGUCHWA,ABONDII,1810,1891,3701,746,7.1,521.44
EASTERN,TIGANIA,TIGANIA CENTRAL,KIGUCHWA,KIGUCHWA,2936,3125,6061,1227,9.6,631.2
EASTERN,TIGANIA,TIGANIA CENTRAL,MICII MIKURU,AMETHO,1084,1126,2210,427,1.46,1511.42
EASTERN,TIGANIA,TIGANIA CENTRAL,MICII MIKURU,MICII MIKURU,3455,3745,7200,1556,20.3,354.74
EASTERN,TIGANIA,TIGANIA CENTRAL,MIKINDURI E.,AKAIGA,5478,5609,11087,2204,36.84,300.91
EASTERN,TIGANIA,TIGANIA CENTRAL,MIKINDURI E.,ATHWANA,2378,2621,4999,992,10.05,497.65
EASTERN,TIGANIA,TIGANIA CENTRAL,MIKINDURI W.,ANJUKI,4317,4363,8680,2013,8.72,995.64
EASTERN,TIGANIA,TIGANIA CENTRAL,MIKINDURI W.,KIGURU,1792,1823,3615,860,12.06,299.86
EASTERN,TIGANIA,TIGANIA CENTRAL,MIKINDURI W.,MAREGA,2681,2734,5415,1169,14.28,379.27
EASTERN,TIGANIA,TIGANIA WEST,KIANDIU,ITHAMARE,896,941,1837,383,6.3,291.61
EASTERN,TIGANIA,TIGANIA WEST,KIANDIU,KIANDIU,955,1036,1991,431,6.77,294.13
EASTERN,TIGANIA,TIGANIA WEST,KIANJAI,KIANJAI,2288,2476,4764,1102,6.36,749.28
EASTERN,TIGANIA,TIGANIA WEST,KIANJAI,MACHAKU,751,774,1525,337,3.99,381.83
EASTERN,TIGANIA,TIGANIA WEST,KIANJAI,MUTUONJUARI,2197,2493,4690,1056,5.49,853.57
EASTERN,TIGANIA,TIGANIA WEST,KIANJAI,NAIRIRI,836,1030,1866,398,6.14,303.8
EASTERN,TIGANIA,TIGANIA WEST,MIATHENE,MIATHENE,2423,2633,5056,1130,7.59,665.82
EASTERN,TIGANIA,TIGANIA WEST,MIATHENE,URRU,1515,1622,3137,713,5.21,602.37
EASTERN,TIGANIA,URINGU,KIMACHIA,AMWARI,1908,2032,3940,856,12.34,319.17
EASTERN,TIGANIA,URINGU,KIMACHIA,KAMAROO,1782,1853,3635,808,6.98,521.01
EASTERN,TIGANIA,URINGU,KIMACHIA,NTOOMBO,1891,1974,3865,836,9.4,410.99
EASTERN,TIGANIA,URINGU,KIORIMBA,KABOTO,415,397,812,168,4.5,180.42
EASTERN,TIGANIA,URINGU,KIORIMBA,KIORIMBA,1004,946,1950,450,4.71,413.76
EASTERN,TIGANIA,URINGU,KIORIMBA,MACHEGENE,867,851,1718,397,3.99,431.02
EASTERN,TIGANIA,URINGU,MBEU,KIBULINE,1634,1728,3362,759,8.18,411.18
EASTERN,TIGANIA,URINGU,MBEU,KIERU,2219,2243,4462,972,7.35,606.71
EASTERN,TIGANIA,URINGU,MBEU,KIMEREI,2287,2363,4650,1019,8.77,530.09
EASTERN,TIGANIA,URINGU,MBEU,MBEU,1921,2097,4018,847,13.44,298.87
EASTERN,TIGANIA,URINGU,NKOMO,KILENCHUNE,1345,1466,2811,680,9.4,298.94
EASTERN,TIGANIA,URINGU,NKOMO,KUNENE,3582,3612,7194,1644,7.77,926.45
EASTERN,TIGANIA,URINGU,NKOMO,LIMAURU,1437,1479,2916,635,7.97,365.7
EASTERN,YATTA,IKOMBE,IKOMBE,IKOMBE,3656,4316,7972,1660,76.63,104.03
EASTERN,YATTA,IKOMBE,IKOMBE,KITHEUNI,2493,2774,5267,1035,34.24,153.85
EASTERN,YATTA,IKOMBE,IKOMBE,KYASIONI,1849,1883,3732,781,27.1,137.71
EASTERN,YATTA,IKOMBE,KINYAATA,KINYAATA,2637,2922,5559,1125,60.31,92.18
EASTERN,YATTA,IKOMBE,KINYAATA,MAKUTANO,2604,2876,5480,1067,54.11,101.28
EASTERN,YATTA,IKOMBE,KINYAATA,MATHINGAU,3115,3558,6673,1381,79.01,84.46
EASTERN,YATTA,KATANGI,KATANGI,KATANGI,2524,2798,5322,1402,37.84,140.63
EASTERN,YATTA,KATANGI,KATANGI,MEKILINGI,2376,2781,5157,1047,56.17,91.82
EASTERN,YATTA,KATANGI,KYUA,KYUA,3124,3328,6452,1314,84.04,76.78
EASTERN,YATTA,KATANGI,KYUA,SYOKISINGA,2250,2600,4850,930,56.85,85.31
EASTERN,YATTA,MASINGA,EKALAKALA,EKALAKALA,3904,4030,7934,1769,73.27,108.28
EASTERN,YATTA,MASINGA,EKALAKALA,NZUKINI,1958,2091,4049,860,43.03,94.1
EASTERN,YATTA,MASINGA,IKAATINI,IKAATINI,1358,1449,2807,594,18.34,153.06
EASTERN,YATTA,MASINGA,IKAATINI,ITUNDUIMUNI,2066,2157,4223,930,42.78,98.72
EASTERN,YATTA,MASINGA,KANGONDE,KANGONDE,2040,2093,4133,826,67.28,61.43
EASTERN,YATTA,MASINGA,KANGONDE,KIKUMINI,2158,2356,4514,947,51.71,87.29
EASTERN,YATTA,MASINGA,KANGONDE,MIKUYUNI,1366,1480,2846,569,25.38,112.15
EASTERN,YATTA,MASINGA,KANGONDE,MUSINGINI,1869,2096,3965,795,53.31,74.38
EASTERN,YATTA,MASINGA,KITHYOKO,EENDEI,1460,1722,3182,618,54.27,58.64
EASTERN,YATTA,MASINGA,KITHYOKO,KITHYOKO,2291,2520,4811,1127,57.24,84.04
EASTERN,YATTA,MASINGA,KITHYOKO,MIANGENI,1869,2104,3973,787,68.04,58.39
EASTERN,YATTA,MASINGA,KITHYOKO,THATHA,2317,2603,4920,963,75.05,65.56
EASTERN,YATTA,MASINGA,KIVAA,IIANI,1554,1636,3190,666,58.12,54.88
EASTERN,YATTA,MASINGA,KIVAA,KAEWA,1981,2295,4276,912,44.67,95.72
EASTERN,YATTA,MASINGA,KIVAA,KIVAA,3569,3634,7203,1730,112.66,63.94
EASTERN,YATTA,MASINGA,KIVAA,KYONDONI,1178,1359,2537,528,52.43,48.39
EASTERN,YATTA,MASINGA,MASINGA,KATULYE,2323,2583,4906,989,59.61,82.3
EASTERN,YATTA,MASINGA,MASINGA,MASINGA,2370,2542,4912,1145,47.97,102.39
EASTERN,YATTA,MASINGA,MASINGA,MUKUSU,2336,2393,4729,973,50,94.57
EASTERN,YATTA,MASINGA,MASINGA,MUSUMAA,1390,1568,2958,583,33.24,88.99
EASTERN,YATTA,NDITHINI,MANANJA,KASUVILO,2709,2478,5187,1169,38.71,133.99
EASTERN,YATTA,NDITHINI,MANANJA,MANANJA,3398,3490,6888,1520,24.1,285.84
EASTERN,YATTA,NDITHINI,MUTHESYA,KATHUKINI,2368,2623,4991,1104,27.44,181.89
EASTERN,YATTA,NDITHINI,MUTHESYA,KIKULE,1934,1942,3876,829,50.16,77.28
EASTERN,YATTA,NDITHINI,MUTHESYA,MUTHESYA,2351,2692,5043,1079,24.27,207.81
EASTERN,YATTA,NDITHINI,NDITHINI,KIATINENI,2662,2545,5207,1156,44.08,118.12
EASTERN,YATTA,NDITHINI,NDITHINI,MILAANI,1745,1498,3243,699,88.11,36.81
EASTERN,YATTA,NDITHINI,NDITHINI,NDITHINI,2582,2855,5437,1183,17.56,309.68
EASTERN,YATTA,YATTA,KITHIMANI,KAMBI YA NDEKE,3272,3532,6804,1426,47.86,142.15
EASTERN,YATTA,YATTA,KITHIMANI,KITHENDU,5384,5588,10972,2406,38.11,287.91
EASTERN,YATTA,YATTA,KITHIMANI,KITHIMANI,4200,4067,8267,2103,64.32,128.52
EASTERN,YATTA,YATTA,MATUU,KAKUMINI,2819,2982,5801,1229,34.78,166.81
EASTERN,YATTA,YATTA,MATUU,KALULUINI,3220,3266,6486,1353,46.15,140.54
EASTERN,YATTA,YATTA,MATUU,KATULANI,1889,2086,3975,881,31.41,126.56
EASTERN,YATTA,YATTA,MATUU,MATUU,5461,5422,10883,3557,14.04,775.01
EASTERN,YATTA,YATTA,MAVOLONI,KISIIKI,2012,2264,4276,976,16.17,264.38
EASTERN,YATTA,YATTA,MAVOLONI,KWA NDOLO,3094,3347,6441,1456,32.52,198.05
EASTERN,YATTA,YATTA,MAVOLONI,MAVOLONI,2753,2809,5562,1272,34.84,159.65
EASTERN,YATTA,YATTA,NDALANI,KIVINGONI,3700,4088,7788,1727,55.81,139.56
EASTERN,YATTA,YATTA,NDALANI,MAMBA,3872,3799,7671,1809,46.6,164.62
EASTERN,YATTA,YATTA,NDALANI,NDALANI,3034,3155,6189,1225,28.36,218.25
NAIROBI,NAIROBI EAST,EMBAKASI,DANDORA,DANDORA A,28362,28115,56477,20163,1.97,28672.89
NAIROBI,NAIROBI EAST,EMBAKASI,DANDORA,DANDORA B,43090,42479,85569,27645,1.95,43917.57
NAIROBI,NAIROBI EAST,EMBAKASI,EMBAKASI,EMBAKASI,32674,32360,65034,19815,45.03,1444.17
NAIROBI,NAIROBI EAST,EMBAKASI,EMBAKASI,MIHANGO,12680,10256,22936,6167,14.92,1537
NAIROBI,NAIROBI EAST,EMBAKASI,KARIOBANGI SOUTH,KARIOBANGI SOUTH,15363,17673,33036,9869,1.41,23479.74
NAIROBI,NAIROBI EAST,EMBAKASI,KARIOBANGI SOUTH,MOWLEM,11632,11321,22953,7250,3.41,6722.41
NAIROBI,NAIROBI EAST,EMBAKASI,KAYOLE,KAYOLE,69665,70656,140321,45672,2.39,58655.27
NAIROBI,NAIROBI EAST,EMBAKASI,KAYOLE,KOMA ROCK,16195,19433,35628,8039,3.08,11582.2
NAIROBI,NAIROBI EAST,EMBAKASI,MUKURU KWA NJENGA,IMARA DAIMA,39466,31175,70641,26222,3.92,18042.3
NAIROBI,NAIROBI EAST,EMBAKASI,MUKURU KWA NJENGA,MUKURU KWA NJENGA,71619,58782,130401,49198,8.11,16082.01
NAIROBI,NAIROBI EAST,EMBAKASI,NJIRU,NJIRU,11847,10635,22482,7496,5.18,4338.81
NAIROBI,NAIROBI EAST,EMBAKASI,NJIRU,SAIKA,13530,13441,26971,7945,3.88,6955.23
NAIROBI,NAIROBI EAST,EMBAKASI,RUAI,NGUNDU,4870,4643,9513,2532,51.52,184.63
NAIROBI,NAIROBI EAST,EMBAKASI,RUAI,RUAI,13316,13132,26448,7316,48.95,540.25
NAIROBI,NAIROBI EAST,EMBAKASI,UMOJA,SAVANNAH,38064,37824,75888,23516,4.78,15859.56
NAIROBI,NAIROBI EAST,EMBAKASI,UMOJA,UMOJA II,45724,55753,101477,28097,3.13,32472.64
NAIROBI,NAIROBI EAST,MAKADARA,MAKADARA,HAMZA,8023,8228,16251,5348,0.89,18232.92
NAIROBI,NAIROBI EAST,MAKADARA,MAKADARA,HARAMBEE,11513,14746,26259,6561,2.19,11994.24
NAIROBI,NAIROBI EAST,MAKADARA,MAKADARA,LUMUMBA/JERICHO,2824,3155,5979,1607,0.38,15746.64
NAIROBI,NAIROBI EAST,MAKADARA,MAKONGENI,KALOLENI,4153,3608,7761,2536,0.61,12796.37
NAIROBI,NAIROBI EAST,MAKADARA,MAKONGENI,MAKONGENI,6568,5734,12302,3744,0.68,18203.61
NAIROBI,NAIROBI EAST,MAKADARA,MARINGO,MBOTELA,5601,5358,10959,3304,0.46,23654.22
NAIROBI,NAIROBI EAST,MAKADARA,MARINGO,OFAFA MARINGO,7241,7196,14437,4727,0.65,22341.38
NAIROBI,NAIROBI EAST,MAKADARA,MUKURU NYAYO,HAZINA,10492,10393,20885,6445,4.38,4773.06
NAIROBI,NAIROBI EAST,MAKADARA,MUKURU NYAYO,NAIROBI SOUTH,16785,15633,32418,10912,1.56,20802.1
NAIROBI,NAIROBI EAST,MAKADARA,VIWANDANI,LANDI MAWE,15434,11075,26509,9814,5.55,4772.1
NAIROBI,NAIROBI EAST,MAKADARA,VIWANDANI,VIWANDANI,25823,19058,44881,17926,5.71,7858.83
NAIROBI,NAIROBI NORTH,CENTRAL,HURUMA,HURUMA,37734,34761,72495,23800,0.7,103431.3
NAIROBI,NAIROBI NORTH,CENTRAL,HURUMA,KIAMAIKO,17053,16771,33824,10217,0.67,50619.57
NAIROBI,NAIROBI NORTH,CENTRAL,KARIOKOR,PANGANI,17702,19360,37062,9343,1.68,22001.78
NAIROBI,NAIROBI NORTH,CENTRAL,KARIOKOR,ZIWANI,4576,4342,8918,2618,0.83,10764.03
NAIROBI,NAIROBI NORTH,CENTRAL,MATHARE,MABATINI,15286,12974,28260,9809,0.35,79740.41
NAIROBI,NAIROBI NORTH,CENTRAL,MATHARE,MATHARE,11205,9258,20463,6617,0.82,25040.38
NAIROBI,NAIROBI NORTH,CENTRAL,MATHARE,MLANGO KUBWA,20622,17752,38374,15000,0.41,93005.33
NAIROBI,NAIROBI NORTH,CENTRAL,NGARA,NGARA EAST,7507,8076,15583,5067,1.31,11930.94
NAIROBI,NAIROBI NORTH,CENTRAL,NGARA,NGARA WEST,4818,4953,9771,2682,1.28,7622.87
NAIROBI,NAIROBI NORTH,CENTRAL,STAREHE,CITY CENTRE,5450,4161,9611,2331,1.34,7183.65
NAIROBI,NAIROBI NORTH,CENTRAL,STAREHE,CITY SQUARE,144,102,246,35,1.32,186.66
NAIROBI,NAIROBI NORTH,KASARANI,GITHURAI,GITHURAI,24893,26717,51610,17966,1.96,26357.18
NAIROBI,NAIROBI NORTH,KASARANI,GITHURAI,KAMUTHI,2087,2313,4400,1190,1.17,3764.54
NAIROBI,NAIROBI NORTH,KASARANI,GITHURAI,ZIMMERMAN,14483,17082,31565,10309,1.83,17290.21
NAIROBI,NAIROBI NORTH,KASARANI,KAHAWA,KAHAWA WEST,13066,9972,23038,6074,5.13,4486.99
NAIROBI,NAIROBI NORTH,KASARANI,KAHAWA,KIWANJA,9035,7921,16956,3813,8.75,1937.32
NAIROBI,NAIROBI NORTH,KASARANI,KAHAWA,KONGO SOWETO,7765,8678,16443,5063,1.2,13649.04
NAIROBI,NAIROBI NORTH,KASARANI,KARIOBANGI,KARIOBANGI NORTH,19902,19440,39342,12802,1.1,35778.46
NAIROBI,NAIROBI NORTH,KASARANI,KASARANI,KASARANI,28637,32679,61316,17712,11.67,5254.29
NAIROBI,NAIROBI NORTH,KASARANI,KASARANI,MWIKI,19450,19706,39156,12213,18.79,2084.24
NAIROBI,NAIROBI NORTH,KASARANI,KOROGOCHO,GITATHURU,11379,10356,21735,6480,0.48,45262.39
NAIROBI,NAIROBI NORTH,KASARANI,KOROGOCHO,KOROGOCHO,5376,5000,10376,3129,0.22,46136.06
NAIROBI,NAIROBI NORTH,KASARANI,KOROGOCHO,NYAYO,5203,4632,9835,3300,0.19,52286.02
NAIROBI,NAIROBI NORTH,KASARANI,ROYSAMBU,GARDEN,6516,5808,12324,3653,12.59,979.04
NAIROBI,NAIROBI NORTH,KASARANI,ROYSAMBU,NJATHAINI,3901,3446,7347,2348,5.3,1385.47
NAIROBI,NAIROBI NORTH,KASARANI,ROYSAMBU,ROYSAMBU,14119,13888,28007,9002,9.78,2863.85
NAIROBI,NAIROBI NORTH,KASARANI,RUARAKA,MATHARE 4A,10211,8565,18776,5627,0.22,87208.55
NAIROBI,NAIROBI NORTH,KASARANI,RUARAKA,MATHARE NORTH,29597,25561,55158,18450,0.46,119054.61
NAIROBI,NAIROBI NORTH,KASARANI,RUARAKA,RUARAKA,31395,29346,60741,18651,3.9,15580.61
NAIROBI,NAIROBI NORTH,KASARANI,RUARAKA,UTALII,9669,7830,17499,6572,1.69,10361.8
NAIROBI,NAIROBI NORTH,PUMWANI,BAHATI,KIMATHI,10701,10904,21605,6989,1.3,16614.12
NAIROBI,NAIROBI NORTH,PUMWANI,BAHATI,UHURU,10617,12601,23218,6450,1.51,15347.7
NAIROBI,NAIROBI NORTH,PUMWANI,EASTLEIGH NORTH,AIR BASE,23261,19907,43168,10317,5.03,8579.89
NAIROBI,NAIROBI NORTH,PUMWANI,EASTLEIGH NORTH,EASTLEIGH NORTH,23034,20224,43258,9408,0.88,49285.63
NAIROBI,NAIROBI NORTH,PUMWANI,EASTLEIGH SOUTH,CALIFORNIA,11065,10634,21699,6662,0.48,45253.39
NAIROBI,NAIROBI NORTH,PUMWANI,EASTLEIGH SOUTH,EASTLEIGH SOUTH /KIAMBIO,34711,31553,66264,21433,1.04,63776.71
NAIROBI,NAIROBI NORTH,PUMWANI,KAMUKUNJI,KAMUKUNJI,863,325,1188,113,0.24,4886.88
NAIROBI,NAIROBI NORTH,PUMWANI,KAMUKUNJI,MUTHURWA,1948,1523,3471,1304,0.49,7049.15
NAIROBI,NAIROBI NORTH,PUMWANI,KAMUKUNJI,S. MOYO,8082,6850,14932,5340,0.62,24072.22
NAIROBI,NAIROBI NORTH,PUMWANI,PUMWANI,GIKOMBA,788,782,1570,420,0.06,26342.28
NAIROBI,NAIROBI NORTH,PUMWANI,PUMWANI,GOROFANI/ BONDENI,2905,2290,5195,1824,0.17,30594.82
NAIROBI,NAIROBI NORTH,PUMWANI,PUMWANI,MAJENGO,8945,7342,16287,5295,0.29,55322.69
NAIROBI,NAIROBI WEST,DAGORETTI,KAWANGWARE,GATINA,24747,21125,45872,15987,1.51,30411.03
NAIROBI,NAIROBI WEST,DAGORETTI,KAWANGWARE,KAWANGWARE,34683,32731,67414,22262,2.39,28257.53
NAIROBI,NAIROBI WEST,DAGORETTI,KENYATTA /GOLF COURSE,KENYATTA /GOLF COURSE,10876,11940,22816,5987,5.1,4474.69
NAIROBI,NAIROBI WEST,DAGORETTI,KENYATTA /GOLF COURSE,WOODLEY,5834,6705,12539,3414,4.42,2837.01
NAIROBI,NAIROBI WEST,DAGORETTI,MUTUINI,KIRIGU,6097,6111,12208,3694,1.74,7027.4
NAIROBI,NAIROBI WEST,DAGORETTI,MUTUINI,MUTUINI,2918,2847,5765,1760,3.28,1758.1
NAIROBI,NAIROBI WEST,DAGORETTI,RIRUTA,NGANDO,17615,16399,34014,11162,3.16,10757.12
NAIROBI,NAIROBI WEST,DAGORETTI,RIRUTA,RIRUTA,32370,32950,65320,20245,4.16,15717.41
NAIROBI,NAIROBI WEST,DAGORETTI,UTHIRU-RUTHIMITU,RUTHIMITU,7493,7776,15269,4434,4.84,3155.73
NAIROBI,NAIROBI WEST,DAGORETTI,UTHIRU-RUTHIMITU,UTHIRU,8435,8871,17306,5434,3.06,5656.29
NAIROBI,NAIROBI WEST,DAGORETTI,WAITHAKA,KABIRIA,4859,4254,9113,2948,2.69,3385.84
NAIROBI,NAIROBI WEST,DAGORETTI,WAITHAKA,WAITHAKA,10464,11477,21941,6491,2.28,9609.76
NAIROBI,NAIROBI WEST,KIBERA,KAREN,KAREN,4768,4028,8796,2861,23.04,381.78
NAIROBI,NAIROBI WEST,KIBERA,KAREN,LENANA,2682,2310,4992,1362,16.59,300.88
NAIROBI,NAIROBI WEST,KIBERA,KIBERA,KIBERA,5293,4493,9786,3237,0.15,65196.54
NAIROBI,NAIROBI WEST,KIBERA,KIBERA,LINDI,19545,15613,35158,11551,0.5,70301.94
NAIROBI,NAIROBI WEST,KIBERA,KIBERA,MAKINA,12965,12277,25242,7926,0.66,38508.01
NAIROBI,NAIROBI WEST,KIBERA,KIBERA,SIRANGA,10198,7165,17363,6164,0.24,71072.45
NAIROBI,NAIROBI WEST,KIBERA,LAINI SABA,LAINI SABA,15688,12494,28182,9927,0.37,75941.79
NAIROBI,NAIROBI WEST,KIBERA,LAINI SABA,NYAYO HIGHRISE,12859,11332,24191,8414,0.39,61980.53
NAIROBI,NAIROBI WEST,KIBERA,LANGATA,HARDY,4848,4266,9114,2568,14.28,638.09
NAIROBI,NAIROBI WEST,KIBERA,LANGATA,LANGATA,6019,4382,10401,2866,17.48,595.07
NAIROBI,NAIROBI WEST,KIBERA,MUGUMO-INI,BOMAS,7912,8734,16646,4601,123.43,134.86
NAIROBI,NAIROBI WEST,KIBERA,MUGUMO-INI,MUGUMO-INI,14410,15981,30391,8478,2.98,10186.36
NAIROBI,NAIROBI WEST,KIBERA,NAIROBI WEST,NAIROBI WEST,15812,17565,33377,9166,6.91,4833.11
NAIROBI,NAIROBI WEST,KIBERA,NAIROBI WEST,SOUTH C,24028,23174,47202,13759,15.1,3126.13
NAIROBI,NAIROBI WEST,KIBERA,SERANGOMBE,GATWIKIRA,13580,11411,24991,7270,0.29,85322.64
NAIROBI,NAIROBI WEST,KIBERA,SERANGOMBE,OLYMPIC/KYANDA,15229,14127,29356,8327,0.74,39478.21
NAIROBI,WESTLANDS,WESTLANDS,HIGHRIDGE,HIGHRIDGE,13903,13364,27267,8075,3.74,7292.98
NAIROBI,WESTLANDS,WESTLANDS,HIGHRIDGE,KARURA,8452,7186,15638,4721,19.36,807.93
NAIROBI,WESTLANDS,WESTLANDS,HIGHRIDGE,MUTHAIGA,5624,5191,10815,3225,18.79,575.73
NAIROBI,WESTLANDS,WESTLANDS,KANGEMI,GICHAGI,10164,9290,19454,6409,0.87,22243.31
NAIROBI,WESTLANDS,WESTLANDS,KANGEMI,KANGEMI,23142,21422,44564,15256,1.57,28298.2
NAIROBI,WESTLANDS,WESTLANDS,KANGEMI,MT. VIEW,8439,8242,16681,5194,2.2,7574.01
NAIROBI,WESTLANDS,WESTLANDS,KILELESHWA,KILELESHWA,7389,9413,16802,4592,5.23,3209.61
NAIROBI,WESTLANDS,WESTLANDS,KILELESHWA,MUTHANGARI,4818,5582,10400,3151,3.8,2733.6
NAIROBI,WESTLANDS,WESTLANDS,KILIMANI,KILIMANI,14020,14912,28932,7419,8.97,3226.64
NAIROBI,WESTLANDS,WESTLANDS,KILIMANI,MAZIWA,6470,7720,14190,3931,7.09,2000.08
NAIROBI,WESTLANDS,WESTLANDS,KITISURU,KITISURU,3432,2761,6193,2105,8.61,719.51
NAIROBI,WESTLANDS,WESTLANDS,KITISURU,KYUNA,3746,3293,7039,2130,3.4,2071.57
NAIROBI,WESTLANDS,WESTLANDS,KITISURU,LORESHO,9449,8561,18010,5907,9.3,1936.64
NAIROBI,WESTLANDS,WESTLANDS,PARKLANDS,SPRING VALLEY,2685,2394,5079,1378,2.06,2462.31
NAIROBI,WESTLANDS,WESTLANDS,PARKLANDS,UPPER PARKLANDS,3015,3023,6038,1934,2.38,2537.08
NORTH EASTERN,FAFI,BURA,BURA,BURA,1478,1319,2797,569,2617.36,1.07
NORTH EASTERN,FAFI,BURA,KAMUTHE,KAMUTHE,1891,1554,3445,548,318.48,10.82
NORTH EASTERN,FAFI,BURA,MANSABUBU,GARASWEINO,445,433,878,183,626.95,1.4
NORTH EASTERN,FAFI,BURA,MANSABUBU,MANSABUBU,824,817,1641,318,479.44,3.42
NORTH EASTERN,FAFI,BURA,NANIGHI,NANIGHI,2101,1783,3884,650,1203.95,3.23
NORTH EASTERN,FAFI,GALMAGALA,BULAGOLOL,BULAGOLOL,1018,1045,2063,444,353.42,5.84
NORTH EASTERN,FAFI,GALMAGALA,GALMAGALA,GALMAGALA,1985,1581,3566,541,411.71,8.66
NORTH EASTERN,FAFI,GALMAGALA,GUBIS,GUBIS,2235,1658,3893,592,581.51,6.69
NORTH EASTERN,FAFI,JARAJILLA,AMUMA,AMUMA,1303,1006,2309,437,2558.81,0.9
NORTH EASTERN,FAFI,JARAJILLA,FAFI,FAFI,2004,1904,3908,703,4488.7,0.87
NORTH EASTERN,FAFI,JARAJILLA,WELMERER,WELMERER,34423,31205,65628,10699,710.1,92.42
NORTH EASTERN,FAFI,JARAJILLA,YUMBIS,YUMBIS,701,499,1200,225,1118.55,1.07
NORTH EASTERN,GARISSA,BALAMBALA,BALAMBALA,ASHADIN,2275,1805,4080,686,384.38,10.61
NORTH EASTERN,GARISSA,BALAMBALA,BALAMBALA,BALAMBALA,4108,2927,7035,937,345.73,20.35
NORTH EASTERN,GARISSA,BALAMBALA,BALAMBALA,KASHA,1647,1323,2970,450,290.59,10.22
NORTH EASTERN,GARISSA,BALAMBALA,DUJIS,DUJIS,1791,1452,3243,539,384.44,8.44
NORTH EASTERN,GARISSA,BALAMBALA,DUJIS,SHIDLEY,3323,2648,5971,722,225.74,26.45
NORTH EASTERN,GARISSA,BALAMBALA,JARAJARA,JARAJARA,1803,1510,3313,577,49.42,67.04
NORTH EASTERN,GARISSA,BALAMBALA,JARAJARA,KONE,2225,1818,4043,592,229,17.65
NORTH EASTERN,GARISSA,CENTRAL,BOUR-ALGI,BOUR-ALGI,1629,1279,2908,531,201.41,14.44
NORTH EASTERN,GARISSA,CENTRAL,IFTIN,IFTIN,12782,11818,24600,4469,16.96,1450.27
NORTH EASTERN,GARISSA,CENTRAL,KORA-KORA,KORA-KORA,1749,1486,3235,567,256.34,12.62
NORTH EASTERN,GARISSA,CENTRAL,TOWNSHIP,GALBET,13958,12984,26942,5046,9.07,2971.11
NORTH EASTERN,GARISSA,CENTRAL,TOWNSHIP,MEDINA,8413,7889,16302,2678,31.04,525.26
NORTH EASTERN,GARISSA,CENTRAL,TOWNSHIP,TOWNSHIP,11596,10753,22349,4242,2.32,9633.19
NORTH EASTERN,GARISSA,CENTRAL,WABERI,WABERI,10342,10275,20617,3396,169.95,121.31
NORTH EASTERN,GARISSA,DANYERE,DANYERE,DANYERE,3069,2359,5428,590,166.84,32.53
NORTH EASTERN,GARISSA,DANYERE,DANYERE,URQAAD,884,698,1582,251,153.27,10.32
NORTH EASTERN,GARISSA,DANYERE,LIBAHILOW,DAGOOB,1413,1026,2439,340,212.15,11.5
NORTH EASTERN,GARISSA,DANYERE,LIBAHILOW,LIBAHILOW,3317,2634,5951,839,386.3,15.41
NORTH EASTERN,GARISSA,DANYERE,SIKLEY,MUDEY,2266,1709,3975,555,67.77,58.65
NORTH EASTERN,GARISSA,DANYERE,SIKLEY,SIKLEY,3107,2338,5445,596,153.56,35.46
NORTH EASTERN,GARISSA,SANKURI,RAYA,ATHELELEY,526,421,947,175,174.34,5.43
NORTH EASTERN,GARISSA,SANKURI,RAYA,RAYA,1105,1065,2170,429,105.48,20.57
NORTH EASTERN,GARISSA,SANKURI,SAKA,DALEY,1036,868,1904,342,216.18,8.81
NORTH EASTERN,GARISSA,SANKURI,SAKA,SAKA,2673,2338,5011,913,531.91,9.42
NORTH EASTERN,GARISSA,SANKURI,SANKURI,BALICH,826,720,1546,359,153.02,10.1
NORTH EASTERN,GARISSA,SANKURI,SANKURI,SANKURI,2062,1609,3671,907,366.31,10.02
NORTH EASTERN,GARISSA,SANKURI,SHIMBIR,SHIMBIR,1277,1108,2385,390,305.14,7.82
NORTH EASTERN,IJARA,BODHAI,BODHAI,BODHAI,667,492,1159,187,536.99,2.16
NORTH EASTERN,IJARA,BODHAI,BODHAI,DOLOLO,502,384,886,139,152.07,5.83
NORTH EASTERN,IJARA,BODHAI,BODHAI,JALISH,1307,1229,2536,387,200.73,12.63
NORTH EASTERN,IJARA,HULUGHO,HADI,HADI,1906,1728,3634,468,2601.91,1.4
NORTH EASTERN,IJARA,HULUGHO,HADI,KORANHINDI,1443,1292,2735,406,349.86,7.82
NORTH EASTERN,IJARA,HULUGHO,HULUGHO,ELKAMBERE,2847,2610,5457,759,373.93,14.59
NORTH EASTERN,IJARA,HULUGHO,HULUGHO,GARABE,2264,1763,4027,562,249.17,16.16
NORTH EASTERN,IJARA,HULUGHO,HULUGHO,HULUGHO,2771,2329,5100,700,154.54,33
NORTH EASTERN,IJARA,IJARA,BULAGOLOL,BULAGOLOL,762,600,1362,188,94.34,14.44
NORTH EASTERN,IJARA,IJARA,GERILLE,GERILLE,775,672,1447,187,115.61,12.52
NORTH EASTERN,IJARA,IJARA,IJARA,IJARA,1750,1498,3248,525,96.28,33.73
NORTH EASTERN,IJARA,IJARA,RUQA,RUQA,758,646,1404,194,209.59,6.7
NORTH EASTERN,IJARA,IJARA,RUQA,WARSAME,986,952,1938,258,375.9,5.16
NORTH EASTERN,IJARA,IJARA,SANGOLE,BULAWACHA,451,352,803,121,267.77,3
NORTH EASTERN,IJARA,IJARA,SANGOLE,SANGOLE,714,558,1272,196,270.64,4.7
NORTH EASTERN,IJARA,MASALANI,HARA,HARA,1913,1747,3660,420,352.96,10.37
NORTH EASTERN,IJARA,MASALANI,HARA,QURAMADHA,1001,905,1906,300,289.53,6.58
NORTH EASTERN,IJARA,MASALANI,KORISA,KORISA,631,527,1158,146,107.12,10.81
NORTH EASTERN,IJARA,MASALANI,KOTILE,ABARATIRO,701,562,1263,173,27.74,45.54
NORTH EASTERN,IJARA,MASALANI,KOTILE,BULLA WARDE,454,338,792,115,51.3,15.44
NORTH EASTERN,IJARA,MASALANI,KOTILE,KOTILE,875,671,1546,208,70.88,21.81
NORTH EASTERN,IJARA,MASALANI,MASALANI,GABABA,1371,1362,2733,389,302.54,9.03
NORTH EASTERN,IJARA,MASALANI,MASALANI,M. DAHIR,4641,4227,8868,1331,200.39,44.25
NORTH EASTERN,IJARA,MASALANI,MASALANI,MASALANI,5432,5017,10449,1673,147.55,70.82
NORTH EASTERN,IJARA,SANGAILU,HANDARO,GEDILUUNI,651,498,1149,175,351.59,3.27
NORTH EASTERN,IJARA,SANGAILU,HANDARO,HANDARO,2726,2105,4831,600,530.42,9.11
NORTH EASTERN,IJARA,SANGAILU,SANGAILU,MATA-ARBA,1362,1136,2498,300,648.83,3.85
NORTH EASTERN,IJARA,SANGAILU,SANGAILU,SANGAILU,1510,1297,2807,417,14.64,191.7
NORTH EASTERN,IJARA,SANGAILU,SANGAILU,WAKABHAREY,6994,5001,11995,1656,672.54,17.84
NORTH EASTERN,LAGDERA,BENANE,BANANE,BANANE,5304,4326,9630,1342,142.78,67.45
NORTH EASTERN,LAGDERA,BENANE,ELDERE,ELDERE,3728,3370,7098,1038,486.48,14.59
NORTH EASTERN,LAGDERA,BENANE,TOKOJO,TOKOJO,1973,1530,3503,509,212.78,16.46
NORTH EASTERN,LAGDERA,DADAAB,ABAKAILE,ABAKAILE,3600,2702,6302,890,396.85,15.88
NORTH EASTERN,LAGDERA,DADAAB,ALANGO-ARBA,ALANGO-ARBA,2026,1592,3618,616,771.46,4.69
NORTH EASTERN,LAGDERA,DADAAB,DADAAB,DADAAB,31726,28664,60390,10064,160.14,377.11
NORTH EASTERN,LAGDERA,DADAAB,DAGAHALEY,DAGAHALEY,1494,1332,2826,467,79.18,35.69
NORTH EASTERN,LAGDERA,DADAAB,DERTU,DERTU,6318,5077,11395,1463,824.26,13.82
NORTH EASTERN,LAGDERA,DADAAB,KUMAHUMATO,KUMAHUMATO,3450,2682,6132,940,987.5,6.21
NORTH EASTERN,LAGDERA,DADAAB,LABISIGALE,LABISIGALE,23137,20604,43741,7241,316.41,138.24
NORTH EASTERN,LAGDERA,LIBOI,DAMAJALE,DAMAJALE,2333,1948,4281,781,1159.57,3.69
NORTH EASTERN,LAGDERA,LIBOI,DAMAJALE,KOKAR,1268,1094,2362,459,905.62,2.61
NORTH EASTERN,LAGDERA,LIBOI,KULAN,KULAN,1668,1452,3120,526,442.43,7.05
NORTH EASTERN,LAGDERA,LIBOI,LIBOI,HARE-HARE,1657,1344,3001,584,50.86,59
NORTH EASTERN,LAGDERA,LIBOI,LIBOI,LIBOI,2711,2608,5319,870,687.08,7.74
NORTH EASTERN,LAGDERA,MODOGASHE,ILAN,ILAN,5144,3674,8818,1070,390.83,22.56
NORTH EASTERN,LAGDERA,MODOGASHE,MAALIM,DIHILEY,3676,2689,6365,908,308.57,20.63
NORTH EASTERN,LAGDERA,MODOGASHE,MAALIM,MAALIM,2370,2042,4412,574,622.69,7.09
NORTH EASTERN,LAGDERA,MODOGASHE,MODOGASHE,MODOGASHE,12025,9754,21779,3062,704.46,30.92
NORTH EASTERN,LAGDERA,SHANT-ABAK,BARAKI,BARAKI,2939,2407,5346,694,692.23,7.72
NORTH EASTERN,LAGDERA,SHANT-ABAK,GARUFA,CHERON,1843,1492,3335,410,363.01,9.19
NORTH EASTERN,LAGDERA,SHANT-ABAK,GARUFA,GARUFA,4213,3473,7686,1048,462.34,16.62
NORTH EASTERN,LAGDERA,SHANT-ABAK,GOREALE,AFWEINE,2472,1960,4432,599,664.99,6.66
NORTH EASTERN,LAGDERA,SHANT-ABAK,GOREALE,GOREALE,6089,4143,10232,1228,1467.48,6.97
NORTH EASTERN,MANDERA CENTRAL,ASHABITO,ASHABITO,ASHABITO,5858,4606,10464,1272,546.6,19.14
NORTH EASTERN,MANDERA CENTRAL,ASHABITO,GUTICHA,GUTICHA,6753,5666,12419,1518,1527.98,8.13
NORTH EASTERN,MANDERA CENTRAL,ASHABITO,KUBIONILE,KAJAJA,4014,3189,7203,913,394.23,18.27
NORTH EASTERN,MANDERA CENTRAL,ASHABITO,MAROTHILE,MAROTHILE,3636,2711,6347,757,249.35,25.45
NORTH EASTERN,MANDERA CENTRAL,ASHABITO,OLLA,OLLA,4210,3001,7211,948,295.75,24.38
NORTH EASTERN,MANDERA CENTRAL,ASHABITO,ORGURUEINI,OGORWEIN,2663,1657,4320,565,178.66,24.18
NORTH EASTERN,MANDERA CENTRAL,ASHABITO,SARMAN,SARMAN,3841,2559,6400,774,163.56,39.13
NORTH EASTERN,MANDERA CENTRAL,ASHABITO,SHIRSHIR,SHIRSHIR,4174,3454,7628,973,1095.38,6.96
NORTH EASTERN,MANDERA CENTRAL,ELWAK,BULLA AFFYA,BULLA AFFYA,6663,6528,13191,1649,5.55,2378.43
NORTH EASTERN,MANDERA CENTRAL,ELWAK,ELWAK SOUTH,ELWAK SOUTH,17884,15752,33636,3845,124.04,271.18
NORTH EASTERN,MANDERA CENTRAL,ELWAK,ELWAK TOWN,EL-ADI,7802,6272,14074,1659,275.98,51
NORTH EASTERN,MANDERA CENTRAL,ELWAK,ELWAK TOWN,ELWAK TOWN,14523,13037,27560,3205,54.28,507.72
NORTH EASTERN,MANDERA CENTRAL,ELWAK,WANTE,DASHENG WANTE,3029,2788,5817,890,102.83,56.57
NORTH EASTERN,MANDERA CENTRAL,ELWAK,WANTE,WANTE,4478,3861,8339,1029,251.43,33.17
NORTH EASTERN,MANDERA CENTRAL,KOTULO,BOREHOLE 11,BOREHOLE 11,7820,8592,16412,1687,373.66,43.92
NORTH EASTERN,MANDERA CENTRAL,KOTULO,DABASITI,DABASITI,5392,4811,10203,1249,111.29,91.68
NORTH EASTERN,MANDERA CENTRAL,KOTULO,EL-RAMU,EL-RAMU,4380,3913,8293,1067,482.03,17.2
NORTH EASTERN,MANDERA CENTRAL,KOTULO,GARSESALA,GARSESALA,5157,4409,9566,1128,281.26,34.01
NORTH EASTERN,MANDERA CENTRAL,KOTULO,KOTULO,KOTULO,5322,5909,11231,1340,459.73,24.43
NORTH EASTERN,MANDERA CENTRAL,KOTULO,KOTULO,LEHELE,1161,1182,2343,273,129.2,18.13
NORTH EASTERN,MANDERA CENTRAL,KOTULO,KUTAYU,BOJ GARSE,1953,1272,3225,359,244.51,13.19
NORTH EASTERN,MANDERA CENTRAL,KOTULO,KUTAYU,KUTAYU,5069,3987,9056,1040,388.25,23.33
NORTH EASTERN,MANDERA CENTRAL,RHAMU,GIRISSA,GIRISSA,3986,3516,7502,896,15.79,474.96
NORTH EASTERN,MANDERA CENTRAL,RHAMU,GIRISSA,JABI BAR,2827,2015,4842,590,77.97,62.1
NORTH EASTERN,MANDERA CENTRAL,RHAMU,RHAMU,RHAMU,8778,6664,15442,1770,48.33,319.5
NORTH EASTERN,MANDERA CENTRAL,RHAMU,SHANTOLEY,SHANTOLEY,8812,5824,14636,1670,5.2,2812.94
NORTH EASTERN,MANDERA CENTRAL,RHAMU DIMTU,GARSEY,GARSEY,4068,3092,7160,909,509.27,14.06
NORTH EASTERN,MANDERA CENTRAL,RHAMU DIMTU,MADO,KALICHA,2842,2260,5102,651,30.31,168.3
NORTH EASTERN,MANDERA CENTRAL,RHAMU DIMTU,MADO,MADO,2257,1460,3717,473,35.35,105.14
NORTH EASTERN,MANDERA CENTRAL,RHAMU DIMTU,RHAMU DIMTU,RHAMU DIMTU,7319,6821,14140,1763,147.87,95.62
NORTH EASTERN,MANDERA CENTRAL,RHAMU DIMTU,YABICHO,YABICHO,3466,3011,6477,720,212.41,30.49
NORTH EASTERN,MANDERA CENTRAL,SHIMBIR FATUMA,BURMAYO N.,BURMAYO N.,2692,2965,5657,682,299.42,18.89
NORTH EASTERN,MANDERA CENTRAL,SHIMBIR FATUMA,BURMAYO S,BURMAYO S,2432,2697,5129,592,211.07,24.3
NORTH EASTERN,MANDERA CENTRAL,SHIMBIR FATUMA,FINCHARO,FINCHARO,3547,2804,6351,780,67.67,93.85
NORTH EASTERN,MANDERA CENTRAL,SHIMBIR FATUMA,FINCHARO,QALANQALESA,4057,3490,7547,985,344.4,21.91
NORTH EASTERN,MANDERA CENTRAL,SHIMBIR FATUMA,SHIMBIR FATUMA,SHIMBIR FATUMA,10786,8804,19590,2145,814.27,24.06
NORTH EASTERN,MANDERA CENTRAL,WARGADUD,QURAMATHOW,QURAMATHOW,4950,4325,9275,1242,66.28,139.95
NORTH EASTERN,MANDERA CENTRAL,WARGADUD,QURAMATHOW,SUKELA TIFNA,1057,961,2018,296,94.91,21.26
NORTH EASTERN,MANDERA CENTRAL,WARGADUD,WARGADUD,ELELE,3710,3259,6969,884,243.97,28.56
NORTH EASTERN,MANDERA CENTRAL,WARGADUD,WARGADUD,WARGADUD,12750,10680,23430,2891,481.21,48.69
NORTH EASTERN,MANDERA CENTRAL,WARGADUD,WARGADUD E.,WARGADUD E.,9461,7911,17372,2147,241.4,71.96
NORTH EASTERN,MANDERA EAST,CENTRAL,BARWAKO,BARWAKO,833,815,1648,233,0.32,5193.82
NORTH EASTERN,MANDERA EAST,CENTRAL,BARWAKO,BOKOLOW,1224,1206,2430,325,45.22,53.73
NORTH EASTERN,MANDERA EAST,CENTRAL,BP1,BP1,2609,2293,4902,722,10.79,454.19
NORTH EASTERN,MANDERA EAST,CENTRAL,BULLA JAMHURIA,BULLA JAMHURIA,3268,3057,6325,800,0.42,15138.82
NORTH EASTERN,MANDERA EAST,CENTRAL,BULLA JAMHURIA,BULLA NGUVU,1489,1412,2901,429,0.24,12256.02
NORTH EASTERN,MANDERA EAST,CENTRAL,BULLA JAMHURIA,BULLA POWER,4138,3458,7596,1005,1.82,4177.76
NORTH EASTERN,MANDERA EAST,CENTRAL,BULLA MPYA,BULLA MPYA,4800,4568,9368,1362,1.38,6769.76
NORTH EASTERN,MANDERA EAST,CENTRAL,CENTRAL,CENTRAL,7887,6863,14750,2307,2.56,5751.16
NORTH EASTERN,MANDERA EAST,CENTRAL,KAMOR,KAMOR,4161,3687,7848,931,5.72,1370.9
NORTH EASTERN,MANDERA EAST,CENTRAL,NEBOI,NEBOI,3877,3559,7436,1250,19.92,373.31
NORTH EASTERN,MANDERA EAST,CENTRAL,SHAFSHEFY,SHAFSHEFY,7219,6385,13604,1964,12.01,1133.02
NORTH EASTERN,MANDERA EAST,CENTRAL,TOWNSHIP,TOWNSHIP,4517,4367,8884,1252,4.58,1940.92
NORTH EASTERN,MANDERA EAST,FINO,ARABIA,ARABIA,9765,7806,17571,2328,766.03,22.94
NORTH EASTERN,MANDERA EAST,FINO,FINO,FINO,5098,4039,9137,1215,814.42,11.22
NORTH EASTERN,MANDERA EAST,FINO,FINO,HARERI-TUR,4270,3225,7495,944,132.64,56.5
NORTH EASTERN,MANDERA EAST,FINO,OMAR JILLOW,OMAR JILLOW,2495,1921,4416,593,172.07,25.66
NORTH EASTERN,MANDERA EAST,HARERI,ARESA,ARESA,4583,3052,7635,808,62.26,122.64
NORTH EASTERN,MANDERA EAST,HARERI,HARERI,HARERI,2837,2162,4999,628,126.72,39.45
NORTH EASTERN,MANDERA EAST,HARERI,HARERI,QUMBISO,2305,1847,4152,510,390.63,10.63
NORTH EASTERN,MANDERA EAST,HARERI,SALA,JABI EAST,1869,1386,3255,456,584.4,5.57
NORTH EASTERN,MANDERA EAST,HARERI,SALA,SALA,1442,1111,2553,397,33.72,75.7
NORTH EASTERN,MANDERA EAST,KHALALIO,BELLA,BELLA,592,461,1053,165,25.19,41.8
NORTH EASTERN,MANDERA EAST,KHALALIO,BELLA,MATASAFARA,451,378,829,118,19.68,42.13
NORTH EASTERN,MANDERA EAST,KHALALIO,BULLA HAJI,BULLA HAJI,213,160,373,63,3.36,111.08
NORTH EASTERN,MANDERA EAST,KHALALIO,BULLA HAJI,FLOOW,539,377,916,135,7.42,123.48
NORTH EASTERN,MANDERA EAST,KHALALIO,BURABOR,BURABOR,1557,1521,3078,382,9.07,339.42
NORTH EASTERN,MANDERA EAST,KHALALIO,BURABOR,SHARIF,264,231,495,95,10.46,47.31
NORTH EASTERN,MANDERA EAST,KHALALIO,GARBAGOLEY,GARBAGOLEY,1546,1195,2741,360,59.22,46.28
NORTH EASTERN,MANDERA EAST,KHALALIO,GEDUDIYE,GEDUDIYE,964,885,1849,269,21.45,86.2
NORTH EASTERN,MANDERA EAST,KHALALIO,GINGO,DARIKA,841,688,1529,184,30.2,50.62
NORTH EASTERN,MANDERA EAST,KHALALIO,GINGO,GINGO,487,490,977,128,67.07,14.57
NORTH EASTERN,MANDERA EAST,KHALALIO,HARERI HOSLE,BENDA,214,180,394,61,29.2,13.49
NORTH EASTERN,MANDERA EAST,KHALALIO,HARERI HOSLE,HARERI HOSLE,433,328,761,98,100.78,7.55
NORTH EASTERN,MANDERA EAST,KHALALIO,HARERI HOSLE,KAMORO-ELE,372,369,741,135,24.55,30.18
NORTH EASTERN,MANDERA EAST,KHALALIO,KAROW,KAROW,908,822,1730,233,26.76,64.66
NORTH EASTERN,MANDERA EAST,KHALALIO,KAROW,SEDAJIRO,559,347,906,125,36.24,25
NORTH EASTERN,MANDERA EAST,KHALALIO,KHALALIO,KHALALIO,575,538,1113,175,12.48,89.16
NORTH EASTERN,MANDERA EAST,KHALALIO,KHALALIO,LAMANDID,595,500,1095,128,11.1,98.67
NORTH EASTERN,MANDERA EAST,LAFFEY,ALANGO,ALANGO GOF,8909,5229,14138,1480,263.66,53.62
NORTH EASTERN,MANDERA EAST,LAFFEY,DAMASA,DAMASA,7067,6169,13236,1371,130.89,101.12
NORTH EASTERN,MANDERA EAST,LAFFEY,KABO,KABO,6074,4522,10596,1289,36.03,294.12
NORTH EASTERN,MANDERA EAST,LAFFEY,KAMORA LIBAN,KAMORA LIBAN,1498,1340,2838,392,104.94,27.04
NORTH EASTERN,MANDERA EAST,LAFFEY,LAFFEEY,LAFFEY,12383,9606,21989,2534,320.73,68.56
NORTH EASTERN,MANDERA EAST,LIBEHIA,FAREY,FAREY,1562,1323,2885,465,74.35,38.8
NORTH EASTERN,MANDERA EAST,LIBEHIA,LIBEHIA,LIBEHIA,6756,5302,12058,1871,152.61,79.01
NORTH EASTERN,MANDERA EAST,LIBEHIA,LIBEHIA,QURADER,5669,5056,10725,1575,226.24,47.4
NORTH EASTERN,MANDERA EAST,LIBEHIA,ODA,BAMBO,484,344,828,137,90.63,9.14
NORTH EASTERN,MANDERA EAST,LIBEHIA,ODA,ODA,844,515,1359,196,65.29,20.82
NORTH EASTERN,MANDERA EAST,LIBEHIA,SAROHINDI,HARAR,925,609,1534,213,22.1,69.41
NORTH EASTERN,MANDERA EAST,LIBEHIA,SAROHINDI,SAROHINDI,1557,840,2397,312,47.54,50.42
NORTH EASTERN,MANDERA EAST,WARANKARA,BAMBO,BAMBO,933,753,1686,212,136.46,12.36
NORTH EASTERN,MANDERA EAST,WARANKARA,BAMBO,BARMILLA,1786,1349,3135,434,152.88,20.51
NORTH EASTERN,MANDERA EAST,WARANKARA,GARI,GARI,4836,3736,8572,1280,116.25,73.74
NORTH EASTERN,MANDERA EAST,WARANKARA,WARANKARA,SAFO,1734,998,2732,320,113.07,24.16
NORTH EASTERN,MANDERA EAST,WARANKARA,WARANKARA,WARANKARA,4744,3750,8494,1078,438.38,19.38
NORTH EASTERN,MANDERA WEST,BANISA,BANISA,BANISA,15193,12753,27946,3217,440.43,63.45
NORTH EASTERN,MANDERA WEST,BANISA,DERKALE,DERKALE,13666,10462,24128,2935,433.61,55.64
NORTH EASTERN,MANDERA WEST,BANISA,EYMOLE,EYMOLE,10341,8707,19048,2212,128.27,148.5
NORTH EASTERN,MANDERA WEST,BANISA,KILIWEHIRI,GOLJO,4110,3840,7950,875,151.01,52.64
NORTH EASTERN,MANDERA WEST,BANISA,KILIWEHIRI,KILIWEHIRI,8259,6518,14777,1701,161.26,91.63
NORTH EASTERN,MANDERA WEST,BANISA,LULIS,LULIS,8716,7839,16555,1965,177.23,93.41
NORTH EASTERN,MANDERA WEST,DANDU,DANDU,DANDU,15117,11970,27087,3081,271.28,99.85
NORTH EASTERN,MANDERA WEST,DANDU,DANDU,EL-DANABA,3089,2499,5588,647,242.81,23.01
NORTH EASTERN,MANDERA WEST,DANDU,GITHER,BURDURAS,5408,4982,10390,1147,191.39,54.29
NORTH EASTERN,MANDERA WEST,DANDU,GITHER,GITHER,6143,5412,11555,1432,445.66,25.93
NORTH EASTERN,MANDERA WEST,DANDU,GITHER,SAKE,6108,5218,11326,1340,206.33,54.89
NORTH EASTERN,MANDERA WEST,DANDU,KUBIHALO,KUBIHALO,2565,2254,4819,520,277.68,17.35
NORTH EASTERN,MANDERA WEST,MALKAMARI,GUBA,CHOROKO,5277,3861,9138,1034,247.21,36.96
NORTH EASTERN,MANDERA WEST,MALKAMARI,GUBA,GUBA,6195,4735,10930,1469,313.59,34.85
NORTH EASTERN,MANDERA WEST,MALKAMARI,HULLOW,HULLOW,3491,2662,6153,869,492,12.51
NORTH EASTERN,MANDERA WEST,MALKAMARI,MALKAMARI,MALKAMARI,7540,5471,13011,1644,382.8,33.99
NORTH EASTERN,MANDERA WEST,MALKAMARI,MALKARUKA,MALKARUKA,4770,3668,8438,1126,428.73,19.68
NORTH EASTERN,MANDERA WEST,TAKABA,DIDKURO,DIDKURO,9181,6775,15956,1754,619.95,25.74
NORTH EASTERN,MANDERA WEST,TAKABA,DUDUBLE,DUDUBLE,6628,6488,13116,1341,426.13,30.78
NORTH EASTERN,MANDERA WEST,TAKABA,LAGSURE,LAGSURE,7735,7102,14837,1522,982.47,15.1
NORTH EASTERN,MANDERA WEST,TAKABA,TAKABA,KUBDISHEN,5088,4329,9417,1024,421.12,22.36
NORTH EASTERN,MANDERA WEST,TAKABA,TAKABA,TAKABA,13179,10946,24125,2526,14.63,1648.74
NORTH EASTERN,MANDERA WEST,TAKABA,WANGAI DAHAN,WANGAI DAHAN,7008,6477,13485,1418,679.09,19.86
NORTH EASTERN,WAJIR EAST,CENTRAL,BARWAQO,BARWAQO,4339,4047,8386,1231,11.86,707.21
NORTH EASTERN,WAJIR EAST,CENTRAL,HOLIDHAN,HOLIDHAN,4510,4290,8800,1394,48.69,180.74
NORTH EASTERN,WAJIR EAST,CENTRAL,JOGBARU,GODADE,6915,6568,13483,2098,13.54,996.14
NORTH EASTERN,WAJIR EAST,CENTRAL,JOGBARU,JOGOO,4394,4309,8703,1387,1.46,5976.1
NORTH EASTERN,WAJIR EAST,CENTRAL,JOGBARU,MAKOR,4475,3726,8201,1362,13.77,595.6
NORTH EASTERN,WAJIR EAST,CENTRAL,TOWNSHIP,ALEMAO,2880,2445,5325,683,8.89,598.86
NORTH EASTERN,WAJIR EAST,CENTRAL,TOWNSHIP,TOWNSHIP,3693,2828,6521,1174,1.57,4149.54
NORTH EASTERN,WAJIR EAST,CENTRAL,WAGBERI,WAGBERI,12478,10903,23381,3360,39.48,592.17
NORTH EASTERN,WAJIR EAST,KUTULO,DESHEG,DESHEG,3433,2303,5736,644,412.39,13.91
NORTH EASTERN,WAJIR EAST,KUTULO,KUTULO,EL - KUTULO,3140,3091,6231,897,543.28,11.47
NORTH EASTERN,WAJIR EAST,KUTULO,KUTULO,KUTULO,5118,3874,8992,1101,588.23,15.29
NORTH EASTERN,WAJIR EAST,KUTULO,LAFALEY,JOWHAR,1878,1485,3363,460,148.88,22.59
NORTH EASTERN,WAJIR EAST,KUTULO,LAFALEY,LAFALEY,2143,1534,3677,553,515.37,7.13
NORTH EASTERN,WAJIR EAST,KUTULO,WARGDUD,AUSMUDULE/KAJAJA,2533,2033,4566,585,594.47,7.68
NORTH EASTERN,WAJIR EAST,KUTULO,WARGDUD,HUNGAI,3613,2846,6459,687,125.99,51.27
NORTH EASTERN,WAJIR EAST,KUTULO,WARGDUD,WARGDUD,2042,1659,3701,500,461.14,8.03
NORTH EASTERN,WAJIR EAST,TARBAJ,DAMBAS,DAMBAS,5488,4545,10033,1295,701.07,14.31
NORTH EASTERN,WAJIR EAST,TARBAJ,DUNTO,DUNTO,4966,3775,8741,1077,1128.89,7.74
NORTH EASTERN,WAJIR EAST,TARBAJ,E - BEN,EL - BEN,6727,5455,12182,1389,204.56,59.55
NORTH EASTERN,WAJIR EAST,TARBAJ,MANSA,MANSA,5662,4515,10177,1112,824.38,12.35
NORTH EASTERN,WAJIR EAST,TARBAJ,ORGORALLE,BURMAYO,1317,1026,2343,286,353.22,6.63
NORTH EASTERN,WAJIR EAST,TARBAJ,ORGORALLE,ORGORALLE,1223,1089,2312,315,802.45,2.88
NORTH EASTERN,WAJIR EAST,TARBAJ,SARMAN,SARMAN,4155,3135,7290,911,859.93,8.48
NORTH EASTERN,WAJIR EAST,TARBAJ,TARBAJ,TARBAJ,8664,7379,16043,2289,1175.07,13.65
NORTH EASTERN,WAJIR EAST,WAJIR - BOR,KHOROF -HARAR,DOWYARE,1596,1310,2906,373,306.11,9.49
NORTH EASTERN,WAJIR EAST,WAJIR - BOR,KHOROF -HARAR,KHOROF -HARAR,2561,2368,4929,670,1153.84,4.27
NORTH EASTERN,WAJIR EAST,WAJIR - BOR,KHOROF -HARAR,KONTON,1947,1654,3601,578,365.13,9.86
NORTH EASTERN,WAJIR EAST,WAJIR - BOR,RIBA,RIBA,4920,4256,9176,1228,1063.72,8.63
NORTH EASTERN,WAJIR EAST,WAJIR - BOR,WAJIR - BOR,WAJIR - BOR,5273,3887,9160,1464,979.66,9.35
NORTH EASTERN,WAJIR NORTH,BUNA,BATALU,BATALU,3100,2584,5684,862,703.14,8.08
NORTH EASTERN,WAJIR NORTH,BUNA,BATALU,KUROW,1390,1158,2548,372,450.53,5.66
NORTH EASTERN,WAJIR NORTH,BUNA,BUNA,BUNA,4875,4227,9102,1432,817.13,11.14
NORTH EASTERN,WAJIR NORTH,BUNA,INGIRIR,INGIRIR,1494,1294,2788,393,512.49,5.44
NORTH EASTERN,WAJIR NORTH,BUNA,KORONDILE,KORONDILE,6386,5749,12135,1534,457.2,26.54
NORTH EASTERN,WAJIR NORTH,BUNA,LAKOLE NORTH,LAKOLE NORTH,1451,1187,2638,388,838.03,3.15
NORTH EASTERN,WAJIR NORTH,BUNA,LEINSAYU,LEINSAYU,3486,2708,6194,722,743.13,8.34
NORTH EASTERN,WAJIR NORTH,BUNA,MALKAGUF,MALKAGUF,1678,1420,3098,423,443.31,6.99
NORTH EASTERN,WAJIR NORTH,BUTE,BUTE,BUTE,11106,8617,19723,2461,137.58,143.36
NORTH EASTERN,WAJIR NORTH,BUTE,DUGOW,DUGOW,3706,2937,6643,846,156.71,42.39
NORTH EASTERN,WAJIR NORTH,BUTE,GODOMA,GODOMA,3946,3123,7069,936,107.46,65.78
NORTH EASTERN,WAJIR NORTH,BUTE,OLGOJI,ADADIJORE,2006,1612,3618,477,146.25,24.74
NORTH EASTERN,WAJIR NORTH,BUTE,OLGOJI,OLGOJI,1923,1473,3396,399,243.77,13.93
NORTH EASTERN,WAJIR NORTH,GURAR,AJAWA,AJAWA,4301,3914,8215,1070,776.72,10.58
NORTH EASTERN,WAJIR NORTH,GURAR,DANABA,DANABA,7708,6533,14241,1634,348.06,40.92
NORTH EASTERN,WAJIR NORTH,GURAR,GURAR,GARSE SARE,1823,1812,3635,471,250.84,14.49
NORTH EASTERN,WAJIR NORTH,GURAR,GURAR,GURAR,6563,6074,12637,1659,543.37,23.26
NORTH EASTERN,WAJIR NORTH,GURAR,GURAR,SAKE GAMANTHA,2375,1787,4162,594,237.81,17.5
NORTH EASTERN,WAJIR NORTH,GURAR,QUADAMA,QUADAMA,4311,3668,7979,919,641.05,12.45
NORTH EASTERN,WAJIR SOUTH,DIFF,BURDER,BURDER,2474,2233,4707,677,1564.19,3.01
NORTH EASTERN,WAJIR SOUTH,DIFF,BURDER,GULLETDEER,1240,1101,2341,318,524.37,4.46
NORTH EASTERN,WAJIR SOUTH,DIFF,DIFF,DIFF,5355,4065,9420,1162,405.73,23.22
NORTH EASTERN,WAJIR SOUTH,DIFF,DIFF,HAMBALASH,0,0,0,0,713.17,0
NORTH EASTERN,WAJIR SOUTH,DIFF,DIFF,SALALMA,2482,1662,4144,556,869.5,4.77
NORTH EASTERN,WAJIR SOUTH,DIFF,GERILLE,GERILLE,1221,907,2128,269,629.07,3.38
NORTH EASTERN,WAJIR SOUTH,DIFF,GERILLE,HANDAKI,1080,864,1944,282,595.28,3.27
NORTH EASTERN,WAJIR SOUTH,DIFF,IBRAHIM - URE,IBRAHIM - URE,2287,1739,4026,676,1369.94,2.94
NORTH EASTERN,WAJIR SOUTH,HABASWEN,ABAKORE,ABAKORE,3843,3286,7129,930,357.05,19.97
NORTH EASTERN,WAJIR SOUTH,HABASWEN,ABAKORE,MEER,2277,2123,4400,577,563.75,7.8
NORTH EASTERN,WAJIR SOUTH,HABASWEN,DILMANYALEY,DILMANYALEY,1747,1609,3356,522,764.38,4.39
NORTH EASTERN,WAJIR SOUTH,HABASWEN,DILMANYALEY,DULBUG,389,324,713,105,356.97,2
NORTH EASTERN,WAJIR SOUTH,HABASWEN,HABASWEIN,HABASWEIN C.,1518,1180,2698,475,0.56,4810.98
NORTH EASTERN,WAJIR SOUTH,HABASWEN,KIBILAY,KIBILAY,2114,1919,4033,625,60.52,66.64
NORTH EASTERN,WAJIR SOUTH,HABASWEN,KIWANJA NDEGE,KANJARA,948,716,1664,275,394.32,4.22
NORTH EASTERN,WAJIR SOUTH,HABASWEN,KIWANJA NDEGE,KIWANJA NDEGE,2160,1815,3975,714,112.02,35.48
NORTH EASTERN,WAJIR SOUTH,HABASWEN,LAGBOGOL SOUTH,LAGBOGOL SOUTH,2156,1625,3781,450,230.05,16.44
NORTH EASTERN,WAJIR SOUTH,HABASWEN,TESORIE,TESORIE,2260,1965,4225,787,1511.91,2.79
NORTH EASTERN,WAJIR SOUTH,KULAALEY,KULAALEY,EL -ADOW,1803,1543,3346,523,49.84,67.13
NORTH EASTERN,WAJIR SOUTH,KULAALEY,KULAALEY,EYRIB,1587,1208,2795,381,869.31,3.22
NORTH EASTERN,WAJIR SOUTH,KULAALEY,KULAALEY,KULAALEY,5951,4659,10610,1275,729.43,14.55
NORTH EASTERN,WAJIR SOUTH,KULAALEY,KULAALEY,LEHELEY,4236,3473,7709,1129,645.07,11.95
NORTH EASTERN,WAJIR SOUTH,SEBULE,BANANE,BANANE,1863,1631,3494,581,795.74,4.39
NORTH EASTERN,WAJIR SOUTH,SEBULE,BANANE,SALA,881,819,1700,279,663.37,2.56
NORTH EASTERN,WAJIR SOUTH,SEBULE,DADAJABULA,DADAJABULA,4823,3870,8693,1111,1064.21,8.17
NORTH EASTERN,WAJIR SOUTH,SEBULE,DAGAHLEY,DAGAHLEY,3041,2528,5569,758,801.09,6.95
NORTH EASTERN,WAJIR SOUTH,SEBULE,KURSIN,ARABLOW,506,427,933,151,585.81,1.59
NORTH EASTERN,WAJIR SOUTH,SEBULE,KURSIN,KURSIN,1981,1589,3570,551,690.42,5.17
NORTH EASTERN,WAJIR SOUTH,SEBULE,MACHEZA,MACHEZA,2268,1853,4121,565,404.93,10.18
NORTH EASTERN,WAJIR SOUTH,SEBULE,SARIF,SARIF,3068,2765,5833,881,999.02,5.84
NORTH EASTERN,WAJIR SOUTH,SEBULE,SEBULE,FINNI,438,379,817,109,353.95,2.31
NORTH EASTERN,WAJIR SOUTH,SEBULE,SEBULE,SEBULE,2120,1729,3849,534,475.79,8.09
NORTH EASTERN,WAJIR SOUTH,SEBULE,SHIMBIR,SHIMBIR,1319,1028,2347,276,1444.96,1.62
NORTH EASTERN,WAJIR WEST,ADEMASAJIDA,ADEMASAJIDA,ADEMASAJIDA,6199,4985,11184,1364,117.28,95.36
NORTH EASTERN,WAJIR WEST,ADEMASAJIDA,HADADO SOUTH,HADADO SOUTH,5774,4595,10369,1177,558.59,18.56
NORTH EASTERN,WAJIR WEST,ADEMASAJIDA,LOLIKUTA SOUTH,LOLIKUTA SOUTH,2588,2075,4663,657,341.42,13.66
NORTH EASTERN,WAJIR WEST,ELDAS,ANOLE,ANOLE,5174,3540,8714,920,294.14,29.63
NORTH EASTERN,WAJIR WEST,ELDAS,DELA,ABDIWAKO,2256,1660,3916,449,114.68,34.15
NORTH EASTERN,WAJIR WEST,ELDAS,DELA,DELA,5081,3369,8450,987,299.16,28.25
NORTH EASTERN,WAJIR WEST,ELDAS,ELDAS,ELDAS,8669,6574,15243,1370,571.04,26.69
NORTH EASTERN,WAJIR WEST,ELDAS,KILKILEY,KILKILEY,2250,1829,4079,472,196.29,20.78
NORTH EASTERN,WAJIR WEST,ELDAS,LAKOLEY SOUTH,LAKOLEY SOUTH,4418,3040,7458,829,880.42,8.47
NORTH EASTERN,WAJIR WEST,GRIFTU,ARBAJAHAN,ARBAJAHAN,5160,3953,9113,1087,1240.89,7.34
NORTH EASTERN,WAJIR WEST,GRIFTU,BASIR,BASIR,2110,1805,3915,511,411.66,9.51
NORTH EASTERN,WAJIR WEST,GRIFTU,BOJIHERI,BOJIHERI,1439,1284,2723,507,501.69,5.43
NORTH EASTERN,WAJIR WEST,GRIFTU,ELNUR,DOTHA,561,449,1010,120,104.64,9.65
NORTH EASTERN,WAJIR WEST,GRIFTU,ELNUR,ELNUR,2650,2190,4840,647,172.99,27.98
NORTH EASTERN,WAJIR WEST,GRIFTU,GANYURE,BARMISH,1481,1022,2503,359,597,4.19
NORTH EASTERN,WAJIR WEST,GRIFTU,GANYURE,GANYURE,3174,2780,5954,857,332.85,17.89
NORTH EASTERN,WAJIR WEST,GRIFTU,GARSEKOFTU,GARSEKOFTU,5187,3904,9091,1068,1104.4,8.23
NORTH EASTERN,WAJIR WEST,GRIFTU,GRIFTU,GRIFTU,3219,2785,6004,962,298.62,20.11
NORTH EASTERN,WAJIR WEST,GRIFTU,GRIFTU,JAGAHER,2004,1542,3546,487,718.99,4.93
NORTH EASTERN,WAJIR WEST,GRIFTU,KUKALA,KUKALA,1978,1684,3662,522,152.98,23.94
NORTH EASTERN,WAJIR WEST,GRIFTU,MATHO,MATHO,4993,3949,8942,1094,557.1,16.05
NORTH EASTERN,WAJIR WEST,GRIFTU,TULATULA,TULATULA,4524,3710,8234,981,177.09,46.5
NORTH EASTERN,WAJIR WEST,GRIFTU,WAGALLA,WAGALLA,4847,4224,9071,1303,491.17,18.47
NORTH EASTERN,WAJIR WEST,HADADO,ATHIBOHOL,ATHIBOHOL,2029,1563,3592,580,1333.55,2.69
NORTH EASTERN,WAJIR WEST,HADADO,HADADO NORTH,HADADO NORTH,5288,4007,9295,1223,866,10.73
NORTH EASTERN,WAJIR WEST,HADADO,LOGBOGOL NORTH,LOGBOGOL NORTH,2482,2029,4511,590,373.33,12.08
NORTH EASTERN,WAJIR WEST,HADADO,LOLIKUTA NORTH,LOLIKUTA NORTH,1084,782,1866,252,280.53,6.65
NYANZA,BONDO,MARANDA,BONDO TOWNSHIP,AJIGO,2745,3011,5756,1376,25.27,227.74
NYANZA,BONDO,MARANDA,BONDO TOWNSHIP,BAR KOWINO,8802,9504,18306,4460,42.71,428.58
NYANZA,BONDO,MARANDA,BONDO TOWNSHIP,NYAWITA,7245,8035,15280,3338,39.61,385.8
NYANZA,BONDO,MARANDA,NORTH SAKWA,ABOM,2092,2265,4357,1015,16.25,268.13
NYANZA,BONDO,MARANDA,NORTH SAKWA,BARCHANDO,2234,2511,4745,1102,11.81,401.77
NYANZA,BONDO,MARANDA,SOUTH WEST SAKWA,KAPIYO,1457,1480,2937,670,22.04,133.25
NYANZA,BONDO,MARANDA,SOUTH WEST SAKWA,UTONGA,995,1112,2107,469,17.01,123.9
NYANZA,BONDO,MARANDA,WEST SAKWA,MARANDA,894,975,1869,402,7.5,249.34
NYANZA,BONDO,MARANDA,WEST SAKWA,USIRE,1570,1550,3120,720,23.68,131.75
NYANZA,BONDO,NYANGOMA,CENTRAL SAKWA,NDEDA/OYAMO,1594,1448,3042,813,1.71,1782.49
NYANZA,BONDO,NYANGOMA,CENTRAL SAKWA,NYANGOMA,4391,4605,8996,2098,49.07,183.33
NYANZA,BONDO,NYANGOMA,CENTRAL SAKWA,UYAWI,3901,4154,8055,1736,34.46,233.77
NYANZA,BONDO,NYANGOMA,CENTRAL SAKWA,WEST MIGWENA,2631,2887,5518,1306,30.11,183.23
NYANZA,BONDO,NYANGOMA,SOUTH SAKWA,EAST MIGWENA,1775,1844,3619,865,24.63,146.95
NYANZA,BONDO,NYANGOMA,SOUTH SAKWA,GOT ABIERO,2353,2648,5001,1252,25.98,192.46
NYANZA,BONDO,NYANGOMA,SOUTH SAKWA,NYAGUDA,4425,4697,9122,2290,21.95,415.59
NYANZA,BONDO,USIGU,CENTRAL YIMBO,GOT RAMOGI,1658,1773,3431,791,30.93,110.94
NYANZA,BONDO,USIGU,CENTRAL YIMBO,USIGU,2326,2460,4786,1100,24.55,194.94
NYANZA,BONDO,USIGU,EAST YIMBO,OTHACH,2437,2645,5082,1136,30.24,168.07
NYANZA,BONDO,USIGU,EAST YIMBO,PALA,2098,2179,4277,955,21.07,203.02
NYANZA,BONDO,USIGU,MAGETA ISLAND,MAHANGA,2433,2190,4623,1211,5.76,802.9
NYANZA,BONDO,USIGU,MAGETA ISLAND,MITUNDU,1069,1105,2174,532,1.26,1722.94
NYANZA,BONDO,USIGU,NORTH YIMBO,BARKANYANGO,1211,1141,2352,536,17,138.32
NYANZA,BONDO,USIGU,NORTH YIMBO,NYAMONYE,3442,3819,7261,1643,35.16,206.52
NYANZA,BONDO,USIGU,WEST YIMBO,GOT AGULU,2726,2779,5505,1338,13.5,407.78
NYANZA,BONDO,USIGU,WEST YIMBO,USENGE,7964,8237,16201,4142,19.76,819.72
NYANZA,BORABU,EKERENYO,ESISE,EKERUBO,2080,2020,4100,892,19.74,207.68
NYANZA,BORABU,EKERENYO,ESISE,MANGA/LIETEGO,6331,6404,12735,2718,36.39,349.98
NYANZA,BORABU,EKERENYO,KIANGENI,KITARU,2475,2158,4633,1443,29.43,157.42
NYANZA,BORABU,EKERENYO,KIANGENI,NYANKONO,2399,2015,4414,1228,25.26,174.72
NYANZA,BORABU,EKERENYO,MEKENENE,MATUTU,3302,3350,6652,1498,25.3,262.9
NYANZA,BORABU,EKERENYO,MEKENENE,MOGUSI,1791,1862,3653,813,9.04,404.13
NYANZA,BORABU,EKERENYO,MEKENENE,MWONGORI,3173,3103,6276,1386,13.57,462.39
NYANZA,BORABU,EKERENYO,NYANSIONGO,ISOGE/KINENI,5091,5029,10120,2112,40.35,250.79
NYANZA,BORABU,EKERENYO,NYANSIONGO,NYANSIONGO/GESIMA,10437,10406,20843,5061,49.17,423.94
NYANZA,GUCHA,KENYENYA,BOOCHI BORABU,EMESA,4542,4929,9471,1882,8.44,1122.6
NYANZA,GUCHA,KENYENYA,BOOCHI BORABU,RITEMBU,3317,3485,6802,1322,7.22,941.45
NYANZA,GUCHA,KENYENYA,MAGENCHE,MAGENCHE,5922,6385,12307,2553,10.44,1179.27
NYANZA,GUCHA,KENYENYA,MAGENCHE,MOKUBO,6515,7312,13827,2956,14.8,934.53
NYANZA,GUCHA,KENYENYA,MAGENCHE,NYAMECHEO,3633,3936,7569,1483,9.3,813.49
NYANZA,GUCHA,KENYENYA,MAJOGE BORABU,IGORERA,7378,7944,15322,3231,17.46,877.4
NYANZA,GUCHA,KENYENYA,MAJOGE BORABU,KIANJO,4044,4358,8402,1814,8.34,1008.01
NYANZA,GUCHA,KENYENYA,MAJOGE MASABA,BOKIMONGE,3010,3259,6269,1214,9.22,679.81
NYANZA,GUCHA,KENYENYA,MAJOGE MASABA,KENYENYA,8667,9766,18433,3797,19.19,960.42
NYANZA,GUCHA,KENYENYA,MAJOGE MASABA,NYABITUNWA,4261,4536,8797,1777,10.73,819.73
NYANZA,GUCHA,NYACHEKI,BASSI BOGETARIO,NYACHOGOCHOGO,2038,2291,4329,922,6.33,683.42
NYANZA,GUCHA,NYACHEKI,BASSI BOGETARIO,NYANGUSU,3757,4299,8056,1684,8.25,976.38
NYANZA,GUCHA,NYACHEKI,BASSI BORABU,BOSANSA,3681,4271,7952,1665,9.7,819.53
NYANZA,GUCHA,NYACHEKI,BASSI BORABU,RIOSUGO,4496,5078,9574,2069,10.52,910.27
NYANZA,GUCHA,NYACHEKI,GIONSARIA,NYANTIRA,3033,3413,6446,1432,6.73,957.63
NYANZA,GUCHA,NYACHEKI,GIONSARIA,RIONTWEKA,1541,1738,3279,697,3.13,1047.5
NYANZA,GUCHA,NYACHEKI,NYACHEKI,BORANGI,1397,1574,2971,610,5.14,577.77
NYANZA,GUCHA,NYACHEKI,NYACHEKI,ISENA,2830,3277,6107,1186,9.43,647.67
NYANZA,GUCHA,NYACHEKI,NYACHEKI,RIOMORO,2127,2357,4484,926,6.47,693
NYANZA,GUCHA,NYACHEKI,RIGENA,RITUMBE,3250,3810,7060,1401,8.04,878.47
NYANZA,GUCHA,NYACHEKI,RIGENA,ROGONGO,2338,2658,4996,1088,6.93,721.24
NYANZA,GUCHA,NYAMACHE,BASSI CENTRAL,EMENWA,3387,3716,7103,1470,10.08,704.51
NYANZA,GUCHA,NYAMACHE,BASSI CENTRAL,KEGOCHI,3215,3592,6807,1468,10.42,653.07
NYANZA,GUCHA,NYAMACHE,BASSI CENTRAL,MAJI-MAZURI,2232,2453,4685,950,7.28,643.8
NYANZA,GUCHA,NYAMACHE,BASSI CENTRAL,NYOERA,2308,2443,4751,1035,5.36,886.66
NYANZA,GUCHA,NYAMACHE,BASSI MASIGE EAST,KIOBEGI,1439,1517,2956,655,4.87,606.65
NYANZA,GUCHA,NYAMACHE,BASSI MASIGE EAST,MASISI / IGOMA,2781,3071,5852,1278,3.3,1771.88
NYANZA,GUCHA,NYAMACHE,BASSI MASIGE EAST,OMOKONGE,2316,2644,4960,1021,5.46,909.07
NYANZA,GUCHA,NYAMACHE,BASSI MASIGE EAST,TURWA,2516,2886,5402,1146,7.46,723.89
NYANZA,GUCHA,NYAMACHE,BASSI MASIGE WEST,GIONSERI,1949,2285,4234,884,8.69,487.38
NYANZA,GUCHA,NYAMACHE,BASSI MASIGE WEST,MOSORA,1013,1041,2054,405,3.72,551.93
NYANZA,GUCHA,NYAMACHE,BASSI MASIGE WEST,NYABISA,1215,1335,2550,539,2.97,859.71
NYANZA,GUCHA,NYAMACHE,BASSI MASIGE WEST,NYACHENGE,1385,1500,2885,554,3.25,887.23
NYANZA,GUCHA,NYAMACHE,BASSI MASIGE WEST,OMUSARIA,1798,2010,3808,766,3.83,993.66
NYANZA,GUCHA,NYAMACHE,BASSI MASIGE WEST,OROGARE,1408,1553,2961,607,5.09,581.75
NYANZA,GUCHA,OGEMBO,MAJOGE CHACHE,KANYIMBO,5112,5423,10535,2214,11.49,916.51
NYANZA,GUCHA,OGEMBO,MAJOGE CHACHE,MISESI,6025,6922,12947,2740,16.3,794.47
NYANZA,GUCHA,OGEMBO,SENGERA,BOSOTI,8816,9558,18374,3670,23.43,784.26
NYANZA,GUCHA,OGEMBO,SENGERA,NYAISERO,8910,9567,18477,3689,24.11,766.38
NYANZA,GUCHA,OGEMBO,TENDERE,BOOCHI,6641,7197,13838,2997,15.21,909.82
NYANZA,GUCHA,OGEMBO,TENDERE,KARAGIA,2865,3149,6014,1217,6.6,911.75
NYANZA,GUCHA,OGEMBO,TENDERE,MANGERE,3843,4095,7938,1909,4.91,1617.92
NYANZA,GUCHA,OGEMBO,TENDERE,NYANSAKIA,2586,2821,5407,1209,4.24,1273.97
NYANZA,GUCHA,SAMETA,BASSI BOITANGARE,IGARE,3626,3794,7420,1600,10.56,702.7
NYANZA,GUCHA,SAMETA,BASSI BOITANGARE,NYAMAGWA,3209,3604,6813,1438,8.24,826.49
NYANZA,GUCHA,SAMETA,BASSI CHACHE,BOGETAORIO II,2149,2368,4517,906,5.79,780.17
NYANZA,GUCHA,SAMETA,BASSI CHACHE,ETORA,2854,3203,6057,1281,8.73,694.17
NYANZA,GUCHA,SAMETA,BASSI CHACHE,GIASAIGA,4137,4585,8722,1893,8.74,997.72
NYANZA,GUCHA,SAMETA,BASSI CHACHE,SAMETA,3327,3023,6350,1462,6.46,983.38
NYANZA,GUCHA,SAMETA,MOKWERERO,KENYERERE,4222,4617,8839,1860,11.69,756.06
NYANZA,GUCHA,SAMETA,MOKWERERO,KIONGONGI,3056,3273,6329,1198,6.99,904.84
NYANZA,GUCHA,SAMETA,NYANGITI,GESURE,1953,2171,4124,832,5.5,750.16
NYANZA,GUCHA,SAMETA,NYANGITI,GETENGA,2190,2451,4641,974,5.27,880.81
NYANZA,GUCHA SOUTH,ETAGO,CHITAGO,AMAKARA,4065,4359,8424,1704,13.4,628.82
NYANZA,GUCHA SOUTH,ETAGO,CHITAGO,BOIGE,1645,1771,3416,733,3.8,898.95
NYANZA,GUCHA SOUTH,ETAGO,GETENGA,BOSAGA,611,733,1344,263,2.72,493.74
NYANZA,GUCHA SOUTH,ETAGO,GETENGA,MUMA,3105,3437,6542,1233,9.79,667.95
NYANZA,GUCHA SOUTH,ETAGO,GETENGA,NYARAMBA,3307,3712,7019,1409,8.72,805.05
NYANZA,GUCHA SOUTH,ETAGO,NYANSAKIA,EBURI,2145,2243,4388,813,8.14,539.21
NYANZA,GUCHA SOUTH,ETAGO,NYANSAKIA,NYATARIO,2969,3128,6097,1177,9.96,612.38
NYANZA,GUCHA SOUTH,ETAGO,OTENDO,NDONYO,3322,3388,6710,1124,9.19,729.84
NYANZA,GUCHA SOUTH,ETAGO,OTENDO,NYABERA,4649,4767,9416,1752,15.39,611.65
NYANZA,GUCHA SOUTH,ETAGO,S/ MUGIRAGO BORABU,BOTABORI,3556,3813,7369,1286,7.98,923.48
NYANZA,GUCHA SOUTH,ETAGO,S/ MUGIRAGO BORABU,KIAGWARE,2601,2658,5259,1017,5.07,1036.62
NYANZA,GUCHA SOUTH,ETAGO,S/ MUGIRAGO BORABU,MONIANKU,2290,2499,4789,1010,3.03,1581.94
NYANZA,GUCHA SOUTH,ETAGO,S/ MUGIRAGO BORABU,NYAMONDO,4826,5330,10156,1989,11.11,914.17
NYANZA,GUCHA SOUTH,NYAMARAMBE,NYAKEMBENE,BOIKANGA,4929,5375,10304,2145,15.47,665.95
NYANZA,GUCHA SOUTH,NYAMARAMBE,NYAKEMBENE,IKORO,2966,3287,6253,1344,8.53,732.78
NYANZA,GUCHA SOUTH,NYAMARAMBE,NYAKEMBENE,NYAKORERE,1594,1715,3309,639,5.05,655.12
NYANZA,GUCHA SOUTH,NYAMARAMBE,S / MUGIRANGO CENTRAL,BOGETENGA,5221,5724,10945,2320,13.58,805.84
NYANZA,GUCHA SOUTH,NYAMARAMBE,S / MUGIRANGO CENTRAL,BOMONYAMA,4777,5110,9887,1934,14.51,681.53
NYANZA,GUCHA SOUTH,NYAMARAMBE,S / MUGIRANGO CENTRAL,NYANSORE,2543,2764,5307,1094,5.78,918.18
NYANZA,GUCHA SOUTH,NYAMARAMBE,S/ MUGIRAGO CHACHE,BOMONYARA,3951,4225,8176,1719,10.01,817.02
NYANZA,GUCHA SOUTH,NYAMARAMBE,S/ MUGIRAGO CHACHE,BOSINANGE,5386,5811,11197,2327,11.73,954.81
NYANZA,GUCHA SOUTH,NYAMARAMBE,S/ MUGIRAGO CHACHE,TABAKA,6108,6634,12742,2814,11.26,1131.35
NYANZA,HOMABAY,ASEGO,EAST KANYADA,KALANYA KANYANGO,6965,7562,14527,3188,30.24,480.41
NYANZA,HOMABAY,ASEGO,EAST KANYADA,KANYACH-KACHAR,3609,4129,7738,1662,25.6,302.27
NYANZA,HOMABAY,ASEGO,EAST KANYADA,KOBWOLA KOGWANG,3204,3529,6733,1444,17.9,376.19
NYANZA,HOMABAY,ASEGO,EAST KANYADA,KOTHIDHA,4200,4702,8902,1945,30.34,293.4
NYANZA,HOMABAY,ASEGO,HOMA BAY TOWN,ARUJO,9431,10337,19768,4997,13.26,1490.93
NYANZA,HOMABAY,ASEGO,HOMA BAY TOWN,ASEGO,4394,4720,9114,2096,5.42,1682.64
NYANZA,HOMABAY,ASEGO,HOMA BAY TOWN,HOMA BAY TOWN,3430,3504,6934,1761,2.6,2670.52
NYANZA,HOMABAY,ASEGO,WEST KANYADA,KATUMA,2142,2400,4542,897,15.5,293
NYANZA,HOMABAY,ASEGO,WEST KANYADA,KOTIENO,1054,1141,2195,446,8.29,264.87
NYANZA,HOMABAY,ASEGO,WEST KANYADA,NORTH KANYABALA,3167,3537,6704,1430,25.82,259.67
NYANZA,HOMABAY,ASEGO,WEST KANYADA,SOUTH KANYABALA,1525,1760,3285,738,10.37,316.87
NYANZA,HOMABAY,KOBAMA,EAST KWABWAI,KACHUTH,1532,1720,3252,633,13.61,238.89
NYANZA,HOMABAY,KOBAMA,EAST KWABWAI,KAMDAR KANYOLO,2052,2345,4397,981,13.79,318.94
NYANZA,HOMABAY,KOBAMA,EAST KWABWAI,KAMDAR KAWANGA,1875,2046,3921,784,19.38,202.27
NYANZA,HOMABAY,KOBAMA,EAST KWABWAI,KAMDAR KODONDO,2246,2433,4679,1015,26.2,178.57
NYANZA,HOMABAY,KOBAMA,WEST KWABWAI,KADHOLA,1972,2193,4165,880,18.92,220.1
NYANZA,HOMABAY,KOBAMA,WEST KWABWAI,KASIRIME,2661,2959,5620,1163,24,234.12
NYANZA,HOMABAY,KOBAMA,WEST KWABWAI,KASIRIME KAWANGA,1321,1427,2748,409,8.25,333.19
NYANZA,HOMABAY,KOBAMA,WEST KWABWAI,RACHAR,1359,1455,2814,511,16.18,173.9
NYANZA,HOMABAY,NDHIWA,CENTRAL KANYAMWA,KABONYO,4693,5277,9970,2043,46.11,216.22
NYANZA,HOMABAY,NDHIWA,CENTRAL KANYAMWA,KWANDIKU,2536,2738,5274,1136,17.99,293.12
NYANZA,HOMABAY,NDHIWA,NORTH KANYAMWA,KAKAETA,1101,1137,2238,466,9.13,245.24
NYANZA,HOMABAY,NDHIWA,NORTH KANYAMWA,KOCHIENG EAST.,960,980,1940,428,9.05,214.37
NYANZA,HOMABAY,NDHIWA,NORTH KANYAMWA,KOCHIENG WEST,1117,1199,2316,485,9.52,243.38
NYANZA,HOMABAY,NDHIWA,NORTH KANYAMWA,KOMUNGU,1333,1459,2792,591,10.86,257.16
NYANZA,HOMABAY,NDHIWA,SOUTH KANYAMWA,KACHOLA,2041,2282,4323,919,16.75,258.05
NYANZA,HOMABAY,NDHIWA,SOUTH KANYAMWA,KADWET,1388,1600,2988,684,11.22,266.3
NYANZA,HOMABAY,NDHIWA,SOUTH KANYAMWA,KAJWANG,3237,3608,6845,1472,33.99,201.41
NYANZA,HOMABAY,NDHIWA,WEST KANYAMWA,KAYAMBO,6334,7036,13370,3018,52.16,256.35
NYANZA,HOMABAY,NDHIWA,WEST KANYAMWA,KWAMO,2103,2241,4344,941,20.3,214.02
NYANZA,HOMABAY,NYARONGI,CENTRAL KANYIDOTO,KAGANDA NORTH,2018,2073,4091,680,7.7,531.08
NYANZA,HOMABAY,NYARONGI,CENTRAL KANYIDOTO,KAGANDA SOUTH,933,1079,2012,462,9.22,218.26
NYANZA,HOMABAY,NYARONGI,NORTH KANYIKELA,NORTH KANYIKELA,1455,1648,3103,695,13.1,236.83
NYANZA,HOMABAY,NYARONGI,SOUTH KANYIKELA,SOUTH KANYIKELA,1544,1636,3180,670,16.55,192.11
NYANZA,HOMABAY,NYARONGI,WEST .KANYIDOTO,NORTH KABURA,2563,2899,5462,1215,20.48,266.71
NYANZA,HOMABAY,NYARONGI,WEST .KANYIDOTO,SOUTH KABURA,2304,2462,4766,975,29.93,159.25
NYANZA,HOMABAY,RANGWE,CENTRAL GEM,GENGA,5177,5559,10736,2246,27.42,391.49
NYANZA,HOMABAY,RANGWE,CENTRAL GEM,KAJULU,5345,5966,11311,2232,22.31,506.89
NYANZA,HOMABAY,RANGWE,CENTRAL KOCHIA,KORAYO,2260,2606,4866,1098,12.9,377.21
NYANZA,HOMABAY,RANGWE,CENTRAL KOCHIA,KOWILI,2962,3261,6223,1353,18.23,341.35
NYANZA,HOMABAY,RANGWE,EAST GEM,KOTIENO,3178,3474,6652,1446,23.44,283.82
NYANZA,HOMABAY,RANGWE,EAST GEM,KOYOLO,2339,2628,4967,1121,14.02,354.4
NYANZA,HOMABAY,RANGWE,EAST KAGAN,KANYARWANDA,2274,2646,4920,1038,14.04,350.41
NYANZA,HOMABAY,RANGWE,EAST KAGAN,KOMENYA,3307,3785,7092,1411,18.1,391.78
NYANZA,HOMABAY,RANGWE,EAST KOCHIA,KAMENYA,4271,4780,9051,2002,25.73,351.83
NYANZA,HOMABAY,RANGWE,GONGO,GONGO,4722,4847,9569,1523,16.8,569.46
NYANZA,HOMABAY,RANGWE,WEST GEM,KAMAGAWI,1550,1771,3321,728,10.19,325.93
NYANZA,HOMABAY,RANGWE,WEST GEM,KANYANJWA,2679,2975,5654,1283,17.26,327.55
NYANZA,HOMABAY,RANGWE,WEST GEM,KOMOLO,1989,2229,4218,880,13.27,317.93
NYANZA,HOMABAY,RANGWE,WEST KAGAN,KANYIRIEMA,2469,2779,5248,1178,15.94,329.17
NYANZA,HOMABAY,RANGWE,WEST KAGAN,KOKOKO,1684,2040,3724,855,11.45,325.37
NYANZA,HOMABAY,RANGWE,WEST KOCHIA,KANAM,1409,1564,2973,679,6.19,480.59
NYANZA,HOMABAY,RANGWE,WEST KOCHIA,KAURA,1619,1822,3441,740,5.86,587.14
NYANZA,HOMABAY,RIANA,CENTRAL KABUOCH,KARADING,3540,3972,7512,1630,24.53,306.25
NYANZA,HOMABAY,RIANA,CENTRAL KABUOCH,KAWERE KAWUOR,3433,3699,7132,1626,29.46,242.12
NYANZA,HOMABAY,RIANA,CENTRAL KABUOCH,KONYANGO,2307,2538,4845,1076,14.83,326.79
NYANZA,HOMABAY,RIANA,NORTH KABUOCH,KACHWANYA,1348,1504,2852,616,9.35,305.17
NYANZA,HOMABAY,RIANA,NORTH KABUOCH,KONYANGO,1033,1203,2236,508,8.13,275.2
NYANZA,HOMABAY,RIANA,SOUTH KABUOCH,KAGURIA/KAMENYA,4910,5496,10406,2363,34.29,303.43
NYANZA,HOMABAY,RIANA,SOUTH KABUOCH,KOBITA,3728,4075,7803,1837,31.57,247.17
NYANZA,HOMABAY,RIANA,SOUTH KABUOCH,KOGUTA,3869,4254,8123,1832,33.74,240.77
NYANZA,HOMABAY,RIANA,WEST KABUOCH,KACHIENG EAST.,2741,3011,5752,1276,21.88,262.86
NYANZA,HOMABAY,RIANA,WEST KABUOCH,KACHIENG WEST.,2364,2577,4941,1103,29.25,168.94
NYANZA,KISII CENTRAL,KEUMBU,IBENO,CHIRICHIRO,2007,2225,4232,879,6.67,634.2
NYANZA,KISII CENTRAL,KEUMBU,IBENO,KABOSI,2426,2747,5173,1170,8.23,628.45
NYANZA,KISII CENTRAL,KEUMBU,IBENO,KERERA,2033,2097,4130,875,7.16,576.86
NYANZA,KISII CENTRAL,KEUMBU,IBENO,KIRWA,1639,1769,3408,742,5.24,650.67
NYANZA,KISII CENTRAL,KEUMBU,IBENO,NYAMAGWA,1805,1962,3767,802,5.08,741.54
NYANZA,KISII CENTRAL,KEUMBU,KEUMBU,BIRONGO,2605,2947,5552,1216,7.57,733.57
NYANZA,KISII CENTRAL,KEUMBU,KEUMBU,BOMWAGI,2111,2436,4547,1002,3.29,1381.14
NYANZA,KISII CENTRAL,KEUMBU,KEUMBU,NYAMWARE,5102,5375,10477,2219,12,873
NYANZA,KISII CENTRAL,KEUMBU,KEUMBU,TARACHA,6498,7318,13816,2859,15.65,882.95
NYANZA,KISII CENTRAL,KIOGORO,BOSONGO,BOBARACHO,4459,4635,9094,2076,5.21,1744.62
NYANZA,KISII CENTRAL,KIOGORO,BOSONGO,NYANCHWA,2686,2729,5415,1387,2.19,2467.64
NYANZA,KISII CENTRAL,KIOGORO,BOSONGO,NYAURA,8806,8950,17756,4587,4.13,4303.44
NYANZA,KISII CENTRAL,KIOGORO,KEGATI,KEGATI,3393,3539,6932,1490,7.8,888.42
NYANZA,KISII CENTRAL,KIOGORO,KEGATI,NYAMEMISO,1934,2175,4109,844,4.52,908.57
NYANZA,KISII CENTRAL,KIOGORO,KEGATI,NYANGURU,4506,4697,9203,1873,12.02,765.81
NYANZA,KISII CENTRAL,KIOGORO,KIOGORO,BORONYI,2694,2996,5690,1240,6,948.21
NYANZA,KISII CENTRAL,KIOGORO,KIOGORO,MASONGO,4335,4697,9032,1828,11.5,785.49
NYANZA,KISII CENTRAL,KIOGORO,KIOGORO,MATUNWA,1697,1822,3519,780,5.17,681.15
NYANZA,KISII CENTRAL,KIOGORO,KIOGORO,NYAGUTA,1832,2061,3893,818,4.89,796.31
NYANZA,KISII CENTRAL,MARANI,KEGOGI,METEMBE,4688,5263,9951,2155,12.91,771.01
NYANZA,KISII CENTRAL,MARANI,KEGOGI,NGOKORO,4942,5665,10607,2260,9.34,1136.1
NYANZA,KISII CENTRAL,MARANI,MWAGICHANA,IGEMO,4949,5535,10484,2416,10.3,1018
NYANZA,KISII CENTRAL,MARANI,MWAGICHANA,KIOMOONCHA,2985,3395,6380,1386,5.8,1099.62
NYANZA,KISII CENTRAL,MARANI,MWAKIBAGENDI,NYAMAGE,2548,2901,5449,1135,7.15,761.96
NYANZA,KISII CENTRAL,MARANI,MWAKIBAGENDI,ONYWERE,2755,3093,5848,1295,6.89,848.77
NYANZA,KISII CENTRAL,MARANI,MWAMONARI,NYAKEIRI,3227,3660,6887,1478,7.64,901.24
NYANZA,KISII CENTRAL,MARANI,MWAMONARI,RIOMA,4729,5401,10130,2199,11.61,872.34
NYANZA,KISII CENTRAL,MARANI,NGENYI,GESANGERO,4064,4385,8449,1846,13.79,612.56
NYANZA,KISII CENTRAL,MARANI,NGENYI,IKURUMA,5424,6049,11473,2485,15.01,764.22
NYANZA,KISII CENTRAL,MARANI,NGENYI,MATONGO,3504,4185,7689,1768,9.58,802.24
NYANZA,KISII CENTRAL,MARANI,SENSI,KIONGANYO,2098,2474,4572,1050,5.72,799.97
NYANZA,KISII CENTRAL,MARANI,SENSI,SENSI,2736,3214,5950,1336,8.05,739.27
NYANZA,KISII CENTRAL,MOSOCHO,BOGEKA,GESONI,3627,3875,7502,1576,7.53,996.35
NYANZA,KISII CENTRAL,MOSOCHO,BOGEKA,MOGUSI,2707,3045,5752,1212,6.78,848.13
NYANZA,KISII CENTRAL,MOSOCHO,ETORA,BIGEGE,2868,3197,6065,1300,6.56,924.04
NYANZA,KISII CENTRAL,MOSOCHO,ETORA,RAGANGA,3020,3465,6485,1338,9.71,667.6
NYANZA,KISII CENTRAL,MOSOCHO,NYAKOE,BONYAGATANYI,4024,4668,8692,1791,8.3,1047.78
NYANZA,KISII CENTRAL,MOSOCHO,NYAKOE,IRANDA,4684,5082,9766,2027,9.93,983.41
NYANZA,KISII CENTRAL,MOSOCHO,NYAMACHEMANGE,MATIEKO,3724,4170,7894,1660,10.94,721.48
NYANZA,KISII CENTRAL,MOSOCHO,NYAMACHEMANGE,SANTA,2085,2343,4428,957,5.53,801.2
NYANZA,KISII CENTRAL,MOSOCHO,NYANGURU,NYAGISAI,1007,1125,2132,477,2.68,796.8
NYANZA,KISII CENTRAL,MOSOCHO,NYANGURU,RIETEBA,1170,1336,2506,560,3.05,821.75
NYANZA,KISII CENTRAL,MOSOCHO,NYATIEKO,MWAMANWA,4650,5383,10033,2179,9.99,1004.25
NYANZA,KISII CENTRAL,MOSOCHO,NYATIEKO,MWAMOSIOMA,5051,5462,10513,2216,7.93,1325.46
NYANZA,KISII CENTRAL,MOSOCHO,TOWNSHIP,MWAMOSIOMA,22458,22257,44715,11513,14.42,3101.96
NYANZA,KISII CENTRAL,MOSOCHO,TOWNSHIP,TOWNSHIP,3111,2537,5648,1124,1.05,5373.42
NYANZA,KISII SOUTH,SUNEKA,BOGIAKUMU,BOGIAKUMU,4656,4960,9616,2026,7.69,1250.5
NYANZA,KISII SOUTH,SUNEKA,BOGIAKUMU,BOMWANDA,5010,5312,10322,2192,6.86,1505.65
NYANZA,KISII SOUTH,SUNEKA,BOGIAKUMU,BONYANDO,3796,3960,7756,1661,7.27,1067.13
NYANZA,KISII SOUTH,SUNEKA,BOMARIBA,BOMARIBA,2420,2745,5165,1053,6.93,744.78
NYANZA,KISII SOUTH,SUNEKA,BOMARIBA,BOROKO,3421,3895,7316,1564,6.9,1059.8
NYANZA,KISII SOUTH,SUNEKA,BOMARIBA,KEBOYE,3835,4302,8137,1642,14.49,561.66
NYANZA,KISII SOUTH,SUNEKA,BOMORENDA,BOMAKOMBI,3399,4026,7425,1504,6.01,1234.82
NYANZA,KISII SOUTH,SUNEKA,BOMORENDA,BOMWANCHA,1599,1768,3367,693,2.52,1334.42
NYANZA,KISII SOUTH,SUNEKA,BOMORENDA,BONYANCHAIRE,3697,4034,7731,1759,4.43,1746.29
NYANZA,KISII SOUTH,SUNEKA,BOMORENDA,BONYAORO,3160,3366,6526,1398,5.39,1209.84
NYANZA,KISII SOUTH,SUNEKA,IYABE,BOKEIRE,3292,3611,6903,1461,8.41,820.51
NYANZA,KISII SOUTH,SUNEKA,IYABE,BOMOKORA,6508,7080,13588,2814,18.82,721.81
NYANZA,KISII SOUTH,SUNEKA,RIANA,BOGITAA,4888,5486,10374,2203,16.35,634.65
NYANZA,KISII SOUTH,SUNEKA,RIANA,NYAMWARI,4901,5488,10389,2079,14.93,695.98
NYANZA,KISUMU EAST,KADIBO,BWANDA,CENTRAL BWANDA,1111,1193,2304,467,6.55,351.93
NYANZA,KISUMU EAST,KADIBO,BWANDA,UPPER BWANDA,1710,1896,3606,793,5.66,637.52
NYANZA,KISUMU EAST,KADIBO,EAST KOCHIENG,OKANA,1860,2031,3891,856,13.35,291.55
NYANZA,KISUMU EAST,KADIBO,EAST KOCHIENG,RABUOR (KOCHIENG),3399,3736,7135,1521,14.96,476.82
NYANZA,KISUMU EAST,KADIBO,KANYAGWAL,ANYURO,680,691,1371,289,6.67,205.58
NYANZA,KISUMU EAST,KADIBO,KANYAGWAL,OGENYA,1231,1321,2552,531,16.65,153.27
NYANZA,KISUMU EAST,KADIBO,KATHO,KAMAYOGA,1227,1319,2546,543,5.26,484.37
NYANZA,KISUMU EAST,KADIBO,KATHO,KOTIENO,1599,1808,3407,745,7.68,443.6
NYANZA,KISUMU EAST,KADIBO,KAWINO NORTH,KABONYO IRRIGATION,1248,1281,2529,532,18.44,137.16
NYANZA,KISUMU EAST,KADIBO,KAWINO NORTH,KAPIYO,1294,1354,2648,561,2.9,914.33
NYANZA,KISUMU EAST,KADIBO,KAWINO NORTH,KOLAL,1638,1778,3416,728,6.35,538.34
NYANZA,KISUMU EAST,KADIBO,KAWINO SOUTH,KADHIAMBO,949,967,1916,362,7.05,271.86
NYANZA,KISUMU EAST,KADIBO,KAWINO SOUTH,KWAKUNGU,1131,1189,2320,512,2.85,812.75
NYANZA,KISUMU EAST,KADIBO,KAWINO SOUTH,NDUURU,375,461,836,171,6.48,129.07
NYANZA,KISUMU EAST,KADIBO,KAWINO SOUTH,UGWE,763,804,1567,336,7.39,212.15
NYANZA,KISUMU EAST,KADIBO,KOMBURA,LELA,2278,2585,4863,1023,11.68,416.42
NYANZA,KISUMU EAST,KADIBO,KOMBURA,MASOGO,1565,1688,3253,744,8.46,384.72
NYANZA,KISUMU EAST,KADIBO,WEST KOCHIENG,NYAMWARE NORTH,2955,3235,6190,1309,10.31,600.33
NYANZA,KISUMU EAST,KADIBO,WEST KOCHIENG,NYAMWARE SOUTH,2239,2737,4976,971,6.17,807.12
NYANZA,KISUMU EAST,WINAM,KAJULU EAST,GOT NYABONDO,1934,2116,4050,853,4.65,871.62
NYANZA,KISUMU EAST,WINAM,KAJULU EAST,KADERO,3270,3520,6790,1505,7.27,934.48
NYANZA,KISUMU EAST,WINAM,KAJULU EAST,OKOK,1881,2057,3938,887,3.64,1080.71
NYANZA,KISUMU EAST,WINAM,KAJULU WEST,KONYA,6933,7342,14275,3357,13.7,1042.2
NYANZA,KISUMU EAST,WINAM,KAJULU WEST,WATHOREGO,5794,6029,11823,2849,8.97,1318.72
NYANZA,KISUMU EAST,WINAM,KISUMU CENTRAL,K0RANDO A,7366,4691,12057,2406,10.47,1151.87
NYANZA,KISUMU EAST,WINAM,KISUMU CENTRAL,KORANDOB,3116,3330,6446,1367,8.05,800.3
NYANZA,KISUMU EAST,WINAM,KISUMU EAST,DAGO,2803,2921,5724,1275,9.76,586.72
NYANZA,KISUMU EAST,WINAM,KISUMU EAST,KANYAKWAR,6447,6107,12554,3553,6.56,1913.25
NYANZA,KISUMU EAST,WINAM,KISUMU EAST,KOGONY,10041,9584,19625,5164,11.77,1666.98
NYANZA,KISUMU EAST,WINAM,KISUMU EAST,MKENDWA,515,517,1032,219,1.33,775.82
NYANZA,KISUMU EAST,WINAM,KISUMU NORTH,BAR A,2094,2225,4319,957,6.36,679.34
NYANZA,KISUMU EAST,WINAM,KISUMU NORTH,BAR B,1944,2121,4065,898,6.7,606.54
NYANZA,KISUMU EAST,WINAM,KISUMU NORTH,NYAHERA,4796,4954,9750,2041,16.39,594.93
NYANZA,KISUMU EAST,WINAM,KISUMU SOUTH WEST,KANYAWEGI,3237,3292,6529,1454,17.44,374.31
NYANZA,KISUMU EAST,WINAM,KISUMU SOUTH WEST,OJOLA,4001,4322,8323,1823,16.67,499.13
NYANZA,KISUMU EAST,WINAM,KISUMU SOUTH WEST,OSIRI,3428,3846,7274,1681,16.31,445.9
NYANZA,KISUMU EAST,WINAM,KOLWA CENTRAL,KASULE,9550,9702,19252,4880,17.49,1101.03
NYANZA,KISUMU EAST,WINAM,KOLWA CENTRAL,NYALUNYA,6082,6405,12487,2731,16.63,751.02
NYANZA,KISUMU EAST,WINAM,KOLWA EAST,BUOYE,2746,3043,5789,1230,23.74,243.86
NYANZA,KISUMU EAST,WINAM,KOLWA EAST,CHIGA,4841,5035,9876,2168,22.09,447.02
NYANZA,KISUMU EAST,WINAM,KOLWA EAST,MAYENYA,2720,2903,5623,1205,11.92,471.76
NYANZA,KISUMU EAST,WINAM,KOLWA WEST,MANYATTA B,14219,13733,27952,7808,2.54,10998.23
NYANZA,KISUMU EAST,WINAM,KOLWA WEST,NYALENDA A,14829,13440,28269,8070,3.16,8952.69
NYANZA,KISUMU EAST,WINAM,KOLWA WEST,NYALENDA B,16189,16241,32430,8561,4.71,6886.37
NYANZA,KISUMU EAST,WINAM,KONDELE,MANYATTA A,23503,24501,48004,12525,2.36,20333.79
NYANZA,KISUMU EAST,WINAM,KONDELE,MIGOSI,9182,10644,19826,4795,1.93,10291.2
NYANZA,KISUMU EAST,WINAM,KONDELE,NYAWITA,7526,7221,14747,4099,1.31,11281.36
NYANZA,KISUMU EAST,WINAM,MIWANI,MIWANI CENTRAL,521,346,867,304,28.74,30.17
NYANZA,KISUMU EAST,WINAM,MIWANI,MIWANI EAST,826,734,1560,390,32.85,47.49
NYANZA,KISUMU EAST,WINAM,MIWANI,MIWANI NORTH,540,465,1005,275,16.31,61.63
NYANZA,KISUMU EAST,WINAM,MIWANI,MIWANI WEST,3206,1525,4731,1016,26.73,176.99
NYANZA,KISUMU EAST,WINAM,TOWN,BANDARI,3878,3745,7623,1921,7.23,1055.07
NYANZA,KISUMU EAST,WINAM,TOWN,KALOLENI,6933,7873,14806,3658,2.1,7036.07
NYANZA,KISUMU EAST,WINAM,TOWN,NORTHERN,4804,4935,9739,2107,1.31,7439.46
NYANZA,KISUMU EAST,WINAM,TOWN,SOUTHERN,4729,4434,9163,2476,5.21,1759.81
NYANZA,KISUMU WEST,KOMBEWA,NORTH CENTRAL SEME,KADERO,1587,1818,3405,812,11.58,294.17
NYANZA,KISUMU WEST,KOMBEWA,NORTH CENTRAL SEME,KATIENO EAST,1547,1835,3382,744,7.82,432.71
NYANZA,KISUMU WEST,KOMBEWA,NORTH CENTRAL SEME,KATIENO WEST,1861,1983,3844,931,11.27,341.18
NYANZA,KISUMU WEST,KOMBEWA,NORTH CENTRAL SEME,KOWE NORTH,1129,1332,2461,577,7.3,337.14
NYANZA,KISUMU WEST,KOMBEWA,NORTH CENTRAL SEME,KOWE SOUTH,1235,1357,2592,586,9.89,262.08
NYANZA,KISUMU WEST,KOMBEWA,SOUTH CENTRAL SEME,E. KANYADWERA,1402,1711,3113,776,9.14,340.76
NYANZA,KISUMU WEST,KOMBEWA,SOUTH CENTRAL SEME,E. OTHANY,1896,1963,3859,829,12.44,310.24
NYANZA,KISUMU WEST,KOMBEWA,SOUTH CENTRAL SEME,LOWER KOMBEWA,1695,1911,3606,835,10.3,350.03
NYANZA,KISUMU WEST,KOMBEWA,SOUTH CENTRAL SEME,UPPER KOMBEWA,2248,2551,4799,1148,11.61,413.23
NYANZA,KISUMU WEST,KOMBEWA,SOUTH CENTRAL SEME,W. KANYADWERA,1778,2041,3819,895,13.43,284.42
NYANZA,KISUMU WEST,KOMBEWA,SOUTH CENTRAL SEME,W. OTHANY,1869,2148,4017,936,6.69,600.48
NYANZA,KISUMU WEST,KOMBEWA,SOUTH WEST SEME,ALWALA,880,1067,1947,493,2.76,705.9
NYANZA,KISUMU WEST,KOMBEWA,SOUTH WEST SEME,ANGOGA,891,1012,1903,479,6.62,287.34
NYANZA,KISUMU WEST,KOMBEWA,SOUTH WEST SEME,E. KADINGA,1469,1693,3162,818,9.99,316.38
NYANZA,KISUMU WEST,KOMBEWA,SOUTH WEST SEME,N. ALUNGO,746,838,1584,386,8.15,194.25
NYANZA,KISUMU WEST,KOMBEWA,SOUTH WEST SEME,S. ALUNGO,1357,1402,2759,651,7.15,385.65
NYANZA,KISUMU WEST,KOMBEWA,SOUTH WEST SEME,W.KADINGA,1947,2129,4076,997,12.02,339.1
NYANZA,KISUMU WEST,KOMBEWA,WEST SEME,EAST RERU,2443,2853,5296,1155,9.5,557.54
NYANZA,KISUMU WEST,KOMBEWA,WEST SEME,NGERE EAST,901,953,1854,441,3.07,604.11
NYANZA,KISUMU WEST,KOMBEWA,WEST SEME,WEST NGERE,688,760,1448,339,2.86,506.28
NYANZA,KISUMU WEST,KOMBEWA,WEST SEME,WEST RERU,1997,2430,4427,1036,14.93,296.55
NYANZA,KISUMU WEST,MASENO,EAST SEME,KAILA,1669,1855,3524,839,11.1,317.62
NYANZA,KISUMU WEST,MASENO,EAST SEME,KIT-MIKAYE,2644,3018,5662,1305,15,377.35
NYANZA,KISUMU WEST,MASENO,EAST SEME,KOKER KAJULU,2491,2799,5290,1185,16,330.69
NYANZA,KISUMU WEST,MASENO,KISUMU NORTH WEST,E. KARATENG,2545,2724,5269,1136,9.64,546.32
NYANZA,KISUMU WEST,MASENO,KISUMU NORTH WEST,MARERA,3001,2922,5923,1282,7.45,795.45
NYANZA,KISUMU WEST,MASENO,KISUMU NORTH WEST,SUNGA,2519,2759,5278,1100,9.14,577.49
NYANZA,KISUMU WEST,MASENO,KISUMU NORTH WEST,W. KARATENG,3722,3763,7485,1511,8.92,839.49
NYANZA,KISUMU WEST,MASENO,OTWENYA,E. KOLUNJE,1823,2041,3864,897,6.22,620.97
NYANZA,KISUMU WEST,MASENO,OTWENYA,N. RATTA,3475,3739,7214,1602,13.89,519.19
NYANZA,KISUMU WEST,MASENO,OTWENYA,S. RATTA,1186,1364,2550,587,9.13,279.42
NYANZA,KISUMU WEST,MASENO,OTWENYA,W. KOLUNJE,1564,1784,3348,748,7.34,456.37
NYANZA,KISUMU WEST,MASENO,WEST KISUMU,LOWER KADONGO,2187,2446,4633,1124,8.47,546.88
NYANZA,KISUMU WEST,MASENO,WEST KISUMU,N. KAPUNOJA,2743,2897,5640,1172,13.15,428.73
NYANZA,KISUMU WEST,MASENO,WEST KISUMU,NEWA,1612,1809,3421,778,15.48,221.05
NYANZA,KISUMU WEST,MASENO,WEST KISUMU,S. KAPUONJA,1991,2146,4137,896,8.48,487.57
NYANZA,KISUMU WEST,MASENO,WEST KISUMU,UPPER KADONGO,2076,2240,4316,966,10.77,400.9
NYANZA,KURIA EAST,KEGONGA,KEBAROTI,KEBAROTI,1669,1663,3332,499,8.27,402.85
NYANZA,KURIA EAST,KEGONGA,KEBAROTI,TEBESI,2850,2911,5761,936,12.53,459.95
NYANZA,KURIA EAST,KEGONGA,MAETA,NYAITARA,1774,1827,3601,638,16.5,218.25
NYANZA,KURIA EAST,KEGONGA,MAETA,SANCHAWA,1544,1558,3102,541,11.11,279.29
NYANZA,KURIA EAST,KEGONGA,NGURUNA,GETONGOROMA,1419,1478,2897,461,9.79,295.98
NYANZA,KURIA EAST,KEGONGA,NGURUNA,GIRIGIRI,1577,1488,3065,442,11.61,263.9
NYANZA,KURIA EAST,KEGONGA,NYABASI EAST,KEGONGA,2321,2502,4823,733,8.13,592.98
NYANZA,KURIA EAST,KEGONGA,NYABASI EAST,SAKURI,2025,2027,4052,584,9.38,432.13
NYANZA,KURIA EAST,KEGONGA,NYABASI NORTH,KUGITIMO,1379,1498,2877,471,7,410.77
NYANZA,KURIA EAST,KEGONGA,NYABASI NORTH,NYAMAGENGA,2255,2324,4579,632,11.1,412.54
NYANZA,KURIA EAST,KEGONGA,NYABASI WEST,NYABIKONGORI,4225,4050,8275,1181,18.73,441.87
NYANZA,KURIA EAST,KEGONGA,NYABASI WEST,NYAROHA,1643,1657,3300,533,9.77,337.68
NYANZA,KURIA EAST,NTIMARU,BWIREGE EAST,GWITEMBE,2028,2087,4115,770,4.12,999.73
NYANZA,KURIA EAST,NTIMARU,BWIREGE EAST,MASANGORA,1369,1528,2897,554,3.49,829.14
NYANZA,KURIA EAST,NTIMARU,BWIREGE WEST,MAKARARANGWE,3326,3512,6838,1147,15.81,432.51
NYANZA,KURIA EAST,NTIMARU,BWIREGE WEST,NTIMARU,3224,3365,6589,1242,10.38,634.79
NYANZA,KURIA EAST,NTIMARU,SIABAI,SIABAI,2511,2783,5294,980,8.01,661.01
NYANZA,KURIA EAST,NTIMARU,WANGIRABOSE,ITONGO,707,758,1465,267,3.84,381.97
NYANZA,KURIA EAST,NTIMARU,WANGIRABOSE,WANGIRABOSE,2402,2569,4971,902,8.46,587.35
NYANZA,KURIA WEST,KEHANCHA,BUKIRA CENTRAL,GWIKONGE,3191,3244,6435,988,20.03,321.23
NYANZA,KURIA WEST,KEHANCHA,BUKIRA CENTRAL,KOMOMANGE,1843,1954,3797,598,12.77,297.4
NYANZA,KURIA WEST,KEHANCHA,BUKIRA EAST,IGENA,6956,7479,14435,2857,23.4,616.89
NYANZA,KURIA WEST,KEHANCHA,BUKIRA EAST,TARANGANYA,2559,2482,5041,760,10.79,467.4
NYANZA,KURIA WEST,KEHANCHA,BUKIRA NORTH,IKEREGE,3850,4058,7908,1294,24.02,329.23
NYANZA,KURIA WEST,KEHANCHA,BUKIRA NORTH,KURUTIYANGE,2253,2403,4656,796,21.6,215.58
NYANZA,KURIA WEST,KEHANCHA,BUKIRA SOUTH,MASANGORA,2046,2156,4202,700,14.23,295.24
NYANZA,KURIA WEST,KEHANCHA,BUKIRA SOUTH,NYAMO TAMBE,2077,2154,4231,664,8.96,472.28
NYANZA,KURIA WEST,KEHANCHA,BUKIRA WEST,NYABIKAYE,5635,5427,11062,1271,15.19,728.08
NYANZA,KURIA WEST,KEHANCHA,BUKIRA WEST,NYAMAHARAGA,11968,11588,23556,3929,5.33,4422.08
NYANZA,KURIA WEST,KEHANCHA,BUKIRA WEST,NYAME TABURO,2683,2642,5325,630,8.78,606.72
NYANZA,KURIA WEST,KEHANCHA,BUKIRA WEST,NYANGITI,2268,2327,4595,655,6.58,698.2
NYANZA,KURIA WEST,KEHANCHA,GOKEHARA,IHORE,3479,3700,7179,1099,16.11,445.55
NYANZA,KURIA WEST,KEHANCHA,GOKEHARA,NYAMARANYA,2281,2419,4700,692,13.18,356.61
NYANZA,KURIA WEST,MABERA,BUGUMBE SOUTH,ISIBANIA,3704,3493,7197,1037,9.81,733.68
NYANZA,KURIA WEST,MABERA,BUGUMBE SOUTH,KOMASOKO,2988,2868,5856,838,13.6,430.62
NYANZA,KURIA WEST,MABERA,BUGUMBE WEST,MOHETO,2581,2732,5313,976,22.25,238.83
NYANZA,KURIA WEST,MABERA,BUGUMBE WEST,NGOCHONI,3918,4258,8176,1528,26.83,304.69
NYANZA,KURIA WEST,MABERA,TAGARE,MABERA,3185,3624,6809,1279,11.65,584.46
NYANZA,KURIA WEST,MABERA,TAGARE,NGISIRU,2108,2364,4472,785,12.94,345.62
NYANZA,KURIA WEST,MASABA,BUGUMBE CENTRAL,GETONGANYA,2050,2113,4163,716,13.53,307.78
NYANZA,KURIA WEST,MASABA,BUGUMBE CENTRAL,NYANCHABO,1304,1445,2749,480,11.96,229.78
NYANZA,KURIA WEST,MASABA,BUGUMBE EAST,NYANGOGE,1513,1674,3187,469,10.45,304.98
NYANZA,KURIA WEST,MASABA,BUGUMBE EAST,NYANKORE,3908,4186,8094,1215,19.02,425.59
NYANZA,KURIA WEST,MASABA,BUGUMBE NORTH,MASABA,2130,2245,4375,800,16.28,268.81
NYANZA,KURIA WEST,MASABA,BUGUMBE NORTH,NYAMAGAGANA,1842,1971,3813,688,15.27,249.64
NYANZA,KURIA WEST,MASABA,KOMBE,KOMBE,807,942,1749,317,5.05,346.18
NYANZA,KURIA WEST,MASABA,KOMBE,SASEGI,563,615,1178,226,5.06,232.68
NYANZA,MANGA,MANGA,CENTRAL KITUTU,KIOGUTWA,4094,4561,8655,1911,12.22,708.53
NYANZA,MANGA,MANGA,CENTRAL KITUTU,MORAKO,2994,3432,6426,1470,8.04,798.8
NYANZA,MANGA,MANGA,CENTRAL KITUTU,MWABOSIRE,2959,3160,6119,1360,9.26,660.46
NYANZA,MANGA,MANGA,CENTRAL KITUTU,NYAKONGO,4323,4766,9089,1936,11.39,797.69
NYANZA,MANGA,MANGA,KEMERA,IRIANYI,1965,2145,4110,950,4.57,899.68
NYANZA,MANGA,MANGA,KEMERA,KIABIRAA,4405,4676,9081,1984,6.38,1422.8
NYANZA,MANGA,MANGA,KEMERA,KIANGOSO,2374,2694,5068,1114,7.12,711.91
NYANZA,MANGA,MANGA,KEMERA,MOITUNYA,2995,3478,6473,1389,7.64,847.07
NYANZA,MANGA,MANGA,KEMERA,NYACHICHI,2316,2494,4810,1045,5.99,802.75
NYANZA,MANGA,MANGA,KEMERA,NYANGENA,2753,3012,5765,1279,7.26,794.49
NYANZA,MANGA,MANGA,NORTH KITUTU,BOGWENDO,2436,2760,5196,1161,8.69,597.77
NYANZA,MANGA,MANGA,NORTH KITUTU,GEKANO,1607,1812,3419,712,3.88,881.96
NYANZA,MANGA,MANGA,NORTH KITUTU,NYAGUKU,2326,2647,4973,1050,6.73,739.16
NYANZA,MANGA,MANGA,NORTH KITUTU,NYAMBARIA,2552,2696,5248,1213,7.4,709.1
NYANZA,MANGA,MANGA,NORTH KITUTU,SIRATE,1579,1848,3427,721,4.74,722.46
NYANZA,MASABA,KIAMOKAMA,MOGONGA,MASABA,1202,1334,2536,581,5.66,448.41
NYANZA,MASABA,KIAMOKAMA,MOGONGA,MOGWEKO,3311,3435,6746,1334,4.77,1413.49
NYANZA,MASABA,KIAMOKAMA,N/IRIANYI,AMABUKO,2285,2477,4762,1045,3.91,1219.31
NYANZA,MASABA,KIAMOKAMA,N/IRIANYI,BOGECHE,3791,4382,8173,1744,11.64,702.02
NYANZA,MASABA,KIAMOKAMA,N/IRIANYI,EMEROKA,943,1061,2004,421,3.14,637.24
NYANZA,MASABA,KIAMOKAMA,NYAMAGESA,GESABAKWA,2419,2706,5125,1110,5.7,899.15
NYANZA,MASABA,KIAMOKAMA,NYAMAGESA,GIENSEMBE,1758,1939,3697,792,5.11,723.2
NYANZA,MASABA,KIAMOKAMA,NYAMAGESA,ICHUNI,2720,3247,5967,1364,4.78,1247.1
NYANZA,MASABA,KIAMOKAMA,NYAMAGESA,KEGOGI,1284,1442,2726,603,2.64,1032.3
NYANZA,MASABA,KIAMOKAMA,NYAMAGESA,NYANKONONI,2981,3267,6248,1244,11.33,551.36
NYANZA,MASABA,KIAMOKAMA,NYARIBARI C,CHIRONGE,1184,1358,2542,562,3.6,706.68
NYANZA,MASABA,KIAMOKAMA,NYARIBARI C,GETARE,1344,1468,2812,688,2.91,966.16
NYANZA,MASABA,KIAMOKAMA,NYARIBARI C,IBACHO,1273,1538,2811,683,3.27,860.03
NYANZA,MASABA,KIAMOKAMA,NYARIBARI C,MOBAMBA,1502,1675,3177,696,3.4,934.85
NYANZA,MASABA,MASABA,GESUSU,CHIBWOBI,360,407,767,168,1.8,425.76
NYANZA,MASABA,MASABA,GESUSU,GETACHO,1088,1075,2163,485,2.94,735.26
NYANZA,MASABA,MASABA,GESUSU,GETERI,2050,2331,4381,915,4.9,893.39
NYANZA,MASABA,MASABA,GESUSU,IKENYE,2264,2451,4715,1032,5.5,857.37
NYANZA,MASABA,MASABA,GESUSU,NYAMESOCHO,1477,1702,3179,641,4.86,654.32
NYANZA,MASABA,MASABA,IKORONGO,BONGONTA,2103,2238,4341,867,5.14,844.82
NYANZA,MASABA,MASABA,IKORONGO,GEKONGE,1348,1569,2917,598,4.87,598.8
NYANZA,MASABA,MASABA,IKORONGO,NYASIKE,781,842,1623,333,2.67,606.77
NYANZA,MASABA,MASABA,IKORONGO,SOSERA,2138,2345,4483,960,6.76,663.13
NYANZA,MASABA,MASABA,NORTH MASABA,EKWARE,2403,2698,5101,1086,7.13,715.16
NYANZA,MASABA,MASABA,NORTH MASABA,ENGORWA,1462,1738,3200,648,4.59,696.96
NYANZA,MASABA,MASABA,NORTH MASABA,IBANCHORE,1938,2100,4038,876,3.91,1032.92
NYANZA,MASABA,MASABA,NORTH MASABA,KEREMA,977,1172,2149,424,3.69,581.68
NYANZA,MASABA,MASABA,NORTH MASABA,NYAMASIBI,2787,3191,5978,1347,8.75,683
NYANZA,MASABA,MASABA,NORTH MASABA,RIURI,1736,1942,3678,787,4.91,748.72
NYANZA,MASABA,MASABA,RAMASHA,METEMBE,1656,1806,3462,740,5.91,585.44
NYANZA,MASABA,MASABA,RAMASHA,RIAMICHOKI,886,974,1860,387,3.75,496
NYANZA,MASABA,MASABA,RAMASHA,SUGUTA,2202,2507,4709,971,7.96,591.43
NYANZA,MASABA,RIGOMA,EAST KITUTU,BITICHA,3624,4093,7717,1677,11.3,682.79
NYANZA,MASABA,RIGOMA,EAST KITUTU,BOCHARIA,7825,8442,16267,3881,10.8,1506.25
NYANZA,MASABA,RIGOMA,EAST KITUTU,EMBARO,5277,5770,11047,2395,15.62,707.05
NYANZA,MASABA,RIGOMA,EAST KITUTU,NYANKOBA,3910,4359,8269,1832,9.58,862.99
NYANZA,MASABA,RIGOMA,GACHUBA,GIRANGO,5411,6028,11439,2476,13.09,873.99
NYANZA,MASABA,RIGOMA,GACHUBA,MIRIRI,4286,4952,9238,2001,12.61,732.69
NYANZA,MASABA,RIGOMA,GACHUBA,RIGENA,5349,6279,11628,2581,13.73,847.2
NYANZA,MASABA,RIGOMA,GESIMA,NYATIENO,3399,3794,7193,1625,10.6,678.46
NYANZA,MASABA,RIGOMA,GESIMA,RIAMONI,6721,7529,14250,3140,18.87,755
NYANZA,MASABA,RIGOMA,MOCHENWA,KARANTINI,1126,1228,2354,500,4.81,489.5
NYANZA,MASABA,RIGOMA,MOCHENWA,NYABIOSI,4303,4862,9165,1941,15.86,577.73
NYANZA,MASABA,RIGOMA,MOCHENWA,NYAMAKOROTO,1252,1458,2710,605,4.62,586.63
NYANZA,MIGORI,KARUNGU,CENTRAL KARUNGU,OTATI,1294,1394,2688,554,15.24,176.41
NYANZA,MIGORI,KARUNGU,CENTRAL KARUNGU,RAGA,2113,2320,4433,1019,13.19,336.12
NYANZA,MIGORI,KARUNGU,EAST KARUNGU,ALENDO,1100,1185,2285,501,16.15,141.49
NYANZA,MIGORI,KARUNGU,EAST KARUNGU,MISIWI,1263,1455,2718,585,13.05,208.25
NYANZA,MIGORI,KARUNGU,S.E. KARUNGU,NGIRA,1844,2009,3853,810,21.53,178.92
NYANZA,MIGORI,KARUNGU,S.E. KARUNGU,OKAYO,1313,1474,2787,617,17.25,161.54
NYANZA,MIGORI,KARUNGU,WEST KARUNGU,GUNGA,3494,3731,7225,1511,27.54,262.31
NYANZA,MIGORI,KARUNGU,WEST KARUNGU,SORI,5051,5066,10117,2271,15.21,664.98
NYANZA,MIGORI,MUHURU,CENTRAL MUHURU,NYABOMO,2155,2338,4493,945,4.52,992.95
NYANZA,MIGORI,MUHURU,CENTRAL MUHURU,SUMBA,2945,3125,6070,1353,5.18,1171.61
NYANZA,MIGORI,MUHURU,EAST MUHURU,TAGACHE,1587,1611,3198,669,8.72,366.75
NYANZA,MIGORI,MUHURU,EAST MUHURU,WINJO,673,779,1452,300,6.39,227.16
NYANZA,MIGORI,MUHURU,SOUTH EAST MUHURU,IBENCHO,523,624,1147,253,6.99,164.05
NYANZA,MIGORI,MUHURU,SOUTH EAST MUHURU,NYAKONDO,806,904,1710,368,6.95,246.19
NYANZA,MIGORI,MUHURU,WEST MUHURU,KITHI,1330,1366,2696,538,4.24,635.43
NYANZA,MIGORI,MUHURU,WEST MUHURU,NYANCHA,1108,1144,2252,405,1.81,1244.06
NYANZA,MIGORI,NYATIKE,CENTRAL KADEM,EAST KANYUOR,1692,1754,3446,720,28.41,121.29
NYANZA,MIGORI,NYATIKE,CENTRAL KADEM,KAKELO KAKOTH,2056,2358,4414,927,19.52,226.09
NYANZA,MIGORI,NYATIKE,CENTRAL KADEM,KARAPOLO,2609,2834,5443,1178,38.47,141.5
NYANZA,MIGORI,NYATIKE,CENTRAL KADEM,WEST KANYUOR,1054,1183,2237,442,14.38,155.62
NYANZA,MIGORI,NYATIKE,EAST KADEM,BANDE,1892,2057,3949,818,27.93,141.41
NYANZA,MIGORI,NYATIKE,EAST KADEM,NYANDAGO,1824,1927,3751,737,20.29,184.82
NYANZA,MIGORI,NYATIKE,KALER,KIASA,2474,2885,5359,1100,32.34,165.71
NYANZA,MIGORI,NYATIKE,KALER,OLASI,2128,2288,4416,870,26.31,167.84
NYANZA,MIGORI,NYATIKE,NORTH EAST KADEM,KIWIRO,1388,1605,2993,657,24.98,119.8
NYANZA,MIGORI,NYATIKE,NORTH EAST KADEM,OKENGE,1700,2006,3706,797,27.29,135.81
NYANZA,MIGORI,NYATIKE,NORTH KADEM,BALA,1849,1886,3735,738,18.77,198.99
NYANZA,MIGORI,NYATIKE,NORTH KADEM,MAGUNGU,2223,2500,4723,1041,32.88,143.65
NYANZA,MIGORI,NYATIKE,SOUTH EAST KADEM,MIKEI,2549,2850,5399,1128,23.13,233.46
NYANZA,MIGORI,NYATIKE,SOUTH EAST KADEM,NYATIKE,1573,1632,3205,680,27.38,117.06
NYANZA,MIGORI,NYATIKE,SOUTH EAST KADEM,OWICH,1566,1766,3332,716,21.98,151.62
NYANZA,MIGORI,NYATIKE,SOUTH KADEM,C. KANYARUANDA,1183,1312,2495,512,19.11,130.57
NYANZA,MIGORI,NYATIKE,SOUTH KADEM,E.KANYARUANDA,1857,2072,3929,806,19.6,200.49
NYANZA,MIGORI,NYATIKE,SOUTH KADEM,W.KANYARUANDA,2072,2259,4331,848,25.23,171.66
NYANZA,MIGORI,NYATIKE,WEST KADEM,AMOYO,1855,2201,4056,871,16.53,245.44
NYANZA,MIGORI,NYATIKE,WEST KADEM,ANEKO,1577,1717,3294,625,7.75,424.81
NYANZA,MIGORI,NYATIKE,WEST KADEM,WINAM,3489,3799,7288,1513,21.43,340.03
NYANZA,MIGORI,SUBA EAST,CENTRAL SUNA,NGEGE,3507,3616,7123,1452,17.53,406.38
NYANZA,MIGORI,SUBA EAST,CENTRAL SUNA,WASWETA I,10050,10472,20522,4884,10.13,2025.9
NYANZA,MIGORI,SUBA EAST,EAST SUNA,NORTH OSINGO,1903,2058,3961,801,10.44,379.34
NYANZA,MIGORI,SUBA EAST,EAST SUNA,SOUTH OSINGO,2057,2330,4387,917,10.17,431.38
NYANZA,MIGORI,SUBA EAST,GOD JOPE,MANYATTA,2815,3114,5929,1180,12.62,469.86
NYANZA,MIGORI,SUBA EAST,GOD JOPE,WASIO,2097,2193,4290,823,9.28,462.15
NYANZA,MIGORI,SUBA EAST,NORTH SUNA,KAKRAO,6640,7176,13816,2710,29.41,469.74
NYANZA,MIGORI,SUBA EAST,NORTH SUNA,OTACHO,4551,4831,9382,1785,36.09,259.94
NYANZA,MIGORI,SUBA EAST,SUNA RABUOR,KWA,3313,3537,6850,1382,15.5,441.92
NYANZA,MIGORI,SUBA EAST,SUNA RABUOR,ONGUO,1590,1758,3348,646,9.07,369.01
NYANZA,MIGORI,SUBA EAST,SUNA RAGANA,MARINDI,6486,6955,13441,2898,20.3,662.12
NYANZA,MIGORI,SUBA EAST,SUNA RAGANA,ORUBA,9191,10215,19406,4473,9.98,1944.06
NYANZA,MIGORI,SUBA EAST,UPPER SUNA,OGWEDHI,1600,1658,3258,721,4.73,688.26
NYANZA,MIGORI,SUBA EAST,UPPER SUNA,SAGEGI,1885,1926,3811,748,12.97,293.9
NYANZA,MIGORI,SUBA WEST,LOWER SUNA,MUKURO,2860,3145,6005,1183,27.16,221.07
NYANZA,MIGORI,SUBA WEST,LOWER SUNA,NYASOKO,4047,4298,8345,1672,26.66,313.06
NYANZA,MIGORI,SUBA WEST,SOUTH SUNA,SAGERO,2894,3127,6021,1208,15.49,388.61
NYANZA,MIGORI,SUBA WEST,SOUTH SUNA,WASWETA II,5670,6261,11931,2498,39.27,303.85
NYANZA,MIGORI,SUBA WEST,SUNA NYABISAWA,KIRENGO,2435,2650,5085,1009,19.78,257.06
NYANZA,MIGORI,SUBA WEST,SUNA NYABISAWA,NYAMANGA,2442,2917,5359,1000,9.52,562.99
NYANZA,MIGORI,SUBA WEST,SUNA RAHA,GOD KWER,2406,2714,5120,1132,23.86,214.62
NYANZA,MIGORI,SUBA WEST,SUNA RAHA,WIGA,2216,2410,4626,1055,25.94,178.34
NYANZA,MIGORI,SUBA WEST,SUNA WASIMBETE,MUBACHI,2784,2939,5723,1116,27.73,206.36
NYANZA,MIGORI,SUBA WEST,SUNA WASIMBETE,NYAMARANGA,2138,2341,4479,879,24.52,182.7
NYANZA,MIGORI,SUBA WEST,WEST SUNA,GIRIBE,1999,2317,4316,917,18.48,233.54
NYANZA,MIGORI,SUBA WEST,WEST SUNA,KOPANGA,2298,2416,4714,1004,23.34,201.96
NYANZA,NYAMIRA,EKERENYO,ITIBO,BOISANGA II,4665,4915,9580,1930,9.66,992.03
NYANZA,NYAMIRA,EKERENYO,ITIBO,BOKURATI 2,2800,3220,6020,1321,7.17,840
NYANZA,NYAMIRA,EKERENYO,ITIBO,BONYAKONI,5826,6172,11998,2548,16.07,746.47
NYANZA,NYAMIRA,EKERENYO,KIABONYORU,MOKOMONI,6869,7511,14380,3089,19.51,736.96
NYANZA,NYAMIRA,EKERENYO,KIABONYORU,NYANGOGE,5389,5796,11185,2427,11.22,996.9
NYANZA,NYAMIRA,EKERENYO,KIABONYORU,NYARAMBA,3024,3207,6231,1460,4.51,1380.19
NYANZA,NYAMIRA,EKERENYO,KIABONYORU,OMONON0,5720,6148,11868,2434,14.13,840
NYANZA,NYAMIRA,EKERENYO,OBWARI,BOISANGA 1,4932,5296,10228,2221,17.72,577.07
NYANZA,NYAMIRA,EKERENYO,OBWARI,BOKURATI 1,3949,4292,8241,1786,11.76,700.75
NYANZA,NYAMIRA,EKERENYO,OBWARI,IKONGE,3980,4210,8190,1964,7.05,1162.08
NYANZA,NYAMIRA,NYAMAIYA,KEERA,CHARACHANI,4039,4516,8555,1908,9.62,889.07
NYANZA,NYAMIRA,NYAMAIYA,KEERA,NYAMERU,2209,2377,4586,952,4.96,923.96
NYANZA,NYAMIRA,NYAMAIYA,KEERA,TIMI,3861,4321,8182,1798,10.57,773.96
NYANZA,NYAMIRA,NYAMAIYA,W.MUGIRANGO,BOKIAMBORI,3370,3798,7168,1528,10.42,687.69
NYANZA,NYAMIRA,NYAMAIYA,W.MUGIRANGO,BOMABACHO,3601,4030,7631,1667,9.96,766.48
NYANZA,NYAMIRA,NYAMAIYA,W.MUGIRANGO,BOMANYANYA,2879,3135,6014,1370,7.56,795.1
NYANZA,NYAMIRA,NYAMAIYA,W.MUGIRANGO,BONYAIGUBA,3140,3724,6864,1417,6.39,1074.25
NYANZA,NYAMIRA,NYAMAIYA,W.MUGIRANGO,MIRUKA,2363,2636,4999,1088,6.53,766
NYANZA,NYAMIRA,NYAMIRA,BOGICHORA,BUNDO,2616,2732,5348,1185,6.61,808.88
NYANZA,NYAMIRA,NYAMIRA,BOGICHORA,IBUCHA,2152,2950,5102,991,5.07,1006.67
NYANZA,NYAMIRA,NYAMIRA,BOGICHORA,MONGORISI,4840,5213,10053,2025,11.36,884.91
NYANZA,NYAMIRA,NYAMIRA,BONYAMATUTA CHACHE,SIAMANI,2840,3059,5899,1244,8.21,718.64
NYANZA,NYAMIRA,NYAMIRA,BONYAMATUTA CHACHE,TOWNSHIP,9532,10045,19577,4591,12.89,1519.17
NYANZA,NYAMIRA,NYAMIRA,BONYAMATUTA MASABA,KEBIRIGO,6640,6901,13541,2907,13.33,1015.81
NYANZA,NYAMIRA,NYAMIRA,BONYAMATUTA MASABA,NYAMBISIBA,3098,3298,6396,1303,8.59,744.73
NYANZA,NYAMIRA,NYAMIRA,BOSAMARO CHACHE,BIGEGE,5036,5892,10928,2397,12.51,873.53
NYANZA,NYAMIRA,NYAMIRA,BOSAMARO CHACHE,IKOBE,3984,4449,8433,1893,12.19,691.87
NYANZA,NYAMIRA,NYAMIRA,BOSAMARO MASABA,ENCHORO,6312,6665,12977,2557,13.95,930.44
NYANZA,NYAMIRA,NYAMIRA,BOSAMARO MASABA,KEGOGI,3510,3910,7420,1444,8.26,898.46
NYANZA,NYAMIRA,NYAMUSI,BOKEIRA,EGETONTO,1628,1852,3480,757,7.92,439.33
NYANZA,NYAMIRA,NYAMUSI,BOKEIRA,MATONGO,6191,6661,12852,2714,18.18,706.82
NYANZA,NYAMIRA,NYAMUSI,BOKEIRA,NYAKENIMO,5337,5820,11157,2364,13.06,854.26
NYANZA,NYAMIRA,NYAMUSI,BOMWAGAMO,MAGERI,4050,4514,8564,1849,11.41,750.83
NYANZA,NYAMIRA,NYAMUSI,BOMWAGAMO,NYAGWEKOA,2353,2616,4969,1046,8.3,598.37
NYANZA,NYAMIRA,NYAMUSI,BOMWAGAMO,NYAMBIRI,1744,1975,3719,782,5.92,628.29
NYANZA,NYAMIRA,NYAMUSI,BORANGI,BONYENGWE 1,3678,3925,7603,1636,11.14,682.45
NYANZA,NYAMIRA,NYAMUSI,BORANGI,BONYENGWE 2,2467,2526,4993,983,6.43,776.52
NYANZA,NYAMIRA,NYAMUSI,BORANGI,MAGWAGWA,5184,5575,10759,2363,18.11,594.09
NYANZA,NYANDO,LOWER NYAKACH,ASAO,LISANA,180,173,353,78,4.56,77.43
NYANZA,NYANDO,LOWER NYAKACH,ASAO,RARIEDA,841,1015,1856,424,5.89,315.14
NYANZA,NYANDO,LOWER NYAKACH,CENTRAL NYAKACH,JIMO WEST,3326,3697,7023,1543,8.51,825.44
NYANZA,NYANDO,LOWER NYAKACH,CENTRAL NYAKACH,OLWALO,548,648,1196,275,2.27,526.66
NYANZA,NYANDO,LOWER NYAKACH,E. NYAKACH,JIMO EAST,1883,2192,4075,917,12.41,328.28
NYANZA,NYANDO,LOWER NYAKACH,E. NYAKACH,KANDARIA,846,832,1678,354,3.49,481.08
NYANZA,NYANDO,LOWER NYAKACH,N. NYAKACH,GEM NAM,978,1023,2001,429,6.48,308.6
NYANZA,NYANDO,LOWER NYAKACH,N. NYAKACH,GEM RAE,1999,2205,4204,910,17.38,241.92
NYANZA,NYANDO,LOWER NYAKACH,N.E. NYAKACH,AGORO EAST,1442,1624,3066,724,9.33,328.57
NYANZA,NYANDO,LOWER NYAKACH,N.E. NYAKACH,AGORO WEST,3717,4175,7892,1852,13.27,594.65
NYANZA,NYANDO,LOWER NYAKACH,N.E. NYAKACH,AWACH,1680,1930,3610,774,7.76,465.08
NYANZA,NYANDO,LOWER NYAKACH,NYALUNYA,N. KABODHO,1297,1510,2807,620,17.21,163.12
NYANZA,NYANDO,LOWER NYAKACH,NYALUNYA,W. KABODHO,2385,2654,5039,1072,22.43,224.67
NYANZA,NYANDO,LOWER NYAKACH,PAP-ONDITI,KABODHO EAST,2916,3093,6009,1374,16.67,360.55
NYANZA,NYANDO,LOWER NYAKACH,PAP-ONDITI,MORO,1453,1755,3208,734,8.87,361.54
NYANZA,NYANDO,LOWER NYAKACH,RANGUL,JIMO MIDDLE,1765,1867,3632,776,27.83,130.5
NYANZA,NYANDO,LOWER NYAKACH,RANGUL,KASAYE,555,585,1140,225,1.92,593.56
NYANZA,NYANDO,MIWANI,N.E. KANO,CENTRAL KABAR,1340,1474,2814,654,6.03,466.56
NYANZA,NYANDO,MIWANI,N.E. KANO,EAST KABAR,2553,2795,5348,1218,16.92,316.14
NYANZA,NYANDO,MIWANI,N.E. KANO,KAMSWA NORTH,1037,1100,2137,477,6.44,331.91
NYANZA,NYANDO,MIWANI,N.E. KANO,SIDHO I,1358,1449,2807,620,9.04,310.64
NYANZA,NYANDO,MIWANI,N.E. KANO,WANGAYA II,2578,2771,5349,1202,14.73,363.26
NYANZA,NYANDO,MIWANI,N.E. KANO,WEST KABAR,1496,1605,3101,720,4.76,650.99
NYANZA,NYANDO,MIWANI,NYANGOMA,KAMSWA SOUTH,2804,2992,5796,1252,25.74,225.21
NYANZA,NYANDO,MIWANI,NYANGOMA,SIDHO EAST II,3403,3437,6840,1564,18.19,375.99
NYANZA,NYANDO,MIWANI,NYANGOMA,WANGAYA I,4560,5007,9567,1990,31.95,299.42
NYANZA,NYANDO,MIWANI,OMBEYI,AHERO IRRIG. SCHEME,2132,2292,4424,945,14.77,299.46
NYANZA,NYANDO,MIWANI,OMBEYI,KANGO,2259,2324,4583,1014,17.87,256.44
NYANZA,NYANDO,MIWANI,OMBEYI,KORE,3144,3407,6551,1446,13.54,483.76
NYANZA,NYANDO,MIWANI,OMBEYI,OBUMBA,2301,2390,4691,1036,26.99,173.8
NYANZA,NYANDO,MIWANI,OMBEYI,RAMULA,2916,3142,6058,1291,19.3,313.95
NYANZA,NYANDO,MUHORONI,CHEMELIL,CHEMELIL,3528,2870,6398,1765,11.62,550.51
NYANZA,NYANDO,MUHORONI,CHEMELIL,KIBIGORI,2652,2688,5340,1163,16.4,325.55
NYANZA,NYANDO,MUHORONI,CHEMELIL,NYANGORE,933,807,1740,453,54.19,32.11
NYANZA,NYANDO,MUHORONI,CHEMELIL,W. SONGHOR,2042,2131,4173,994,26.22,159.17
NYANZA,NYANDO,MUHORONI,FORT TERNAN,FORT TERNAN,1142,985,2127,400,19.94,106.68
NYANZA,NYANDO,MUHORONI,FORT TERNAN,OCHORIA,1551,1389,2940,574,28,105.01
NYANZA,NYANDO,MUHORONI,GOD NYITHINDO,OREGO,2643,2095,4738,1372,16.19,292.7
NYANZA,NYANDO,MUHORONI,GOD NYITHINDO,TONDE,1394,1306,2700,594,14.27,189.21
NYANZA,NYANDO,MUHORONI,KORU,HOMALINE,1815,1673,3488,792,23.75,146.86
NYANZA,NYANDO,MUHORONI,KORU,KORU,2704,2763,5467,1274,11.46,477.19
NYANZA,NYANDO,MUHORONI,KORU,NYANDO,1277,1218,2495,480,14.6,170.86
NYANZA,NYANDO,MUHORONI,MUHORONI,MUHORONI EAST,3880,3676,7556,2242,3.2,2360.59
NYANZA,NYANDO,MUHORONI,MUHORONI,OWAGA,1486,1460,2946,651,19.08,154.36
NYANZA,NYANDO,MUHORONI,TAMU,E. SONGHOR,2481,2349,4830,1029,20.63,234.09
NYANZA,NYANDO,MUHORONI,TAMU,GOD ABUORO,1954,1943,3897,836,24.26,160.61
NYANZA,NYANDO,MUHORONI,TAMU,LOWER TAMU,2200,2266,4466,970,19.48,229.22
NYANZA,NYANDO,MUHORONI,TAMU,UPPER TAMU,1151,1083,2234,548,13.11,170.43
NYANZA,NYANDO,NYANDO,AWASI,AYUCHA,2342,2536,4878,1147,8.32,586.14
NYANZA,NYANDO,NYANDO,AWASI,BORDER I,2467,2779,5246,1162,24.54,213.75
NYANZA,NYANDO,NYANDO,AWASI,BORDER II,3431,3555,6986,1524,18.54,376.87
NYANZA,NYANDO,NYANDO,AWASI,WANGANGA,1281,1417,2698,591,19.99,134.95
NYANZA,NYANDO,NYANDO,KAKOLA,KAKOLA -OMBAKA,1644,1726,3370,710,4.79,703.8
NYANZA,NYANDO,NYANDO,KAKOLA,KAKOLA-AHERO,4513,5253,9766,2283,10.73,910.08
NYANZA,NYANDO,NYANDO,KAKOLA,TURA,4198,4345,8543,1885,6.56,1302.98
NYANZA,NYANDO,NYANDO,KIKOLO (EAST KANO),ACHEGO,1223,1407,2630,615,10.53,249.71
NYANZA,NYANDO,NYANDO,KIKOLO (EAST KANO),KATOLO,2461,2751,5212,1139,39.26,132.77
NYANZA,NYANDO,NYANDO,KOCHOGO,KOCHOGO CENTRAL,768,766,1534,297,1.5,1020.22
NYANZA,NYANDO,NYANDO,KOCHOGO,KOCHOGO NORTH,2095,2270,4365,872,7.01,622.34
NYANZA,NYANDO,NYANDO,KOCHOGO,KOCHOGO SOUTH,1879,1983,3862,802,9.16,421.58
NYANZA,NYANDO,NYANDO,ONJIKO,KAKMIE,2974,3289,6263,1327,23.1,271.1
NYANZA,NYANDO,NYANDO,ONJIKO,KOBONGO,2372,2494,4866,1055,12.07,403.1
NYANZA,NYANDO,NYANDO,WAWIDHI,AYWEYO,2512,2724,5236,1129,33.08,158.29
NYANZA,NYANDO,NYANDO,WAWIDHI,MAGINA,1326,1412,2738,564,9.75,280.96
NYANZA,NYANDO,NYANDO,WAWIDHI,NYAKONGO,725,793,1518,343,9.25,164.13
NYANZA,NYANDO,UPPER NYAKACH,OBOCH,GARI,1328,1532,2860,606,5.88,486.11
NYANZA,NYANDO,UPPER NYAKACH,OBOCH,KAJIMBO,3635,4082,7717,1675,18.79,410.77
NYANZA,NYANDO,UPPER NYAKACH,SIGOTI,EAST KOGUTA,3547,3813,7360,1534,13.11,561.49
NYANZA,NYANDO,UPPER NYAKACH,SIGOTI,RAMOGI,1576,1754,3330,716,9.44,352.69
NYANZA,NYANDO,UPPER NYAKACH,SOUTH NYAKACH,EAST KADIANGA,9696,10141,19837,4087,28.45,697.26
NYANZA,NYANDO,UPPER NYAKACH,SOUTH NYAKACH,WEST KADIANGA,3132,3613,6745,1544,26.2,257.47
NYANZA,NYANDO,UPPER NYAKACH,THURDIBUORO,ANDINGO OPANGA,1950,2124,4074,880,20.88,195.14
NYANZA,NYANDO,UPPER NYAKACH,THURDIBUORO,UPPER KADIANGA,2034,2356,4390,1058,10.5,418.11
NYANZA,NYANDO,UPPER NYAKACH,THURDIBUORO,WEST KOGUTA,5232,5637,10869,2486,22.96,473.36
NYANZA,NYANDO,UPPER NYAKACH,WEST NYAKACH,LOWER KADIANGA,1683,1787,3470,741,6.42,540.81
NYANZA,NYANDO,UPPER NYAKACH,WEST NYAKACH,NYOKONGO,1721,1879,3600,806,8.27,435.06
NYANZA,RACHUONYO,EAST KARACHUONYO,C. KARACHOUNYO,KOGEMBO,1484,1675,3159,648,5.68,556.16
NYANZA,RACHUONYO,EAST KARACHUONYO,C. KARACHOUNYO,KOGWENO KAWOUR,1939,2078,4017,867,11.42,351.7
NYANZA,RACHUONYO,EAST KARACHUONYO,KAMSER NYAKONGO,KAMSER A,1602,1634,3236,716,7.79,415.48
NYANZA,RACHUONYO,EAST KARACHUONYO,KAMSER NYAKONGO,KAMSER B,779,814,1593,345,6.94,229.61
NYANZA,RACHUONYO,EAST KARACHUONYO,KAMSER NYAKONGO,KODONDI,641,763,1404,290,5.52,254.57
NYANZA,RACHUONYO,EAST KARACHUONYO,KANYALUO EAST,KOWUOR EAST,1305,1380,2685,550,7.21,372.26
NYANZA,RACHUONYO,EAST KARACHUONYO,KANYALUO EAST,KOWUOR WEST,477,505,982,222,3.61,271.71
NYANZA,RACHUONYO,EAST KARACHUONYO,KANYALUO SOUTH,KAMENYA CENTRAL,1251,1378,2629,598,9.31,282.48
NYANZA,RACHUONYO,EAST KARACHUONYO,KANYALUO SOUTH,KAMENYA NORTH,1634,1838,3472,772,12.03,288.67
NYANZA,RACHUONYO,EAST KARACHUONYO,KANYALUO SOUTH,KAMENYA SOUTH,1299,1291,2590,611,13.89,186.5
NYANZA,RACHUONYO,EAST KARACHUONYO,KANYALUO WEST,KOBILA,1732,1844,3576,700,6.09,586.81
NYANZA,RACHUONYO,EAST KARACHUONYO,KANYALUO WEST,KOMWOYO,1280,1470,2750,612,7.23,380.4
NYANZA,RACHUONYO,EAST KARACHUONYO,KOBUYA,KOBUYA EAST,2166,2419,4585,979,19.52,234.9
NYANZA,RACHUONYO,EAST KARACHUONYO,KOBUYA,KOBUYA WEST,1039,1299,2338,479,5.1,458.64
NYANZA,RACHUONYO,EAST KARACHUONYO,KOGWENO ORIANG,KOGWENO ORIANG E,1776,1990,3766,773,9.14,412.04
NYANZA,RACHUONYO,EAST KARACHUONYO,KOGWENO ORIANG,KOGWENO ORIANG W,1574,1726,3300,726,10,330.01
NYANZA,RACHUONYO,EAST KARACHUONYO,N.E. KARACHUONYO,KONYANGO,1967,2116,4083,991,6.38,640.08
NYANZA,RACHUONYO,EAST KARACHUONYO,N.E. KARACHUONYO,KONYANGO MAJIER,1704,1786,3490,739,8.92,391.32
NYANZA,RACHUONYO,EAST KARACHUONYO,N.E. KARACHUONYO,KOTIENO GUMBA,1688,1890,3578,791,11.42,313.19
NYANZA,RACHUONYO,EAST KARACHUONYO,NORTH KARACHUOYO,KANYADHIANG,1378,1406,2784,634,7.59,366.91
NYANZA,RACHUONYO,EAST KARACHUONYO,NORTH KARACHUOYO,LOWER KAKWAJUOK,1508,1459,2967,658,2.36,1256.46
NYANZA,RACHUONYO,EAST KARACHUONYO,NORTH KARACHUOYO,UPPER KAKWAJUOK,1656,1813,3469,757,9.28,373.65
NYANZA,RACHUONYO,EAST KARACHUONYO,RAMBIRA,KAGWA,1257,1316,2573,573,5.76,446.38
NYANZA,RACHUONYO,EAST KARACHUONYO,RAMBIRA,KAMSER SEKA,1978,2243,4221,934,9.88,427.23
NYANZA,RACHUONYO,EAST KARACHUONYO,RAMBIRA,KARABONDI,2387,2628,5015,1095,15.65,320.38
NYANZA,RACHUONYO,EAST KARACHUONYO,WANGCHIENG,KAJIEI,1971,2211,4182,905,14.77,283.05
NYANZA,RACHUONYO,EAST KARACHUONYO,WANGCHIENG,KAMWALA,1379,1516,2895,651,3.72,777.95
NYANZA,RACHUONYO,EAST KARACHUONYO,WANGCHIENG,KOBALA,1919,2087,4006,870,15.38,260.54
NYANZA,RACHUONYO,EAST KARACHUONYO,WANGCHIENG,RAKWARO,1691,1830,3521,820,5.63,625.31
NYANZA,RACHUONYO,KABONDO,ATELA,KODUMO EAST,2823,3138,5961,1257,9.99,596.91
NYANZA,RACHUONYO,KABONDO,KASEWE,KASEWE A`,3297,3395,6692,1381,14.93,448.37
NYANZA,RACHUONYO,KABONDO,KASEWE,KASEWE `B`,3272,3510,6782,1440,13.89,488.25
NYANZA,RACHUONYO,KABONDO,KAWOUR,KODHOCH EAST,1681,1775,3456,721,7.59,455.37
NYANZA,RACHUONYO,KABONDO,KAWOUR,KOWIDI,2120,2338,4458,915,7.57,589.19
NYANZA,RACHUONYO,KABONDO,KAWOUR,MIRIU,2911,3119,6030,1250,16.56,364.02
NYANZA,RACHUONYO,KABONDO,KODHOCH WEST,LOWER KODHOCH,1148,1281,2429,521,7.04,345.25
NYANZA,RACHUONYO,KABONDO,KODHOCH WEST,UPPER KODHOCH,1458,1572,3030,632,9.65,314.12
NYANZA,RACHUONYO,KABONDO,RAMBA,KILUSI,1019,1074,2093,396,5.22,401.28
NYANZA,RACHUONYO,KABONDO,RAMBA,KODUMO WEST,1825,2077,3902,849,9.25,422.03
NYANZA,RACHUONYO,KABONDO,RAMBA,WEST KAKANGUTU,2210,2494,4704,957,15.91,295.75
NYANZA,RACHUONYO,KABONDO,RAMULA,KAKUMU,696,803,1499,287,4.09,366.69
NYANZA,RACHUONYO,KABONDO,WANGCHIENG,EAST KAKANGUTU,2570,2815,5385,1135,12.93,416.59
NYANZA,RACHUONYO,KABONDO,WANGCHIENG,RONGO PALA,3213,3459,6672,1294,8.53,781.82
NYANZA,RACHUONYO,KASIPUL,EAST KAMAGAK,KACHIENG,4862,5226,10088,2065,22.56,447.15
NYANZA,RACHUONYO,KASIPUL,EAST KAMAGAK,SINO KAGOLA,2124,2376,4500,959,17.81,252.71
NYANZA,RACHUONYO,KASIPUL,KACHIEN,NORTH KACHIEN,2721,3015,5736,1233,16.95,338.32
NYANZA,RACHUONYO,KASIPUL,KACHIEN,SOUTH KACHIEN,1877,2009,3886,793,9.37,414.82
NYANZA,RACHUONYO,KASIPUL,KAKELO,KAKELO DUDI,3665,3959,7624,1572,16.27,468.65
NYANZA,RACHUONYO,KASIPUL,KAKELO,KAKELO KAMROTH,4164,4662,8826,1926,26.94,327.67
NYANZA,RACHUONYO,KASIPUL,KAMAGAK WEST,KAMUMA,5857,6728,12585,2827,13.61,924.65
NYANZA,RACHUONYO,KASIPUL,KAMAGAK WEST,OBISA,3971,4459,8430,1930,13.49,624.87
NYANZA,RACHUONYO,KASIPUL,KODERA,KADEL KAMIDIGO,2668,3023,5691,1230,25.65,221.84
NYANZA,RACHUONYO,KASIPUL,KODERA,KAMIYAWA,2112,2346,4458,1030,22.42,198.87
NYANZA,RACHUONYO,KASIPUL,KODERA,KODERA KARABACH,2601,2889,5490,1116,13.92,394.32
NYANZA,RACHUONYO,KASIPUL,KOJWACH,KOJWACH KAMIORO,3388,3567,6955,1429,15.07,461.42
NYANZA,RACHUONYO,KASIPUL,KOJWACH,KOJWACH KAMUGA,2909,3138,6047,1246,11.75,514.7
NYANZA,RACHUONYO,KASIPUL,KOJWACH,KOJWACH KAWERE,2346,2576,4922,1041,8.49,579.41
NYANZA,RACHUONYO,KASIPUL,KOKECH,KASIMBA,1867,2018,3885,808,5.26,738.23
NYANZA,RACHUONYO,KASIPUL,KOKECH,KAWINO,3028,3339,6367,1317,16.97,375.19
NYANZA,RACHUONYO,KASIPUL,KOKWANYO,KOKWANYO EAST,2450,2946,5396,1153,14.53,371.47
NYANZA,RACHUONYO,KASIPUL,KOKWANYO,KOKWANYO WEST,2249,2437,4686,993,13.53,346.29
NYANZA,RACHUONYO,KASIPUL,KONUONGA,KOCHICH,2297,2688,4985,1082,10.03,497
NYANZA,RACHUONYO,KASIPUL,KONUONGA,KOTIENO KONUONGA,2482,2701,5183,1066,12.44,416.64
NYANZA,RACHUONYO,KASIPUL,KOWIDI,KANYANGO,3142,3626,6768,1411,10.81,626.3
NYANZA,RACHUONYO,KASIPUL,KOWIDI,KOKAL,4165,4506,8671,2014,6.07,1429.21
NYANZA,RACHUONYO,KASIPUL,NORTH KAMAGAK,KAWERE EAST,1793,2042,3835,836,14.96,256.29
NYANZA,RACHUONYO,KASIPUL,NORTH KAMAGAK,KAWERE WEST,2358,2760,5118,1123,11.73,436.48
NYANZA,RACHUONYO,KASIPUL,NORTH KAMAGAK,NYALENDA,3580,3861,7441,1626,15.78,471.61
NYANZA,RACHUONYO,W.KARACHUONYO,KAKDHIM WEST,KAYOO CENTRAL,468,495,963,176,3.58,269
NYANZA,RACHUONYO,W.KARACHUONYO,KAKDHIM WEST,KAYOO EAST,672,652,1324,290,3.33,398.18
NYANZA,RACHUONYO,W.KARACHUONYO,KAKDHIM WEST,KAYOO WEST,1728,1781,3509,667,3.31,1059.42
NYANZA,RACHUONYO,W.KARACHUONYO,KAKDHIMU EAST,KALWAL,180,193,373,91,6.62,56.31
NYANZA,RACHUONYO,W.KARACHUONYO,KAKDHIMU EAST,KAMUGA,1281,1219,2500,480,5.68,440
NYANZA,RACHUONYO,W.KARACHUONYO,KAKDHIMU EAST,KOWITI,1257,1218,2475,458,4.56,542.88
NYANZA,RACHUONYO,W.KARACHUONYO,KAKOTH KATAA,KAKOTH B,2058,2151,4209,928,12.89,326.56
NYANZA,RACHUONYO,W.KARACHUONYO,KAKOTH KATAA,KODEDO,1590,1548,3138,583,6.2,505.8
NYANZA,RACHUONYO,W.KARACHUONYO,KAKOTH KATENG,KAKOKO,1047,1149,2196,444,5.1,430.83
NYANZA,RACHUONYO,W.KARACHUONYO,KAKOTH KATENG,KOYUMBRE,694,754,1448,305,4.75,304.77
NYANZA,RACHUONYO,W.KARACHUONYO,KANAM A,KANYADENDA,478,493,971,194,4.67,207.99
NYANZA,RACHUONYO,W.KARACHUONYO,KANAM A,KOGUTA,1129,1244,2373,482,8.41,282.16
NYANZA,RACHUONYO,W.KARACHUONYO,KANAM A,KOWUOR,1656,1672,3328,603,10.01,332.46
NYANZA,RACHUONYO,W.KARACHUONYO,KANAM B,KANYANGO,1786,1925,3711,716,7.81,475.15
NYANZA,RACHUONYO,W.KARACHUONYO,KANAM B,RABUOR,2189,2353,4542,936,20.98,216.53
NYANZA,RACHUONYO,W.KARACHUONYO,KANJIRA,KADIKI,1032,1163,2195,500,5.44,403.69
NYANZA,RACHUONYO,W.KARACHUONYO,KANJIRA,KAMWANIA,707,855,1562,334,4.51,346.4
NYANZA,RACHUONYO,W.KARACHUONYO,KANJIRA,KOCHOLA,1234,1371,2605,542,5.86,444.36
NYANZA,RACHUONYO,W.KARACHUONYO,KANJIRA,KOKIDI,838,885,1723,382,3.58,481.31
NYANZA,RACHUONYO,W.KARACHUONYO,KANYIPIR,KODERO,2330,2380,4710,999,9.66,487.77
NYANZA,RACHUONYO,W.KARACHUONYO,KANYIPIR,KOWILI,685,731,1416,289,3.71,382.08
NYANZA,RACHUONYO,W.KARACHUONYO,KAWADHGONE NYONGO,KANYONGO,722,778,1500,299,5.89,254.87
NYANZA,RACHUONYO,W.KARACHUONYO,KAWADHGONE NYONGO,KAWADHGONE,1241,1342,2583,524,6.91,373.67
NYANZA,RACHUONYO,W.KARACHUONYO,KOBIERO,NORTH WAGWE,999,1012,2011,461,5.29,380.29
NYANZA,RACHUONYO,W.KARACHUONYO,KOBIERO,SOUTH WAGWE,1213,1314,2527,556,4.67,541.09
NYANZA,RACHUONYO,W.KARACHUONYO,KOYUGI,KAMUGA,1189,1255,2444,542,6.94,352.15
NYANZA,RACHUONYO,W.KARACHUONYO,KOYUGI,KATONDE,705,817,1522,322,4.12,369.05
NYANZA,RACHUONYO,W.KARACHUONYO,KOYUGI,KOJWANG,2034,2300,4334,914,7.49,578.78
NYANZA,RACHUONYO,W.KARACHUONYO,KOYUGI,OUKO ONDEGE,445,542,987,211,2.03,485.66
NYANZA,RARIEDA,MADIANY,CENTRAL UYOMA,KOBONG,2271,2493,4764,1070,12.92,368.81
NYANZA,RARIEDA,MADIANY,CENTRAL UYOMA,MASALA,2845,3119,5964,1376,19.29,309.23
NYANZA,RARIEDA,MADIANY,CENTRAL UYOMA,RACHAR,1524,1578,3102,699,13.11,236.52
NYANZA,RARIEDA,MADIANY,EAST UYOMA,EAST KATWENGA,2013,2090,4103,907,16.84,243.59
NYANZA,RARIEDA,MADIANY,EAST UYOMA,OCHIENGA,2213,2149,4362,921,16.44,265.27
NYANZA,RARIEDA,MADIANY,EAST UYOMA,RAGENGNI,1644,1659,3303,752,8.21,402.17
NYANZA,RARIEDA,MADIANY,EAST UYOMA,WEST KATWENGA,1692,1821,3513,771,13.15,267.21
NYANZA,RARIEDA,MADIANY,SOUTH UYOMA,LIETA,2768,3120,5888,1315,22.67,259.75
NYANZA,RARIEDA,MADIANY,SOUTH UYOMA,NAYA,3818,4191,8009,1972,16.06,498.61
NYANZA,RARIEDA,MADIANY,SOUTH UYOMA,NDIGWA,2751,2888,5639,1284,19.09,295.32
NYANZA,RARIEDA,MADIANY,WEST UYOMA,KAGWA,3214,3439,6653,1501,13.57,490.31
NYANZA,RARIEDA,MADIANY,WEST UYOMA,KOKWIRI,3120,3402,6522,1472,20.06,325.07
NYANZA,RARIEDA,MADIANY,WEST UYOMA,NYABERA,3311,3467,6778,1643,32.47,208.73
NYANZA,RARIEDA,RARIEDA,CENTRAL ASEMBO,MEMBA,3840,4640,8480,1848,19.85,427.19
NYANZA,RARIEDA,RARIEDA,CENTRAL ASEMBO,RAMBA NORTH,4445,4806,9251,2282,19.52,473.95
NYANZA,RARIEDA,RARIEDA,CENTRAL ASEMBO,RAMBA SOUTH,2262,2627,4889,1103,13.03,375.19
NYANZA,RARIEDA,RARIEDA,EAST ASEMBO,OMIA DIERE,3022,3293,6315,1544,13.55,466.07
NYANZA,RARIEDA,RARIEDA,EAST ASEMBO,OMIA MALO,3578,4020,7598,1792,19.7,385.67
NYANZA,RARIEDA,RARIEDA,EAST ASEMBO,OMIA MWALO,2329,2504,4833,1149,12.69,380.73
NYANZA,RARIEDA,RARIEDA,SOUTH ASEMBO,AKOM,1600,1770,3370,770,14.34,234.94
NYANZA,RARIEDA,RARIEDA,SOUTH ASEMBO,NYAGOKO,3545,3751,7296,1637,25.24,289.07
NYANZA,RARIEDA,RARIEDA,WEST ASEMBO,MAHAYA,1991,2148,4139,940,12.01,344.76
NYANZA,RARIEDA,RARIEDA,WEST ASEMBO,SIGER,4677,5110,9787,2285,29.52,331.55
NYANZA,RONGO,AWENDO,CENTRAL SAKWA,KANYAGWALA,3846,4192,8038,1620,18.08,444.53
NYANZA,RONGO,AWENDO,CENTRAL SAKWA,KOMBOK,9671,9852,19523,4843,26.76,729.42
NYANZA,RONGO,AWENDO,EAST SAKWA,E. KOGELO,1309,1486,2795,552,10.31,271.01
NYANZA,RONGO,AWENDO,EAST SAKWA,S. KOGELO,1266,1292,2558,528,9.96,256.77
NYANZA,RONGO,AWENDO,EAST SAKWA,W. KOGELO,2612,2760,5372,1101,17.15,313.2
NYANZA,RONGO,AWENDO,EAST SAKWA,WAWARE,7079,7150,14229,3439,22.64,628.49
NYANZA,RONGO,AWENDO,NORTH SAKWA,KADERA KWUOYO,3178,3414,6592,1351,17.01,387.45
NYANZA,RONGO,AWENDO,NORTH SAKWA,KADERA LWALA,3813,4196,8009,1715,12.05,664.88
NYANZA,RONGO,AWENDO,NORTH SAKWA,KAKMASIA,2219,2513,4732,1032,16.15,293.02
NYANZA,RONGO,AWENDO,NORTH SAKWA,KANYASREGA,1722,1819,3541,688,8.72,405.98
NYANZA,RONGO,AWENDO,SOUTH SAKWA,CENTRAL ALEGO,1148,1123,2271,453,5.96,381.17
NYANZA,RONGO,AWENDO,SOUTH SAKWA,EAST ALEGO,1474,1586,3060,587,8.87,344.84
NYANZA,RONGO,AWENDO,SOUTH SAKWA,WAUDHA,1604,1642,3246,692,20.84,155.79
NYANZA,RONGO,AWENDO,SOUTH SAKWA,WEST ALEGO,1301,1368,2669,542,8.14,327.9
NYANZA,RONGO,AWENDO,WEST SAKWA,KAMRESI,2976,3329,6305,1292,17.49,360.43
NYANZA,RONGO,AWENDO,WEST SAKWA,KANYAMGONY,5393,6094,11487,2413,26.26,437.36
NYANZA,RONGO,AWENDO,WEST SAKWA,RABONDO,2134,2352,4486,1012,10.55,425.41
NYANZA,RONGO,RONGO,C.KAMAGAMBO,KANYINGOMBE,1822,1931,3753,759,4.58,819.38
NYANZA,RONGO,RONGO,C.KAMAGAMBO,KARABUOR,6683,7358,14041,3195,9.93,1414.67
NYANZA,RONGO,RONGO,C.KAMAGAMBO,KODERA BARA,4714,5248,9962,2142,14.61,681.86
NYANZA,RONGO,RONGO,E. KAMAGAMBO,KAMBIJA,1427,1545,2972,659,11.47,259.16
NYANZA,RONGO,RONGO,E. KAMAGAMBO,KANYADIETO,2670,2922,5592,1227,10.2,548.3
NYANZA,RONGO,RONGO,E. KAMAGAMBO,KOLUOCH,1064,1117,2181,468,8.5,256.73
NYANZA,RONGO,RONGO,E. KAMAGAMBO,KONGOMA,1914,2163,4077,772,9.28,439.16
NYANZA,RONGO,RONGO,E. KAMAGAMBO,KONGUDI,1656,1862,3518,714,9.2,382.2
NYANZA,RONGO,RONGO,N. KAMAGAMBO,KAMEJI,2024,2231,4255,841,8.57,496.77
NYANZA,RONGO,RONGO,N. KAMAGAMBO,N. KAMWANGO,2907,3159,6066,1289,17.48,346.95
NYANZA,RONGO,RONGO,N. KAMAGAMBO,S. KAMWANGO,2922,3331,6253,1236,11.89,526.11
NYANZA,RONGO,RONGO,S.KAMAGAMBO,KAMRERI,1421,1470,2891,609,7.39,391.04
NYANZA,RONGO,RONGO,S.KAMAGAMBO,N.KANYAJUOK,4282,4494,8776,1739,19.72,445.11
NYANZA,RONGO,RONGO,S.KAMAGAMBO,S. KANYAJUOK,2035,2193,4228,881,12.37,341.79
NYANZA,RONGO,RONGO,W.KAMAGAMBO,KANGESO,1547,1616,3163,667,8.07,392
NYANZA,RONGO,RONGO,W.KAMAGAMBO,KANYAMACH,2729,2881,5610,1116,16.82,333.57
NYANZA,RONGO,RONGO,W.KAMAGAMBO,KANYAWANGA,2707,2967,5674,1148,12.71,446.5
NYANZA,RONGO,RONGO,W.KAMAGAMBO,KANYIMAMBA,3718,3817,7535,1447,15.72,479.46
NYANZA,RONGO,URIRI,CENTRAL KANYAMKAGO,C. KAWERE RATENG,1598,1752,3350,671,9.15,366.12
NYANZA,RONGO,URIRI,CENTRAL KANYAMKAGO,E.KAWERE RATENG,1564,1593,3157,646,8.56,368.95
NYANZA,RONGO,URIRI,CENTRAL KANYAMKAGO,KAWERE II B,3199,3296,6495,1307,17.98,361.27
NYANZA,RONGO,URIRI,CENTRAL KANYAMKAGO,NYAOBE,1472,1673,3145,670,11.91,264.16
NYANZA,RONGO,URIRI,CENTRAL KANYAMKAGO,WEST KAWERE RATENG,813,854,1667,369,9.77,170.56
NYANZA,RONGO,URIRI,EAST KANYAMKAGO,ARAMBE,3742,3992,7734,1489,18.56,416.67
NYANZA,RONGO,URIRI,EAST KANYAMKAGO,THIM JOPE,2596,2706,5302,1015,17.1,310.14
NYANZA,RONGO,URIRI,KAMGUNDHO,KAMGUNDHO I,2905,3157,6062,1267,17.98,337.06
NYANZA,RONGO,URIRI,KAMGUNDHO,KAMGUNDHO II,2469,2652,5121,990,9.76,524.57
NYANZA,RONGO,URIRI,NORTH KANYAMKAGO,KATIENO I,3708,3673,7381,1470,19.97,369.55
NYANZA,RONGO,URIRI,NORTH KANYAMKAGO,KATIENO II,4289,4691,8980,1933,42.9,209.32
NYANZA,RONGO,URIRI,NORTH KANYAMKAGO,KOMENYA MASOGO,1342,1510,2852,586,19.71,144.66
NYANZA,RONGO,URIRI,SOUTH KANYAMKAGO,BWARE,4302,4332,8634,1684,24.65,350.24
NYANZA,RONGO,URIRI,SOUTH KANYAMKAGO,GOT URIRI,3023,2813,5836,1075,11.91,489.87
NYANZA,RONGO,URIRI,SOUTH KANYAMKAGO,KAMSAKI,3077,3174,6251,1216,15.21,411.11
NYANZA,RONGO,URIRI,SOUTH KANYAMKAGO,LWALA,3325,3673,6998,1326,17.94,389.99
NYANZA,RONGO,URIRI,WEST KANYAMKAGO,KAJULU I,4153,4338,8491,1630,27.96,303.73
NYANZA,RONGO,URIRI,WEST KANYAMKAGO,KAJULU I B,3559,3846,7405,1503,24.35,304.05
NYANZA,RONGO,URIRI,WEST KANYAMKAGO,KAJULU II,5212,5678,10890,2279,55.27,197.03
NYANZA,SIAYA,BORO,CENTRAL ALEGO,KAKUMU/KOMBEWA,1781,2022,3803,932,12.32,308.64
NYANZA,SIAYA,BORO,CENTRAL ALEGO,KOCHIENG A,1395,1691,3086,766,8.18,377.28
NYANZA,SIAYA,BORO,CENTRAL ALEGO,KOCHIENG B,1210,1392,2602,594,7.37,352.99
NYANZA,SIAYA,BORO,CENTRAL ALEGO,KOYEYO,2534,2938,5472,1320,17.85,306.52
NYANZA,SIAYA,BORO,CENTRAL ALEGO,OJWANDO A,2325,2657,4982,1276,29.06,171.44
NYANZA,SIAYA,BORO,CENTRAL ALEGO,OJWANDO B,1608,1915,3523,886,12.29,286.59
NYANZA,SIAYA,BORO,NORTH ALEGO,HONO,3375,3609,6984,1634,13.28,525.9
NYANZA,SIAYA,BORO,NORTH ALEGO,KOMOLO,2926,3421,6347,1513,17.69,358.71
NYANZA,SIAYA,BORO,NORTH ALEGO,NYALGUNGA,1911,2081,3992,932,12.04,331.64
NYANZA,SIAYA,BORO,NORTH ALEGO,NYAMILA,2067,2320,4387,1020,13.81,317.66
NYANZA,SIAYA,BORO,SOUTH CENTRAL ALEGO,KADENGE,2023,2167,4190,1124,18.53,226.09
NYANZA,SIAYA,BORO,SOUTH CENTRAL ALEGO,OBAMBO,1557,1778,3335,851,19.47,171.27
NYANZA,SIAYA,KAREMO,EAST ALEGO,OLWA,1736,1866,3602,835,5.67,634.96
NYANZA,SIAYA,KAREMO,EAST ALEGO,ULAFU,1463,1702,3165,735,13.14,240.89
NYANZA,SIAYA,KAREMO,EAST ALEGO,UMALA,1534,1766,3300,811,10.24,322.41
NYANZA,SIAYA,KAREMO,SIAYA TOWNSHIP,KARAPUL,7095,7984,15079,3795,13.79,1093.34
NYANZA,SIAYA,KAREMO,SIAYA TOWNSHIP,MULAHA,4275,4651,8926,2220,13.72,650.73
NYANZA,SIAYA,KAREMO,SIAYA TOWNSHIP,NYANDIWA,4063,4184,8247,2028,17.76,464.32
NYANZA,SIAYA,KAREMO,SOUTH ALEGO,BAR OLENGO,1384,1561,2945,682,21.65,136.01
NYANZA,SIAYA,KAREMO,SOUTH ALEGO,BAR OSIMBO,962,1054,2016,502,10.61,190.08
NYANZA,SIAYA,KAREMO,SOUTH ALEGO,BARDING,1742,2142,3884,801,6.97,557.32
NYANZA,SIAYA,KAREMO,SOUTH ALEGO,MUR MALANGA,1598,1820,3418,815,23.58,144.97
NYANZA,SIAYA,KAREMO,SOUTH ALEGO,NYAJUOK,2593,2945,5538,1333,23.26,238.12
NYANZA,SIAYA,KAREMO,SOUTH ALEGO,PAP ORIANG,1946,2227,4173,1038,13.84,301.55
NYANZA,SIAYA,KAREMO,SOUTH ALEGO,RANDAGO,1579,1810,3389,815,12.23,277.2
NYANZA,SIAYA,KAREMO,SOUTH EAST ALEGO,BAR AGULU,2488,2758,5246,1249,12.57,417.26
NYANZA,SIAYA,KAREMO,SOUTH EAST ALEGO,MASUMBI,2590,2954,5544,1259,17.76,312.23
NYANZA,SIAYA,KAREMO,SOUTH EAST ALEGO,MUR NGIYA,2576,3188,5764,1187,6.8,848.23
NYANZA,SIAYA,KAREMO,SOUTH EAST ALEGO,NYANGOMA,2132,2337,4469,1045,16.22,275.47
NYANZA,SIAYA,UGUNJA,CENTRAL UGENYA,AMBIRA,2834,2984,5818,1352,9.59,606.69
NYANZA,SIAYA,UGUNJA,CENTRAL UGENYA,NGUNYA,2378,2828,5206,1294,11.48,453.67
NYANZA,SIAYA,UGUNJA,CENTRAL UGENYA,UMALA,2887,3359,6246,1607,16.58,376.61
NYANZA,SIAYA,UGUNJA,EAST UHOLO,GOT OSIMBO,1821,2132,3953,891,11.49,344.13
NYANZA,SIAYA,UGUNJA,EAST UHOLO,MADUNGU,1952,2220,4172,948,8.94,466.89
NYANZA,SIAYA,UGUNJA,EAST UHOLO,MUNGAO,1686,1959,3645,853,8.32,438.09
NYANZA,SIAYA,UGUNJA,EAST UHOLO,SIGOMERE,1865,2219,4084,946,7.51,544.16
NYANZA,SIAYA,UGUNJA,NORTH UHOLO,EAST ASANGO,834,988,1822,421,4.37,417.27
NYANZA,SIAYA,UGUNJA,NORTH UHOLO,EAST TINGARE,2353,2815,5168,1227,11.5,449.39
NYANZA,SIAYA,UGUNJA,NORTH UHOLO,WEST ASANGO,1364,1509,2873,688,8.01,358.87
NYANZA,SIAYA,UGUNJA,NORTH UHOLO,WEST TINGARE,1772,2143,3915,900,12.29,318.44
NYANZA,SIAYA,UGUNJA,SOUTH UGENYA,RANGALA,2748,3607,6355,1426,11.99,529.86
NYANZA,SIAYA,UGUNJA,SOUTH UGENYA,RUWE,933,1073,2006,512,5.11,392.73
NYANZA,SIAYA,UGUNJA,SOUTH UGENYA,SIMENYA,1309,1474,2783,692,6.64,419.42
NYANZA,SIAYA,UGUNJA,SOUTH UGENYA,UHUYI,971,1051,2022,466,2.67,758.18
NYANZA,SIAYA,UGUNJA,SOUTH UGENYA,WEST YIRO,2931,3194,6125,1424,15.94,384.28
NYANZA,SIAYA,UGUNJA,SOUTH UGENYA,YIRO EAST,2519,2717,5236,1219,13.88,377.14
NYANZA,SIAYA,UGUNJA,WEST UHOLO,MAGOYA,1499,1804,3303,850,10.42,317.01
NYANZA,SIAYA,UGUNJA,WEST UHOLO,NORTH RAMBULA,896,1022,1918,489,4.52,424.51
NYANZA,SIAYA,UGUNJA,WEST UHOLO,SOUTH RAMBULA,1088,1266,2354,547,6.23,378.07
NYANZA,SIAYA,UGUNJA,WEST UHOLO,UGUNJA,4374,5080,9454,2398,13.5,700.25
NYANZA,SIAYA,UKWALA,EAST UGENYA,KATHIENO A,2721,3221,5942,1417,15.2,390.91
NYANZA,SIAYA,UKWALA,EAST UGENYA,KATHIENO B,2511,2791,5302,1229,19.95,265.79
NYANZA,SIAYA,UKWALA,EAST UGENYA,KATHIENO C,2302,2633,4935,1089,15.48,318.88
NYANZA,SIAYA,UKWALA,NORTH EAST UGENYA,ANYIKO,1878,2207,4085,931,9.81,416.3
NYANZA,SIAYA,UKWALA,NORTH EAST UGENYA,JERA,2371,2726,5097,1163,13.86,367.84
NYANZA,SIAYA,UKWALA,NORTH EAST UGENYA,LIGALA NORTH,1696,2015,3711,880,10.79,343.84
NYANZA,SIAYA,UKWALA,NORTH EAST UGENYA,LIGEGA,2227,2687,4914,1159,11.97,410.42
NYANZA,SIAYA,UKWALA,NORTH EAST UGENYA,NYAMSENDA,1596,1789,3385,791,9.05,374.09
NYANZA,SIAYA,UKWALA,NORTH EAST UGENYA,RAMUNDE,3014,3526,6540,1524,21.38,305.86
NYANZA,SIAYA,UKWALA,NORTH EAST UGENYA,SIHAY,1583,1871,3454,836,12.46,277.11
NYANZA,SIAYA,UKWALA,NORTH UGENYA,KAGONYA,3196,3856,7052,1701,15.92,442.91
NYANZA,SIAYA,UKWALA,NORTH UGENYA,NYALENYA,1719,2009,3728,908,8.98,415.06
NYANZA,SIAYA,UKWALA,NORTH UGENYA,SEGA,3832,4004,7836,1768,15.52,505.01
NYANZA,SIAYA,UKWALA,NORTH UGENYA,UYUNDO,1691,1903,3594,840,11.94,300.93
NYANZA,SIAYA,UKWALA,NORTH WEST UGENYA,KARADOLO EAST,1351,1569,2920,703,9.17,318.6
NYANZA,SIAYA,UKWALA,NORTH WEST UGENYA,KARADOLO WEST,2264,2623,4887,1166,19.78,247.09
NYANZA,SIAYA,UKWALA,NORTH WEST UGENYA,NDENGA,2670,3170,5840,1347,18.12,322.36
NYANZA,SIAYA,UKWALA,UKWALA,DOHO EAST,1832,2043,3875,970,7.54,514.25
NYANZA,SIAYA,UKWALA,UKWALA,DOHO WEST,718,876,1594,400,5.21,305.76
NYANZA,SIAYA,UKWALA,UKWALA,SIMUR,1037,1184,2221,548,6.09,364.92
NYANZA,SIAYA,UKWALA,UKWALA,SIMUR EAST,837,1000,1837,439,4.35,421.98
NYANZA,SIAYA,UKWALA,UKWALA,SIMUR KONDIEK,1241,1491,2732,658,7.49,364.75
NYANZA,SIAYA,UKWALA,UKWALA,SIRANGA,1531,1918,3449,820,7.39,466.53
NYANZA,SIAYA,UKWALA,UKWALA,YENGA,2527,3035,5562,1368,14.84,374.72
NYANZA,SIAYA,UKWALA,WEST UGENYA,MASAT EAST,1740,1929,3669,847,16.05,228.65
NYANZA,SIAYA,UKWALA,WEST UGENYA,MASAT WEST,1205,1424,2629,659,6.87,382.91
NYANZA,SIAYA,UKWALA,WEST UGENYA,SIFUYO EAST,810,992,1802,479,4.29,420.14
NYANZA,SIAYA,UKWALA,WEST UGENYA,SIFUYO WEST,568,688,1256,315,2.8,448.83
NYANZA,SIAYA,URANGA,SOUTH WST ALEGO,GANGU,1771,2120,3891,940,13.91,279.83
NYANZA,SIAYA,URANGA,SOUTH WST ALEGO,KABURA UHUYI,1083,1283,2366,596,8.55,276.63
NYANZA,SIAYA,URANGA,SOUTH WST ALEGO,KAUGAGI//HAWINGA,1786,2163,3949,967,12.62,312.98
NYANZA,SIAYA,URANGA,SOUTH WST ALEGO,KAUGAGI/UDENDA,1562,1840,3402,834,13.36,254.56
NYANZA,SIAYA,URANGA,SOUTH WST ALEGO,URANGA SIGOMA,1977,2279,4256,994,12.09,352.03
NYANZA,SIAYA,URANGA,USONGA,NYANDORERA A,2349,2865,5214,1413,20.37,256.02
NYANZA,SIAYA,URANGA,USONGA,NYANDORERA B,2037,2341,4378,1144,26.52,165.08
NYANZA,SIAYA,URANGA,USONGA,SUMBA,1882,2127,4009,985,35.28,113.63
NYANZA,SIAYA,URANGA,WEST ALEGO,KAIKADA URADI,1172,1487,2659,678,7.55,352.36
NYANZA,SIAYA,URANGA,WEST ALEGO,KODIERE,1272,1424,2696,645,6.73,400.61
NYANZA,SIAYA,URANGA,WEST ALEGO,KOMENYA KALAKA,1536,1819,3355,797,10.85,309.08
NYANZA,SIAYA,URANGA,WEST ALEGO,KOMENYA KOWALA,1591,1830,3421,857,10.12,337.88
NYANZA,SIAYA,URANGA,WEST ALEGO,MAHOLA ULAWE,1016,1223,2239,550,6.12,365.9
NYANZA,SIAYA,WAGAI,NORTH EAST GEM,ULAMBA,1909,2129,4038,973,8.85,456.06
NYANZA,SIAYA,WAGAI,NORTH EAST GEM,URIRI,1158,1172,2330,525,10.59,219.99
NYANZA,SIAYA,WAGAI,NORTH EAST GEM,WAGAI EAST,991,1174,2165,510,5.86,369.51
NYANZA,SIAYA,WAGAI,NORTH EAST GEM,WAGAI WEST,904,966,1870,465,3.12,599.32
NYANZA,SIAYA,WAGAI,NORTH WEST GEM,ASAYI,1783,2028,3811,934,13.89,274.33
NYANZA,SIAYA,WAGAI,NORTH WEST GEM,MALUNGA CENTRAL,942,982,1924,449,6.91,278.34
NYANZA,SIAYA,WAGAI,NORTH WEST GEM,MALUNGA EAST,783,864,1647,396,3.41,482.82
NYANZA,SIAYA,WAGAI,NORTH WEST GEM,MALUNGA WEST,1379,1554,2933,671,7.62,384.95
NYANZA,SIAYA,WAGAI,NORTH WEST GEM,SIREMBE,2202,2398,4600,1026,11.19,411.22
NYANZA,SIAYA,WAGAI,SOUTH GEM,GOMBE,1771,1964,3735,861,14,266.85
NYANZA,SIAYA,WAGAI,SOUTH GEM,KAMBARE,2157,2670,4827,1069,12.17,396.59
NYANZA,SIAYA,WAGAI,SOUTH GEM,NDORI,2606,2857,5463,1322,15.63,349.42
NYANZA,SIAYA,WAGAI,SOUTH GEM,ONYINYORE,1523,1599,3122,719,10.71,291.6
NYANZA,SIAYA,WAGAI,SOUTH GEM,RERA,1739,1805,3544,846,10.79,328.48
NYANZA,SIAYA,WAGAI,SOUTH WEST GEM,KANYADET,1953,2212,4165,986,11.44,363.92
NYANZA,SIAYA,WAGAI,SOUTH WEST GEM,KAUDHA EAST,1575,1711,3286,783,13.22,248.49
NYANZA,SIAYA,WAGAI,SOUTH WEST GEM,KAUDHA WEST,1074,1205,2279,563,7.83,291
NYANZA,SIAYA,WAGAI,WEST GEM,DIENYA EAST,1433,1558,2991,674,12.15,246.27
NYANZA,SIAYA,WAGAI,WEST GEM,DIENYA WEST,1140,1256,2396,608,10.49,228.4
NYANZA,SIAYA,WAGAI,WEST GEM,NGUGE,554,633,1187,275,5.66,209.88
NYANZA,SIAYA,YALA,CENTRAL GEM,GONGO,1878,2073,3951,871,9.15,431.91
NYANZA,SIAYA,YALA,CENTRAL GEM,KAGILO,3304,3503,6807,1508,15.93,427.23
NYANZA,SIAYA,YALA,CENTRAL GEM,NYANDIWA,2493,2566,5059,1156,13.36,378.7
NYANZA,SIAYA,YALA,CENTRAL GEM,NYAWARA,1720,1949,3669,858,5.43,675.98
NYANZA,SIAYA,YALA,CENTRAL GEM,SIRIWO,2081,2287,4368,990,8.58,509.06
NYANZA,SIAYA,YALA,EAST GEM,LIHANDA,2655,2957,5612,1273,15.28,367.27
NYANZA,SIAYA,YALA,EAST GEM,RAMULA,3254,3587,6841,1580,15.54,440.17
NYANZA,SIAYA,YALA,EAST GEM,URANGA,2108,2273,4381,1010,17.16,255.25
NYANZA,SIAYA,YALA,NORTH GEM,GOT REGEA,1941,2079,4020,946,10.62,378.37
NYANZA,SIAYA,YALA,NORTH GEM,LUNDHA,2071,2389,4460,1058,11.52,387.15
NYANZA,SIAYA,YALA,NORTH GEM,MALANGA,3054,3469,6523,1517,14.6,446.69
NYANZA,SIAYA,YALA,NORTH GEM,MALIERA,2961,3087,6048,1363,7.42,814.76
NYANZA,SIAYA,YALA,NORTH GEM,NDERE,1772,1740,3512,795,10.33,340.04
NYANZA,SIAYA,YALA,NORTH GEM,NYABEDA,987,1043,2030,447,6.58,308.74
NYANZA,SIAYA,YALA,YALA TOWNSHIP,ANYIKO,2114,2237,4351,1015,7.36,591.17
NYANZA,SIAYA,YALA,YALA TOWNSHIP,BAR SAURI,2677,3019,5696,1316,7.44,765.38
NYANZA,SIAYA,YALA,YALA TOWNSHIP,JINA,2631,2750,5381,1263,9.55,563.69
NYANZA,SIAYA,YALA,YALA TOWNSHIP,MARENYO,3660,4270,7930,1811,13.91,569.91
NYANZA,SIAYA,YALA,YALA TOWNSHIP,NYAMNINIA,3590,4133,7723,1770,9.7,795.91
NYANZA,SUBA,CENTRAL,KAKSINGRI CENTRL,NYAMARANDI,1082,1122,2204,457,11.38,193.67
NYANZA,SUBA,CENTRAL,KAKSINGRI CENTRL,SINDO,3096,3498,6594,1624,14.77,446.55
NYANZA,SUBA,CENTRAL,KAKSINGRI EAST,SUBA EAST,1433,1527,2960,587,25.49,116.12
NYANZA,SUBA,CENTRAL,KAKSINGRI EAST,SUBA WEST,1917,2152,4069,817,25.46,159.84
NYANZA,SUBA,CENTRAL,KAKSINGRI WEST,NYAMRISRA,2789,2746,5535,1168,18.72,295.75
NYANZA,SUBA,CENTRAL,KAKSINGRI WEST,RANGWE EAST,3930,4205,8135,1777,43.93,185.18
NYANZA,SUBA,CENTRAL,KAKSINGRI WEST,RANGWE WEST,1787,1766,3553,713,15.38,231
NYANZA,SUBA,CENTRAL,RUMA,NYADENDA,779,589,1368,246,131.49,10.4
NYANZA,SUBA,CENTRAL,RUMA,NYATOTO,1664,1811,3475,676,23.1,150.43
NYANZA,SUBA,GWASSI,GWASSI CENTRAL,KIABUYA,1886,2091,3977,798,21.21,187.54
NYANZA,SUBA,GWASSI,GWASSI CENTRAL,MAGUNGA,1178,1185,2363,532,11.26,209.95
NYANZA,SUBA,GWASSI,GWASSI CENTRAL,NYANCHA,1996,2226,4222,841,12.77,330.67
NYANZA,SUBA,GWASSI,GWASSI CENTRAL,SAMBA,2343,2346,4689,900,23.83,196.77
NYANZA,SUBA,GWASSI,GWASSI EAST,KIBWER,2370,2557,4927,1001,36.58,134.7
NYANZA,SUBA,GWASSI,GWASSI EAST,SEKA,2494,2611,5105,934,41.33,123.52
NYANZA,SUBA,GWASSI,GWASSI NORTH,KISAKU,1476,1611,3087,625,13.75,224.58
NYANZA,SUBA,GWASSI,GWASSI NORTH,KITAWA,1852,2036,3888,716,21.29,182.66
NYANZA,SUBA,GWASSI,GWASSI NORTH,MALONGO,802,792,1594,344,15.07,105.77
NYANZA,SUBA,GWASSI,GWASSI NORTH,NYAGWETHE,1679,1792,3471,718,19.32,179.69
NYANZA,SUBA,GWASSI,GWASSI NORTH,UTERERE,1786,1730,3516,791,14.55,241.67
NYANZA,SUBA,GWASSI,GWASSI SOUTH,LWALA,2706,2830,5536,1163,46.92,117.98
NYANZA,SUBA,GWASSI,GWASSI SOUTH,OWICH,1760,1984,3744,766,13.04,287.04
NYANZA,SUBA,GWASSI,GWASSI WEST,NYANDIWA,4521,4711,9232,2065,16.36,564.37
NYANZA,SUBA,GWASSI,GWASSI WEST,TONGA,2913,2897,5810,1157,24.84,233.86
NYANZA,SUBA,LAMBWE,LAMBWE EAST,NYAMA.NJI WEST,1427,1466,2893,552,19.55,148
NYANZA,SUBA,LAMBWE,LAMBWE EAST,NYAMAJI EAST,1446,1530,2976,603,15.77,188.69
NYANZA,SUBA,LAMBWE,LAMBWE EAST,RURI EAST,1890,2006,3896,806,24.67,157.94
NYANZA,SUBA,LAMBWE,LAMBWE EAST,RURI WEST,1617,1810,3427,716,22.33,153.44
NYANZA,SUBA,LAMBWE,LAMBWE WEST,GOD JOPE,2411,2548,4959,972,32.3,153.51
NYANZA,SUBA,LAMBWE,LAMBWE WEST,OGONGO,2082,2082,4164,893,27.62,150.78
NYANZA,SUBA,MBITA,GEMBE CENTRAL,KAMRERI EAST,1481,1535,3016,564,21.72,138.88
NYANZA,SUBA,MBITA,GEMBE CENTRAL,KAMRERI WEST,1323,1417,2740,459,26.2,104.57
NYANZA,SUBA,MBITA,GEMBE EAST,KAYANJA,2184,2450,4634,955,15.12,306.51
NYANZA,SUBA,MBITA,GEMBE EAST,NGODHE,1046,1129,2175,418,7.87,276.47
NYANZA,SUBA,MBITA,GEMBE EAST,USAO,1691,1798,3489,716,10.42,334.99
NYANZA,SUBA,MBITA,GEMBE EAST,WAONDO,1385,1607,2992,609,12.78,234.15
NYANZA,SUBA,MBITA,GEMBE WEST,KASGUNGA CENTRAL,1529,1719,3248,720,34.47,94.22
NYANZA,SUBA,MBITA,GEMBE WEST,KASGUNGA EAST,1691,1903,3594,796,16.87,213.04
NYANZA,SUBA,MBITA,GEMBE WEST,MBITA TOWNSHIP,6350,6461,12811,3038,23.32,549.4
NYANZA,SUBA,MBITA,RUSINGA EAST,WAWARE NORTH,4406,4788,9194,2172,11.03,833.82
NYANZA,SUBA,MBITA,RUSINGA EAST,WAWARE SOUTH,1142,1199,2341,531,7.72,303.34
NYANZA,SUBA,MBITA,RUSINGA WEST,KAMASENGRE EAST,1189,1271,2460,546,5.96,412.74
NYANZA,SUBA,MBITA,RUSINGA WEST,KAMASENGRE WEST,2013,1989,4002,893,5.11,782.99
NYANZA,SUBA,MBITA,RUSINGA WEST,KASWANGA,1083,1117,2200,457,6.95,316.65
NYANZA,SUBA,MBITA,RUSINGA WEST,WANYAMA,2046,2032,4078,915,7.07,576.71
NYANZA,SUBA,MFANGANO,MFANGANO EAST,WAKINGA,2902,2827,5729,1086,8.82,649.37
NYANZA,SUBA,MFANGANO,MFANGANO NORTH,SOKLO NORTH,206,194,400,79,3.24,123.37
NYANZA,SUBA,MFANGANO,MFANGANO NORTH,WAWARE,3065,3082,6147,1194,13.7,448.78
NYANZA,SUBA,MFANGANO,MFANGANO SOUTH,WAKULA SOUTH,3008,2508,5516,1342,11.49,480.07
NYANZA,SUBA,MFANGANO,MFANGANO WEST,SOKLO SOUTH,471,506,977,176,12.65,77.25
NYANZA,SUBA,MFANGANO,MFANGANO WEST,WAKULA NORTH,3858,3493,7351,1696,16.13,455.79
RIFT VALLEY,BARINGO,KABARNET,EWALEL,MOROP,1061,1039,2100,435,20.98,100.11
RIFT VALLEY,BARINGO,KABARNET,EWALEL,RIWO,802,855,1657,325,8.61,192.5
RIFT VALLEY,BARINGO,KABARNET,EWALEL,SERETUNIN,1968,2124,4092,730,19.63,208.49
RIFT VALLEY,BARINGO,KABARNET,KABARNET MOSOP,KAPCHEREBET/ TURKWO,177,142,319,87,9.21,34.65
RIFT VALLEY,BARINGO,KABARNET,KABARNET MOSOP,KAPROGONYA,2874,3624,6498,1602,5.99,1085.24
RIFT VALLEY,BARINGO,KABARNET,KABARNET MOSOP,KEWAMOI,3093,3096,6189,1615,3.15,1963.95
RIFT VALLEY,BARINGO,KABARNET,KABARNET MOSOP,SEGUTON,2124,2364,4488,1132,13.79,325.49
RIFT VALLEY,BARINGO,KABARNET,KAPROPITA,CHEBANO,772,850,1622,331,4.32,375.89
RIFT VALLEY,BARINGO,KABARNET,KAPROPITA,KAPSOO / BOROWONI,990,978,1968,393,12.91,152.45
RIFT VALLEY,BARINGO,KABARNET,KAPROPITA,KINYO,1323,1685,3008,573,5.9,509.99
RIFT VALLEY,BARINGO,KABARNET,KITURO,KAPTOROKWO/KITUMBI,875,903,1778,361,5.45,326.21
RIFT VALLEY,BARINGO,KABARNET,KITURO,KIPKAECH,741,820,1561,330,12.75,122.41
RIFT VALLEY,BARINGO,KABARNET,KITURO,KITURO,1068,1283,2351,427,5.31,443.12
RIFT VALLEY,BARINGO,KABARNET,NGETIMOI,CHEBUNYUR,407,461,868,213,7.88,110.19
RIFT VALLEY,BARINGO,KABARNET,NGETIMOI,KAPKIAI,456,518,974,188,4.09,238.4
RIFT VALLEY,BARINGO,KABARNET,NGETIMOI,TIRIONY,654,745,1399,348,11.68,119.83
RIFT VALLEY,BARINGO,KABARNET,OROKWO,KAPCHEPTERIT,1005,1036,2041,436,28.96,70.47
RIFT VALLEY,BARINGO,KABARNET,OROKWO,MOLOI,1499,1608,3107,624,12.34,251.78
RIFT VALLEY,BARINGO,KABARNET,TALAI,KAPTUMO,943,955,1898,382,8.8,215.8
RIFT VALLEY,BARINGO,KABARNET,TALAI,MOIGUTWO,516,543,1059,232,6.93,152.74
RIFT VALLEY,BARINGO,KABARNET,TALAI,SOGON,360,363,723,175,11.77,61.44
RIFT VALLEY,BARINGO,MARIGAT,EWALEL SOI,KABUSA,407,387,794,189,40.44,19.63
RIFT VALLEY,BARINGO,MARIGAT,EWALEL SOI,KOITILION,292,280,572,133,31.6,18.1
RIFT VALLEY,BARINGO,MARIGAT,ILCHAMUS,ELDUME,1284,1354,2638,546,25.89,101.9
RIFT VALLEY,BARINGO,MARIGAT,ILCHAMUS,KAILER,329,380,709,123,15.42,45.98
RIFT VALLEY,BARINGO,MARIGAT,ILNGAARUA,ILNGAARUA,653,668,1321,238,2.01,656.3
RIFT VALLEY,BARINGO,MARIGAT,ILNGAARUA,LONGEWAN,629,613,1242,235,5.97,207.89
RIFT VALLEY,BARINGO,MARIGAT,KAPKUIKUI,KAPKUIKUI,247,252,499,97,49.97,9.99
RIFT VALLEY,BARINGO,MARIGAT,KAPKUIKUI,KAPTOMBES,300,281,581,118,26.01,22.34
RIFT VALLEY,BARINGO,MARIGAT,KIMALEL,KIMALEL,495,474,969,207,37.76,25.66
RIFT VALLEY,BARINGO,MARIGAT,KIMALEL,KORIEMA,943,984,1927,483,40.72,47.32
RIFT VALLEY,BARINGO,MARIGAT,KIMALEL,SABOR,703,663,1366,356,74.26,18.39
RIFT VALLEY,BARINGO,MARIGAT,KIMONDIS,KETEMWA,343,319,662,169,19.25,34.39
RIFT VALLEY,BARINGO,MARIGAT,KIMONDIS,KIBINGOR,346,349,695,163,14.63,47.52
RIFT VALLEY,BARINGO,MARIGAT,LOBOI,CHELABA,546,540,1086,209,25.38,42.79
RIFT VALLEY,BARINGO,MARIGAT,LOBOI,MAJI NDEGE,541,518,1059,237,47.8,22.15
RIFT VALLEY,BARINGO,MARIGAT,MARIGAT,ENDAO,593,553,1146,258,41.93,27.33
RIFT VALLEY,BARINGO,MARIGAT,MARIGAT,PERKERRA,3706,3745,7451,1822,22.21,335.5
RIFT VALLEY,BARINGO,MARIGAT,MARIGAT,YATOI,2171,2222,4393,1209,87.35,50.29
RIFT VALLEY,BARINGO,MARIGAT,NGAMBO,NGAMBO,1704,1643,3347,588,37.38,89.53
RIFT VALLEY,BARINGO,MARIGAT,NGAMBO,SINTAAN,990,989,1979,361,14.01,141.29
RIFT VALLEY,BARINGO,MARIGAT,SALABAN,MEISORI,1398,1451,2849,618,65.31,43.62
RIFT VALLEY,BARINGO,MARIGAT,SALABAN,SALABAN,944,971,1915,345,14.67,130.5
RIFT VALLEY,BARINGO,MARIGAT,SANDAI,MBECHOT,672,702,1374,230,29.28,46.92
RIFT VALLEY,BARINGO,MARIGAT,SANDAI,SANDAI,590,616,1206,226,19.65,61.37
RIFT VALLEY,BARINGO,MOCHONGOI,ARABAL,ARABAL,1424,1429,2853,507,98.94,28.83
RIFT VALLEY,BARINGO,MOCHONGOI,ARABAL,NGELECHA,517,473,990,179,32.09,30.85
RIFT VALLEY,BARINGO,MOCHONGOI,CHEBINYINYI,CHEBINYINYI,985,957,1942,349,80.19,24.22
RIFT VALLEY,BARINGO,MOCHONGOI,CHEBINYINYI,KASIELA,573,537,1110,206,25.24,43.98
RIFT VALLEY,BARINGO,MOCHONGOI,KIMORIOT,KAMAILEL,1846,1691,3537,822,46.14,76.66
RIFT VALLEY,BARINGO,MOCHONGOI,KIMORIOT,KIMORIOT,2597,2348,4945,1140,86.35,57.27
RIFT VALLEY,BARINGO,MOCHONGOI,MOCHONGOI,KAPKECHIR,2102,2158,4260,864,54.63,77.98
RIFT VALLEY,BARINGO,MOCHONGOI,MOCHONGOI,KAPNAROK,1905,1889,3794,774,18.77,202.15
RIFT VALLEY,BARINGO,MOCHONGOI,MOCHONGOI,MOCHONGOI,1110,1196,2306,479,42.29,54.53
RIFT VALLEY,BARINGO,MUKUTANI,KISERIAN,KISERIAN,1131,1125,2256,406,75.92,29.71
RIFT VALLEY,BARINGO,MUKUTANI,KISERIAN,LOGUMGUM,625,654,1279,246,54.48,23.47
RIFT VALLEY,BARINGO,MUKUTANI,MUKUTANI,MUKUTANI,578,610,1188,229,153.04,7.76
RIFT VALLEY,BARINGO,MUKUTANI,MUKUTANI,RUGUS,495,442,937,184,120.53,7.77
RIFT VALLEY,BARINGO,SACHO,CHEPKERWO,KIBEI,361,344,705,140,10.29,68.54
RIFT VALLEY,BARINGO,SACHO,CHEPKERWO,KOIBARAK,404,456,860,188,22.2,38.74
RIFT VALLEY,BARINGO,SACHO,CHEPKERWO,OCHII,292,323,615,129,8.77,70.1
RIFT VALLEY,BARINGO,SACHO,KABASIS,KABASIS,1904,2123,4027,796,7.14,563.92
RIFT VALLEY,BARINGO,SACHO,KABASIS,KAPTIRIONY,1000,1020,2020,482,18.49,109.27
RIFT VALLEY,BARINGO,SACHO,KABASIS,TIMBOIYWO,1887,2042,3929,815,8.36,469.88
RIFT VALLEY,BARINGO,SACHO,KIBONJOS,KAPTICH,245,244,489,108,6.56,74.55
RIFT VALLEY,BARINGO,SACHO,KIBONJOS,SIRWET,202,175,377,105,13.56,27.8
RIFT VALLEY,BARINGO,SACHO,KIBONJOS,SOSION,223,227,450,108,16.45,27.36
RIFT VALLEY,BARINGO,SACHO,SACHO MOSOP,KABARAK,684,601,1285,204,7.22,177.87
RIFT VALLEY,BARINGO,SACHO,SACHO MOSOP,KAPLEL,625,613,1238,268,11.59,106.8
RIFT VALLEY,BARINGO,SACHO,SACHO MOSOP,KASETAN,523,542,1065,197,8.17,130.38
RIFT VALLEY,BARINGO,SACHO,SACHO-SOI,KAPKELELWA,390,386,776,180,16.01,48.48
RIFT VALLEY,BARINGO,SACHO,SACHO-SOI,KATUNOI,243,250,493,95,18.22,27.06
RIFT VALLEY,BARINGO,SACHO,SACHO-SOI,SAIMET,217,180,397,88,10.78,36.83
RIFT VALLEY,BARINGO,SALAWA,KABARNET SOI,KIMOSO,454,481,935,220,12.5,74.83
RIFT VALLEY,BARINGO,SALAWA,KABARNET SOI,SALAWA,717,723,1440,356,18.44,78.11
RIFT VALLEY,BARINGO,SALAWA,KAPROPITA SOI,KURUMBOMPSOO,364,381,745,168,32.55,22.89
RIFT VALLEY,BARINGO,SALAWA,KAPROPITA SOI,SAGASAK,218,197,415,120,16.86,24.62
RIFT VALLEY,BARINGO,SALAWA,KIBOINO,KIBOINO,660,683,1343,303,23.61,56.88
RIFT VALLEY,BARINGO,SALAWA,KIBOINO,SIRONOI,372,373,745,154,7.59,98.12
RIFT VALLEY,BARINGO,SALAWA,LELMEN,KAPYEMIT,768,784,1552,394,26.63,58.27
RIFT VALLEY,BARINGO,SALAWA,LELMEN,LELMEN,774,816,1590,355,28.7,55.4
RIFT VALLEY,BARINGO,TENGES,BEKIBON,BEKIBON,458,482,940,213,49.29,19.07
RIFT VALLEY,BARINGO,TENGES,BEKIBON,TINOMOI,621,627,1248,240,49.95,24.99
RIFT VALLEY,BARINGO,TENGES,EMOM,CHEPLAMBUS,780,751,1531,326,27.09,56.52
RIFT VALLEY,BARINGO,TENGES,EMOM,SOROK,707,655,1362,240,17.2,79.19
RIFT VALLEY,BARINGO,TENGES,KISONEI,EITUI,349,367,716,136,9.91,72.25
RIFT VALLEY,BARINGO,TENGES,KISONEI,KISONEI,601,620,1221,238,14.97,81.57
RIFT VALLEY,BARINGO,TENGES,TENGES,TABARIN,579,612,1191,240,7.45,159.96
RIFT VALLEY,BARINGO,TENGES,TENGES,TENGES,683,683,1366,351,6.06,225.51
RIFT VALLEY,BARINGO,TENGES,TULUONGOI,TEBEI,468,439,907,193,30.93,29.32
RIFT VALLEY,BARINGO,TENGES,TULUONGOI,TULUONGOI,717,784,1501,304,16.49,91.01
RIFT VALLEY,BARINGO NORTH,BARTABWA,KABOSKEI,ATIAR,850,921,1771,351,61.35,28.87
RIFT VALLEY,BARINGO NORTH,BARTABWA,KABOSKEI,TERIK,1337,1487,2824,550,26.91,104.95
RIFT VALLEY,BARINGO NORTH,BARTABWA,KINYACH,BARTABWA,556,623,1179,244,20.38,57.84
RIFT VALLEY,BARINGO NORTH,BARTABWA,KINYACH,KALABATA,614,623,1237,238,85.31,14.5
RIFT VALLEY,BARINGO NORTH,BARTABWA,KINYACH,KINYACH,530,479,1009,209,85.58,11.79
RIFT VALLEY,BARINGO NORTH,BARTABWA,NGOROBA,KAPTURO,551,482,1033,213,72.62,14.22
RIFT VALLEY,BARINGO NORTH,BARTABWA,NGOROBA,KESUMET,739,690,1429,301,54.61,26.17
RIFT VALLEY,BARINGO NORTH,BARTABWA,NGOROBA,TULUK,686,683,1369,281,66.76,20.51
RIFT VALLEY,BARINGO NORTH,BARWESSA,KABOSKEI KERIO,AYATIA,316,320,636,119,25.1,25.34
RIFT VALLEY,BARINGO NORTH,BARWESSA,KABOSKEI KERIO,KUIKUI,1997,2066,4063,836,103.11,39.4
RIFT VALLEY,BARINGO NORTH,BARWESSA,KABOSKEI KERIO,MAREGUT,688,719,1407,271,45.61,30.85
RIFT VALLEY,BARINGO NORTH,BARWESSA,KABUTIEI,KAPLUK,1381,1372,2753,630,29.52,93.25
RIFT VALLEY,BARINGO NORTH,BARWESSA,KABUTIEI,KATIBEL,1226,1333,2559,553,33.96,75.36
RIFT VALLEY,BARINGO NORTH,BARWESSA,KABUTIEI,MUCHUKWO,1003,1040,2043,455,35.89,56.93
RIFT VALLEY,BARINGO NORTH,BARWESSA,LAWAN,BARWESSA,1460,1587,3047,603,35.21,86.53
RIFT VALLEY,BARINGO NORTH,BARWESSA,LAWAN,KAPTILIMWO,845,810,1655,334,37.96,43.6
RIFT VALLEY,BARINGO NORTH,BARWESSA,LAWAN,KETURWO,1529,1567,3096,681,62.84,49.26
RIFT VALLEY,BARINGO NORTH,BARWESSA,LAWAN,KONOO,1403,1324,2727,626,66.49,41.01
RIFT VALLEY,BARINGO NORTH,KABARTONJO,BARTUM,AKORIAN,1474,1476,2950,714,118.43,24.91
RIFT VALLEY,BARINGO NORTH,KABARTONJO,BARTUM,KIPCHERERE,753,815,1568,425,36.54,42.92
RIFT VALLEY,BARINGO NORTH,KABARTONJO,BARTUM,KOROTO,351,357,708,167,30.25,23.41
RIFT VALLEY,BARINGO NORTH,KABARTONJO,BARTUM,TAIMON,589,631,1220,284,32.91,37.07
RIFT VALLEY,BARINGO NORTH,KABARTONJO,KATIORIN,KAPKIRWOK,497,534,1031,205,15,68.75
RIFT VALLEY,BARINGO NORTH,KABARTONJO,KATIORIN,LELIAN,477,472,949,201,11.63,81.62
RIFT VALLEY,BARINGO NORTH,KABARTONJO,KATIORIN,SUMEIYON,519,525,1044,193,6.47,161.37
RIFT VALLEY,BARINGO NORTH,KABARTONJO,KELYO,KAPKIAMO,1023,1003,2026,389,13.04,155.41
RIFT VALLEY,BARINGO NORTH,KABARTONJO,KELYO,KASAKA,690,660,1350,255,10.53,128.21
RIFT VALLEY,BARINGO NORTH,KABARTONJO,KELYO,KELYO MOSOP,1263,1263,2526,619,9.99,252.9
RIFT VALLEY,BARINGO NORTH,KABARTONJO,OSSEN,KAIMUGUL,1020,1039,2059,399,10.39,198.14
RIFT VALLEY,BARINGO NORTH,KABARTONJO,OSSEN,KAPTUM,1750,1771,3521,693,12.18,288.98
RIFT VALLEY,BARINGO NORTH,KABARTONJO,OSSEN,TILOI,383,362,745,159,13.44,55.44
RIFT VALLEY,BARINGO NORTH,KABARTONJO,OSSEN,TIRIONDONIN,1937,1904,3841,785,24.14,159.14
RIFT VALLEY,BARINGO NORTH,KABARTONJO,SAIMO,KAPCHEPKOR,1279,1314,2593,492,8.38,309.57
RIFT VALLEY,BARINGO NORTH,KABARTONJO,SAIMO,KAPKOMBE,559,552,1111,236,3.98,278.89
RIFT VALLEY,BARINGO NORTH,KABARTONJO,SAIMO,KAPTERE,1154,1225,2379,502,6.16,386.31
RIFT VALLEY,BARINGO NORTH,KABARTONJO,SAIMO,KASISIT,1066,1190,2256,454,7.12,316.78
RIFT VALLEY,BARINGO NORTH,KABARTONJO,SAIMO,TIRIMIONIN,1105,1137,2242,432,7.79,287.91
RIFT VALLEY,BARINGO NORTH,KIPSARAMAN,KAPKATA,BARKETEIW,1658,1627,3285,699,97.99,33.52
RIFT VALLEY,BARINGO NORTH,KIPSARAMAN,KAPKATA,KAPKOIWO,2072,2173,4245,824,30.59,138.76
RIFT VALLEY,BARINGO NORTH,KIPSARAMAN,KAPTEBEREWO,BARTOLIMO,1903,2130,4033,819,12.35,326.54
RIFT VALLEY,BARINGO NORTH,KIPSARAMAN,KAPTEBEREWO,ISSAS,1063,1124,2187,431,9.07,241.09
RIFT VALLEY,BARINGO NORTH,KIPSARAMAN,SIBILO,LORUK,1294,1438,2732,578,131.12,20.84
RIFT VALLEY,BARINGO NORTH,KIPSARAMAN,SIBILO,RONDONIN,599,580,1179,294,27.04,43.61
RIFT VALLEY,BARINGO NORTH,KIPSARAMAN,SIBILO,SIBILO,2039,2133,4172,990,67.77,61.57
RIFT VALLEY,BOMET,BOMET CENTRAL,CHESOEN,CHESOEN,2828,2733,5561,945,9.94,559.69
RIFT VALLEY,BOMET,BOMET CENTRAL,CHESOEN,KAMOGOSO,4098,4190,8288,1542,12.25,676.3
RIFT VALLEY,BOMET,BOMET CENTRAL,CHESOEN,KIPLELJI,1823,1776,3599,663,6.13,587.38
RIFT VALLEY,BOMET,BOMET CENTRAL,ITEMBE,ITEMBE,2751,2876,5627,1002,26.6,211.58
RIFT VALLEY,BOMET,BOMET CENTRAL,ITEMBE,KABISOGE,2918,2996,5914,1086,18.27,323.63
RIFT VALLEY,BOMET,BOMET CENTRAL,KIROMWOK,KIROMWOK,3692,3718,7410,1323,14.88,497.89
RIFT VALLEY,BOMET,BOMET CENTRAL,KIROMWOK,MENET,2754,2866,5620,995,12.64,444.69
RIFT VALLEY,BOMET,BOMET CENTRAL,KYOGONG,GOITAB SILIBWET,2742,2890,5632,1115,16.67,337.85
RIFT VALLEY,BOMET,BOMET CENTRAL,KYOGONG,KYOGONG,2839,2895,5734,1075,17.1,335.42
RIFT VALLEY,BOMET,BOMET CENTRAL,MERIGI,CHEPKOLON,2124,2134,4258,781,8.9,478.51
RIFT VALLEY,BOMET,BOMET CENTRAL,MERIGI,MERIGI,2241,2250,4491,815,11.06,406.1
RIFT VALLEY,BOMET,BOMET CENTRAL,MERIGI,MOTIGO,3068,3194,6262,1139,11.34,552.28
RIFT VALLEY,BOMET,BOMET CENTRAL,MUGANGO,KITOBEN,2279,2301,4580,840,10.9,420.09
RIFT VALLEY,BOMET,BOMET CENTRAL,MUGANGO,MUGANGO,2299,2465,4764,879,9.73,489.55
RIFT VALLEY,BOMET,BOMET CENTRAL,NDARAWETA,KABUSARE,4238,4110,8348,1561,18.93,440.97
RIFT VALLEY,BOMET,BOMET CENTRAL,NDARAWETA,NGAINET,2736,2651,5387,1023,13.54,397.88
RIFT VALLEY,BOMET,BOMET CENTRAL,NDARAWETA,NYONGORES,1619,1557,3176,576,6.97,455.77
RIFT VALLEY,BOMET,BOMET CENTRAL,NDARAWETA,TEGANDA,2506,2642,5148,972,13.5,381.46
RIFT VALLEY,BOMET,BOMET CENTRAL,SIBAIYAN,KAPKOROS,5583,5400,10983,2233,20.57,533.85
RIFT VALLEY,BOMET,BOMET CENTRAL,SIBAIYAN,SIBAIYAN,3037,3008,6045,1126,11.89,508.38
RIFT VALLEY,BOMET,BOMET CENTRAL,SINGORWET,AISAIK,2026,1986,4012,731,7.53,533.04
RIFT VALLEY,BOMET,BOMET CENTRAL,SINGORWET,KABUNGUT,1510,1514,3024,520,6.05,500.23
RIFT VALLEY,BOMET,BOMET CENTRAL,SINGORWET,SINGORWET,2721,2694,5415,1004,9.42,574.71
RIFT VALLEY,BOMET,BOMET CENTRAL,TOWNSHIP,CHEPNGAINA,5211,4954,10165,2639,9.37,1085.31
RIFT VALLEY,BOMET,BOMET CENTRAL,TOWNSHIP,KAPSIMBIRI,1366,1341,2707,510,5.9,458.81
RIFT VALLEY,BOMET,BOMET CENTRAL,TOWNSHIP,KAPSIMOTWA,3632,3519,7151,1267,12.69,563.52
RIFT VALLEY,BOMET,BOMET CENTRAL,TOWNSHIP,SILIBWET,4446,4569,9015,1822,13.78,654.17
RIFT VALLEY,BOMET,LONGISA,CHEBOIN,CHEBOIN,2684,2558,5242,977,15.11,346.99
RIFT VALLEY,BOMET,LONGISA,CHEBOIN,EMITIOT,1907,2147,4054,786,10.53,384.87
RIFT VALLEY,BOMET,LONGISA,CHEBOIN,SAMITUK,2062,2266,4328,894,9.75,443.75
RIFT VALLEY,BOMET,LONGISA,CHEMANER,CHAMBORI,895,947,1842,305,4.58,401.82
RIFT VALLEY,BOMET,LONGISA,CHEMANER,CHEMANER,1366,1473,2839,520,8.46,335.71
RIFT VALLEY,BOMET,LONGISA,CHEMANER,KAPSIGIRIO,946,1021,1967,328,3.9,503.86
RIFT VALLEY,BOMET,LONGISA,CHEMANER,KICHUTMOI,2361,2507,4868,955,15.75,309.09
RIFT VALLEY,BOMET,LONGISA,KAPKIMOLWA,KAPKIMOLWA,2410,2534,4944,953,11.02,448.56
RIFT VALLEY,BOMET,LONGISA,KAPKIMOLWA,KIPTULWA,1621,1787,3408,663,10.77,316.58
RIFT VALLEY,BOMET,LONGISA,KAPKIMOLWA,KOIBEIYON,3088,3301,6389,1235,22.07,289.52
RIFT VALLEY,BOMET,LONGISA,KEMBU,CHEPKITWAL,2406,2547,4953,913,8.35,593.02
RIFT VALLEY,BOMET,LONGISA,KEMBU,KAPORUSO,2827,2984,5811,1144,12.81,453.74
RIFT VALLEY,BOMET,LONGISA,KEMBU,KONGOTIK,2897,2910,5807,1117,15.54,373.69
RIFT VALLEY,BOMET,LONGISA,KIMUNCHUL,LELKATET,2103,2156,4259,794,7.74,550.14
RIFT VALLEY,BOMET,LONGISA,KIMUNCHUL,SITOTWET,1726,1732,3458,660,8.89,388.9
RIFT VALLEY,BOMET,LONGISA,KIPLABOTWA,KAPLIYO,2558,2711,5269,1098,11.75,448.3
RIFT VALLEY,BOMET,LONGISA,KIPLABOTWA,KIPLABOTWA,1616,1734,3350,665,10.92,306.86
RIFT VALLEY,BOMET,LONGISA,KIPLABOTWA,OLOKYIN,2667,2774,5441,1065,19.39,280.65
RIFT VALLEY,BOMET,LONGISA,KIPRERES,KIPRERES,2355,2605,4960,1008,17.88,277.36
RIFT VALLEY,BOMET,LONGISA,KIPRERES,NDUBAI,2017,2235,4252,841,12.43,342.11
RIFT VALLEY,BOMET,LONGISA,TEGAT,KIPYOSIT,2160,2309,4469,804,7.93,563.46
RIFT VALLEY,BOMET,LONGISA,TEGAT,TEGAT,2989,2963,5952,1087,12.32,483.11
RIFT VALLEY,BOMET,SIGOR,CHELEGET,CHEPKOSA,1535,1725,3260,608,11.2,291.12
RIFT VALLEY,BOMET,SIGOR,CHELEGET,NOGIRWET,1838,1880,3718,720,18.1,205.47
RIFT VALLEY,BOMET,SIGOR,KABOSON,KABOSON,3101,3305,6406,1266,28.06,228.3
RIFT VALLEY,BOMET,SIGOR,KAPKESOSIO,KAPKESOSIO,1219,1247,2466,488,7.64,322.96
RIFT VALLEY,BOMET,SIGOR,KAPKESOSIO,KIMENDERIT,1470,1540,3010,587,9.32,322.87
RIFT VALLEY,BOMET,SIGOR,KAPKESOSIO,TUMOI,1509,1691,3200,612,11.59,276.03
RIFT VALLEY,BOMET,SIGOR,LELAITICH,KAPSABUL,1558,1696,3254,642,14.61,222.69
RIFT VALLEY,BOMET,SIGOR,LELAITICH,LELAITICH,1522,1627,3149,652,11.3,278.77
RIFT VALLEY,BOMET,SIGOR,LELAITICH,LUGUMEK,1877,1881,3758,712,13.66,275.03
RIFT VALLEY,BOMET,SIGOR,SIGOR,AREIYET,1887,2033,3920,731,17.83,219.8
RIFT VALLEY,BOMET,SIGOR,SIGOR,KIPKEIGEI,1774,1882,3656,710,15.63,233.96
RIFT VALLEY,BOMET,SIGOR,SIGOR,SIGOR,2551,2742,5293,1107,15.5,341.42
RIFT VALLEY,BOMET,SIGOR,SUGUMERGA,CHEPTAGUM,1223,1445,2668,557,6.77,394.03
RIFT VALLEY,BOMET,SIGOR,SUGUMERGA,NYAMBUGO,2036,2333,4369,864,16.94,257.85
RIFT VALLEY,BOMET,SIGOR,SUGUMERGA,SUGUMERGA,1565,1763,3328,695,9.99,333.26
RIFT VALLEY,BOMET,SIONGIROI,BINGWA,BINGWA,2196,2259,4455,764,11.8,377.68
RIFT VALLEY,BOMET,SIONGIROI,BINGWA,CHELELACH,1912,1956,3868,682,12.2,317.01
RIFT VALLEY,BOMET,SIONGIROI,BINGWA,CHEPWOSTUIYET,2321,2552,4873,829,16.04,303.87
RIFT VALLEY,BOMET,SIONGIROI,BINGWA,KAPOLESEROI,2295,2305,4600,765,11.92,386.02
RIFT VALLEY,BOMET,SIONGIROI,CHEBUNYO,CHEBUNYO,3153,3227,6380,1163,12.28,519.58
RIFT VALLEY,BOMET,SIONGIROI,CHEBUNYO,ROBORWO,2488,2484,4972,914,17.42,285.37
RIFT VALLEY,BOMET,SIONGIROI,KAMAGET,KAMAGIBOI,1711,1920,3631,669,10.04,361.76
RIFT VALLEY,BOMET,SIONGIROI,KAMAGET,TILANGOK,1315,1462,2777,527,6.69,414.9
RIFT VALLEY,BOMET,SIONGIROI,KONGASIS,KIMAYA,2063,2148,4211,813,10.74,392.13
RIFT VALLEY,BOMET,SIONGIROI,KONGASIS,KIRIBA,1639,1860,3499,645,10.71,326.73
RIFT VALLEY,BOMET,SIONGIROI,KONGASIS,SEGEMIK,2345,2686,5031,868,12.18,413.17
RIFT VALLEY,BOMET,SIONGIROI,MAKIMENY,KABEMA,2026,2029,4055,685,8.65,468.94
RIFT VALLEY,BOMET,SIONGIROI,MAKIMENY,KIBOSON,1399,1552,2951,555,6.54,451.25
RIFT VALLEY,BOMET,SIONGIROI,MAKIMENY,KOIMERET,2008,2148,4156,750,10.31,403.21
RIFT VALLEY,BOMET,SIONGIROI,MAKIMENY,MAKIMENY,1265,1386,2651,479,8.42,314.88
RIFT VALLEY,BOMET,SIONGIROI,MAKIMENY,MENGWET,1387,1517,2904,502,7.71,376.42
RIFT VALLEY,BOMET,SIONGIROI,MOGOR,CHEBOYO,1232,1288,2520,450,7.96,316.46
RIFT VALLEY,BOMET,SIONGIROI,MOGOR,KATARET,1128,1106,2234,398,9.94,224.81
RIFT VALLEY,BOMET,SIONGIROI,MOGOR,MOGOR,1116,1168,2284,415,5.26,434.15
RIFT VALLEY,BOMET,SIONGIROI,SIONGIROI,KAPSIMBA,1742,1917,3659,689,13.21,277.05
RIFT VALLEY,BOMET,SIONGIROI,SIONGIROI,KIPSUTER,1856,2001,3857,730,7.89,488.56
RIFT VALLEY,BOMET,SIONGIROI,SIONGIROI,SIONGIROI,2852,3051,5903,1083,31.11,189.77
RIFT VALLEY,BURET,BURET,CHEBWAGAN,CHEBWAGAN,1112,1127,2239,401,5.04,444.39
RIFT VALLEY,BURET,BURET,CHEBWAGAN,CHERIBO,1081,1056,2137,388,3.52,607.4
RIFT VALLEY,BURET,BURET,CHEBWAGAN,KAPSOGERUK,918,996,1914,358,2.48,772.02
RIFT VALLEY,BURET,BURET,CHEMOIBEN,CHEMOIBEN,1033,1089,2122,393,4.72,449.85
RIFT VALLEY,BURET,BURET,CHEMOIBEN,RORONYA,1746,1759,3505,931,4.24,826.83
RIFT VALLEY,BURET,BURET,CHEPLANGET,BUTIIK,2459,2595,5054,897,7.74,652.71
RIFT VALLEY,BURET,BURET,CHEPLANGET,CHEPLANGET,3668,3697,7365,1320,12.13,607.08
RIFT VALLEY,BURET,BURET,CHEPLANGET,TIRIITAB MOITA,2394,2487,4881,864,7.99,610.61
RIFT VALLEY,BURET,BURET,KAPKATET,ITOIK,930,959,1889,352,4.21,449.14
RIFT VALLEY,BURET,BURET,KAPKATET,NGANASET,3290,3260,6550,1353,9.57,684.24
RIFT VALLEY,BURET,BURET,KAPKATET,SOSIT,4308,4359,8667,1540,12.75,679.66
RIFT VALLEY,BURET,BURET,KUSUMEK,KAPSENETWET,2167,2330,4497,793,7.24,620.79
RIFT VALLEY,BURET,BURET,KUSUMEK,KUSUMEK,2396,2419,4815,903,7.53,639.1
RIFT VALLEY,BURET,BURET,LITEIN,KAPKARIN,1496,1546,3042,570,5,608.68
RIFT VALLEY,BURET,BURET,LITEIN,LALAGIN,1648,1701,3349,618,5.85,572.65
RIFT VALLEY,BURET,BURET,LITEIN,LITEIN,3005,3169,6174,1703,3.34,1847.89
RIFT VALLEY,BURET,BURET,NGESUMIN,KAMANAMSIM,1237,1176,2413,404,5.48,440.67
RIFT VALLEY,BURET,BURET,NGESUMIN,NGESUMIN,1130,1158,2288,427,5.55,412.51
RIFT VALLEY,BURET,BURET,NGESUMIN,RUNGUTI,1365,1354,2719,526,3.94,690.56
RIFT VALLEY,BURET,CHEBORGE,CHEBOIN,CHEBOIN,3092,3199,6291,1155,9.38,670.42
RIFT VALLEY,BURET,CHEBORGE,CHEBOIN,NGOROGA,1060,1087,2147,432,4.23,507.1
RIFT VALLEY,BURET,CHEBORGE,CHEBORGE,CHEBORGE,1203,1248,2451,471,7.07,346.92
RIFT VALLEY,BURET,CHEBORGE,CHEBORGE,KABORUS,847,903,1750,324,3.79,461.57
RIFT VALLEY,BURET,CHEBORGE,CHEBORGE,KIMWOGIT,1405,1360,2765,449,5.96,464.19
RIFT VALLEY,BURET,CHEBORGE,CHEBORGE,KORONGOI,1104,1134,2238,408,4.27,523.73
RIFT VALLEY,BURET,CHEBORGE,KAPSOGUT,KAPSUGUT,1313,1348,2661,473,5.75,463.12
RIFT VALLEY,BURET,CHEBORGE,KAPSOGUT,KAPTELE,1240,1291,2531,447,5.16,490.68
RIFT VALLEY,BURET,CHEBORGE,KIBUGAT,KELUNET,793,687,1480,398,8.84,167.46
RIFT VALLEY,BURET,CHEBORGE,KIBUGAT,KIBUGAT,814,779,1593,343,7.91,201.29
RIFT VALLEY,BURET,CHEBORGE,TEBESONIK,SIONGI,893,864,1757,340,4.44,395.31
RIFT VALLEY,BURET,CHEBORGE,TEBESONIK,TEBESONIK,2496,2539,5035,929,9.95,506.28
RIFT VALLEY,BURET,CHEBORGE,TECHOGET,AROKYET,1982,2121,4103,753,6.32,649.64
RIFT VALLEY,BURET,CHEBORGE,TECHOGET,KAMINJEIWA,1347,1350,2697,468,4.82,559.15
RIFT VALLEY,BURET,CHEBORGE,TECHOGET,KIBWASTUYO,1420,1420,2840,530,5.55,511.44
RIFT VALLEY,BURET,CHEPTALAL,CHEPTALAL,KITALA,747,776,1523,284,4.28,355.77
RIFT VALLEY,BURET,CHEPTALAL,CHEPTALAL,TABOINO,3077,3221,6298,1239,13.99,450.04
RIFT VALLEY,BURET,CHEPTALAL,EMBOMOS,EMBOMOS,2434,2291,4725,918,9.35,505.33
RIFT VALLEY,BURET,CHEPTALAL,EMBOMOS,SIOMO,1232,1247,2479,462,7.7,321.99
RIFT VALLEY,BURET,CHEPTALAL,KIPTENDEN,KIPTENDEN,1946,1844,3790,700,9.7,390.6
RIFT VALLEY,BURET,CHEPTALAL,KIPTENDEN,TEREK,1696,1661,3357,625,8.23,408.09
RIFT VALLEY,BURET,CHEPTALAL,SATIET,BOSTO,1937,1941,3878,780,11.22,345.57
RIFT VALLEY,BURET,CHEPTALAL,SATIET,KUGERWET,978,993,1971,373,4.49,438.71
RIFT VALLEY,BURET,CHEPTALAL,SATIET,SATIET,723,689,1412,263,3.48,405.89
RIFT VALLEY,BURET,CHEPTALAL,SOTIT,KIMARWANDI,651,617,1268,232,5.8,218.6
RIFT VALLEY,BURET,CHEPTALAL,SOTIT,KIRIMOSE,805,824,1629,260,6.05,269.05
RIFT VALLEY,BURET,CHEPTALAL,SOTIT,SOTIT,808,782,1590,306,4.06,392.08
RIFT VALLEY,BURET,KIMULOT,CHEBAGANG,CHEBAGANG,1956,1761,3717,704,9.96,373.01
RIFT VALLEY,BURET,KIMULOT,CHEBAGANG,KAPSENGERE,1440,1447,2887,600,9.77,295.37
RIFT VALLEY,BURET,KIMULOT,KAPTEBENGWET,BESIOBEI,1605,1599,3204,696,35.94,89.15
RIFT VALLEY,BURET,KIMULOT,KAPTEBENGWET,KAMOGOMON,3607,3045,6652,1847,25.63,259.52
RIFT VALLEY,BURET,KIMULOT,KAPTIEN,KAPSIGOWO,698,610,1308,355,3.83,341.13
RIFT VALLEY,BURET,KIMULOT,KAPTIEN,KAPTIEN,1366,1095,2461,740,10.76,228.81
RIFT VALLEY,BURET,KIMULOT,KIMULOT,CHEMALAL,1482,1464,2946,551,5.42,543.17
RIFT VALLEY,BURET,KIMULOT,KIMULOT,KAPSET,4689,4401,9090,1808,15.52,585.67
RIFT VALLEY,BURET,KIMULOT,KIMULOT,KAPSINENDET,2117,1978,4095,942,6.32,648.05
RIFT VALLEY,BURET,KIMULOT,SAOSA,CHEMOSIT,3296,2386,5682,2325,37.57,151.23
RIFT VALLEY,BURET,KIMULOT,SAOSA,CHEPCHABAS,8167,5912,14079,4866,101.66,138.5
RIFT VALLEY,BURET,KONOIN,BOITO,BOITO,3573,3525,7098,1297,14.09,503.87
RIFT VALLEY,BURET,KONOIN,BOITO,KAPTEMBWO,2077,2094,4171,738,8.48,491.67
RIFT VALLEY,BURET,KONOIN,CHEMELET,CHEMELET,1401,1427,2828,504,5.41,523.02
RIFT VALLEY,BURET,KONOIN,CHEMELET,KABIANGEK,2168,2074,4242,750,5.76,735.99
RIFT VALLEY,BURET,KONOIN,KOIWA,CHEPTINGTING,1173,1146,2319,398,7.79,297.5
RIFT VALLEY,BURET,KONOIN,KOIWA,KAPKEN,1980,1987,3967,771,7.3,543.69
RIFT VALLEY,BURET,KONOIN,MOGOGOSIEK,NGERERITTA,2354,2314,4668,830,7.01,665.51
RIFT VALLEY,BURET,KONOIN,MOGOGOSIEK,SASETA,3614,3586,7200,1585,9.25,778.1
RIFT VALLEY,BURET,KONOIN,MOSONIK,CHEPKOCHON,1761,1719,3480,634,8.97,388.12
RIFT VALLEY,BURET,KONOIN,MOSONIK,MOGONJET,900,892,1792,312,4.7,381.53
RIFT VALLEY,BURET,KONOIN,SIMOT,CHONGENWO,1526,1484,3010,587,6.05,497.88
RIFT VALLEY,BURET,KONOIN,SIMOT,SIMOT,2099,2199,4298,821,9.46,454.36
RIFT VALLEY,BURET,RORET,CHEMOSOT,CHEMOSOT,1424,1450,2874,608,3.45,834.06
RIFT VALLEY,BURET,RORET,CHEMOSOT,KAMINJEIWET,1316,1293,2609,506,5.11,510.61
RIFT VALLEY,BURET,RORET,GETARWET,CHEPKONGONY,923,925,1848,343,3.4,542.8
RIFT VALLEY,BURET,RORET,GETARWET,GETARWET,1007,1018,2025,377,4.38,462.8
RIFT VALLEY,BURET,RORET,KABARTEGAN,CHEMOIYWA,692,689,1381,288,2.21,625.65
RIFT VALLEY,BURET,RORET,KABARTEGAN,KABARTEGAN,2037,1989,4026,809,12.56,320.48
RIFT VALLEY,BURET,RORET,KABARTEGAN,KIPKERIENY,1243,1235,2478,524,4.73,523.87
RIFT VALLEY,BURET,RORET,KAPKISIARA,KAPKISIARA,2876,2997,5873,1057,13.62,431.06
RIFT VALLEY,BURET,RORET,KAPKISIARA,KIPTOME,1199,1207,2406,453,5.26,457.7
RIFT VALLEY,BURET,RORET,KISIARA,MABASI,1459,1591,3050,598,5.79,527.1
RIFT VALLEY,BURET,RORET,KISIARA,MONORU,1602,1419,3021,708,4.56,662.62
RIFT VALLEY,BURET,RORET,KISIARA,NGOINA,1471,1297,2768,765,16.05,172.44
RIFT VALLEY,BURET,RORET,KISIARA,RORET,2184,2333,4517,829,8.86,509.96
RIFT VALLEY,BURET,RORET,TULWET,KAPRORET,1567,1641,3208,592,5.52,581.32
RIFT VALLEY,BURET,RORET,TULWET,KELELWA,2355,2443,4798,915,7.54,636.38
RIFT VALLEY,BURET,RORET,TULWET,MOSORE,1356,1452,2808,520,6.32,444.61
RIFT VALLEY,BURET,TINET FOREST,TINET FOREST,TINET FOREST,0,0,0,0,433.94,0
RIFT VALLEY,EAST POKOT,CHURO,AMAYA,AMAYA,2225,2250,4475,580,26.03,171.95
RIFT VALLEY,EAST POKOT,CHURO,AMAYA,MUKEKAMAR,2272,2159,4431,705,20.8,213.04
RIFT VALLEY,EAST POKOT,CHURO,CHURO,CHEPELOW,682,693,1375,233,17.79,77.31
RIFT VALLEY,EAST POKOT,CHURO,CHURO,CHURO,1017,962,1979,329,35,56.54
RIFT VALLEY,EAST POKOT,CHURO,CHURO,PUTERO,2131,1971,4102,611,107.99,37.99
RIFT VALLEY,EAST POKOT,CHURO,KAPTUYA,KAPTUYA,1050,799,1849,295,87.26,21.19
RIFT VALLEY,EAST POKOT,CHURO,KAPTUYA,TEBELEKWO,1602,1414,3016,449,33.07,91.2
RIFT VALLEY,EAST POKOT,KOLLOWA,KOLLOWA,BARPELLO,1782,1925,3707,594,168.49,22
RIFT VALLEY,EAST POKOT,KOLLOWA,KOLLOWA,CHEPKERERAT,1592,1611,3203,520,73.73,43.44
RIFT VALLEY,EAST POKOT,KOLLOWA,KOLLOWA,KOLLOWA,2954,2698,5652,776,93.79,60.26
RIFT VALLEY,EAST POKOT,KOLLOWA,LOIWAT,CHEPELLION,748,773,1521,292,94.22,16.14
RIFT VALLEY,EAST POKOT,KOLLOWA,LOIWAT,KIPNAI,1311,1134,2445,366,89.98,27.17
RIFT VALLEY,EAST POKOT,KOLLOWA,LOIWAT,LOIWAT,1002,855,1857,332,112.88,16.45
RIFT VALLEY,EAST POKOT,KOLLOWA,LOIWAT,TILINGWO,591,523,1114,235,66.65,16.71
RIFT VALLEY,EAST POKOT,KOLLOWA,LOKIS,LOKIS,1088,903,1991,348,99.02,20.11
RIFT VALLEY,EAST POKOT,KOLLOWA,LOKIS,NGAINA,1767,1385,3152,476,119.59,26.36
RIFT VALLEY,EAST POKOT,KOLLOWA,NGORON,MIRGIS,1906,1723,3629,513,121.26,29.93
RIFT VALLEY,EAST POKOT,KOLLOWA,NGORON,NGORON,1625,1679,3304,525,136.37,24.23
RIFT VALLEY,EAST POKOT,KOLLOWA,TIRIOKO,ANGORINTIANG,1063,1037,2100,317,111.79,18.78
RIFT VALLEY,EAST POKOT,KOLLOWA,TIRIOKO,KAPUNYANY,1726,1581,3307,472,38.59,85.69
RIFT VALLEY,EAST POKOT,MONDI,LORUK,CHEMURO,341,358,699,125,46.74,14.95
RIFT VALLEY,EAST POKOT,MONDI,LORUK,KECHI LORUK KONGASIS,750,680,1430,298,43.37,32.97
RIFT VALLEY,EAST POKOT,MONDI,LORUK,TUWO,542,597,1139,187,71.68,15.89
RIFT VALLEY,EAST POKOT,MONDI,LOYAMOROCK,KOKORE,1128,1132,2260,279,112.31,20.12
RIFT VALLEY,EAST POKOT,MONDI,LOYAMOROCK,NGINYANG EAST,3284,2749,6033,809,172.15,35.04
RIFT VALLEY,EAST POKOT,MONDI,LOYAMOROCK,PAKA,1725,1738,3463,477,151.54,22.85
RIFT VALLEY,EAST POKOT,MONDI,NAUDO,AKWECHATIS,1249,1398,2647,387,73.35,36.09
RIFT VALLEY,EAST POKOT,MONDI,NAUDO,LOSIKIRIAMOI,2244,1892,4136,621,62.58,66.09
RIFT VALLEY,EAST POKOT,MONDI,NAUDO,NASOROT,3077,2574,5651,917,36.72,153.92
RIFT VALLEY,EAST POKOT,MONDI,SILALE,KAPEDO EAST,5122,2332,7454,1064,189.88,39.26
RIFT VALLEY,EAST POKOT,MONDI,SILALE,NAKOKO,1167,892,2059,310,82.9,24.84
RIFT VALLEY,EAST POKOT,NGINYANG,AKORET,AKORET,764,758,1522,256,59.41,25.62
RIFT VALLEY,EAST POKOT,NGINYANG,AKORET,KAPEDO NORTH,1070,1109,2179,393,92.82,23.48
RIFT VALLEY,EAST POKOT,NGINYANG,AKORET,KULAL,1359,1126,2485,464,226.13,10.99
RIFT VALLEY,EAST POKOT,NGINYANG,KOSITEI,KOSITEI,1020,1025,2045,331,81,25.25
RIFT VALLEY,EAST POKOT,NGINYANG,KOSITEI,NGINYANG WEST,1851,1781,3632,720,172.77,21.02
RIFT VALLEY,EAST POKOT,NGINYANG,KOSITEI,SERETION,1478,1382,2860,346,76.74,37.27
RIFT VALLEY,EAST POKOT,NGINYANG,RIBKWO,CHESAKAM,1140,1050,2190,395,111.01,19.73
RIFT VALLEY,EAST POKOT,NGINYANG,RIBKWO,KAPEDO WEST,864,779,1643,303,105.44,15.58
RIFT VALLEY,EAST POKOT,NGINYANG,RIBKWO,MORON,1031,1171,2202,430,175.02,12.58
RIFT VALLEY,EAST POKOT,TANGULBEI,KOROSSI,KECHII,535,497,1032,218,27.02,38.2
RIFT VALLEY,EAST POKOT,TANGULBEI,KOROSSI,KOMOLION,635,601,1236,243,64.2,19.25
RIFT VALLEY,EAST POKOT,TANGULBEI,KOROSSI,KOROSSI,424,345,769,136,41.81,18.39
RIFT VALLEY,EAST POKOT,TANGULBEI,KOROSSI,NAKORETE,554,580,1134,216,80.97,14
RIFT VALLEY,EAST POKOT,TANGULBEI,ORUS,KOKWOTOTO,671,674,1345,252,98.21,13.69
RIFT VALLEY,EAST POKOT,TANGULBEI,ORUS,MAKANY,1164,1242,2406,462,29.51,81.52
RIFT VALLEY,EAST POKOT,TANGULBEI,ORUS,ORUS,1403,1526,2929,470,70.29,41.67
RIFT VALLEY,EAST POKOT,TANGULBEI,TANGULBEI,CHEMOIGUT,1097,1173,2270,459,160.94,14.1
RIFT VALLEY,EAST POKOT,TANGULBEI,TANGULBEI,TANGULBEI,2066,2064,4130,755,146.02,28.28
RIFT VALLEY,ELDORET EAST,AINABKOI,AINABKOI,KAPSENGET,2074,2144,4218,920,40.12,105.13
RIFT VALLEY,ELDORET EAST,AINABKOI,AINABKOI,NDANAI,1244,1182,2426,511,48.12,50.41
RIFT VALLEY,ELDORET EAST,AINABKOI,CHEPKERO,KAPSUNDEI,2728,2792,5520,1118,13.52,408.28
RIFT VALLEY,ELDORET EAST,AINABKOI,CHEPKERO,KILEGES,1582,1564,3146,619,30.35,103.67
RIFT VALLEY,ELDORET EAST,AINABKOI,CHEPNGOROR,CHEPNGOROR,756,822,1578,285,8.09,195.01
RIFT VALLEY,ELDORET EAST,AINABKOI,CHEPNGOROR,KOILUGET,1588,1628,3216,612,10.98,292.79
RIFT VALLEY,ELDORET EAST,AINABKOI,CHEPNGOROR,TINGWA,857,944,1801,328,7.86,229.26
RIFT VALLEY,ELDORET EAST,AINABKOI,KAPNGETUNY,KAPNGETUNY,933,909,1842,402,15.82,116.46
RIFT VALLEY,ELDORET EAST,AINABKOI,KAPNGETUNY,SILIBOI,525,451,976,221,13.06,74.73
RIFT VALLEY,ELDORET EAST,AINABKOI,KAPSOYA,KAPSOYA,16121,17317,33438,8497,43.42,770.12
RIFT VALLEY,ELDORET EAST,AINABKOI,KAPTAGAT,LOTONYOK,3193,3279,6472,1276,33.99,190.44
RIFT VALLEY,ELDORET EAST,AINABKOI,KAPTAGAT,TENDWO,2470,2410,4880,951,34.55,141.24
RIFT VALLEY,ELDORET EAST,AINABKOI,KIPKABUS,KAPLELACH,2188,2050,4238,903,27.94,151.66
RIFT VALLEY,ELDORET EAST,AINABKOI,KIPKABUS,SONGICH,838,947,1785,332,14.64,121.94
RIFT VALLEY,ELDORET EAST,AINABKOI,KIPKABUS,TILOL,1095,1134,2229,414,12.66,176.09
RIFT VALLEY,ELDORET EAST,AINABKOI,KIPSINENDE,CHEPTIGIT,1569,1546,3115,648,18.62,167.3
RIFT VALLEY,ELDORET EAST,AINABKOI,KIPSINENDE,KIPSINENDE,669,725,1394,276,12.98,107.41
RIFT VALLEY,ELDORET EAST,AINABKOI,KIPSINENDE,KONGASIS,1948,1896,3844,776,23.17,165.9
RIFT VALLEY,ELDORET EAST,AINABKOI,OLARE,BURNT FOREST,2631,2314,4945,1154,7.76,636.98
RIFT VALLEY,ELDORET EAST,AINABKOI,OLARE,KAPKENO,2962,3000,5962,1279,37.03,161.02
RIFT VALLEY,ELDORET EAST,AINABKOI,PLATEAU,CHEPKONGONY,2050,2114,4164,790,14.25,292.24
RIFT VALLEY,ELDORET EAST,AINABKOI,PLATEAU,CHESOGOR,962,891,1853,344,10.98,168.77
RIFT VALLEY,ELDORET EAST,MOIBEN,CHEPKOILEL,KIMUMU,7765,7318,15083,3559,13.75,1096.71
RIFT VALLEY,ELDORET EAST,MOIBEN,CHEPKOILEL,SIGOT,13961,13302,27263,7386,9.11,2993.5
RIFT VALLEY,ELDORET EAST,MOIBEN,KAPLOLO,CHEPLASKEI,1090,1062,2152,389,19.89,108.19
RIFT VALLEY,ELDORET EAST,MOIBEN,KAPLOLO,KAPLOLO,1176,1149,2325,451,7.89,294.76
RIFT VALLEY,ELDORET EAST,MOIBEN,KAPLOLO,USWO,1243,1265,2508,468,11.36,220.76
RIFT VALLEY,ELDORET EAST,MOIBEN,KARUNA,KAPSUBERE,1373,1301,2674,545,37.81,70.71
RIFT VALLEY,ELDORET EAST,MOIBEN,KARUNA,SOSIO,2954,2789,5743,1078,63.41,90.57
RIFT VALLEY,ELDORET EAST,MOIBEN,KIMONING,CHEBURBUR,2038,2069,4107,828,18.58,221.03
RIFT VALLEY,ELDORET EAST,MOIBEN,KIMONING,KAMAUA,1575,1647,3222,610,18.3,176.02
RIFT VALLEY,ELDORET EAST,MOIBEN,KIMONING,KIMONING,1715,1681,3396,624,27.42,123.86
RIFT VALLEY,ELDORET EAST,MOIBEN,KOITOROR,KAPTUKTUK,2363,2487,4850,896,20.89,232.12
RIFT VALLEY,ELDORET EAST,MOIBEN,KOITOROR,TUIYO-LUK,2571,2695,5266,896,31.55,166.9
RIFT VALLEY,ELDORET EAST,MOIBEN,MOIBEKI,KAPSILIOT,2440,2276,4716,910,47.29,99.73
RIFT VALLEY,ELDORET EAST,MOIBEN,MOIBEKI,MOIBEKI,4346,4258,8604,1537,89.06,96.61
RIFT VALLEY,ELDORET EAST,MOIBEN,MOIBEN,MOIBEN,4240,4167,8407,1621,61.68,136.29
RIFT VALLEY,ELDORET EAST,MOIBEN,MOIBEN,TOLOITA,2976,2930,5906,1076,50.13,117.81
RIFT VALLEY,ELDORET EAST,MOIBEN,MUMETET,MEREWET,2384,2565,4949,911,18.87,262.2
RIFT VALLEY,ELDORET EAST,MOIBEN,MUMETET,TOROCHIMOI,1891,1947,3838,669,23.83,161.09
RIFT VALLEY,ELDORET EAST,MOIBEN,SERGOIT,CHEPKOILEL,3072,3041,6113,1123,56.04,109.08
RIFT VALLEY,ELDORET EAST,MOIBEN,SERGOIT,KELJI,2485,2346,4831,875,62.99,76.69
RIFT VALLEY,ELDORET EAST,MOIBEN,SERGOIT,SERGOIT,2655,2621,5276,1079,53.01,99.53
RIFT VALLEY,ELDORET EAST,MOIBEN,TEMBELIO,ELEGEYO BORDER,2420,2442,4862,855,22.16,219.41
RIFT VALLEY,ELDORET EAST,MOIBEN,TEMBELIO,KAPKEI,1136,1182,2318,427,12.07,192
RIFT VALLEY,ELDORET WEST,SOY,BARSOMBE,BARSOMBE,4355,4376,8731,1566,31.9,273.73
RIFT VALLEY,ELDORET WEST,SOY,KIBULGENY,KAMUKUNJI,9949,8670,18619,5765,18.02,1033.14
RIFT VALLEY,ELDORET WEST,SOY,KIBULGENY,KILIMANI,16123,17093,33216,9645,9.75,3405.51
RIFT VALLEY,ELDORET WEST,SOY,KIPLOMBE,KIPLOMBE,11346,9097,20443,3322,101.71,200.99
RIFT VALLEY,ELDORET WEST,SOY,KIPLOMBE,KUINET,6064,6086,12150,2465,56.87,213.65
RIFT VALLEY,ELDORET WEST,SOY,KIPSOMBA,KAPSANG,2942,2957,5899,1085,40.68,144.99
RIFT VALLEY,ELDORET WEST,SOY,KIPSOMBA,KIPSOMBA,9657,9526,19183,3651,111.71,171.73
RIFT VALLEY,ELDORET WEST,SOY,KOISAGAT,KOISAGAT,2342,2324,4666,798,18.57,251.27
RIFT VALLEY,ELDORET WEST,SOY,KOISAGAT,LOLKINYEI,3718,3673,7391,1354,39.73,186.01
RIFT VALLEY,ELDORET WEST,SOY,MOIS BRIDGE,MATUNDA,9338,9738,19076,3944,28.79,662.49
RIFT VALLEY,ELDORET WEST,SOY,MOIS BRIDGE,MOIS BRIDGE,14782,15360,30142,6828,71.54,421.35
RIFT VALLEY,ELDORET WEST,SOY,SEGERO,KAPNGETUNY,3016,3147,6163,1117,15.83,389.27
RIFT VALLEY,ELDORET WEST,SOY,SEGERO,SEGERO,2996,3024,6020,1155,22.61,266.2
RIFT VALLEY,ELDORET WEST,SOY,SIRIKWA,LEGEBET,1565,1599,3164,608,8.23,384.43
RIFT VALLEY,ELDORET WEST,SOY,SIRIKWA,SIRIKWA,1950,2041,3991,782,19.79,201.63
RIFT VALLEY,ELDORET WEST,SOY,SOY,KONGASIS,4606,4536,9142,1687,72.46,126.17
RIFT VALLEY,ELDORET WEST,SOY,SOY,SOY,7794,8132,15926,3424,62.72,253.9
RIFT VALLEY,ELDORET WEST,SOY,ZIWA,KEROTET,2818,2894,5712,1072,18.42,310.17
RIFT VALLEY,ELDORET WEST,SOY,ZIWA,ZIWA,2614,2662,5276,1038,18.68,282.4
RIFT VALLEY,ELDORET WEST,TURBO,KAMAGUT,LESERU,10638,11227,21865,4601,63.59,343.84
RIFT VALLEY,ELDORET WEST,TURBO,KAPTAMBEE,KAPTEBEE,4136,4279,8415,1715,29.38,286.45
RIFT VALLEY,ELDORET WEST,TURBO,KAPYEMIT,HURUMA,20115,18430,38545,11794,5.55,6942.67
RIFT VALLEY,ELDORET WEST,TURBO,KAPYEMIT,KAPSAOS,14288,14305,28593,7818,14.65,1951.29
RIFT VALLEY,ELDORET WEST,TURBO,NGENYILEL,CHEPSAITA,5390,5668,11058,2080,36.91,299.61
RIFT VALLEY,ELDORET WEST,TURBO,NGENYILEL,OSORONGAI,9834,9913,19747,3949,58.7,336.38
RIFT VALLEY,ELDORET WEST,TURBO,SOSIANI,SOSIANI,3232,3193,6425,1202,39.43,162.95
RIFT VALLEY,ELDORET WEST,TURBO,SUGOI,KAPKONG,6095,6455,12550,2460,48.67,257.87
RIFT VALLEY,ELDORET WEST,TURBO,TAPSAGOI,TAPSAGOI,1975,1956,3931,751,15.76,249.47
RIFT VALLEY,ELDORET WEST,TURBO,TAPSAGOI,TURBO,2554,3062,5616,1280,10.09,556.73
RIFT VALLEY,KAJIADO CENTRAL,CENTRAL,ELANGATA WUAS,ELANGATA-WUAS,946,872,1818,373,102.44,17.75
RIFT VALLEY,KAJIADO CENTRAL,CENTRAL,ELANGATA WUAS,ILOSHON,477,490,967,203,127.85,7.56
RIFT VALLEY,KAJIADO CENTRAL,CENTRAL,ELANGATA WUAS,SINGIRAINE,969,894,1863,365,207.03,9
RIFT VALLEY,KAJIADO CENTRAL,CENTRAL,ENKARONI,ENKARONI,483,485,968,184,32.43,29.85
RIFT VALLEY,KAJIADO CENTRAL,CENTRAL,ENKARONI,ISIAITI,504,608,1112,218,80.45,13.82
RIFT VALLEY,KAJIADO CENTRAL,CENTRAL,ENKARONI,NALEPO,333,400,733,152,44.91,16.32
RIFT VALLEY,KAJIADO CENTRAL,CENTRAL,ENKORIKA,ENKORIKA,1072,981,2053,386,79.9,25.69
RIFT VALLEY,KAJIADO CENTRAL,CENTRAL,ENKORIKA,ORINYE,1211,1376,2587,528,100.08,25.85
RIFT VALLEY,KAJIADO CENTRAL,CENTRAL,ILDAMAT,ESOKOTA,389,467,856,163,51.89,16.5
RIFT VALLEY,KAJIADO CENTRAL,CENTRAL,ILDAMAT,OLKILORITI,701,732,1433,273,76.83,18.65
RIFT VALLEY,KAJIADO CENTRAL,CENTRAL,ILDAMAT,OLOYIANKALANI,1002,1041,2043,385,139.24,14.67
RIFT VALLEY,KAJIADO CENTRAL,CENTRAL,KIKURO,KIKURO,548,567,1115,215,56.77,19.64
RIFT VALLEY,KAJIADO CENTRAL,CENTRAL,KIKURO,MALILIMA,240,250,490,91,16.49,29.71
RIFT VALLEY,KAJIADO CENTRAL,CENTRAL,KILONITO,INDUPA,503,466,969,179,67.03,14.46
RIFT VALLEY,KAJIADO CENTRAL,CENTRAL,KILONITO,KILONITO,812,860,1672,334,206.57,8.09
RIFT VALLEY,KAJIADO CENTRAL,CENTRAL,LOODOKILANI,KERERO,487,507,994,206,51.76,19.21
RIFT VALLEY,KAJIADO CENTRAL,CENTRAL,LOODOKILANI,LOODOKILANI,976,966,1942,416,103.78,18.71
RIFT VALLEY,KAJIADO CENTRAL,CENTRAL,LOODOKILANI,TOROKA,1182,1055,2237,414,170.02,13.16
RIFT VALLEY,KAJIADO CENTRAL,CENTRAL,NKOILE,KUMPA,572,603,1175,251,40.56,28.97
RIFT VALLEY,KAJIADO CENTRAL,CENTRAL,NKOILE,NKOILE,676,678,1354,276,51.72,26.18
RIFT VALLEY,KAJIADO CENTRAL,CENTRAL,OLBELIBEL,OLEMURKAT,949,991,1940,376,70.51,27.51
RIFT VALLEY,KAJIADO CENTRAL,CENTRAL,OLBELIBEL,PELEWA,632,668,1300,265,50.51,25.74
RIFT VALLEY,KAJIADO CENTRAL,CENTRAL,OLONTULUNGUM,OLGIRRA,364,339,703,137,37.69,18.65
RIFT VALLEY,KAJIADO CENTRAL,CENTRAL,OLONTULUNGUM,OLOONTULGUM,428,432,860,158,49.3,17.44
RIFT VALLEY,KAJIADO CENTRAL,CENTRAL,SAJILONI,IMPIRO,1185,1265,2450,465,97.83,25.04
RIFT VALLEY,KAJIADO CENTRAL,CENTRAL,SAJILONI,INKIWANCHANI,252,157,409,127,76.46,5.35
RIFT VALLEY,KAJIADO CENTRAL,CENTRAL,SAJILONI,ISEURI,853,911,1764,377,37.86,46.59
RIFT VALLEY,KAJIADO CENTRAL,CENTRAL,SAJILONI,SAJILONI,1369,1492,2861,560,87.71,32.62
RIFT VALLEY,KAJIADO CENTRAL,CENTRAL,TOROSEI,EMUKUTAN,428,475,903,171,134.04,6.74
RIFT VALLEY,KAJIADO CENTRAL,CENTRAL,TOROSEI,TOROSEI,1566,1539,3105,616,462.56,6.71
RIFT VALLEY,KAJIADO CENTRAL,CENTRAL,TOWNSHIP,HOSPITAL,1128,848,1976,489,4.71,419.13
RIFT VALLEY,KAJIADO CENTRAL,CENTRAL,TOWNSHIP,MAJENGO,4648,4650,9298,2874,6.82,1363.48
RIFT VALLEY,KAJIADO CENTRAL,CENTRAL,TOWNSHIP,MARKET,1808,1874,3682,893,1.65,2235.72
RIFT VALLEY,KAJIADO CENTRAL,MASHURU,ARROI,ARROI,675,646,1321,237,132.29,9.99
RIFT VALLEY,KAJIADO CENTRAL,MASHURU,ARROI,LESONKOYO,990,902,1892,364,61.32,30.85
RIFT VALLEY,KAJIADO CENTRAL,MASHURU,ILMUNKUSH,EMARTI,823,754,1577,322,143.64,10.98
RIFT VALLEY,KAJIADO CENTRAL,MASHURU,ILMUNKUSH,ERANKAU,3329,3162,6491,1317,216.06,30.04
RIFT VALLEY,KAJIADO CENTRAL,MASHURU,IMARORO,KILOH,1766,1783,3549,626,171.59,20.68
RIFT VALLEY,KAJIADO CENTRAL,MASHURU,IMARORO,MASHUURU,1218,1048,2266,477,127.35,17.79
RIFT VALLEY,KAJIADO CENTRAL,MASHURU,KINYEWA,KIBOKO,1389,1492,2881,786,192.42,14.97
RIFT VALLEY,KAJIADO CENTRAL,MASHURU,KINYEWA,MASIMBA,729,598,1327,338,117.47,11.3
RIFT VALLEY,KAJIADO CENTRAL,MASHURU,MAFARASHA,EMOTOROKI,962,1077,2039,421,292.28,6.98
RIFT VALLEY,KAJIADO CENTRAL,MASHURU,MAFARASHA,OLMOLELIANI,1647,1949,3596,785,245.78,14.63
RIFT VALLEY,KAJIADO CENTRAL,MASHURU,MERRUESHI,IMBUKO,796,871,1667,317,231.24,7.21
RIFT VALLEY,KAJIADO CENTRAL,MASHURU,MERRUESHI,MERRUESHI,835,833,1668,346,98.77,16.89
RIFT VALLEY,KAJIADO CENTRAL,MASHURU,NKAMA,NKAMA,1335,1387,2722,476,197.95,13.75
RIFT VALLEY,KAJIADO CENTRAL,MASHURU,NKAMA,SULTAN-HAMUD,4319,4408,8727,2020,277.81,31.41
RIFT VALLEY,KAJIADO CENTRAL,MASHURU,OSILALEI,OLKERIAI,1416,1539,2955,660,172.3,17.15
RIFT VALLEY,KAJIADO CENTRAL,MASHURU,POKA,EMALI,1966,2068,4034,911,144.77,27.87
RIFT VALLEY,KAJIADO CENTRAL,MASHURU,POKA,IMBILIN,804,729,1533,273,80,19.16
RIFT VALLEY,KAJIADO CENTRAL,NAMANGA,BISSIL,BISSIL,4647,4995,9642,2363,250.2,38.54
RIFT VALLEY,KAJIADO CENTRAL,NAMANGA,BISSIL,ILPARTIMARO,1672,1951,3623,783,151.15,23.97
RIFT VALLEY,KAJIADO CENTRAL,NAMANGA,BISSIL,OLEPOLES,1103,987,2090,421,111.58,18.73
RIFT VALLEY,KAJIADO CENTRAL,NAMANGA,LONGORSWA,LONGORSWA,1788,1887,3675,740,249.97,14.7
RIFT VALLEY,KAJIADO CENTRAL,NAMANGA,LONGORSWA,RUANCHE,1103,1107,2210,444,186.31,11.86
RIFT VALLEY,KAJIADO CENTRAL,NAMANGA,MAILWA,ELUANATA,1048,1186,2234,475,199.42,11.2
RIFT VALLEY,KAJIADO CENTRAL,NAMANGA,MAILWA,MAILWA,1057,1073,2130,460,161.98,13.15
RIFT VALLEY,KAJIADO CENTRAL,NAMANGA,METO,KUMPA,1702,1914,3616,791,165.76,21.81
RIFT VALLEY,KAJIADO CENTRAL,NAMANGA,METO,METO,2165,2501,4666,1005,203.49,22.93
RIFT VALLEY,KAJIADO CENTRAL,NAMANGA,NAMANGA,NAMANGA,7899,7600,15499,3508,285.88,54.21
RIFT VALLEY,KAJIADO CENTRAL,NAMANGA,NAMANGA,OLDONYO-OROK,1478,1538,3016,617,294.86,10.23
RIFT VALLEY,KAJIADO NORTH,EWASO KEDONG,CENTRAL KEEKONYOKIE,EREMIT,1535,1573,3108,648,648.78,4.79
RIFT VALLEY,KAJIADO NORTH,EWASO KEDONG,CENTRAL KEEKONYOKIE,KISAMIS,1452,1495,2947,562,231.74,12.72
RIFT VALLEY,KAJIADO NORTH,EWASO KEDONG,CENTRAL KEEKONYOKIE,LOODARIAK,1050,1078,2128,424,142.78,14.9
RIFT VALLEY,KAJIADO NORTH,EWASO KEDONG,CENTRAL KEEKONYOKIE,OLTEPESI,1111,1110,2221,461,255.15,8.7
RIFT VALLEY,KAJIADO NORTH,EWASO KEDONG,ENSTASHAT,KIMUKA,1184,1229,2413,451,75.34,32.03
RIFT VALLEY,KAJIADO NORTH,EWASO KEDONG,ENSTASHAT,OLOSHO-OIBOR,1431,1394,2825,535,104.14,27.13
RIFT VALLEY,KAJIADO NORTH,EWASO KEDONG,ENSTASHAT,SAIKERI,1245,1169,2414,487,178.18,13.55
RIFT VALLEY,KAJIADO NORTH,EWASO KEDONG,ESONORUA,ESONORUA,616,587,1203,258,166.02,7.25
RIFT VALLEY,KAJIADO NORTH,EWASO KEDONG,ESONORUA,ESONORUA WEST,552,576,1128,244,73.53,15.34
RIFT VALLEY,KAJIADO NORTH,EWASO KEDONG,MOSIRO,EMBARBAL,884,1094,1978,447,264.02,7.49
RIFT VALLEY,KAJIADO NORTH,EWASO KEDONG,MOSIRO,OLDEPE,549,575,1124,248,36.23,31.02
RIFT VALLEY,KAJIADO NORTH,EWASO KEDONG,MOSIRO,OLDOROKO,1134,1456,2590,608,186.45,13.89
RIFT VALLEY,KAJIADO NORTH,EWASO KEDONG,NORTH KEEKONYOKIE,ENKORIKA,1150,1113,2263,432,263.25,8.6
RIFT VALLEY,KAJIADO NORTH,EWASO KEDONG,NORTH KEEKONYOKIE,INKIUSHIN,1373,1415,2788,584,58.87,47.36
RIFT VALLEY,KAJIADO NORTH,EWASO KEDONG,NORTH KEEKONYOKIE,KISHARU,364,413,777,148,21.65,35.89
RIFT VALLEY,KAJIADO NORTH,EWASO KEDONG,NORTH KEEKONYOKIE,NAJILE,1805,1868,3673,664,170.27,21.57
RIFT VALLEY,KAJIADO NORTH,EWASO KEDONG,NORTH KEEKONYOKIE,OLGUMI,773,920,1693,300,57.92,29.23
RIFT VALLEY,KAJIADO NORTH,ISINYA,ISINYA,ENKIRIGIRRI,6161,5301,11462,3847,164.28,69.77
RIFT VALLEY,KAJIADO NORTH,ISINYA,ISINYA,ILPOLOSAT,1412,1152,2564,478,203.62,12.59
RIFT VALLEY,KAJIADO NORTH,ISINYA,KITENKELA,KITENKELA,14311,13234,27545,8619,89.19,308.83
RIFT VALLEY,KAJIADO NORTH,ISINYA,KITENKELA,OLOOLOITIKOSHI,15787,14876,30663,10273,102.87,298.07
RIFT VALLEY,KAJIADO NORTH,ISINYA,OLOOSIRKON,OLOOSIRKON,2344,1855,4199,1115,111.08,37.8
RIFT VALLEY,KAJIADO NORTH,ISINYA,OLOOSIRKON,SHOLINKE,1334,1097,2431,544,87.09,27.91
RIFT VALLEY,KAJIADO NORTH,ISINYA,OLTUROTO,KISANJU,3358,2850,6208,1844,148.94,41.68
RIFT VALLEY,KAJIADO NORTH,ISINYA,OLTUROTO,OLTUROTO,1073,864,1937,407,148.89,13.01
RIFT VALLEY,KAJIADO NORTH,MAGADI,MAGADI,MAGADI,2307,1954,4261,1156,178.84,23.83
RIFT VALLEY,KAJIADO NORTH,MAGADI,MAGADI,OLKERI,589,675,1264,287,212.22,5.96
RIFT VALLEY,KAJIADO NORTH,MAGADI,OLDONYO-NYOKIE,KORA,1001,905,1906,387,337.83,5.64
RIFT VALLEY,KAJIADO NORTH,MAGADI,OLDONYO-NYOKIE,NKEEK PUSI,567,355,922,179,77.55,11.89
RIFT VALLEY,KAJIADO NORTH,MAGADI,OLDONYO-NYOKIE,OLDONYO-NYOKIE,459,466,925,217,169.28,5.46
RIFT VALLEY,KAJIADO NORTH,MAGADI,OLKIRAMATIAN,ENTASOPIA,1372,1374,2746,638,109.62,25.05
RIFT VALLEY,KAJIADO NORTH,MAGADI,OLKIRAMATIAN,LORNGOSUA,218,251,469,100,48.88,9.6
RIFT VALLEY,KAJIADO NORTH,MAGADI,OLKIRAMATIAN,MUSENGE,457,516,973,212,115.09,8.45
RIFT VALLEY,KAJIADO NORTH,MAGADI,OLKIRAMATIAN,NKURUMANI,1014,946,1960,435,92.31,21.23
RIFT VALLEY,KAJIADO NORTH,MAGADI,OLKIRAMATIAN,OLDORKO,660,647,1307,249,334.74,3.9
RIFT VALLEY,KAJIADO NORTH,MAGADI,OLKIRAMATIAN,OLKIRAMATIA,267,225,492,121,147.66,3.33
RIFT VALLEY,KAJIADO NORTH,MAGADI,SHOMPOLE,EDOINYO-OOLASHO,676,731,1407,275,148.84,9.45
RIFT VALLEY,KAJIADO NORTH,MAGADI,SHOMPOLE,LONKOBEI,441,495,936,202,191.78,4.88
RIFT VALLEY,KAJIADO NORTH,MAGADI,SHOMPOLE,OLOIKA,675,760,1435,323,321.68,4.46
RIFT VALLEY,KAJIADO NORTH,MAGADI,SHOMPOLE,PAKASE,1476,1274,2750,499,91.2,30.15
RIFT VALLEY,KAJIADO NORTH,MAGADI,SHOMPOLE,SHOMPOLE,860,838,1698,330,116.44,14.58
RIFT VALLEY,KAJIADO NORTH,NGONG,KISERIAN,NASERIAN,7053,6992,14045,4058,11.29,1243.87
RIFT VALLEY,KAJIADO NORTH,NGONG,KISERIAN,OLTEYANI,2525,2374,4899,1144,17.15,285.69
RIFT VALLEY,KAJIADO NORTH,NGONG,KISERIAN,UPPER MATASIA,3979,3838,7817,2007,17.4,449.16
RIFT VALLEY,KAJIADO NORTH,NGONG,LEMELEPO,KAHUHO,3205,3120,6325,1834,6.12,1033.21
RIFT VALLEY,KAJIADO NORTH,NGONG,LEMELEPO,LOWER NKOROI,3197,3075,6272,1613,6.83,918.73
RIFT VALLEY,KAJIADO NORTH,NGONG,NGONG,KIBIKO,3913,3720,7633,1839,34.1,223.83
RIFT VALLEY,KAJIADO NORTH,NGONG,NGONG,NGONG TOWNSHIP,8910,9181,18091,5779,8.53,2120.64
RIFT VALLEY,KAJIADO NORTH,NGONG,NKAIMURUNYA,EMBAKASI,3926,3095,7021,2382,3.67,1912.97
RIFT VALLEY,KAJIADO NORTH,NGONG,NKAIMURUNYA,KANDISI,2371,2510,4881,1333,2.56,1908.95
RIFT VALLEY,KAJIADO NORTH,NGONG,NKAIMURUNYA,KWARE,11354,10839,22193,7050,1.28,17289.65
RIFT VALLEY,KAJIADO NORTH,NGONG,NKAIMURUNYA,MOSOI RANGE,10574,10737,21311,6719,2.34,9104.54
RIFT VALLEY,KAJIADO NORTH,NGONG,OLCHORRO-ONYORE,KIPETO,2782,2674,5456,1198,168.65,32.35
RIFT VALLEY,KAJIADO NORTH,NGONG,OLCHORRO-ONYORE,OLCHORRO-ONYORE,2483,2402,4885,1073,37.43,130.5
RIFT VALLEY,KAJIADO NORTH,NGONG,OLKERI,LOWER MATASIA,2180,2239,4419,1206,6.41,689.75
RIFT VALLEY,KAJIADO NORTH,NGONG,OLKERI,OLKERI,2122,1982,4104,979,7.87,521.57
RIFT VALLEY,KAJIADO NORTH,NGONG,OLKERI,OLOOSURUTIA,3994,4302,8296,2429,3.7,2243.31
RIFT VALLEY,KAJIADO NORTH,NGONG,OLKERI,UPPER NKOROI,2188,2220,4408,1062,5.24,841.33
RIFT VALLEY,KAJIADO NORTH,NGONG,OLOOLUA,BULBUL,6815,6822,13637,4321,2.47,5516.81
RIFT VALLEY,KAJIADO NORTH,NGONG,OLOOLUA,KERARAPON,1561,1443,3004,830,3.93,764.96
RIFT VALLEY,KAJIADO NORTH,NGONG,OLOOLUA,OLEPOLOS,4284,4280,8564,2419,3.21,2666.33
RIFT VALLEY,KAJIADO NORTH,NGONG,OLOOLUA,OLOOLUA,4275,4274,8549,2231,9.66,885.35
RIFT VALLEY,KAJIADO NORTH,NGONG,ONGATA RONGAI,OLEKASASI,2402,2098,4500,1134,10.76,418.11
RIFT VALLEY,KAJIADO NORTH,NGONG,ONGATA RONGAI,ONGATA RONGAI,19271,20907,40178,12095,5.78,6949.77
RIFT VALLEY,KAJIADO NORTH,NGONG,SOUTH KEEKONYOIKE,KISANJU,1782,1881,3663,684,148.37,24.69
RIFT VALLEY,KAJIADO NORTH,NGONG,SOUTH KEEKONYOIKE,OLOYIANKALANI,1782,1872,3654,701,191.93,19.04
RIFT VALLEY,KEIYO,CHEPKORIO,KABIEMIT,CHEBOEN,737,661,1398,267,12.23,114.28
RIFT VALLEY,KEIYO,CHEPKORIO,KABIEMIT,KABIEMIT,1045,991,2036,444,11.45,177.84
RIFT VALLEY,KEIYO,CHEPKORIO,KABIEMIT,KAPCHEBELEL,994,980,1974,364,16.99,116.21
RIFT VALLEY,KEIYO,CHEPKORIO,KABIEMIT,KAPKOMA,781,733,1514,293,11.06,136.83
RIFT VALLEY,KEIYO,CHEPKORIO,KAPTARAKWA,KAPTAGAT,744,1064,1808,346,19.18,94.26
RIFT VALLEY,KEIYO,CHEPKORIO,KAPTARAKWA,KAPTARAKWA,1029,1098,2127,442,5.03,423.28
RIFT VALLEY,KEIYO,CHEPKORIO,KAPTARAKWA,MOKWO,1460,1558,3018,544,17.66,170.9
RIFT VALLEY,KEIYO,CHEPKORIO,KITANY,CHEBIOR,1546,1637,3183,624,21.15,150.51
RIFT VALLEY,KEIYO,CHEPKORIO,KITANY,KITANY,2064,2030,4094,753,50.36,81.29
RIFT VALLEY,KEIYO,CHEPKORIO,MARICHOR,CHEPKORIO,1446,1547,2993,652,8.33,359.12
RIFT VALLEY,KEIYO,CHEPKORIO,MARICHOR,CHEROTA,758,913,1671,316,4.74,352.8
RIFT VALLEY,KEIYO,CHEPKORIO,MARICHOR,FLAX,1853,1726,3579,736,34.7,103.15
RIFT VALLEY,KEIYO,CHEPKORIO,MARICHOR,KAMELIL,1146,1174,2320,403,5.26,441.35
RIFT VALLEY,KEIYO,CHEPKORIO,MARICHOR,LELBOINET,1337,1282,2619,516,7.81,335.52
RIFT VALLEY,KEIYO,CHEPKORIO,MARICHOR,SAMICH,703,676,1379,255,4.05,340.65
RIFT VALLEY,KEIYO,CHEPKORIO,MOSOP,KAPKENDA,1643,1667,3310,642,8.31,398.15
RIFT VALLEY,KEIYO,CHEPKORIO,MOSOP,KIPTULOS,786,743,1529,343,31.89,47.94
RIFT VALLEY,KEIYO,CHEPKORIO,NYARU,KAPCHEPTEK,2685,2592,5277,1027,21.01,251.21
RIFT VALLEY,KEIYO,CHEPKORIO,NYARU,KIPSAINA,915,917,1832,344,4.8,381.49
RIFT VALLEY,KEIYO,CHEPKORIO,NYARU,MWEN,834,845,1679,346,2.97,565.03
RIFT VALLEY,KEIYO,KAMARINY,CHEBAROR,CHEBOKOKWO,627,695,1322,217,3.55,372.03
RIFT VALLEY,KEIYO,KAMARINY,CHEBAROR,KAPKESSUM,831,793,1624,283,8.53,190.29
RIFT VALLEY,KEIYO,KAMARINY,CHEBAROR,MINDILILWO,1431,1495,2926,627,4.73,618.19
RIFT VALLEY,KEIYO,KAMARINY,IRONG,CHESITEK,1527,1540,3067,596,11.94,256.79
RIFT VALLEY,KEIYO,KAMARINY,IRONG,ITEN TOWNSHIP,3444,3530,6974,1996,4.88,1429.01
RIFT VALLEY,KEIYO,KAMARINY,IRONG,KAPLAMAI,1213,1176,2389,433,9.99,239.2
RIFT VALLEY,KEIYO,KAMARINY,IRONG,KATALEL,1166,1299,2465,465,7.86,313.5
RIFT VALLEY,KEIYO,KAMARINY,IRONG,KIPTABUS,1795,1898,3693,785,11.69,315.95
RIFT VALLEY,KEIYO,KAMARINY,IRONG,SERGOIT,1259,1288,2547,473,12.37,205.88
RIFT VALLEY,KEIYO,KAMARINY,KAMOI,KAPKONGA,903,918,1821,352,9.72,187.42
RIFT VALLEY,KEIYO,KAMARINY,KAMOI,SINGORE,437,598,1035,185,6.59,157.04
RIFT VALLEY,KEIYO,KAMARINY,KAPCHEMUTWA,BUGAR,1157,1110,2267,452,5.99,378.69
RIFT VALLEY,KEIYO,KAMARINY,KAPCHEMUTWA,KAPKATUI,984,992,1976,374,14.36,137.6
RIFT VALLEY,KEIYO,KAMARINY,KAPCHEMUTWA,KENDUR,1042,1046,2088,384,33.39,62.53
RIFT VALLEY,KEIYO,KAMARINY,KAPCHEMUTWA,KORKITONY,545,548,1093,205,19.79,55.23
RIFT VALLEY,KEIYO,KAMARINY,MUTEI,CHELINGWA,1128,1123,2251,438,20.57,109.43
RIFT VALLEY,KEIYO,KAMARINY,MUTEI,KAPKOI,1371,1410,2781,565,9.16,303.49
RIFT VALLEY,KEIYO,KAMARINY,MUTEI,KAPTEREN,1471,1554,3025,602,10.08,300.2
RIFT VALLEY,KEIYO,KAMARINY,MUTEI,KIPSOEN,1413,1426,2839,555,7.51,378.11
RIFT VALLEY,KEIYO,METKEI,KAMWOSOR,KAMWOSOR,1242,1235,2477,542,6.73,368.12
RIFT VALLEY,KEIYO,METKEI,KAMWOSOR,KAPCHORUA,917,961,1878,399,8.61,218.23
RIFT VALLEY,KEIYO,METKEI,KAMWOSOR,KAPTENGWER,347,343,690,153,7.95,86.81
RIFT VALLEY,KEIYO,METKEI,KAMWOSOR,KIMAMET,481,508,989,192,4.63,213.46
RIFT VALLEY,KEIYO,METKEI,KAMWOSOR,KOMBATICH,542,571,1113,215,1.93,577.46
RIFT VALLEY,KEIYO,METKEI,KAPKWONY,CHEBOGE,633,665,1298,254,7.81,166.16
RIFT VALLEY,KEIYO,METKEI,KAPKWONY,KIPSAOS,759,715,1474,272,4.69,314.27
RIFT VALLEY,KEIYO,METKEI,KOCHOLWO,ENEGO,642,565,1207,276,9.94,121.42
RIFT VALLEY,KEIYO,METKEI,KOCHOLWO,KAPKOSOM,1239,1258,2497,501,28.02,89.12
RIFT VALLEY,KEIYO,METKEI,KOCHOLWO,KOCHOLWO,874,876,1750,381,19.39,90.24
RIFT VALLEY,KEIYO,METKEI,KOCHOLWO,MOLOL,599,611,1210,240,4.75,254.75
RIFT VALLEY,KEIYO,METKEI,KOCHOLWO,SALAWA,940,986,1926,394,8.41,229.1
RIFT VALLEY,KEIYO,METKEI,MAOI,KAPKITONY,1419,1573,2992,533,12.19,245.54
RIFT VALLEY,KEIYO,METKEI,MAOI,KETIGOI,743,719,1462,332,21.25,68.78
RIFT VALLEY,KEIYO,METKEI,MAOI,KIPKOMWO,817,819,1636,311,8.37,195.39
RIFT VALLEY,KEIYO,METKEI,METKEI,KIBIRIRSUS,690,678,1368,253,16.07,85.1
RIFT VALLEY,KEIYO,METKEI,METKEI,TUGUMOI,796,862,1658,314,11.42,145.17
RIFT VALLEY,KEIYO,METKEI,TUMEIYO,CHEPKOSOM,783,807,1590,322,7.37,215.69
RIFT VALLEY,KEIYO,METKEI,TUMEIYO,CHEPKURMUM,827,789,1616,338,13.45,120.16
RIFT VALLEY,KEIYO,METKEI,TUMEIYO,TAMBUL,818,840,1658,307,13.98,118.64
RIFT VALLEY,KEIYO,METKEI,TUMEIYO,TUMEIYO,532,562,1094,221,4.53,241.39
RIFT VALLEY,KEIYO,SOY,CHEMOIBON,CHEPSIREI,512,512,1024,216,27.64,37.05
RIFT VALLEY,KEIYO,SOY,CHEMOIBON,KOIMUR,788,790,1578,356,53.51,29.49
RIFT VALLEY,KEIYO,SOY,CHEMOIBON,TUMEIYO,1385,1364,2749,608,26.65,103.17
RIFT VALLEY,KEIYO,SOY,CHEPSIGOT,CHEBINYINY,546,560,1106,216,17.26,64.08
RIFT VALLEY,KEIYO,SOY,CHEPSIGOT,KABITO,865,858,1723,393,12.72,135.46
RIFT VALLEY,KEIYO,SOY,EPKE,CHEPSIGOT,691,617,1308,355,22.22,58.86
RIFT VALLEY,KEIYO,SOY,EPKE,EPKE,563,593,1156,233,18.12,63.81
RIFT VALLEY,KEIYO,SOY,KIBARGOI,CHANGACH,605,656,1261,262,16.38,76.97
RIFT VALLEY,KEIYO,SOY,KIBARGOI,CHEPTEBO,823,825,1648,355,31,53.17
RIFT VALLEY,KEIYO,SOY,KIBARGOI,EMSEA,650,570,1220,284,22.67,53.83
RIFT VALLEY,KEIYO,SOY,KIBARGOI,ROKOCHO,542,531,1073,252,18.9,56.76
RIFT VALLEY,KEIYO,SOY,SOY,CHOP,689,611,1300,387,4.98,261.12
RIFT VALLEY,KEIYO,SOY,SOY,KAPSOKOM,559,543,1102,245,16.21,67.98
RIFT VALLEY,KEIYO,SOY,SOY,MOROP,1058,1030,2088,517,33.92,61.55
RIFT VALLEY,KEIYO,SOY,SOY,MUSKUT,721,738,1459,340,29.06,50.21
RIFT VALLEY,KEIYO,SOY,SOY,SEGO,726,675,1401,314,10.68,131.19
RIFT VALLEY,KEIYO,SOY,SOY,TURESIA,1541,1500,3041,660,17.35,175.25
RIFT VALLEY,KEIYO,TAMBACH,KAMOGICH,ANIN,1200,1210,2410,498,35.96,67.02
RIFT VALLEY,KEIYO,TAMBACH,KAMOGICH,KESSUP,1528,1836,3364,693,22.62,148.74
RIFT VALLEY,KEIYO,TAMBACH,KAMOGICH,RIMOI,1029,1091,2120,451,27.81,76.23
RIFT VALLEY,KEIYO,TAMBACH,KAMOGICH,SIROCH,601,536,1137,284,27.88,40.78
RIFT VALLEY,KEIYO,TAMBACH,KEU,CHEGILET,589,559,1148,265,42.13,27.25
RIFT VALLEY,KEIYO,TAMBACH,KEU,KAMOINGON,412,320,732,222,44.01,16.63
RIFT VALLEY,KEIYO,TAMBACH,KEU,KOBULWO,614,555,1169,304,32.78,35.66
RIFT VALLEY,KEIYO,TAMBACH,KIPTUILONG,KAPTERIK,1324,1366,2690,648,21.34,126.06
RIFT VALLEY,KEIYO,TAMBACH,KIPTUILONG,KIPKAA,1374,1313,2687,610,26.22,102.47
RIFT VALLEY,KEIYO,TAMBACH,KIPTUILONG,SETEK,779,743,1522,350,14.26,106.72
RIFT VALLEY,KEIYO,TAMBACH,KOKWAO,EMSO,824,859,1683,364,7.99,210.75
RIFT VALLEY,KEIYO,TAMBACH,KOKWAO,KAPCHELAL,682,680,1362,291,6.67,204.16
RIFT VALLEY,KEIYO,TAMBACH,KOKWAO,KAPTUM,635,620,1255,227,5,251.24
RIFT VALLEY,KEIYO,TAMBACH,KOKWAO,KIBENDO,551,622,1173,243,10.44,112.32
RIFT VALLEY,KEIYO,TAMBACH,KOKWAO,NYALILI,553,527,1080,221,3.3,326.92
RIFT VALLEY,KERICHO,AINAMOI,AINAMOI,AINAMOI,4936,4937,9873,1808,17.48,564.82
RIFT VALLEY,KERICHO,AINAMOI,AINAMOI,KIPCHIMCHIM,3334,3326,6660,1267,13.97,476.85
RIFT VALLEY,KERICHO,AINAMOI,CHEPKOINIK,CHEPKOINIK,601,585,1186,253,3.99,296.99
RIFT VALLEY,KERICHO,AINAMOI,CHEPKOINIK,CHEPSOO,613,601,1214,239,3.75,323.59
RIFT VALLEY,KERICHO,AINAMOI,KAPSAOS,KAPSAOS,4739,4671,9410,1859,15.95,589.95
RIFT VALLEY,KERICHO,AINAMOI,KAPSAOS,MASO,5274,5172,10446,2080,16.95,616.33
RIFT VALLEY,KERICHO,AINAMOI,KAPSOIT,KAPKITONY,420,437,857,166,2.28,376.55
RIFT VALLEY,KERICHO,AINAMOI,KAPSOIT,KAPSOIT,1627,1664,3291,819,3.3,997.15
RIFT VALLEY,KERICHO,AINAMOI,KENEGUT,CHEPLEL,1349,1363,2712,516,3.78,718.3
RIFT VALLEY,KERICHO,AINAMOI,KENEGUT,KENEGUT,2633,2677,5310,992,15.47,343.35
RIFT VALLEY,KERICHO,AINAMOI,KIPCHEBOR,CHEBOCHO,1998,1766,3764,1082,11.21,335.89
RIFT VALLEY,KERICHO,AINAMOI,KIPCHEBOR,CHEPKOLON,1908,1837,3745,1010,10.7,349.89
RIFT VALLEY,KERICHO,AINAMOI,POIYWEK,LALIAT,1604,1599,3203,631,14.97,213.93
RIFT VALLEY,KERICHO,AINAMOI,POIYWEK,POIYWEK,2104,2197,4301,813,20.86,206.2
RIFT VALLEY,KERICHO,AINAMOI,SITOTWET,SAMUTET,1161,1168,2329,467,4.2,554.68
RIFT VALLEY,KERICHO,AINAMOI,SITOTWET,SITOTWET,734,692,1426,297,3.96,359.7
RIFT VALLEY,KERICHO,AINAMOI,TELANET,CHEPKURBET,2161,2246,4407,798,7.26,607.31
RIFT VALLEY,KERICHO,AINAMOI,TELANET,KETITUI,2528,2585,5113,949,9.51,537.55
RIFT VALLEY,KERICHO,AINAMOI,TENDWET,BUCHENGE,1551,1619,3170,619,12.18,260.19
RIFT VALLEY,KERICHO,AINAMOI,TENDWET,TENDWET,3003,3092,6095,1221,12.11,503.2
RIFT VALLEY,KERICHO,AINAMOI,TOWNSHIP,KAPKURGERWET,7125,6771,13896,3606,16.15,860.66
RIFT VALLEY,KERICHO,AINAMOI,TOWNSHIP,MOTOBO,5991,5213,11204,3368,4.57,2452.61
RIFT VALLEY,KERICHO,AINAMOI,TOWNSHIP,TAIYWET,2749,2451,5200,1487,4.83,1077.21
RIFT VALLEY,KERICHO,AINAMOI,TOWNSHIP,TOWNSHIP,13200,12301,25501,6618,10.61,2404.01
RIFT VALLEY,KERICHO,BELGUT,KABOROK,KABOROK,2363,2399,4762,927,6.94,686.17
RIFT VALLEY,KERICHO,BELGUT,KABOROK,KAPKOKWON,1554,1498,3052,517,2.34,1305.39
RIFT VALLEY,KERICHO,BELGUT,KAPSUSER,KAKIPTUI,1158,1104,2262,499,3.07,737.75
RIFT VALLEY,KERICHO,BELGUT,KAPSUSER,KAPSUSER,2346,2248,4594,1196,5.77,795.8
RIFT VALLEY,KERICHO,BELGUT,KAPTOBOIT,CHERONGET,1572,1618,3190,627,7.4,431.11
RIFT VALLEY,KERICHO,BELGUT,KAPTOBOIT,KAPTOBOIT,2315,2372,4687,964,6.08,770.67
RIFT VALLEY,KERICHO,BELGUT,KIPKOIYAN,BORBORWET,3244,3123,6367,1271,10.33,616.55
RIFT VALLEY,KERICHO,BELGUT,KIPKOIYAN,KIPKOIYAN,3060,3072,6132,1249,13.31,460.84
RIFT VALLEY,KERICHO,BELGUT,KIPSOLU,AINAPKOI,2891,2994,5885,1270,9.61,612.31
RIFT VALLEY,KERICHO,BELGUT,KIPSOLU,KIPSOLU,2849,2883,5732,1106,13.65,420.07
RIFT VALLEY,KERICHO,BELGUT,WALDAI,KEBEN,3026,2825,5851,1056,10.55,554.41
RIFT VALLEY,KERICHO,BELGUT,WALDAI,KOITALEL,2899,3005,5904,1135,9.52,620.06
RIFT VALLEY,KERICHO,BELGUT,WALDAI,SOSIOT,2946,3282,6228,1279,12.25,508.36
RIFT VALLEY,KERICHO,KABIANGA,CHAIK,CHAMOGONDAY,7393,5921,13314,4567,78.08,170.52
RIFT VALLEY,KERICHO,KABIANGA,CHAIK,CHEPKEMBE,3581,2362,5943,2249,38.46,154.52
RIFT VALLEY,KERICHO,KABIANGA,CHAIK,KIPTETAN,3836,2801,6637,2582,25.96,255.64
RIFT VALLEY,KERICHO,KABIANGA,CHEMAMUL,CHEBIRIRBEI,1976,1970,3946,751,5.81,678.71
RIFT VALLEY,KERICHO,KABIANGA,CHEMAMUL,CHEMAMUL,1328,1324,2652,517,4.74,559.98
RIFT VALLEY,KERICHO,KABIANGA,CHEMAMUL,KOIWALELACH,2205,2222,4427,883,7.45,593.98
RIFT VALLEY,KERICHO,KABIANGA,KABIANGA,KAPCHELUCH,2691,2872,5563,1119,11.37,489.19
RIFT VALLEY,KERICHO,KABIANGA,KABIANGA,KIBINGEI,795,809,1604,338,4.4,364.61
RIFT VALLEY,KERICHO,KABIANGA,KIPTOME,KAPKITIONY,1655,1680,3335,688,6.15,542.14
RIFT VALLEY,KERICHO,KABIANGA,KIPTOME,KIPTOME,1362,1371,2733,529,4.2,650.17
RIFT VALLEY,KERICHO,KABIANGA,MOBEGO,KABIANGA,3338,2922,6260,1297,13.06,479.17
RIFT VALLEY,KERICHO,KABIANGA,MOBEGO,MOBEGO,2255,2316,4571,882,11.46,398.86
RIFT VALLEY,KERICHO,KABIANGA,SERETUT,CHEPKOSILEN,2557,2525,5082,1115,7.81,650.76
RIFT VALLEY,KERICHO,KABIANGA,SERETUT,SERETUT,1975,1975,3950,781,7.64,517.26
RIFT VALLEY,KERICHO,SIGOWET,CHEPTUIYET,CHEPTUIYET,2390,2501,4891,894,11.7,417.96
RIFT VALLEY,KERICHO,SIGOWET,CHEPTUIYET,MINDILILWET,2104,2111,4215,729,10.43,404.08
RIFT VALLEY,KERICHO,SIGOWET,IRAA,IRAA,1044,1004,2048,400,9.73,210.4
RIFT VALLEY,KERICHO,SIGOWET,IRAA,SINGORONIK,1996,1980,3976,800,11,361.42
RIFT VALLEY,KERICHO,SIGOWET,KABENETI,KABENETI,2584,2570,5154,990,6.51,791.13
RIFT VALLEY,KERICHO,SIGOWET,KABENETI,KAMAGET,1176,1237,2413,439,5.7,423.32
RIFT VALLEY,KERICHO,SIGOWET,KAPLELARTET,CHEPKEMEL,2125,2182,4307,871,9.92,434.38
RIFT VALLEY,KERICHO,SIGOWET,KAPLELARTET,KAPLELARTET,2007,2010,4017,755,16.2,247.94
RIFT VALLEY,KERICHO,SIGOWET,KAPLELARTET,KAPSOMBOCH,608,665,1273,256,10.06,126.49
RIFT VALLEY,KERICHO,SIGOWET,KAPLELARTET,TABAITA,4419,4505,8924,2001,36.64,243.58
RIFT VALLEY,KERICHO,SIGOWET,KIPTERE,KAPKEBURU,1911,1921,3832,750,8.19,467.88
RIFT VALLEY,KERICHO,SIGOWET,KIPTERE,KIPTERE,3184,3404,6588,1317,10.88,605.76
RIFT VALLEY,KERICHO,SIGOWET,KOLYONGOWET,KALYONGOWET,1704,1622,3326,634,5.93,561.28
RIFT VALLEY,KERICHO,SIGOWET,KOLYONGOWET,KAPKOCHEI,1932,1950,3882,759,6.91,561.97
RIFT VALLEY,KERICHO,SIGOWET,SIGOWET,KAPTEBENGWO,2147,2146,4293,816,9.75,440.15
RIFT VALLEY,KERICHO,SIGOWET,SIGOWET,SIGOWET,2385,2404,4789,985,9.62,497.62
RIFT VALLEY,KERICHO,SOIN,KAITUI,BAREGEIWET,711,718,1429,300,8.23,173.65
RIFT VALLEY,KERICHO,SOIN,KAITUI,KAITUI,577,576,1153,272,3.81,302.77
RIFT VALLEY,KERICHO,SOIN,KAITUI,KIPTUGUMO,658,656,1314,260,5.89,223.28
RIFT VALLEY,KERICHO,SOIN,KAITUI,SOMBICHO,347,377,724,151,3.2,226.1
RIFT VALLEY,KERICHO,SOIN,KAPSEGUT,CHESICHE,323,315,638,128,2.33,274.28
RIFT VALLEY,KERICHO,SOIN,KAPSEGUT,KABOKYEK,553,575,1128,219,4.95,227.88
RIFT VALLEY,KERICHO,SOIN,KAPSEGUT,KAPSEGUT,666,666,1332,275,4,333
RIFT VALLEY,KERICHO,SOIN,KAPSOROK,KAPKARA,393,395,788,153,8.39,93.95
RIFT VALLEY,KERICHO,SOIN,KAPSOROK,KAPSOROK,559,541,1100,226,12.3,89.43
RIFT VALLEY,KERICHO,SOIN,KAPSOROK,LAKWENYI,466,439,905,182,16.2,55.85
RIFT VALLEY,KERICHO,SOIN,KOITABUROT,KAPCHEBWAI,2096,2022,4118,809,24.82,165.93
RIFT VALLEY,KERICHO,SOIN,KOITABUROT,KAPKORMOM,1390,1369,2759,521,22.53,122.43
RIFT VALLEY,KERICHO,SOIN,KOITABUROT,KEJIRIET,627,612,1239,245,12.45,99.5
RIFT VALLEY,KERICHO,SOIN,KOITABUROT,KOITABUROT,991,901,1892,357,14.11,134.13
RIFT VALLEY,KERICHO,SOIN,SOIN,KAPLELACH,1312,1243,2555,482,45,56.77
RIFT VALLEY,KERICHO,SOIN,SOIN,KAPTALAMWA,903,927,1830,360,10.06,181.87
RIFT VALLEY,KERICHO,SOIN,SOIN,KIPSITET,1627,1558,3185,758,20.27,157.09
RIFT VALLEY,KERICHO,SOIN,SOIN,SIMBI,1728,1766,3494,704,43.66,80.03
RIFT VALLEY,KERICHO,SOIN,SOLIAT,KAMASEGA,856,856,1712,353,14.48,118.27
RIFT VALLEY,KERICHO,SOIN,SOLIAT,KONGEREN,437,439,876,166,0.88,990.39
RIFT VALLEY,KERICHO,SOIN,SOLIAT,MATERO,674,580,1254,243,9.39,133.61
RIFT VALLEY,KERICHO,SOIN,SOLIAT,MOGONJET,248,270,518,113,2.82,183.58
RIFT VALLEY,KERICHO,SOIN,SOLIAT,SOLIAT,637,616,1253,239,4.19,299.25
RIFT VALLEY,KIPKELION,CHEPSEON,CHEBOSWA,CHAGAIK,3258,2677,5935,1903,28.94,205.11
RIFT VALLEY,KIPKELION,CHEPSEON,CHEBOSWA,CHEYMEN,1815,1335,3150,1109,57.1,55.17
RIFT VALLEY,KIPKELION,CHEPSEON,CHEPSEON,CHISINENDE,4729,4737,9466,1965,23.69,399.54
RIFT VALLEY,KIPKELION,CHEPSEON,CHEPSEON,MOMONIAT,2822,2942,5764,1098,11.82,487.73
RIFT VALLEY,KIPKELION,CHEPSEON,KAPSEGER,CHEPCHOLIET,1622,1632,3254,631,20.77,156.65
RIFT VALLEY,KIPKELION,CHEPSEON,KAPSEGER,CHEPSIR,1176,1133,2309,526,5.52,418.6
RIFT VALLEY,KIPKELION,CHEPSEON,KAPSEGER,KAPLAMBOI,958,985,1943,425,12.17,159.66
RIFT VALLEY,KIPKELION,CHEPSEON,KAPSEGER,KIPKEREMWO,585,553,1138,229,5.94,191.67
RIFT VALLEY,KIPKELION,CHEPSEON,KAPSEGER,TUGUNON,1635,1690,3325,638,15.99,207.95
RIFT VALLEY,KIPKELION,CHEPSEON,KIMUGUL,KIMUGUL,1283,1268,2551,472,15.68,162.65
RIFT VALLEY,KIPKELION,CHEPSEON,KIMUGUL,KISABO,2162,2269,4431,873,26.05,170.12
RIFT VALLEY,KIPKELION,CHEPSEON,KIPYEMIT,KIPRENGWE,1545,1540,3085,558,10.78,286.28
RIFT VALLEY,KIPKELION,CHEPSEON,KIPYEMIT,KIPYEMIT,1312,1442,2754,509,5.65,487.48
RIFT VALLEY,KIPKELION,CHILCHILA,CHILCHILA,KOISAGAT,806,814,1620,306,7.34,220.61
RIFT VALLEY,KIPKELION,CHILCHILA,CHILCHILA,SOMBO,1897,1837,3734,790,13.38,279.01
RIFT VALLEY,KIPKELION,CHILCHILA,KIPTERIS,CHEPKECHEI,1874,1873,3747,689,8.7,430.66
RIFT VALLEY,KIPKELION,CHILCHILA,KIPTERIS,SONGONYET,1560,1554,3114,555,12.5,249.18
RIFT VALLEY,KIPKELION,CHILCHILA,KOKWET,CHERARA,1581,1577,3158,586,12.16,259.68
RIFT VALLEY,KIPKELION,CHILCHILA,KOKWET,KOKWET,1593,1477,3070,579,7.1,432.63
RIFT VALLEY,KIPKELION,CHILCHILA,SIWOT,MENTERA,1235,1228,2463,469,10.5,234.55
RIFT VALLEY,KIPKELION,CHILCHILA,SIWOT,SERENG,1026,1003,2029,351,10.68,190.01
RIFT VALLEY,KIPKELION,CHILCHILA,SIWOT,SIWOT,823,814,1637,317,5.43,301.39
RIFT VALLEY,KIPKELION,CHILCHILA,TOROTO,MAGIRE,1364,1304,2668,500,7.09,376.22
RIFT VALLEY,KIPKELION,CHILCHILA,TOROTO,TULWOPMOI,1936,2001,3937,743,9.68,406.53
RIFT VALLEY,KIPKELION,KAMASIAN,BOROWET,KAPKURES,1268,1319,2587,494,9.61,269.27
RIFT VALLEY,KIPKELION,KAMASIAN,BOROWET,LELU,1261,1268,2529,505,7.32,345.58
RIFT VALLEY,KIPKELION,KAMASIAN,KAMASIAN,BARTERA,1226,1216,2442,591,10.53,231.92
RIFT VALLEY,KIPKELION,KAMASIAN,KAMASIAN,KUTUNG,1332,1325,2657,484,15.28,173.94
RIFT VALLEY,KIPKELION,KAMASIAN,KIPSEGI,LELDET,1260,1207,2467,492,7.48,329.9
RIFT VALLEY,KIPKELION,KAMASIAN,KIPSEGI,TUIYOBEI,1071,1034,2105,399,8.01,262.92
RIFT VALLEY,KIPKELION,KAMASIAN,LELOCH,MUTARAGON,1082,1105,2187,467,10.55,207.32
RIFT VALLEY,KIPKELION,KAMASIAN,LELOCH,NYAIROBI,1565,1540,3105,642,11.72,264.86
RIFT VALLEY,KIPKELION,KIPKELION,BARSIELE,BARSIELE,479,463,942,160,5.23,180.24
RIFT VALLEY,KIPKELION,KIPKELION,BARSIELE,SEGETET,938,952,1890,366,7.75,243.93
RIFT VALLEY,KIPKELION,KIPKELION,BARSIELE,TINGORO,1174,1181,2355,445,5.9,399.48
RIFT VALLEY,KIPKELION,KIPKELION,KIPCHORIAN,KIPKELION NORTH,626,624,1250,271,7.56,165.38
RIFT VALLEY,KIPKELION,KIPKELION,KIPCHORIAN,KIPKELION TOWN,1096,1077,2173,566,8.58,253.22
RIFT VALLEY,KIPKELION,KIPKELION,LESIRWA,LESIRWA,2124,2135,4259,817,16.07,265.07
RIFT VALLEY,KIPKELION,KIPKELION,LESIRWA,SIRET,1004,953,1957,368,11.03,177.38
RIFT VALLEY,KIPKELION,KIPKELION,MACHEISOK,KAPKWEN,738,788,1526,281,5.04,302.53
RIFT VALLEY,KIPKELION,KIPKELION,MACHEISOK,MACHEISOK,813,816,1629,294,6.44,252.88
RIFT VALLEY,KIPKELION,KIPKELION,MACHEISOK,MATARMAT,1092,1112,2204,401,6.31,349.17
RIFT VALLEY,KIPKELION,KUNYAK,KAPKOROS,CHESONOI,2342,2233,4575,889,12.36,370.06
RIFT VALLEY,KIPKELION,KUNYAK,KAPKOROS,TIMBILIL,2217,2054,4271,814,19.46,219.49
RIFT VALLEY,KIPKELION,KUNYAK,KAPKWEN,CHELELE,1236,1143,2379,527,7.47,318.34
RIFT VALLEY,KIPKELION,KUNYAK,KAPKWEN,KAPKWEN,1246,1197,2443,427,8.91,274.13
RIFT VALLEY,KIPKELION,KUNYAK,KUNYAK,CHEMOGOCH,1085,1121,2206,431,10.07,218.99
RIFT VALLEY,KIPKELION,KUNYAK,KUNYAK,KAPKEMOI,1122,1005,2127,411,9.7,219.37
RIFT VALLEY,KIPKELION,LONDIANI,KEDOWA,KEDOWA,3497,3409,6906,1363,122.92,56.18
RIFT VALLEY,KIPKELION,LONDIANI,KIMASIAN,CHEPTANGULGEI,2587,2689,5276,1053,12.02,438.77
RIFT VALLEY,KIPKELION,LONDIANI,KIMASIAN,KIMASIAN,1222,1234,2456,467,7.33,334.84
RIFT VALLEY,KIPKELION,LONDIANI,KIPSIRICHET,JAGOROR,2832,2935,5767,1120,13.08,440.75
RIFT VALLEY,KIPKELION,LONDIANI,KIPSIRICHET,KIPSIRICHET,2723,2935,5658,1034,15.18,372.76
RIFT VALLEY,KIPKELION,LONDIANI,LEMOTIT,KALYET,2546,2770,5316,972,27.94,190.27
RIFT VALLEY,KIPKELION,LONDIANI,LEMOTIT,SARAMEK,2529,2621,5150,1005,20.27,254.07
RIFT VALLEY,KIPKELION,LONDIANI,LONDIANI,CHEPKONGONY,2443,2563,5006,1273,15.53,322.37
RIFT VALLEY,KIPKELION,LONDIANI,LONDIANI,TEGUNOT,2049,1816,3865,938,25.66,150.6
RIFT VALLEY,KIPKELION,LONDIANI,SUBUKIA,CHEMARE,926,909,1835,419,13.6,134.92
RIFT VALLEY,KIPKELION,LONDIANI,SUBUKIA,SUBUKIA,608,571,1179,278,13.23,89.14
RIFT VALLEY,KIPKELION,LONDIANI,TENDENO,MALAGET,722,744,1466,338,57.67,25.42
RIFT VALLEY,KIPKELION,LONDIANI,TENDENO,TENDENO,732,682,1414,323,31.84,44.4
RIFT VALLEY,KIPKELION,SORGET,MASAITA,BENDITAI,1001,977,1978,362,23.58,83.87
RIFT VALLEY,KIPKELION,SORGET,MASAITA,KAMWINGI,947,940,1887,408,5.86,322.18
RIFT VALLEY,KIPKELION,SORGET,MASAITA,KIPLOKYI,877,911,1788,339,12.8,139.66
RIFT VALLEY,KIPKELION,SORGET,MASAITA,KONGONI,1020,988,2008,352,10.63,188.87
RIFT VALLEY,KIPKELION,SORGET,MASAITA,MASAITA,1012,947,1959,409,10.79,181.48
RIFT VALLEY,KIPKELION,SORGET,SORGET,SORGET,1548,1449,2997,720,75.72,39.58
RIFT VALLEY,KIPKELION,SORGET,SORGET,TUIYOBEI,2054,2078,4132,774,18.62,221.93
RIFT VALLEY,KOIBATEK,ELDAMA RAVINE,KABIYET,BENONIN,985,931,1916,377,11.63,164.75
RIFT VALLEY,KOIBATEK,ELDAMA RAVINE,KABIYET,KABIYET,944,893,1837,387,14.78,124.29
RIFT VALLEY,KOIBATEK,ELDAMA RAVINE,KOISAMO,KEWANGOI,1289,1262,2551,428,39.86,64
RIFT VALLEY,KOIBATEK,ELDAMA RAVINE,LEMBUS-CENTRAL,POROR ARAMA,6452,6481,12933,2668,87,148.66
RIFT VALLEY,KOIBATEK,ELDAMA RAVINE,LEMBUS-CHEMORGONG,SIGORO,896,913,1809,318,31.12,58.13
RIFT VALLEY,KOIBATEK,ELDAMA RAVINE,LEMBUS-KIPTOIM,LELAITICH,785,767,1552,257,11.79,131.67
RIFT VALLEY,KOIBATEK,ELDAMA RAVINE,LEMBUS-KIPTOIM,TULWOB/LEMBUS,694,668,1362,245,8.73,156.07
RIFT VALLEY,KOIBATEK,ELDAMA RAVINE,MAJI MAZURI,MAJI MAZURI,2250,2111,4361,1078,68.94,63.26
RIFT VALLEY,KOIBATEK,ELDAMA RAVINE,MAJI MAZURI,MAKUTANO,2592,2575,5167,1170,100.52,51.4
RIFT VALLEY,KOIBATEK,ELDAMA RAVINE,PERKERRA,PERKERRA,1557,1581,3138,843,14.35,218.6
RIFT VALLEY,KOIBATEK,ELDAMA RAVINE,PERKERRA,TONIOK,1241,1243,2484,482,23.09,107.56
RIFT VALLEY,KOIBATEK,ELDAMA RAVINE,PERKERRA,TUIYOTICH,1339,1290,2629,569,15.75,166.93
RIFT VALLEY,KOIBATEK,ELDAMA RAVINE,RAVINE,RAVINE,6435,6838,13273,3627,7.14,1857.97
RIFT VALLEY,KOIBATEK,ELDAMA RAVINE,SAOS-KIBIAS,CHERAIK,524,532,1056,198,4.85,217.61
RIFT VALLEY,KOIBATEK,ELDAMA RAVINE,SAOS-KIBIAS,SAOS,721,768,1489,309,15.28,97.42
RIFT VALLEY,KOIBATEK,ELDAMA RAVINE,SAOS-KIBIAS,TOLMO,1098,1068,2166,436,20.71,104.58
RIFT VALLEY,KOIBATEK,EMINING,EMINING,EMINING,1700,1757,3457,699,42.8,80.76
RIFT VALLEY,KOIBATEK,EMINING,EMINING,KABOGOR,670,592,1262,247,18.81,67.09
RIFT VALLEY,KOIBATEK,EMINING,EMINING,OTERIT,769,780,1549,306,19.35,80.03
RIFT VALLEY,KOIBATEK,EMINING,KIMOSE,CHEMOINOI,583,613,1196,248,65.93,18.14
RIFT VALLEY,KOIBATEK,EMINING,KIMOSE,KIMOSE,664,683,1347,258,35.7,37.73
RIFT VALLEY,KOIBATEK,EMINING,KOIBOS-SOI,KAPLELWO,471,518,989,203,56.67,17.45
RIFT VALLEY,KOIBATEK,EMINING,KOIBOS-SOI,RADAD,948,1029,1977,452,78.39,25.22
RIFT VALLEY,KOIBATEK,EMINING,KOITEBES,KOITEBES,897,915,1812,363,34.99,51.79
RIFT VALLEY,KOIBATEK,EMINING,ROSOGA,KIPROTA,536,560,1096,230,16.44,66.66
RIFT VALLEY,KOIBATEK,EMINING,ROSOGA,ROSOGA,694,688,1382,270,18.32,75.45
RIFT VALLEY,KOIBATEK,ESAGERI,KIPLOMBE,KAPLELACH,1297,1320,2617,504,110.1,23.77
RIFT VALLEY,KOIBATEK,ESAGERI,KIPLOMBE,KIPLOMBE,677,682,1359,253,12.41,109.53
RIFT VALLEY,KOIBATEK,ESAGERI,KIPLOMBE,ORINIE,1003,952,1955,390,16.67,117.26
RIFT VALLEY,KOIBATEK,ESAGERI,LEMBUS-KABIMOI,KABIMOI,704,765,1469,324,11.11,132.19
RIFT VALLEY,KOIBATEK,ESAGERI,LEMBUS-KABIMOI,ORONGAI,386,393,779,159,11.66,66.81
RIFT VALLEY,KOIBATEK,ESAGERI,LEMBUS-KABIMOI,SAGAT,326,335,661,134,13.4,49.32
RIFT VALLEY,KOIBATEK,ESAGERI,LEMBUS-KIPTOIM,KIPTOIM,692,701,1393,212,15.05,92.58
RIFT VALLEY,KOIBATEK,ESAGERI,LEMBUS-KIPTOIM,NDANAI,536,462,998,186,10.91,91.5
RIFT VALLEY,KOIBATEK,ESAGERI,LEMBUS-KIPTOIM,OLBAT,429,456,885,156,9.48,93.38
RIFT VALLEY,KOIBATEK,ESAGERI,LEMBUS-KIPTOIM,SAGASAGIK,514,546,1060,196,12.67,83.66
RIFT VALLEY,KOIBATEK,ESAGERI,SABATIA,KIPKABER,731,708,1439,282,13.24,108.7
RIFT VALLEY,KOIBATEK,ESAGERI,SABATIA,KIROBON,638,611,1249,269,70.79,17.64
RIFT VALLEY,KOIBATEK,ESAGERI,SABATIA,LEBOLOS,705,637,1342,303,21.72,61.78
RIFT VALLEY,KOIBATEK,ESAGERI,SABATIA,SOLIAN,1108,1079,2187,456,9.44,231.73
RIFT VALLEY,KOIBATEK,KIMNGOROM,CHEBEREN,CHEBEREN,1273,1296,2569,480,49.93,51.45
RIFT VALLEY,KOIBATEK,KIMNGOROM,KIMNGORON,KAPTERIT,263,254,517,108,15.42,33.52
RIFT VALLEY,KOIBATEK,KIMNGOROM,KIMNGORON,KIMNGORON,251,232,483,107,8.03,60.18
RIFT VALLEY,KOIBATEK,KISANANA,KABUSWO,KABUSWO,164,187,351,65,15.57,22.55
RIFT VALLEY,KOIBATEK,KISANANA,KABUSWO,KIRIBOT,381,384,765,135,15.82,48.35
RIFT VALLEY,KOIBATEK,KISANANA,KAPNOSGEI,KAMASAI,153,148,301,56,4.44,67.78
RIFT VALLEY,KOIBATEK,KISANANA,KAPNOSGEI,KAPNOSGEI,181,169,350,66,7.85,44.59
RIFT VALLEY,KOIBATEK,KISANANA,KISANANA,KISANANA,384,377,761,165,14.8,51.42
RIFT VALLEY,KOIBATEK,KISANANA,KISANANA,KOISARAM,241,234,475,91,14.5,32.75
RIFT VALLEY,KOIBATEK,KISANANA,NGENDALEL,KIPNYUNGUNY,268,265,533,95,15.83,33.67
RIFT VALLEY,KOIBATEK,KISANANA,NGENDALEL,NGENDALEL,383,434,817,145,15.5,52.72
RIFT VALLEY,KOIBATEK,KISANANA,OLDEBES,CHOMIEK,180,187,367,63,15.81,23.22
RIFT VALLEY,KOIBATEK,KISANANA,OLDEBES,OLDEBES,448,499,947,155,15.17,62.42
RIFT VALLEY,KOIBATEK,KISANANA,OLKOKWE,KABERGEI,237,266,503,93,4.6,109.27
RIFT VALLEY,KOIBATEK,KISANANA,OLKOKWE,OLKOKWE,403,380,783,157,9.1,86.04
RIFT VALLEY,KOIBATEK,KISANANA,OLKOKWE,TINOSIEK,120,105,225,38,13.36,16.85
RIFT VALLEY,KOIBATEK,KISANANA,SINENDE,CHEBIREBEI,97,96,193,37,17.68,10.92
RIFT VALLEY,KOIBATEK,KISANANA,SINENDE,NYALIL-BUCH,285,235,520,99,25.71,20.23
RIFT VALLEY,KOIBATEK,KISANANA,SINENDE,WASEGES,341,354,695,121,32.16,21.61
RIFT VALLEY,KOIBATEK,MOGOTIO,KAMAR,KAMAR,351,353,704,137,43.09,16.34
RIFT VALLEY,KOIBATEK,MOGOTIO,KAMAR,MOLOS,223,236,459,89,18.02,25.48
RIFT VALLEY,KOIBATEK,MOGOTIO,KAPKECHUI,KIBOMOI,407,358,765,159,23.66,32.33
RIFT VALLEY,KOIBATEK,MOGOTIO,KAPKECHUI,MOGUYUNI,545,492,1037,215,15.25,67.99
RIFT VALLEY,KOIBATEK,MOGOTIO,KAPKECHUI,TURKULU,499,477,976,172,14.73,66.24
RIFT VALLEY,KOIBATEK,MOGOTIO,KOABOS,KOITUIMET,601,640,1241,236,108.79,11.41
RIFT VALLEY,KOIBATEK,MOGOTIO,KOABOS,MAJI MOTO,495,504,999,182,62.98,15.86
RIFT VALLEY,KOIBATEK,MOGOTIO,LEMBUS-MOGOTO,CHEMOGOCH,1037,980,2017,380,31.72,63.59
RIFT VALLEY,KOIBATEK,MOGOTIO,LEMBUS-MOGOTO,KIPSOGON,2051,1988,4039,790,60.46,66.81
RIFT VALLEY,KOIBATEK,MOGOTIO,LEMBUS-MOGOTO,MOGOTIO TOWN,2530,2671,5201,1308,9.83,529.26
RIFT VALLEY,KOIBATEK,MOGOTIO,MOLOSIRWE,CHEPYUAN,521,512,1033,192,41.84,24.69
RIFT VALLEY,KOIBATEK,MOGOTIO,MOLOSIRWE,MOLOSIRWE,583,537,1120,214,33.07,33.87
RIFT VALLEY,KOIBATEK,MOGOTIO,NGUBERETI,LEGETETWET,326,375,701,141,11.13,62.96
RIFT VALLEY,KOIBATEK,MOGOTIO,NGUBERETI,NGUBERETI,648,636,1284,246,15.52,82.74
RIFT VALLEY,KOIBATEK,MOGOTIO,SIMOTWE,MUGURIN,990,910,1900,316,58.81,32.31
RIFT VALLEY,KOIBATEK,MUMBERES,LEMBUS-MOSOP,TIMBOROA,4743,4719,9462,2165,40.71,232.42
RIFT VALLEY,KOIBATEK,MUMBERES,LEMBUS-MOSOP,TINET,1536,1540,3076,596,33.06,93.04
RIFT VALLEY,KOIBATEK,MUMBERES,MUMBERES,EQUATOR,2213,2121,4334,878,21.87,198.14
RIFT VALLEY,KOIBATEK,MUMBERES,MUMBERES,MUMBERES,2517,2502,5019,972,23.47,213.82
RIFT VALLEY,KOIBATEK,SIRWA,SIRWA,KABURGEI,586,551,1137,218,10.11,112.47
RIFT VALLEY,KOIBATEK,SIRWA,SIRWA,KAPKEIN,490,469,959,192,15.45,62.06
RIFT VALLEY,KOIBATEK,SIRWA,SIRWA,SIRWA,610,627,1237,238,16.23,76.2
RIFT VALLEY,KOIBATEK,SIRWA,SIRWA,SORE,760,832,1592,309,25.27,63.01
RIFT VALLEY,KOIBATEK,TORONGO,TORONGO,MWACHON,1123,1087,2210,398,14.78,149.56
RIFT VALLEY,KOIBATEK,TORONGO,TORONGO,TORONGO,1194,1313,2507,520,11.29,221.99
RIFT VALLEY,KOIBATEK,TORONGO,TUGUMOI,TIRIPKATOI,852,835,1687,277,17.67,95.45
RIFT VALLEY,KOIBATEK,TORONGO,TUGUMOI,TUGUMOI,1088,1110,2198,378,25.38,86.61
RIFT VALLEY,KWANZA,ENDEBESS,CHEPCHOINA,KAPTEGA,7703,7331,15034,3171,209.42,71.79
RIFT VALLEY,KWANZA,ENDEBESS,CHEPCHOINA,KIPTOGOT,4002,3889,7891,1528,62.84,125.58
RIFT VALLEY,KWANZA,ENDEBESS,CHEPCHOINA,TWIGA,6795,6765,13560,2739,53.4,253.92
RIFT VALLEY,KWANZA,ENDEBESS,ENDEBESS,CHORLIM,6410,6386,12796,2235,131.09,97.61
RIFT VALLEY,KWANZA,ENDEBESS,ENDEBESS,ENDEBESS,5321,5221,10542,2409,70.9,148.69
RIFT VALLEY,KWANZA,ENDEBESS,KAIBEI,MATUMBEI,8264,8292,16556,2957,89.43,185.14
RIFT VALLEY,KWANZA,ENDEBESS,KAIBEI,MUBERE,7380,7433,14813,2898,62.9,235.5
RIFT VALLEY,KWANZA,KWANZA,KAISAGAT,AMUKA,8381,8043,16424,3184,54.01,304.09
RIFT VALLEY,KWANZA,KWANZA,KAISAGAT,KAISAGAT,3964,3927,7891,1544,41.22,191.45
RIFT VALLEY,KWANZA,KWANZA,KAISAGAT,KARAUS,2626,2567,5193,1096,10.21,508.77
RIFT VALLEY,KWANZA,KWANZA,KAPOMBOI,KAPKOI,5177,5333,10510,2122,46.14,227.79
RIFT VALLEY,KWANZA,KWANZA,KAPOMBOI,KAPOMBOI,6363,6569,12932,2585,59.11,218.79
RIFT VALLEY,KWANZA,KWANZA,KAPOMBOI,KOBOS,7007,7013,14020,2856,50.57,277.24
RIFT VALLEY,KWANZA,KWANZA,KAPOMBOI,KOLONGOLO,5123,5270,10393,2003,39.27,264.67
RIFT VALLEY,KWANZA,KWANZA,KAPSITWET,KAPSITWET,1549,1488,3037,603,17.59,172.67
RIFT VALLEY,KWANZA,KWANZA,KAPSITWET,LIYAVO,3543,3642,7185,1455,11.31,635.33
RIFT VALLEY,KWANZA,KWANZA,KWANZA,KEIYO,6082,6312,12394,2281,36.8,336.8
RIFT VALLEY,KWANZA,KWANZA,KWANZA,KWANZA,12811,13328,26139,4939,60.41,432.69
RIFT VALLEY,KWANZA,KWANZA,NAMANJALALA,NAMANJALALA,9537,9371,18908,4116,13.68,1382.59
RIFT VALLEY,LAIKIPIA EAST,CENTRAL,IMPALA,RUGUTU,1179,1246,2425,621,162.09,14.96
RIFT VALLEY,LAIKIPIA EAST,CENTRAL,MARURA,MARURA,3368,3333,6701,1754,41.21,162.59
RIFT VALLEY,LAIKIPIA EAST,CENTRAL,NANYUKI,MAJENGO,9537,8517,18054,5391,15.73,1147.66
RIFT VALLEY,LAIKIPIA EAST,CENTRAL,NANYUKI,THINGITHU,6935,7200,14135,4200,62.25,227.09
RIFT VALLEY,LAIKIPIA EAST,CENTRAL,NTURUKUMA,LIKII,3037,3060,6097,2189,1.69,3605.77
RIFT VALLEY,LAIKIPIA EAST,CENTRAL,NTURUKUMA,NTURUKUMA,2177,2157,4334,1213,18.58,233.23
RIFT VALLEY,LAIKIPIA EAST,CENTRAL,SEGERA,NGARE NGIRO,1186,848,2034,824,232.93,8.73
RIFT VALLEY,LAIKIPIA EAST,CENTRAL,SEGERA,SEGERA,1916,1994,3910,981,587.47,6.66
RIFT VALLEY,LAIKIPIA EAST,DAIGA,ETHI,CHUMVI,1774,1832,3606,710,241.19,14.95
RIFT VALLEY,LAIKIPIA EAST,DAIGA,ETHI,ETHI,712,680,1392,382,107.33,12.97
RIFT VALLEY,LAIKIPIA EAST,DAIGA,ETHI,NGENIA,3009,2957,5966,1713,53.64,111.22
RIFT VALLEY,LAIKIPIA EAST,DAIGA,NAIBOR,KIMUGANDURA,930,1102,2032,434,65.95,30.81
RIFT VALLEY,LAIKIPIA EAST,DAIGA,NAIBOR,MUKIMA,964,923,1887,477,21.68,87.05
RIFT VALLEY,LAIKIPIA EAST,DAIGA,NAIBOR,NAIBOR,1089,1131,2220,560,49.83,44.55
RIFT VALLEY,LAIKIPIA EAST,DAIGA,UMANDE,KALALU,2671,2657,5328,1540,21.82,244.17
RIFT VALLEY,LAIKIPIA EAST,DAIGA,UMANDE,NYARIGINU,2976,3010,5986,1608,26.32,227.44
RIFT VALLEY,LAIKIPIA EAST,DAIGA,UMANDE,UMANDE,2521,2366,4887,1308,241,20.28
RIFT VALLEY,LAIKIPIA EAST,LAMURIA,LAMURIA,LAMURIA,6307,5907,12214,4105,440.98,27.7
RIFT VALLEY,LAIKIPIA EAST,LAMURIA,SIRIMA,MUHONIA,944,961,1905,523,47.01,40.53
RIFT VALLEY,LAIKIPIA EAST,LAMURIA,SIRIMA,MUTARO,1237,1128,2365,712,29.73,79.55
RIFT VALLEY,LAIKIPIA EAST,LAMURIA,TIGITHI,MATANYA,7338,7510,14848,4095,121.02,122.69
RIFT VALLEY,LAIKIPIA EAST,MUNYAKA,MWITURIA,NJOGUINI,825,918,1743,478,90.71,19.22
RIFT VALLEY,LAIKIPIA EAST,MUNYAKA,MWITURIA,WITHARE,1179,1199,2378,662,63.19,37.63
RIFT VALLEY,LAIKIPIA EAST,MUNYAKA,NGOBIT,KARIGUINI,1079,985,2064,546,21.42,96.38
RIFT VALLEY,LAIKIPIA EAST,MUNYAKA,NGOBIT,RUAI,1255,1107,2362,601,22.27,106.06
RIFT VALLEY,LAIKIPIA EAST,MUNYAKA,WIYUMIRIRIE,NYAMBOGICHI,946,888,1834,501,81.53,22.49
RIFT VALLEY,LAIKIPIA EAST,MUNYAKA,WIYUMIRIRIE,WAMURA,985,894,1879,500,82.69,22.72
RIFT VALLEY,LAIKIPIA EAST,MUNYAKA,WIYUMIRIRIE,WIYUMIRIRIE,3572,3876,7448,2048,19.13,389.41
RIFT VALLEY,LAIKIPIA NORTH,MUKOGODO,ILDIGIRI,TURA,1562,1429,2991,478,118.12,25.32
RIFT VALLEY,LAIKIPIA NORTH,MUKOGODO,ILINGWESI,NGARE NDARE,682,592,1274,250,90.13,14.13
RIFT VALLEY,LAIKIPIA NORTH,MUKOGODO,ILINGWESI,SANGAA,794,654,1448,236,68.12,21.26
RIFT VALLEY,LAIKIPIA NORTH,MUKOGODO,ILIPOLEI,ILPOLEI,1820,1647,3467,793,383.81,9.03
RIFT VALLEY,LAIKIPIA NORTH,MUKOGODO,ILMOTIOK,ILMOTIOK,1558,1608,3166,473,100.32,31.56
RIFT VALLEY,LAIKIPIA NORTH,MUKOGODO,ILMOTIOK,IMPALA,873,621,1494,486,347.65,4.3
RIFT VALLEY,LAIKIPIA NORTH,MUKOGODO,MAKURIAN,ARJIJO,918,825,1743,272,76.55,22.77
RIFT VALLEY,LAIKIPIA NORTH,MUKOGODO,MAKURIAN,MAKURIAN,605,613,1218,223,53.92,22.59
RIFT VALLEY,LAIKIPIA NORTH,MUKOGODO,MUKOGODO,KURI KURI,1633,1505,3138,705,133.44,23.52
RIFT VALLEY,LAIKIPIA NORTH,MUKOGODO,MUMUNYOT,MUMUNYOT,958,987,1945,350,75.93,25.62
RIFT VALLEY,LAIKIPIA NORTH,MUKOGODO,MUMUNYOT,SEEK,694,710,1404,265,71.62,19.6
RIFT VALLEY,LAIKIPIA NORTH,MUKOGODO,OLOIBOSOIT,EWASO,1366,1321,2687,549,81.29,33.05
RIFT VALLEY,LAIKIPIA NORTH,MUKOGODO,OLOIBOSOIT,KIRIMON,2594,2511,5105,1299,815.55,6.26
RIFT VALLEY,LAIKIPIA NORTH,MUKOGODO,SIEKU,SIEKU,871,811,1682,354,183.72,9.16
RIFT VALLEY,LAIKIPIA WEST,NGARUA,GITUAMBA,KIAMBOGO,3577,3617,7194,1695,55.77,129
RIFT VALLEY,LAIKIPIA WEST,NGARUA,GITUAMBA,THIGIO,3354,3436,6790,1471,56.11,121
RIFT VALLEY,LAIKIPIA WEST,NGARUA,KARABA,KABAGE,1134,1132,2266,544,29.9,75.79
RIFT VALLEY,LAIKIPIA WEST,NGARUA,KARABA,KARABA,783,775,1558,379,33.62,46.35
RIFT VALLEY,LAIKIPIA WEST,NGARUA,KINAMBA,MITHIGA,5069,5340,10409,2532,47.84,217.56
RIFT VALLEY,LAIKIPIA WEST,NGARUA,KINAMBA,MWENJE,8544,9149,17693,4208,87.78,201.57
RIFT VALLEY,LAIKIPIA WEST,NGARUA,MUHOTETU,MUHOTETU,2925,2887,5812,1474,68.25,85.15
RIFT VALLEY,LAIKIPIA WEST,NGARUA,SIPILI,DIM KOM,6968,7360,14328,3655,86.26,166.1
RIFT VALLEY,LAIKIPIA WEST,NYAHURURU,IGWAMITI,LUSOGWA,4391,4554,8945,2186,32.7,273.59
RIFT VALLEY,LAIKIPIA WEST,NYAHURURU,IGWAMITI,SHAMANEI,2499,2571,5070,1108,33.48,151.42
RIFT VALLEY,LAIKIPIA WEST,NYAHURURU,MAINA,MAINA,5736,6412,12148,3240,6.92,1755.77
RIFT VALLEY,LAIKIPIA WEST,NYAHURURU,MUTITU,NGORU,5669,5491,11160,2655,138.62,80.51
RIFT VALLEY,LAIKIPIA WEST,NYAHURURU,NYAHURURU,MANGUO,3616,3579,7195,2688,6.39,1126
RIFT VALLEY,LAIKIPIA WEST,NYAHURURU,NYAHURURU,NDUNYU,6242,6706,12948,3862,4.19,3090.73
RIFT VALLEY,LAIKIPIA WEST,OLMORAN,KRIMA,GITHIMA,968,924,1892,411,59.32,31.89
RIFT VALLEY,LAIKIPIA WEST,OLMORAN,KRIMA,NDONYO-LOIP,1688,1686,3374,781,63.49,53.14
RIFT VALLEY,LAIKIPIA WEST,OLMORAN,LONYIEK,KARIWO,718,704,1422,290,72.53,19.61
RIFT VALLEY,LAIKIPIA WEST,OLMORAN,LONYIEK,LONYIEK,1396,1345,2741,673,327.03,8.38
RIFT VALLEY,LAIKIPIA WEST,OLMORAN,MAGADI,MAGADI,1374,1642,3016,661,173.07,17.43
RIFT VALLEY,LAIKIPIA WEST,OLMORAN,OLMORAN,KAHUHO,1018,1087,2105,513,61.82,34.05
RIFT VALLEY,LAIKIPIA WEST,OLMORAN,OLMORAN,OLMORAN,1665,1738,3403,778,440.83,7.72
RIFT VALLEY,LAIKIPIA WEST,RUMURUTI,MARMANET,MELWA,3487,3631,7118,1719,129.35,55.03
RIFT VALLEY,LAIKIPIA WEST,RUMURUTI,MARMANET,OLJABET,2293,2368,4661,1242,18.7,249.24
RIFT VALLEY,LAIKIPIA WEST,RUMURUTI,MARMANET,SIRON,3603,3627,7230,1738,40.67,177.76
RIFT VALLEY,LAIKIPIA WEST,RUMURUTI,MUTARA,KIAMARIGA,1872,1687,3559,952,41.08,86.64
RIFT VALLEY,LAIKIPIA WEST,RUMURUTI,MUTARA,MUTARA,1365,1302,2667,660,251.97,10.58
RIFT VALLEY,LAIKIPIA WEST,RUMURUTI,MUTARA,THOME,3174,3438,6612,1507,329.66,20.06
RIFT VALLEY,LAIKIPIA WEST,RUMURUTI,MUTHENGERA,KAITI,2133,2286,4419,1088,19.1,231.31
RIFT VALLEY,LAIKIPIA WEST,RUMURUTI,MUTHENGERA,MUTHENGERA,3735,3871,7606,1865,28.24,269.36
RIFT VALLEY,LAIKIPIA WEST,RUMURUTI,RUMURUTI,NDURUMO,2895,3135,6030,1437,88.85,67.86
RIFT VALLEY,LAIKIPIA WEST,RUMURUTI,RUMURUTI,TOWNSHIP,4937,5127,10064,2430,88.45,113.78
RIFT VALLEY,LAIKIPIA WEST,RUMURUTI,SALAMA,LORIAN,2663,2873,5536,1061,65.05,85.1
RIFT VALLEY,LAIKIPIA WEST,RUMURUTI,SALAMA,MURUKU,1427,1472,2899,709,36.45,79.53
RIFT VALLEY,LAIKIPIA WEST,RUMURUTI,SALAMA,PESI,3286,3434,6720,1644,134.33,50.03
RIFT VALLEY,LAIKIPIA WEST,RUMURUTI,SALAMA,SALAMA,699,720,1419,365,56.06,25.31
RIFT VALLEY,LAIKIPIA WEST,RUMURUTI,SOSIAN,MAUNDU NI MERI,2048,2401,4449,956,266.92,16.67
RIFT VALLEY,LAIKIPIA WEST,RUMURUTI,SOSIAN,SOSIAN,1098,875,1973,528,410.56,4.81
RIFT VALLEY,LOITOKITOK,CENTRAL,KUKU,KUKU,4185,3959,8144,1615,353.67,23.03
RIFT VALLEY,LOITOKITOK,CENTRAL,LOOLOPON,LOOLOPON,9228,9163,18391,4681,74.5,246.84
RIFT VALLEY,LOITOKITOK,CENTRAL,OLORIKA,OLORIKA,5347,5265,10612,2135,852.12,12.45
RIFT VALLEY,LOITOKITOK,ENTONET,AMBOSELI,AMBOSELI,3647,3333,6980,1250,1243.53,5.61
RIFT VALLEY,LOITOKITOK,ENTONET,ENTONET,ENTONET,1663,1872,3535,721,37.2,95.03
RIFT VALLEY,LOITOKITOK,ENTONET,OLCHORRO,OLCHORRO,3685,3899,7584,1596,68.6,110.56
RIFT VALLEY,LOITOKITOK,KIMANA,INKARIAK -RONKENA,INKARIAK -RONKENA,2448,2201,4649,924,128.07,36.3
RIFT VALLEY,LOITOKITOK,KIMANA,KIMANA,KIMANA,7925,7775,15700,3650,230.69,68.06
RIFT VALLEY,LOITOKITOK,LENKISIM,ESSELENGEI,ESSELENGEI,1665,1771,3436,699,571.2,6.02
RIFT VALLEY,LOITOKITOK,LENKISIM,LENKISIM,LENKISIM,1321,1418,2739,547,202.63,13.52
RIFT VALLEY,LOITOKITOK,LENKISIM,OLGULULUI,OLGULULUI,1438,1503,2941,579,769.88,3.82
RIFT VALLEY,LOITOKITOK,OLTIASIKA,MBIRIKANI,MBIRIKANI,4411,4291,8702,1914,339.82,25.61
RIFT VALLEY,LOITOKITOK,OLTIASIKA,OLTASIKA,OLTIASIKA,3328,3151,6479,1296,1012.4,6.4
RIFT VALLEY,LOITOKITOK,ROMBO,ENTARARA,ENTARARA,8802,8883,17685,4068,92.67,190.84
RIFT VALLEY,LOITOKITOK,ROMBO,NJUKINI,NJUKINI,4430,4592,9022,1756,178.48,50.55
RIFT VALLEY,LOITOKITOK,ROMBO,ROMBO,ROMBO,5314,5583,10897,2272,255.53,42.64
RIFT VALLEY,MARAKWET,CHEBIEMIT,KUSERWO,CHEMUNADA,1168,1207,2375,443,12.56,189.1
RIFT VALLEY,MARAKWET,CHEBIEMIT,KUSERWO,CHEPTONGEI,1902,1948,3850,786,34.92,110.24
RIFT VALLEY,MARAKWET,CHEBIEMIT,KUSERWO,KIMNAI,1775,1745,3520,639,19.52,180.31
RIFT VALLEY,MARAKWET,CHEBIEMIT,KUSERWO,YEMIT,1530,1439,2969,562,18.98,156.46
RIFT VALLEY,MARAKWET,CHEBIEMIT,MOIBEN,CHEBIEMIT,1586,1615,3201,653,24.29,131.78
RIFT VALLEY,MARAKWET,CHEBIEMIT,MOIBEN,KILIMA,1614,1658,3272,601,23.34,140.21
RIFT VALLEY,MARAKWET,CHEBIEMIT,MOIBEN,NERKWO,1291,1379,2670,470,25.27,105.64
RIFT VALLEY,MARAKWET,CHEBIEMIT,MOIBEN,SUMBEIYWET,480,460,940,177,7.67,122.53
RIFT VALLEY,MARAKWET,KAPCHEROP,CHEBORORWA,BUSIESOO,665,608,1273,243,11.29,112.78
RIFT VALLEY,MARAKWET,KAPCHEROP,CHEBORORWA,KABELIO,920,921,1841,326,8.12,226.75
RIFT VALLEY,MARAKWET,KAPCHEROP,CHEBORORWA,KAMANIN,1182,1111,2293,410,7.87,291.36
RIFT VALLEY,MARAKWET,KAPCHEROP,CHEBORORWA,KAPTIONY,982,992,1974,339,7.96,247.84
RIFT VALLEY,MARAKWET,KAPCHEROP,CHEBORORWA,KONDABILET,1361,1389,2750,498,23.18,118.62
RIFT VALLEY,MARAKWET,KAPCHEROP,CHERENGANY,CHEBAI,1535,1565,3100,605,12.99,238.68
RIFT VALLEY,MARAKWET,KAPCHEROP,CHERENGANY,KOITUGUM,1122,1104,2226,404,12.77,174.27
RIFT VALLEY,MARAKWET,KAPCHEROP,CHERENGANY,TENDEN,1403,1312,2715,471,11.06,245.58
RIFT VALLEY,MARAKWET,KAPCHEROP,KAMOI,KAKISANGO,1648,1680,3328,651,11.29,294.77
RIFT VALLEY,MARAKWET,KAPCHEROP,KAMOI,KAMOI,922,898,1820,361,4.3,422.85
RIFT VALLEY,MARAKWET,KAPCHEROP,KAMOI,KIBUGA,1009,1048,2057,403,3.63,566.14
RIFT VALLEY,MARAKWET,KAPCHEROP,KAPCHOCHUR,CHORWO,743,738,1481,287,13.5,109.71
RIFT VALLEY,MARAKWET,KAPCHEROP,KAPCHOCHUR,KAPKOCHUR,1319,1212,2531,523,26.15,96.79
RIFT VALLEY,MARAKWET,KAPCHEROP,KAPCHOCHUR,KAPTALAMWA,643,654,1297,287,9.16,141.66
RIFT VALLEY,MARAKWET,KAPCHEROP,KAPTERIT,KAPTERIT,862,844,1706,357,5.72,298.26
RIFT VALLEY,MARAKWET,KAPCHEROP,KAPTERIT,KIPSAMBACH,311,298,609,126,3.48,175.07
RIFT VALLEY,MARAKWET,KAPCHEROP,KOISUNGUR,KIBIGOS,2447,2377,4824,904,41.01,117.62
RIFT VALLEY,MARAKWET,KAPCHEROP,KOISUNGUR,KOKWONGOI,770,695,1465,274,17.34,84.48
RIFT VALLEY,MARAKWET,KAPCHEROP,LELAN,CHEMOSONG,791,845,1636,295,26.1,62.69
RIFT VALLEY,MARAKWET,KAPCHEROP,LELAN,KAPSAIT,671,654,1325,255,17.1,77.49
RIFT VALLEY,MARAKWET,KAPCHEROP,SENGWER,KAPCHEPSAR,1049,983,2032,387,28.5,71.29
RIFT VALLEY,MARAKWET,KAPCHEROP,SENGWER,KAPCHEROP,2676,2710,5386,1229,7.53,715.47
RIFT VALLEY,MARAKWET,KAPCHEROP,SENGWER,KIPSERO,829,826,1655,309,4.95,334.61
RIFT VALLEY,MARAKWET,KAPCHEROP,SENGWER,KORONGOI,1208,1134,2342,410,120.6,19.42
RIFT VALLEY,MARAKWET,KAPSOWAR,KAPSOWAR,KAPSOWAR,3226,3401,6627,1508,29.24,226.66
RIFT VALLEY,MARAKWET,KAPSOWAR,KAPSOWAR,KAPSUMAI,2876,3046,5922,1108,28.21,209.95
RIFT VALLEY,MARAKWET,KAPSOWAR,KIPSAIYA,KIPSAIYA,1393,1365,2758,532,16.94,162.84
RIFT VALLEY,MARAKWET,KAPSOWAR,KIPSAIYA,SISIYA,1424,1497,2921,613,13.33,219.08
RIFT VALLEY,MARAKWET,KAPSOWAR,KOIBARAK,KOBUSWA,1659,1704,3363,664,11.91,282.35
RIFT VALLEY,MARAKWET,KAPSOWAR,KOIBARAK,SANGURUR,1031,1123,2154,429,10.66,202.13
RIFT VALLEY,MARAKWET,KAPSOWAR,KOIBARAK,TUIYOBEI,864,814,1678,326,13.6,123.43
RIFT VALLEY,MARAKWET,KAPYEGO,KAPTICH,CHEPTOBOT,891,876,1767,365,75.83,23.3
RIFT VALLEY,MARAKWET,KAPYEGO,KAPTICH,KAMASAI,649,643,1292,261,9.72,132.99
RIFT VALLEY,MARAKWET,KAPYEGO,KAPTICH,SEGUT,904,922,1826,357,17.72,103.05
RIFT VALLEY,MARAKWET,KAPYEGO,KAPYEGO,KAPYEGO,1894,1827,3721,749,33.27,111.83
RIFT VALLEY,MARAKWET,KAPYEGO,KAPYEGO,KARARIA,2197,2088,4285,1086,87.36,49.05
RIFT VALLEY,MARAKWET,KAPYEGO,KAPYEGO,KESOM,2123,2043,4166,908,84.66,49.21
RIFT VALLEY,MARAKWET,TIRAP,EMBOBUT,ENDUL,1265,1361,2626,552,18.7,140.42
RIFT VALLEY,MARAKWET,TIRAP,EMBOBUT,KIPCHUMWA,2021,2072,4093,856,43.94,93.16
RIFT VALLEY,MARAKWET,TIRAP,EMBOBUT,MARON,1169,1229,2398,574,28.31,84.7
RIFT VALLEY,MARAKWET,TIRAP,EMBOLOT,KAITAMOI,834,952,1786,433,17.58,101.59
RIFT VALLEY,MARAKWET,TIRAP,EMBOLOT,KOROU,1025,945,1970,452,29.01,67.91
RIFT VALLEY,MARAKWET,TIRAP,EMBOLOT,MUMOL,1083,1093,2176,514,14.29,152.31
RIFT VALLEY,MARAKWET,TIRAP,KIPKANER,CHESIYO,772,765,1537,346,7.52,204.34
RIFT VALLEY,MARAKWET,TIRAP,KIPKANER,KIMUREN,935,1007,1942,418,6.99,277.69
RIFT VALLEY,MARAKWET,TIRAP,KIPKANER,TUTURUNG,777,827,1604,335,3.43,467.69
RIFT VALLEY,MARAKWET,TIRAP,KOIBATEK,MAINA,793,849,1642,349,6.51,252.4
RIFT VALLEY,MARAKWET,TIRAP,KOIBATEK,METIPSOO,605,662,1267,278,7.7,164.52
RIFT VALLEY,MARAKWET,TIRAP,KOIBATEK,NYIRARAR,951,999,1950,417,4.6,424.35
RIFT VALLEY,MARAKWET,TIRAP,SAMBIRIR,CHEMWOROR,1337,1470,2807,579,4.42,635.56
RIFT VALLEY,MARAKWET,TIRAP,SAMBIRIR,CHESOI,885,914,1799,437,6.54,275.19
RIFT VALLEY,MARAKWET,TIRAP,SAMBIRIR,KAPKUTO,530,650,1180,250,3.84,307.37
RIFT VALLEY,MARAKWET,TOT,ENDO,BARKELAT,1640,1671,3311,731,19.17,172.74
RIFT VALLEY,MARAKWET,TOT,ENDO,TALAI,944,1004,1948,469,7.91,246.13
RIFT VALLEY,MARAKWET,TOT,KABEN,KABEN,1095,1136,2231,536,15.57,143.25
RIFT VALLEY,MARAKWET,TOT,KABEN,MARICH,1019,999,2018,480,20.72,97.38
RIFT VALLEY,MARAKWET,TOT,KOIBIRIR,KASEMOI,507,565,1072,271,6.02,178.1
RIFT VALLEY,MARAKWET,TOT,KOIBIRIR,KISIWEI,930,1027,1957,443,19.33,101.24
RIFT VALLEY,MARAKWET,TOT,KOIBIRIR,SAGAT,649,686,1335,324,4.98,268.33
RIFT VALLEY,MARAKWET,TOT,KOIBIRIR,SIBOW,1238,1215,2453,660,20.62,118.99
RIFT VALLEY,MARAKWET,TOT,MOKORO,KAKIPTUL,398,382,780,193,16.97,45.96
RIFT VALLEY,MARAKWET,TOT,MOKORO,KAPKONDOT,293,354,647,153,12.02,53.82
RIFT VALLEY,MARAKWET,TOT,MOKORO,KETUT,595,622,1217,281,15.27,79.7
RIFT VALLEY,MARAKWET,TOT,MOKORO,OLOT,605,625,1230,344,19.99,61.54
RIFT VALLEY,MARAKWET,TOT,MURKUTWO,ENOU,634,715,1349,321,6.6,204.32
RIFT VALLEY,MARAKWET,TOT,MURKUTWO,KISOKA,350,365,715,227,8.4,85.09
RIFT VALLEY,MARAKWET,TOT,MURKUTWO,MURUBER,221,212,433,120,7.21,60.05
RIFT VALLEY,MARAKWET,TOT,MURKUTWO,ROCHO,616,586,1202,309,16.55,72.64
RIFT VALLEY,MARAKWET,TUNYO,ARROR,ARROR,901,971,1872,415,8.75,214.06
RIFT VALLEY,MARAKWET,TUNYO,ARROR,KOITILAL,551,522,1073,307,31.44,34.13
RIFT VALLEY,MARAKWET,TUNYO,ARROR,NIWAI,375,387,762,174,6.98,109.23
RIFT VALLEY,MARAKWET,TUNYO,CHEMSUMAN,CHEPKUM,261,246,507,141,4.8,105.61
RIFT VALLEY,MARAKWET,TUNYO,CHEMSUMAN,KAPCHEMUTA,614,629,1243,291,8.22,151.29
RIFT VALLEY,MARAKWET,TUNYO,CHEMSUMAN,RESIM,491,540,1031,269,18.41,56.02
RIFT VALLEY,MARAKWET,TUNYO,KIBAIMWA,CHESATAN,531,582,1113,236,6.44,172.92
RIFT VALLEY,MARAKWET,TUNYO,KIBAIMWA,CHUGOR,397,401,798,178,7.26,109.87
RIFT VALLEY,MARAKWET,TUNYO,KIBAIMWA,KOMBASES,457,505,962,220,5.48,175.65
RIFT VALLEY,MARAKWET,TUNYO,KIBAIMWA,LUKUGET,531,582,1113,266,10.32,107.89
RIFT VALLEY,MARAKWET,TUNYO,MON,KIPYEBO,711,715,1426,373,9.54,149.53
RIFT VALLEY,MARAKWET,TUNYO,MON,MOGIL,808,797,1605,384,16.02,100.19
RIFT VALLEY,MOLO,ELBURGON,ELBURGON,ARIMI,4075,4109,8184,1826,28.53,286.82
RIFT VALLEY,MOLO,ELBURGON,ELBURGON,ELBURGON,16581,16073,32654,8548,53.54,609.87
RIFT VALLEY,MOLO,ELBURGON,ELBURGON,MUTAMAIYU,1272,1328,2600,606,15.02,173.1
RIFT VALLEY,MOLO,ELBURGON,MARIASHONI,KIPTUNGA,2147,1859,4006,904,149.33,26.83
RIFT VALLEY,MOLO,ELBURGON,MARIASHONI,KITIRO,2496,2245,4741,959,44.56,106.4
RIFT VALLEY,MOLO,ELBURGON,MARIASHONI,NDOSWA,1976,1731,3707,767,51.76,71.63
RIFT VALLEY,MOLO,ELBURGON,TURI,KIAMBIRIRIA,3982,4169,8151,1850,24.88,327.68
RIFT VALLEY,MOLO,ELBURGON,TURI,TURI,8595,8702,17297,4163,52.93,326.81
RIFT VALLEY,MOLO,KAMARA,KAMARA,KAMARA,1810,1711,3521,704,5.02,701.07
RIFT VALLEY,MOLO,KAMARA,KAMARA,MAU,2489,2457,4946,915,64.03,77.25
RIFT VALLEY,MOLO,KAMARA,KAMARA,SINENDET,1026,1092,2118,400,7.85,269.72
RIFT VALLEY,MOLO,KAMARA,MAU SUMMIT,KOIGE,3131,3064,6195,1455,23.16,267.47
RIFT VALLEY,MOLO,KAMARA,MAU SUMMIT,MAU SUMMIT,3525,3389,6914,1659,24.85,278.24
RIFT VALLEY,MOLO,KAMARA,MAU SUMMIT,SARAMBEI,3221,3048,6269,1400,19.61,319.63
RIFT VALLEY,MOLO,KAMARA,SIRIKWA,SETKOTES,3488,3685,7173,1794,25.35,282.93
RIFT VALLEY,MOLO,KAMARA,SIRIKWA,SIRIKWA,4959,4910,9869,2129,38.06,259.29
RIFT VALLEY,MOLO,KERINGET,CHEBARA,BARAGET,918,931,1849,323,10.89,169.72
RIFT VALLEY,MOLO,KERINGET,CHEBARA,CHEBARA,1518,1604,3122,584,14.23,219.38
RIFT VALLEY,MOLO,KERINGET,CHEMANER,CHEMANER,1312,1403,2715,541,14.06,193.03
RIFT VALLEY,MOLO,KERINGET,CHEMANER,CHEPALUNGU,1959,1915,3874,799,23.97,161.6
RIFT VALLEY,MOLO,KERINGET,KAPSIMBEIYWO,KAPSIMBEIYWO,2537,2652,5189,978,25.41,204.2
RIFT VALLEY,MOLO,KERINGET,KERINGET,KERINGET,1972,1981,3953,906,15.19,260.27
RIFT VALLEY,MOLO,KERINGET,KERINGET,MELLIMET,4329,4186,8515,1879,35.86,237.48
RIFT VALLEY,MOLO,KERINGET,KERINGET,SIWOT,1493,1428,2921,586,16.89,172.9
RIFT VALLEY,MOLO,KERINGET,KIPSONOI,KIPSONOI,610,623,1233,241,8.8,140.12
RIFT VALLEY,MOLO,KERINGET,KIPSONOI,TEGAT,1647,1520,3167,651,13.02,243.23
RIFT VALLEY,MOLO,KERINGET,NYOTA,LANGWENDA,2752,2723,5475,1070,29.09,188.21
RIFT VALLEY,MOLO,KERINGET,NYOTA,NYOTA,3206,3145,6351,1341,24.78,256.25
RIFT VALLEY,MOLO,KERINGET,NYOTA,OLBUMBU,3018,3054,6072,1435,20.48,296.52
RIFT VALLEY,MOLO,KERINGET,SILIBWET,RIBOT,769,729,1498,289,10.66,140.59
RIFT VALLEY,MOLO,KERINGET,SILIBWET,SILIBWET,1075,1027,2102,361,23.61,89.04
RIFT VALLEY,MOLO,KERINGET,TENOYETTA,CHEPTAGUM,1763,1718,3481,800,18.16,191.67
RIFT VALLEY,MOLO,KERINGET,TENOYETTA,IKUMBI,1689,1574,3263,702,22.6,144.36
RIFT VALLEY,MOLO,KERINGET,TENOYETTA,MURGIYENY,1225,1195,2420,502,16.61,145.67
RIFT VALLEY,MOLO,KERINGET,TINET,KAPNANDA,8647,8379,17026,3512,97.44,174.73
RIFT VALLEY,MOLO,KERINGET,TINET,TINET,5628,5364,10992,2346,60.67,181.18
RIFT VALLEY,MOLO,KURESOI,KIPTORO,CHEMARE,6858,6753,13611,2789,101.24,134.44
RIFT VALLEY,MOLO,KURESOI,KIPTORO,CHEMATICH,2694,2700,5394,1150,26.2,205.84
RIFT VALLEY,MOLO,KURESOI,KURESOI,KIPKEWA,2309,2332,4641,938,22.38,207.37
RIFT VALLEY,MOLO,KURESOI,KURESOI,KONGOI,2656,2536,5192,979,17.08,304.05
RIFT VALLEY,MOLO,KURESOI,KURESOI,KURESOI,2066,2044,4110,906,23.54,174.58
RIFT VALLEY,MOLO,KURESOI,MKULIMA,LULUKWET,2158,1920,4078,998,21.34,191.06
RIFT VALLEY,MOLO,KURESOI,MKULIMA,MAWINGU,1443,1334,2777,597,17.54,158.37
RIFT VALLEY,MOLO,KURESOI,TULWET,SOLIAT,2864,2674,5538,1271,24.9,222.42
RIFT VALLEY,MOLO,KURESOI,TULWET,TULWET,2354,2288,4642,920,24.91,186.38
RIFT VALLEY,MOLO,LARE,BAGARIA,BAGARIA,2670,2926,5596,1319,23.23,240.93
RIFT VALLEY,MOLO,LARE,BAGARIA,KAPYEMIT,723,786,1509,355,8.66,174.21
RIFT VALLEY,MOLO,LARE,BAGARIA,MILIMANI,484,524,1008,227,8.65,116.5
RIFT VALLEY,MOLO,LARE,GICHOBO,GICHOBO,1374,1435,2809,661,10.99,255.48
RIFT VALLEY,MOLO,LARE,GICHOBO,SINENDET,1606,1724,3330,757,12.41,268.24
RIFT VALLEY,MOLO,LARE,LARE,LARE,3152,3407,6559,1567,26.03,251.97
RIFT VALLEY,MOLO,LARE,LARE,NDULELE,1615,1611,3226,688,9.45,341.31
RIFT VALLEY,MOLO,LARE,NAISHI,NAISHI,1887,1959,3846,801,26.35,145.98
RIFT VALLEY,MOLO,LARE,NAISHI,PWANI,988,950,1938,457,13.36,145.07
RIFT VALLEY,MOLO,MAU NAROK,MAU NAROK,KIANJOYA,2232,2398,4630,1088,17.88,258.93
RIFT VALLEY,MOLO,MAU NAROK,MAU NAROK,SIAPEI,15302,15497,30799,7638,141.41,217.8
RIFT VALLEY,MOLO,MAU NAROK,SURURU,KIPTULEL,4529,4427,8956,1753,25.21,355.23
RIFT VALLEY,MOLO,MAUCHE,KAPKEMBU,CHEBITET,1525,1541,3066,632,12.2,251.25
RIFT VALLEY,MOLO,MAUCHE,KAPKEMBU,KAPKEMBU,1470,1389,2859,545,11.52,248.17
RIFT VALLEY,MOLO,MAUCHE,MAUCHE,MAUCHE,1424,1394,2818,563,10.63,265.09
RIFT VALLEY,MOLO,MAUCHE,MAUCHE,TACHASIS,908,911,1819,336,30.18,60.26
RIFT VALLEY,MOLO,MAUCHE,TERET,LELENCHNET,2003,1872,3875,738,26.53,146.05
RIFT VALLEY,MOLO,MAUCHE,TERET,TERET,1788,1764,3552,679,45.24,78.52
RIFT VALLEY,MOLO,MAUCHE,TUIYOTICH,LOITEPES,2352,2369,4721,972,17.6,268.26
RIFT VALLEY,MOLO,MAUCHE,TUIYOTICH,SIRIAT,1227,1151,2378,529,5.37,443.05
RIFT VALLEY,MOLO,MOLO,MOLO,MATUMAINI,1324,1347,2671,645,7.79,342.97
RIFT VALLEY,MOLO,MOLO,MOLO,MOLO,15702,16613,32315,8664,22.72,1422.6
RIFT VALLEY,MOLO,MOLO,SACHANGWANY,KABIANGA,1458,1400,2858,636,10.17,281.05
RIFT VALLEY,MOLO,MOLO,SACHANGWANY,SACHANGWANY,2646,2608,5254,1215,17.51,300.11
RIFT VALLEY,MOLO,NJORO,KIHINGO,KIHINGO,5168,5526,10694,2579,21.6,495.14
RIFT VALLEY,MOLO,NJORO,KIHINGO,LUSIRUO,1858,2096,3954,909,12.78,309.5
RIFT VALLEY,MOLO,NJORO,NESSUIT,MISEPEI,1019,967,1986,394,17.72,112.08
RIFT VALLEY,MOLO,NJORO,NESSUIT,NESSUIT,3687,3585,7272,1469,43.59,166.83
RIFT VALLEY,MOLO,NJORO,NESSUIT,SIGOTIK,2223,2007,4230,881,13.86,305.14
RIFT VALLEY,MOLO,NJORO,NJORO,MUKUNGUGU,5559,5521,11080,2899,19.57,566.09
RIFT VALLEY,MOLO,NJORO,NJORO,NJORO,19591,20079,39670,10149,90.03,440.65
RIFT VALLEY,MOLO,OLENGURUONE,AMALO,AMALO,2409,2270,4679,1062,18.9,247.62
RIFT VALLEY,MOLO,OLENGURUONE,AMALO,KIPTARAGON,2139,2040,4179,973,15.26,273.8
RIFT VALLEY,MOLO,OLENGURUONE,CHEPTUECH,CHEPTUECH,1197,1151,2348,456,10.67,220.13
RIFT VALLEY,MOLO,OLENGURUONE,CHEPTUECH,IRONGO,1038,991,2029,390,8.81,230.36
RIFT VALLEY,MOLO,OLENGURUONE,EMITIK,EMITIK,1334,1370,2704,522,9.83,275.02
RIFT VALLEY,MOLO,OLENGURUONE,EMITIK,KABAGUNOT,1080,1068,2148,417,9.2,233.47
RIFT VALLEY,MOLO,OLENGURUONE,KAPLAMAI,CHEPAKUNDI,2679,2599,5278,995,23.96,220.31
RIFT VALLEY,MOLO,OLENGURUONE,KAPLAMAI,KIPLAMAI,2788,2762,5550,1090,22.46,247.13
RIFT VALLEY,MOLO,OLENGURUONE,KIPTAGICH,ARORWET,3666,3237,6903,1634,40.98,168.44
RIFT VALLEY,MOLO,OLENGURUONE,KIPTAGICH,CHEBOTOI,941,1036,1977,440,10.45,189.17
RIFT VALLEY,MOLO,OLENGURUONE,KIPTAGICH,KIPTAGICH,2869,2527,5396,1428,11.44,471.69
RIFT VALLEY,MOLO,OLENGURUONE,SINENDET,AINAMOI,801,754,1555,332,7.74,200.97
RIFT VALLEY,MOLO,OLENGURUONE,SINENDET,KOISEGUT,557,576,1133,207,4.91,230.62
RIFT VALLEY,MOLO,OLENGURUONE,SINENDET,SINENDET,720,680,1400,289,6.98,200.57
RIFT VALLEY,NAIVASHA,ELEMENTAITA,KIAMBOGO,KIAMBOGO,6964,6967,13931,3206,134.34,103.7
RIFT VALLEY,NAIVASHA,ELEMENTAITA,KIAMBOGO,KONGASIS,4897,4734,9631,2309,279.78,34.42
RIFT VALLEY,NAIVASHA,ELEMENTAITA,MITI MINGI,ELEMENTAITA,6657,6916,13573,3337,78.81,172.22
RIFT VALLEY,NAIVASHA,GILGIL,GILGIL,EBURU,3394,3767,7161,1553,245.94,29.12
RIFT VALLEY,NAIVASHA,GILGIL,GILGIL,GILGIL,25498,22105,47603,11904,84.31,564.64
RIFT VALLEY,NAIVASHA,GILGIL,GILGIL,MBARUK,8097,8506,16603,4197,95.34,174.15
RIFT VALLEY,NAIVASHA,GILGIL,KARUNGA,KARUNGA,10850,10835,21685,5355,155.92,139.08
RIFT VALLEY,NAIVASHA,KONGONI,MAIELA,KONGONI,2054,2050,4104,1209,86.33,47.54
RIFT VALLEY,NAIVASHA,KONGONI,MAIELA,MAIELA,4416,4804,9220,2124,41.89,220.07
RIFT VALLEY,NAIVASHA,KONGONI,MOI NDABI,KIPKONYO,1289,1235,2524,612,122.39,20.62
RIFT VALLEY,NAIVASHA,KONGONI,MOI NDABI,MOI NDABI,1647,1605,3252,952,45.48,71.5
RIFT VALLEY,NAIVASHA,KONGONI,NDABIBI,NDABIBI,4527,3871,8398,2361,131.69,63.77
RIFT VALLEY,NAIVASHA,MAI MAHIU,LONGONOT,LONGONOT,2337,2378,4715,1096,151.53,31.12
RIFT VALLEY,NAIVASHA,MAI MAHIU,LONGONOT,MUNYU,4266,4484,8750,2027,38.77,225.67
RIFT VALLEY,NAIVASHA,MAI MAHIU,MAI MAHIU,KIJABE,10122,10108,20230,5658,104.04,194.44
RIFT VALLEY,NAIVASHA,MAI MAHIU,MAI MAHIU,SATELITE,2557,2294,4851,880,288.53,16.81
RIFT VALLEY,NAIVASHA,NAIVASHA,HELLS GATE,MIRERA,19554,19655,39209,12953,91.16,430.09
RIFT VALLEY,NAIVASHA,NAIVASHA,HELLS GATE,OLKARIA,13011,12426,25437,9194,345.53,73.62
RIFT VALLEY,NAIVASHA,NAIVASHA,KARATI,GATAMAIYU,2465,2449,4914,1199,83.57,58.8
RIFT VALLEY,NAIVASHA,NAIVASHA,KARATI,KARATI,5094,3208,8302,1409,37.56,221.04
RIFT VALLEY,NAIVASHA,NAIVASHA,LAKE VIEW,LAKE VIEW,9950,10132,20082,6714,16.55,1213.15
RIFT VALLEY,NAIVASHA,NAIVASHA,MALEWA,TARAMBETE,4432,4267,8699,2845,152.9,56.89
RIFT VALLEY,NAIVASHA,NAIVASHA,NAIVASHA EAST,KINAMBA,4504,4631,9135,2314,34.25,266.74
RIFT VALLEY,NAIVASHA,NAIVASHA,NAIVASHA EAST,MARAINGUSHU,5996,6138,12134,2807,52.07,233.03
RIFT VALLEY,NAIVASHA,NAIVASHA,NAIVASHA EAST,MUNUNGA,3187,3370,6557,1446,30.12,217.68
RIFT VALLEY,NAIVASHA,NAIVASHA,NAIVASHA TOWN,SOKONI,22317,23226,45543,15657,105.81,430.43
RIFT VALLEY,NAKURU,BARUTI,BARUTI,BARUTI,1427,1392,2819,639,2.99,944.33
RIFT VALLEY,NAKURU,BARUTI,BARUTI,KELELWET,864,811,1675,342,7.78,215.24
RIFT VALLEY,NAKURU,BARUTI,BARUTI,PARKVIEW,1226,1061,2287,503,6.59,347.17
RIFT VALLEY,NAKURU,BARUTI,KAPKURES,INGOBOR,996,787,1783,362,12.56,141.98
RIFT VALLEY,NAKURU,BARUTI,KAPKURES,LALWET,961,975,1936,398,4.55,425.06
RIFT VALLEY,NAKURU,BARUTI,KAPKURES,MOGOON,2630,2607,5237,1213,8.88,589.43
RIFT VALLEY,NAKURU,KAMPI YA MOTO,KAMPI YA MOTO,KAMPI YA MOTO,1508,1515,3023,806,13.46,224.57
RIFT VALLEY,NAKURU,KAMPI YA MOTO,KAMPI YA MOTO,KAPSETEK,1011,960,1971,403,35.54,55.46
RIFT VALLEY,NAKURU,KAMPI YA MOTO,MAKONGENI,ATHINAI,2840,2695,5535,1264,52.36,105.71
RIFT VALLEY,NAKURU,KAMPI YA MOTO,MAKONGENI,LOMOLO,2494,2202,4696,1313,68.44,68.62
RIFT VALLEY,NAKURU,KAMPI YA MOTO,MAKUTANO,MAKUTANO,1252,1183,2435,505,24.94,97.63
RIFT VALLEY,NAKURU,KAMPI YA MOTO,MAKUTANO,MOROP,1358,1295,2653,605,33.28,79.72
RIFT VALLEY,NAKURU,KAMPI YA MOTO,OL RONGAI,BARINA,803,782,1585,336,23.63,67.08
RIFT VALLEY,NAKURU,KAMPI YA MOTO,OL RONGAI,MENENGAI,2856,2570,5426,1324,48.2,112.58
RIFT VALLEY,NAKURU,LAKE NAKURU NAT. PARK,LAKE NAKURU NAT. PARK,LAKE NAKURU NAT. PARK,388,235,623,87,178.18,3.5
RIFT VALLEY,NAKURU,LANET,FREE AREA,FREE AREA,8023,8096,16119,5070,2.46,6551.64
RIFT VALLEY,NAKURU,LANET,FREE AREA,KIRATINA,7312,6942,14254,4239,4.06,3509.2
RIFT VALLEY,NAKURU,LANET,FREE AREA,MENENGAI,8892,9780,18672,5139,6.87,2716.36
RIFT VALLEY,NAKURU,LANET,LANET,KIAMUNYEKI,2644,1823,4467,793,4.97,899.3
RIFT VALLEY,NAKURU,LANET,LANET,MUGUGA,2445,2427,4872,1370,2.88,1694.08
RIFT VALLEY,NAKURU,LANET,LANET,MWARIKI B,4782,5155,9937,2486,15.46,642.86
RIFT VALLEY,NAKURU,MBOGOINI,MANYATTA,SIMBOIYON,2015,2067,4082,823,24,170.08
RIFT VALLEY,NAKURU,MBOGOINI,MANYATTA,WIUMIRIRIE,1530,1538,3068,637,21.48,142.8
RIFT VALLEY,NAKURU,MBOGOINI,MWITETHIA,GITUNDAGA,1793,1827,3620,828,35.65,101.54
RIFT VALLEY,NAKURU,MBOGOINI,MWITETHIA,KOISAMO,1463,1401,2864,622,49.08,58.35
RIFT VALLEY,NAKURU,MBOGOINI,WASEGES,LARI,2753,2896,5649,1227,33.41,169.07
RIFT VALLEY,NAKURU,MBOGOINI,WASEGES,NYAMAMITHI,1197,1257,2454,573,41.44,59.22
RIFT VALLEY,NAKURU,MUNICIPALITY,BONDENI,AFRAHA,8916,9922,18838,5162,2.92,6456.01
RIFT VALLEY,NAKURU,MUNICIPALITY,BONDENI,BAHARINI,8354,8724,17078,4829,2.62,6506.4
RIFT VALLEY,NAKURU,MUNICIPALITY,BONDENI,KIVUMBINI,10221,10353,20574,6148,2.2,9347.99
RIFT VALLEY,NAKURU,MUNICIPALITY,BONDENI,LANGALANGA,14990,16743,31733,9674,1.68,18889.81
RIFT VALLEY,NAKURU,MUNICIPALITY,BONDENI,MILIMANI,3222,3210,6432,1640,10.2,630.63
RIFT VALLEY,NAKURU,MUNICIPALITY,KAPTEMBWO,GITHIMA,8653,9336,17989,5182,2.36,7634.43
RIFT VALLEY,NAKURU,MUNICIPALITY,KAPTEMBWO,KAPTEMBWO,38013,32339,70352,23200,5.13,13709.56
RIFT VALLEY,NAKURU,MUNICIPALITY,KAPTEMBWO,MWARIKI,12045,12551,24596,8022,1.11,22146.59
RIFT VALLEY,NAKURU,MUNICIPALITY,VIWANDA,LONDON,7500,5455,12955,3315,6.27,2065.17
RIFT VALLEY,NAKURU,MUNICIPALITY,VIWANDA,VIWANDA,2061,2135,4196,1297,4.44,946
RIFT VALLEY,NAKURU,NGATA,KIAMUNYI,MERCY NJERI,2870,2845,5715,1544,37.64,151.83
RIFT VALLEY,NAKURU,NGATA,KIAMUNYI,OLIVE,3179,3289,6468,1671,13.2,490.03
RIFT VALLEY,NAKURU,NGATA,MENENGAI,KAMUGEI,1914,1873,3787,884,18.64,203.16
RIFT VALLEY,NAKURU,NGATA,MENENGAI,MANGU,3268,3217,6485,1707,38.7,167.59
RIFT VALLEY,NAKURU,NGATA,NGATA,KIROBON,1552,1563,3115,785,21.12,147.48
RIFT VALLEY,NAKURU,NGATA,NGATA,NGATA,1878,1666,3544,964,18.7,189.47
RIFT VALLEY,NAKURU,NGATA,OGILGEI,MILIMANI,834,766,1600,390,29.9,53.51
RIFT VALLEY,NAKURU,NGATA,OGILGEI,OGILGEI,2043,1913,3956,879,12.63,313.33
RIFT VALLEY,NAKURU,NGATA,PIAVE,MIGAA,2210,2296,4506,1004,8.54,527.46
RIFT VALLEY,NAKURU,NGATA,PIAVE,SUBUKU,1089,1084,2173,468,6.32,344.1
RIFT VALLEY,NAKURU,RONGAI,BOROR,CHEPSEON,4090,4102,8192,2296,14.59,561.58
RIFT VALLEY,NAKURU,RONGAI,BOROR,MATUIKU,1225,1172,2397,542,17.69,135.51
RIFT VALLEY,NAKURU,RONGAI,LENGENET,BOITO,948,842,1790,445,26.87,66.61
RIFT VALLEY,NAKURU,RONGAI,LENGENET,LENGENET,2931,2934,5865,1207,26.71,219.56
RIFT VALLEY,NAKURU,RONGAI,LENGENET,MORICHO,2025,1897,3922,839,20.22,193.98
RIFT VALLEY,NAKURU,RONGAI,RONGAI,GICHEHA,1469,1324,2793,856,35.78,78.06
RIFT VALLEY,NAKURU,RONGAI,RONGAI,UMOJA,1700,1680,3380,988,22.28,151.73
RIFT VALLEY,NAKURU,RONGAI,SUMMEK,MIMWAITA,718,752,1470,333,12.37,118.88
RIFT VALLEY,NAKURU,RONGAI,SUMMEK,SUMMEK,1351,1422,2773,619,19.17,144.68
RIFT VALLEY,NAKURU,RONGAI,VISOI,KANDUTURA,2835,2921,5756,1324,22.95,250.81
RIFT VALLEY,NAKURU,RONGAI,VISOI,KAPKWEN,2426,2413,4839,1118,36.54,132.42
RIFT VALLEY,NAKURU,SOLAI,BANITA,KOKWOMOI,2013,1883,3896,891,32.1,121.37
RIFT VALLEY,NAKURU,SOLAI,BANITA,MAJANI MINGI,1159,1039,2198,554,22.32,98.49
RIFT VALLEY,NAKURU,SOLAI,MAJI TAMU,CHEMAMIS,1352,1470,2822,545,23.51,120.01
RIFT VALLEY,NAKURU,SOLAI,MAJI TAMU,MARANGISHU,1125,1158,2283,444,15.62,146.16
RIFT VALLEY,NAKURU,SOLAI,RUYOBEI,ARUSTO,979,1009,1988,349,26.91,73.89
RIFT VALLEY,NAKURU,SOLAI,RUYOBEI,LOWER SOLAI,1855,1923,3778,679,36.73,102.87
RIFT VALLEY,NAKURU,SOLAI,SOLAI,ARUTAN,1373,1305,2678,593,27.51,97.33
RIFT VALLEY,NAKURU,SOLAI,SOLAI,NYADUNDO,3687,3595,7282,1770,32.87,221.54
RIFT VALLEY,NAKURU,SOLAI,SOLAI,RUIRU,1694,1658,3352,777,15.09,222.13
RIFT VALLEY,NAKURU NORTH,BAHATI,BAHATI,BAHATI,4911,5502,10413,2663,15.9,655.06
RIFT VALLEY,NAKURU NORTH,BAHATI,BAHATI,CHANIA,2916,3015,5931,1283,27.31,217.16
RIFT VALLEY,NAKURU NORTH,BAHATI,BAHATI,MUTUKANIO,3944,4195,8139,1799,14.08,578.06
RIFT VALLEY,NAKURU NORTH,BAHATI,KABATINI,KABATINI,8776,9161,17937,4189,20.39,879.76
RIFT VALLEY,NAKURU NORTH,BAHATI,KABATINI,THAYU,2851,2879,5730,1352,17.98,318.6
RIFT VALLEY,NAKURU NORTH,BAHATI,KABATINI,WENDO,2910,3052,5962,1395,23.66,252.02
RIFT VALLEY,NAKURU NORTH,BAHATI,KIAMAINA,KIAMAINA,5585,5742,11327,3040,43.79,258.69
RIFT VALLEY,NAKURU NORTH,BAHATI,KIAMAINA,RURII,5114,5268,10382,2738,5.5,1886.06
RIFT VALLEY,NAKURU NORTH,BAHATI,KIAMAINA,WORKERS,4572,5064,9636,2661,2.83,3409.65
RIFT VALLEY,NAKURU NORTH,BAHATI,NDUNGIRI /KIRIMA,KIRIMA,2570,2545,5115,1122,29.85,171.35
RIFT VALLEY,NAKURU NORTH,BAHATI,NDUNGIRI /KIRIMA,NDUNGIRI,2103,2071,4174,1022,46.71,89.35
RIFT VALLEY,NAKURU NORTH,BAHATI,NDUNGIRI /KIRIMA,WANYORORO,3229,3253,6482,1523,21.23,305.36
RIFT VALLEY,NAKURU NORTH,DUNDORI,DUNDORI,DUNDORI,3695,3909,7604,1908,26.11,291.26
RIFT VALLEY,NAKURU NORTH,DUNDORI,DUNDORI,GITHIORO,2973,3187,6160,1513,12.49,493.39
RIFT VALLEY,NAKURU NORTH,DUNDORI,DUNDORI,MUGWATHI,5119,5433,10552,2361,16.3,647.48
RIFT VALLEY,NAKURU NORTH,DUNDORI,LANET / UMOJA,MERERONI,3758,3739,7497,1888,33.66,222.73
RIFT VALLEY,NAKURU NORTH,DUNDORI,LANET / UMOJA,MURUYU,9881,10633,20514,5068,16.53,1241.06
RIFT VALLEY,NAKURU NORTH,KABAZI,KABAZI,KABAZI,3268,3545,6813,1567,13.01,523.84
RIFT VALLEY,NAKURU NORTH,KABAZI,KABAZI,MAGOMANO,2159,2373,4532,1007,22.43,202.06
RIFT VALLEY,NAKURU NORTH,KABAZI,KABAZI,MUNANDA,4137,4231,8368,1874,29.41,284.55
RIFT VALLEY,NAKURU NORTH,KABAZI,KABAZI,RUGONGO,3951,4204,8155,1855,77.51,105.21
RIFT VALLEY,NAKURU NORTH,SUBUKIA,SUBUKIA,ARASHI,3240,3319,6559,1437,15.78,415.64
RIFT VALLEY,NAKURU NORTH,SUBUKIA,SUBUKIA,SUBUKIA EAST,4381,4849,9230,2559,7.02,1314.59
RIFT VALLEY,NAKURU NORTH,SUBUKIA,SUBUKIA,TETU,1821,1732,3553,866,14.47,245.5
RIFT VALLEY,NAKURU NORTH,SUBUKIA,SUBUKIA CENTRAL,KIANOE,1481,1486,2967,677,12.82,231.47
RIFT VALLEY,NAKURU NORTH,SUBUKIA,SUBUKIA CENTRAL,MIHANGO,1832,1875,3707,833,11.94,310.48
RIFT VALLEY,NAKURU NORTH,SUBUKIA,SUBUKIA CENTRAL,WEI,2139,2113,4252,1024,14.62,290.88
RIFT VALLEY,NANDI CENTRAL,KAPSABET,CHEMUNDU,BARATON,7054,7115,14169,3092,38.2,370.96
RIFT VALLEY,NANDI CENTRAL,KAPSABET,CHEPKUMIA,CHEBOITE,4691,5015,9706,1917,23.02,421.64
RIFT VALLEY,NANDI CENTRAL,KAPSABET,CHEPKUMIA,CHEPKUMIA,5766,5811,11577,2367,63.97,180.97
RIFT VALLEY,NANDI CENTRAL,KAPSABET,KAMOBO,KAMOBO,4060,4010,8070,1821,37.73,213.87
RIFT VALLEY,NANDI CENTRAL,KAPSABET,KAMOBO,KAMURGUIWA,1965,2029,3994,908,8.25,483.85
RIFT VALLEY,NANDI CENTRAL,KAPSABET,KAMOIYWO,KAMOIYWO,1502,1476,2978,565,10.88,273.73
RIFT VALLEY,NANDI CENTRAL,KAPSABET,KAMOIYWO,KIMNGERU,2357,2326,4683,838,19.32,242.38
RIFT VALLEY,NANDI CENTRAL,KAPSABET,KAMOIYWO,SANIAK,1758,1760,3518,632,18.69,188.21
RIFT VALLEY,NANDI CENTRAL,KAPSABET,KAPKANGANI,CHEPSONOI,3416,3831,7247,1572,9.92,730.2
RIFT VALLEY,NANDI CENTRAL,KAPSABET,KAPKANGANI,KIBORGOK,3750,3969,7719,1590,21.1,365.76
RIFT VALLEY,NANDI CENTRAL,KAPSABET,KAPKANGANI,TINDINYO,4454,4574,9028,1973,12.22,738.84
RIFT VALLEY,NANDI CENTRAL,KAPSABET,KAPSABET,KAPNGETUNY,3604,3636,7240,1942,5.86,1234.82
RIFT VALLEY,NANDI CENTRAL,KAPSABET,KAPSABET,KAPSABET TOWNSHIP,6868,6360,13228,3688,8.49,1558.14
RIFT VALLEY,NANDI CENTRAL,KAPSABET,KAPSISIYWA,CHEPKOBER,498,493,991,198,5.42,182.7
RIFT VALLEY,NANDI CENTRAL,KAPSABET,KAPSISIYWA,SIRONOI,411,368,779,153,2.73,285.41
RIFT VALLEY,NANDI CENTRAL,KAPSABET,KAPSISIYWA,TALAI,968,940,1908,348,8.24,231.65
RIFT VALLEY,NANDI CENTRAL,KAPSABET,KAPTEL,KAPTEL,3893,3699,7592,1459,34.49,220.09
RIFT VALLEY,NANDI CENTRAL,KAPSABET,KAPTILDIL,KAPTILDIL,2152,2069,4221,863,18.11,233.08
RIFT VALLEY,NANDI CENTRAL,KAPSABET,KIMINDA,KIMINDA,2664,2566,5230,1007,13.53,386.51
RIFT VALLEY,NANDI CENTRAL,KAPSABET,KIMINDA,MESWO,4384,5050,9434,2011,14.71,641.44
RIFT VALLEY,NANDI CENTRAL,KAPSABET,KIPTUIYA,KAPCHORWA,5460,5950,11410,2309,36.55,312.15
RIFT VALLEY,NANDI CENTRAL,KAPSABET,KIPTUIYA,KAPTOBONGEN,3234,3459,6693,1461,13.4,499.4
RIFT VALLEY,NANDI CENTRAL,KAPSABET,KIPTUIYA,KIPTUIYA,3193,3583,6776,1429,21.4,316.7
RIFT VALLEY,NANDI CENTRAL,KAPSABET,KOMBE,KOMBE,4541,4385,8926,1787,49.84,179.1
RIFT VALLEY,NANDI CENTRAL,KILIBWONI,ARWOS,ARWOS,909,864,1773,336,6.28,282.41
RIFT VALLEY,NANDI CENTRAL,KILIBWONI,ARWOS,KAPTENDON,705,732,1437,265,3.79,379.37
RIFT VALLEY,NANDI CENTRAL,KILIBWONI,ARWOS,TIRYO,996,979,1975,347,4.9,403.25
RIFT VALLEY,NANDI CENTRAL,KILIBWONI,KABIRIRSANG,CHESUWE,874,855,1729,385,3.71,465.45
RIFT VALLEY,NANDI CENTRAL,KILIBWONI,KABIRIRSANG,KABIRIRSANG,695,709,1404,249,3.97,353.41
RIFT VALLEY,NANDI CENTRAL,KILIBWONI,KABIRIRSANG,UNDERIT,680,626,1306,250,3.23,404.51
RIFT VALLEY,NANDI CENTRAL,KILIBWONI,KAPLAMAI,KAPCHEMOIYWO,951,1025,1976,405,5.09,387.95
RIFT VALLEY,NANDI CENTRAL,KILIBWONI,KAPLAMAI,KAPLAMAI,935,964,1899,336,4.79,396.09
RIFT VALLEY,NANDI CENTRAL,KILIBWONI,KAPLAMAI,KAPSUMBEIYWO,725,768,1493,300,4.58,326.3
RIFT VALLEY,NANDI CENTRAL,KILIBWONI,KAPLAMAI,KAPTAGUNYO,652,639,1291,234,5.16,250.07
RIFT VALLEY,NANDI CENTRAL,KILIBWONI,KILIBWONI,KAPLONYO,730,708,1438,259,5.6,256.58
RIFT VALLEY,NANDI CENTRAL,KILIBWONI,KILIBWONI,KAPNYEBERAI,1037,1140,2177,421,7.76,280.46
RIFT VALLEY,NANDI CENTRAL,KILIBWONI,KILIBWONI,KILIBWONI,1026,978,2004,413,6.88,291.22
RIFT VALLEY,NANDI CENTRAL,KILIBWONI,KIPSIGAK,KAPKERUGE,692,725,1417,266,3.66,387.01
RIFT VALLEY,NANDI CENTRAL,KILIBWONI,KIPSIGAK,KIPSIGAK,1181,1011,2192,447,4.74,462
RIFT VALLEY,NANDI CENTRAL,KILIBWONI,KIPSIGAK,KIPSITOI,1164,1166,2330,492,5.8,401.95
RIFT VALLEY,NANDI CENTRAL,KILIBWONI,KIPTURE,IRIMIS,691,702,1393,300,3.33,418.39
RIFT VALLEY,NANDI CENTRAL,KILIBWONI,KIPTURE,KIMAAM,754,743,1497,316,2.79,536.92
RIFT VALLEY,NANDI CENTRAL,KILIBWONI,KIPTURE,KIPTURE,1455,1419,2874,554,7.14,402.71
RIFT VALLEY,NANDI CENTRAL,KILIBWONI,LOLMININGAI,KABORE,677,719,1396,260,5.33,261.96
RIFT VALLEY,NANDI CENTRAL,KILIBWONI,LOLMININGAI,KIPLOLOK,741,763,1504,274,7.93,189.7
RIFT VALLEY,NANDI CENTRAL,KILIBWONI,LOLMININGAI,LOLMININGAI,597,580,1177,226,4.06,289.61
RIFT VALLEY,NANDI CENTRAL,KILIBWONI,LOLMININGAI,NDUBENETI,777,777,1554,297,7.79,199.51
RIFT VALLEY,NANDI CENTRAL,KILIBWONI,TERIGE,EMDIN,505,540,1045,194,3.57,292.81
RIFT VALLEY,NANDI CENTRAL,KILIBWONI,TERIGE,SONGOLIET,1082,1054,2136,405,7.98,267.8
RIFT VALLEY,NANDI CENTRAL,KILIBWONI,TERIGE,TERIGE,965,606,1571,250,3.75,418.81
RIFT VALLEY,NANDI CENTRAL,KILIBWONI,TULON,KAPCHESIR,746,757,1503,292,10.83,138.81
RIFT VALLEY,NANDI CENTRAL,KILIBWONI,TULON,KAPCHUMBA,545,595,1140,228,5.28,215.9
RIFT VALLEY,NANDI CENTRAL,KILIBWONI,TULON,KIPTENDEN,474,484,958,174,7.85,122.08
RIFT VALLEY,NANDI CENTRAL,KILIBWONI,TULON,TULON,613,643,1256,236,6.14,204.46
RIFT VALLEY,NANDI CENTRAL,KOSIRAI,CHEPTERIT,CHEPTERIT,1537,1528,3065,689,6.34,483.29
RIFT VALLEY,NANDI CENTRAL,KOSIRAI,CHEPTERIT,KAMONJIL,1618,1705,3323,678,6.4,518.98
RIFT VALLEY,NANDI CENTRAL,KOSIRAI,CHEPTERIT,SEGUT,1138,1573,2711,481,7.01,386.73
RIFT VALLEY,NANDI CENTRAL,KOSIRAI,KOSIRAI,BELEKENYA,777,768,1545,313,8.79,175.85
RIFT VALLEY,NANDI CENTRAL,KOSIRAI,KOSIRAI,KOSIRAI,1015,1193,2208,391,8.03,275.07
RIFT VALLEY,NANDI CENTRAL,KOSIRAI,KOSIRAI,NDAPTABWA,1091,1149,2240,466,8.08,277.29
RIFT VALLEY,NANDI EAST,NANDI HILLS,CHEBARUS,CHEBARUS,516,511,1027,206,2.56,401.93
RIFT VALLEY,NANDI EAST,NANDI HILLS,CHEBARUS,CHEBOIN,1320,1155,2475,641,6.91,358.28
RIFT VALLEY,NANDI EAST,NANDI HILLS,CHEBARUS,CHEPSANGOR,558,515,1073,220,6.83,157.09
RIFT VALLEY,NANDI EAST,NANDI HILLS,CHEBARUS,KIPTEGAT,546,486,1032,187,5.95,173.39
RIFT VALLEY,NANDI EAST,NANDI HILLS,CHEMILIL,CHEMILIL,1265,1127,2392,518,23.31,102.61
RIFT VALLEY,NANDI EAST,NANDI HILLS,CHEMILIL,KIMWANI,746,677,1423,337,24.39,58.35
RIFT VALLEY,NANDI EAST,NANDI HILLS,CHEMILIL,TAMBUL,938,1015,1953,387,12.65,154.36
RIFT VALLEY,NANDI EAST,NANDI HILLS,CHEMOMI,CHEMOMI,1147,1124,2271,566,7.61,298.55
RIFT VALLEY,NANDI EAST,NANDI HILLS,CHEMOMI,KIRONDIO,1171,998,2169,660,9.62,225.55
RIFT VALLEY,NANDI EAST,NANDI HILLS,CHEMOMI,SOIYET,959,830,1789,464,7.68,232.82
RIFT VALLEY,NANDI EAST,NANDI HILLS,CHEPSIRE,BARASENDU,1179,1107,2286,604,11.82,193.42
RIFT VALLEY,NANDI EAST,NANDI HILLS,CHEPSIRE,CHEPSIRE,1225,1134,2359,629,8.62,273.74
RIFT VALLEY,NANDI EAST,NANDI HILLS,CHEPTILILIK,CHEPTILILIK,626,592,1218,282,4.16,292.93
RIFT VALLEY,NANDI EAST,NANDI HILLS,CHEPTILILIK,KAPKOROS,533,558,1091,207,1.87,584.61
RIFT VALLEY,NANDI EAST,NANDI HILLS,CHEPTILILIK,KAPTIEN,564,615,1179,256,4.44,265.29
RIFT VALLEY,NANDI EAST,NANDI HILLS,KAPCHORWA,KAPCHORWA,1107,969,2076,539,5.86,354.39
RIFT VALLEY,NANDI EAST,NANDI HILLS,KAPCHORWA,KELBUI,1091,1047,2138,445,5.02,425.9
RIFT VALLEY,NANDI EAST,NANDI HILLS,KAPCHORWA,KIPKOROM,890,830,1720,454,5.35,321.31
RIFT VALLEY,NANDI EAST,NANDI HILLS,KAPCHORWA,SERENGONIK FOREST,3,4,7,2,107.31,0.07
RIFT VALLEY,NANDI EAST,NANDI HILLS,KAPCHORWA,SIRWA,1364,1288,2652,606,9.71,273.21
RIFT VALLEY,NANDI EAST,NANDI HILLS,KAPLELMET,KAPLELMET,957,924,1881,416,2.52,746.4
RIFT VALLEY,NANDI EAST,NANDI HILLS,KAPLELMET,KETBARAK,2715,2786,5501,1399,7.18,765.74
RIFT VALLEY,NANDI EAST,NANDI HILLS,KAPLELMET,KETENG,813,811,1624,334,3.35,484.63
RIFT VALLEY,NANDI EAST,NANDI HILLS,KAPLELMET,KIMOLONIK,564,612,1176,227,2.71,434.49
RIFT VALLEY,NANDI EAST,NANDI HILLS,KAPLELMET,MATEMA,418,456,874,154,2.81,310.51
RIFT VALLEY,NANDI EAST,NANDI HILLS,KAPSIMATWO,CHEMATICH,1139,1016,2155,429,11.18,192.68
RIFT VALLEY,NANDI EAST,NANDI HILLS,KAPSIMATWO,KAPSIMATWO,1905,1749,3654,831,10.81,338.16
RIFT VALLEY,NANDI EAST,NANDI HILLS,KAPSIMATWO,KIBWARENG,682,631,1313,313,5.92,221.87
RIFT VALLEY,NANDI EAST,NANDI HILLS,KIPSEBWO,KABOTE,388,357,745,174,2.41,309.23
RIFT VALLEY,NANDI EAST,NANDI HILLS,KIPSEBWO,KALEL,547,490,1037,251,2.85,363.74
RIFT VALLEY,NANDI EAST,NANDI HILLS,KIPSEBWO,KIPSEBWO,545,552,1097,257,1.48,739.87
RIFT VALLEY,NANDI EAST,NANDI HILLS,KOSOIYWO,KOSOIYWO,473,492,965,202,4.34,222.33
RIFT VALLEY,NANDI EAST,NANDI HILLS,KOSOIYWO,SAMOEI,501,522,1023,195,1.98,515.89
RIFT VALLEY,NANDI EAST,NANDI HILLS,KOSOIYWO,SINENDET,670,705,1375,312,1.73,793.19
RIFT VALLEY,NANDI EAST,NANDI HILLS,MOGOBICH,KIPKEIGEI,652,567,1219,299,11.8,103.27
RIFT VALLEY,NANDI EAST,NANDI HILLS,MOGOBICH,KIPKOIMET,1155,916,2071,551,8.82,234.76
RIFT VALLEY,NANDI EAST,NANDI HILLS,MOGOBICH,MOGOBICH,824,732,1556,389,12.96,120.03
RIFT VALLEY,NANDI EAST,NANDI HILLS,NANDI HILLS,KAPNGETUNY,2237,2083,4320,1374,1.31,3306.04
RIFT VALLEY,NANDI EAST,NANDI HILLS,NANDI HILLS,KIPSAMOO,0,0,0,0,3.64,0
RIFT VALLEY,NANDI EAST,NANDI HILLS,NANDI HILLS,TURURO,0,0,0,0,0.93,0
RIFT VALLEY,NANDI EAST,NANDI HILLS,SIRET,CHEPKOIYO,928,955,1883,428,5.85,321.74
RIFT VALLEY,NANDI EAST,NANDI HILLS,SIRET,CHEPTABACH,405,339,744,173,8.25,90.19
RIFT VALLEY,NANDI EAST,NANDI HILLS,SIRET,SIRET,1072,987,2059,518,8.26,249.27
RIFT VALLEY,NANDI EAST,NANDI HILLS,SIRET,TEMSO,1911,1899,3810,896,2.74,1388.48
RIFT VALLEY,NANDI EAST,NANDI HILLS,TAITO,KAPKEMBUR,361,381,742,141,3.44,215.68
RIFT VALLEY,NANDI EAST,NANDI HILLS,TAITO,KIPCHAMO,2086,1824,3910,994,7.25,539.52
RIFT VALLEY,NANDI EAST,NANDI HILLS,TAITO,TAITO,488,463,951,227,2.32,410.67
RIFT VALLEY,NANDI EAST,NANDI HILLS,TARTAR,KAPKORIO,1680,1452,3132,882,8.48,369.45
RIFT VALLEY,NANDI EAST,NANDI HILLS,TARTAR,TARTAR,1084,932,2016,556,8.18,246.46
RIFT VALLEY,NANDI EAST,OLLESSOS,CHEPKUNYUK,CHEPKUNYUK,1468,1400,2868,678,4.32,663.29
RIFT VALLEY,NANDI EAST,OLLESSOS,CHEPKUNYUK,KAPCHURYAI,775,785,1560,295,5.4,289.07
RIFT VALLEY,NANDI EAST,OLLESSOS,CHEPKUNYUK,KIPSERGECH,285,273,558,111,0.92,606.32
RIFT VALLEY,NANDI EAST,OLLESSOS,CHEPKUNYUK,NDUROTO,335,365,700,133,1.89,370.19
RIFT VALLEY,NANDI EAST,OLLESSOS,KIBABET,KIBABET,324,325,649,133,2.4,269.96
RIFT VALLEY,NANDI EAST,OLLESSOS,KIBABET,KIBIOK,191,222,413,96,1.34,308.12
RIFT VALLEY,NANDI EAST,OLLESSOS,KIBABET,KIPKOROR,1037,1067,2104,383,4.77,440.74
RIFT VALLEY,NANDI EAST,OLLESSOS,KOILOT,CHEPNGETUNY,457,441,898,204,2.89,310.28
RIFT VALLEY,NANDI EAST,OLLESSOS,KOILOT,CHEPTUINGENY,1149,1162,2311,519,9.1,253.92
RIFT VALLEY,NANDI EAST,OLLESSOS,KOILOT,KEBEN,1567,1527,3094,577,10.73,288.39
RIFT VALLEY,NANDI EAST,OLLESSOS,KOILOT,KOILOT,1103,1066,2169,424,8.37,259.01
RIFT VALLEY,NANDI EAST,OLLESSOS,KOILOT,SIGIRAI,1139,1104,2243,494,10.1,222.06
RIFT VALLEY,NANDI EAST,OLLESSOS,LELWAK,LELWAK,941,963,1904,407,6.72,283.14
RIFT VALLEY,NANDI EAST,OLLESSOS,LELWAK,OLDOLDOL,455,471,926,185,1.82,508.43
RIFT VALLEY,NANDI EAST,OLLESSOS,LELWAK,TIGITYO,379,389,768,146,4.05,189.49
RIFT VALLEY,NANDI EAST,OLLESSOS,OLLESSOS,KAPKORIO,604,568,1172,271,2.29,510.76
RIFT VALLEY,NANDI EAST,OLLESSOS,OLLESSOS,MOGOON,719,705,1424,301,3.48,408.98
RIFT VALLEY,NANDI EAST,OLLESSOS,OLLESSOS,OLLESSOS,1012,946,1958,439,4.74,413.47
RIFT VALLEY,NANDI EAST,OLLESSOS,SIWO,CHEBILAT,731,674,1405,258,2.84,494.7
RIFT VALLEY,NANDI EAST,OLLESSOS,SIWO,CHOIMIM,658,668,1326,244,3.87,342.48
RIFT VALLEY,NANDI EAST,OLLESSOS,SIWO,SIWO,346,373,719,134,1.66,433.71
RIFT VALLEY,NANDI EAST,OLLESSOS,SOCHOI,LOLDUGA,971,927,1898,370,9.18,206.8
RIFT VALLEY,NANDI EAST,OLLESSOS,SOCHOI,SOCHOI,1099,1130,2229,437,6.98,319.41
RIFT VALLEY,NANDI NORTH,KABIYET,KABISAGA,CHEPKOIYO,3066,3061,6127,1135,23.07,265.54
RIFT VALLEY,NANDI NORTH,KABIYET,KABISAGA,CHEPTIL,2606,2457,5063,997,21.54,235.09
RIFT VALLEY,NANDI NORTH,KABIYET,KABISAGA,KABISAGA,2345,2445,4790,956,19.4,246.94
RIFT VALLEY,NANDI NORTH,KABIYET,KABIYET,CHEPTUIYET,1795,1887,3682,717,13.49,272.97
RIFT VALLEY,NANDI NORTH,KABIYET,KABIYET,KABIYET T/SHIP,1549,1577,3126,763,8.4,371.98
RIFT VALLEY,NANDI NORTH,KABIYET,KABIYET,NDULELE,1141,1136,2277,467,10.37,219.57
RIFT VALLEY,NANDI NORTH,KABIYET,KAMASIA,KAMASIA,909,923,1832,370,7.41,247.26
RIFT VALLEY,NANDI NORTH,KABIYET,KAMASIA,KAPKAGARON,1171,1172,2343,484,8.64,271.11
RIFT VALLEY,NANDI NORTH,KABIYET,KEBULONIK,CHEPLELAIBEI,1341,1231,2572,484,9.01,285.6
RIFT VALLEY,NANDI NORTH,KABIYET,KEBULONIK,KEBULONIK,2465,2507,4972,905,19.42,255.97
RIFT VALLEY,NANDI NORTH,KABIYET,KEBULONIK,RUBET,1200,1291,2491,461,14.33,173.82
RIFT VALLEY,NANDI NORTH,KABIYET,LOLKERINGET,CHEMNOET,953,962,1915,375,4.9,390.74
RIFT VALLEY,NANDI NORTH,KABIYET,LOLKERINGET,KAIBOI,1650,1674,3324,679,12.33,269.67
RIFT VALLEY,NANDI NORTH,KABIYET,LOLKERINGET,KOISOLIK,765,755,1520,274,4.7,323.47
RIFT VALLEY,NANDI NORTH,KABIYET,LOLKERINGET,LOLKERINGET,1333,1345,2678,526,16.6,161.34
RIFT VALLEY,NANDI NORTH,KABIYET,SANGALO,KAMWEGA,3558,3565,7123,1423,44.4,160.44
RIFT VALLEY,NANDI NORTH,KABIYET,SANGALO,KIPSAMOITE,1839,1782,3621,686,28.39,127.55
RIFT VALLEY,NANDI NORTH,KABIYET,SANGALO,SANGALO,1561,1541,3102,570,19.83,156.4
RIFT VALLEY,NANDI NORTH,KIPKAREN,CHEPTERWAI,CHEPTERWAI,899,835,1734,368,5.3,327.35
RIFT VALLEY,NANDI NORTH,KIPKAREN,CHEPTERWAI,CHEPTUNON,908,907,1815,353,7.2,252.1
RIFT VALLEY,NANDI NORTH,KIPKAREN,CHEPTERWAI,TERESIA,832,800,1632,286,7.59,215.01
RIFT VALLEY,NANDI NORTH,KIPKAREN,KABIEMET,KABIEMET,1729,1922,3651,722,15.98,228.4
RIFT VALLEY,NANDI NORTH,KIPKAREN,KABIEMET,KAPKATET,756,745,1501,281,6.55,229.26
RIFT VALLEY,NANDI NORTH,KIPKAREN,KABIEMET,KAPLEMUR,1239,1158,2397,460,11.18,214.3
RIFT VALLEY,NANDI NORTH,KIPKAREN,KAMASAI,CHEPTILIL,1170,1139,2309,437,9.81,235.35
RIFT VALLEY,NANDI NORTH,KIPKAREN,KAMASAI,KAMASAI,2136,2305,4441,840,12.04,368.74
RIFT VALLEY,NANDI NORTH,KIPKAREN,KAMASAI,SOIMINING,958,960,1918,357,10.51,182.44
RIFT VALLEY,NANDI NORTH,KIPKAREN,KAPKOIMUR,KAPKENYELOI,602,610,1212,224,3.62,334.96
RIFT VALLEY,NANDI NORTH,KIPKAREN,KAPKOIMUR,KAPKOIMUR,1156,1176,2332,463,10.86,214.79
RIFT VALLEY,NANDI NORTH,KIPKAREN,KAPTICH,KAMUNGEI,1262,1291,2553,493,11.74,217.38
RIFT VALLEY,NANDI NORTH,KIPKAREN,KAPTICH,KAPSABAOT,941,962,1903,377,8.73,218.09
RIFT VALLEY,NANDI NORTH,KIPKAREN,KAPTICH,KAPTICH,740,729,1469,276,5.76,254.84
RIFT VALLEY,NANDI NORTH,KIPKAREN,KIPKAREN,CHEPKEMEL,1472,1461,2933,561,14.53,201.81
RIFT VALLEY,NANDI NORTH,KIPKAREN,KIPKAREN,KAPSERTON,1130,1089,2219,459,12.89,172.1
RIFT VALLEY,NANDI NORTH,KIPKAREN,KIPKAREN,KIPKAREN,1185,1240,2425,435,12.91,187.91
RIFT VALLEY,NANDI NORTH,KIPKAREN,KIPKAREN,LABORET,2205,2223,4428,876,18.54,238.81
RIFT VALLEY,NANDI NORTH,KIPKAREN,KIPKAREN,NGENYILEL,981,1005,1986,368,10.16,195.53
RIFT VALLEY,NANDI NORTH,KIPKAREN,KIPNGOROR,KIPNGOROR,750,801,1551,328,6.35,244.29
RIFT VALLEY,NANDI NORTH,KIPKAREN,KIPNGOROR,KOIBAN,760,808,1568,280,8.87,176.77
RIFT VALLEY,NANDI NORTH,KIPKAREN,KURGUNG,KURGUNG,2088,2081,4169,798,15.92,261.93
RIFT VALLEY,NANDI NORTH,KIPKAREN,KURGUNG,SARORA,2591,2565,5156,985,24.89,207.19
RIFT VALLEY,NANDI NORTH,KIPKAREN,NDALAT,KAIGAT,1965,1977,3942,744,13.6,289.91
RIFT VALLEY,NANDI NORTH,KIPKAREN,NDALAT,LEMOOK,1318,1340,2658,527,12.91,205.82
RIFT VALLEY,NANDI NORTH,KIPKAREN,NDALAT,NDALAT,1260,1327,2587,512,9.95,259.9
RIFT VALLEY,NANDI NORTH,KIPKAREN,SURUNGAI,NGOROIN,386,387,773,178,3.35,230.78
RIFT VALLEY,NANDI NORTH,KIPKAREN,SURUNGAI,SURUNGAI,906,873,1779,344,8.78,202.6
RIFT VALLEY,NANDI NORTH,KOSIRAI,BIRIBIRIET,BIRIBIRIET,783,762,1545,334,6.72,229.75
RIFT VALLEY,NANDI NORTH,KOSIRAI,BIRIBIRIET,NDONYONGARIA,475,523,998,199,5.17,193.19
RIFT VALLEY,NANDI NORTH,KOSIRAI,ITIGO,AINAPMOI,698,694,1392,270,9.43,147.67
RIFT VALLEY,NANDI NORTH,KOSIRAI,ITIGO,ITIGO,623,633,1256,267,8.19,153.28
RIFT VALLEY,NANDI NORTH,KOSIRAI,ITIGO,KIBOSWA,699,703,1402,280,6.55,214.14
RIFT VALLEY,NANDI NORTH,KOSIRAI,KOKWET,KOKWET,1047,981,2028,369,8.68,233.52
RIFT VALLEY,NANDI NORTH,KOSIRAI,KOKWET,TEBESON,949,912,1861,355,6.89,270.11
RIFT VALLEY,NANDI NORTH,KOSIRAI,LELMOKWO,KIPKONGORWA,787,731,1518,284,6.33,239.76
RIFT VALLEY,NANDI NORTH,KOSIRAI,LELMOKWO,LELMOKWO,934,744,1678,334,8.01,209.6
RIFT VALLEY,NANDI NORTH,KOSIRAI,MUTWOT,CHEPTARIT,2023,2056,4079,954,7.66,532.38
RIFT VALLEY,NANDI NORTH,KOSIRAI,MUTWOT,MOSORIOT,491,499,990,194,3.64,271.76
RIFT VALLEY,NANDI NORTH,KOSIRAI,MUTWOT,MUTWOT,2235,2375,4610,904,26.49,174.03
RIFT VALLEY,NANDI NORTH,KOSIRAI,NGECHEK,KIPCHUNU,481,474,955,175,4.98,191.81
RIFT VALLEY,NANDI NORTH,KOSIRAI,NGECHEK,LELBOINET,690,711,1401,252,6.2,226.09
RIFT VALLEY,NANDI NORTH,KOSIRAI,NGECHEK,MATEGET,787,762,1549,283,10.53,147.04
RIFT VALLEY,NANDI NORTH,KOSIRAI,NGECHEK,NGECHEK,1259,1261,2520,431,10.56,238.63
RIFT VALLEY,NANDI NORTH,KOSIRAI,SIGOT,CHEPKATET,390,389,779,144,4.68,166.33
RIFT VALLEY,NANDI NORTH,KOSIRAI,SIGOT,SIGOT,1161,1109,2270,453,10.08,225.25
RIFT VALLEY,NANDI SOUTH,ALDAI,BONJOGE,CHEPKUNY,365,348,713,121,2.5,285.23
RIFT VALLEY,NANDI SOUTH,ALDAI,BONJOGE,KAPKEBEN,912,938,1850,319,8.07,229.14
RIFT VALLEY,NANDI SOUTH,ALDAI,BONJOGE,KENYOR,816,827,1643,266,6.9,238.27
RIFT VALLEY,NANDI SOUTH,ALDAI,BONJOGE,KERERI,447,445,892,159,3.43,259.82
RIFT VALLEY,NANDI SOUTH,ALDAI,CHEBILAT,CHEBILAT,1439,1554,2993,574,7.39,404.79
RIFT VALLEY,NANDI SOUTH,ALDAI,CHEBILAT,CHEPKETEMON,1520,1595,3115,656,11.95,260.57
RIFT VALLEY,NANDI SOUTH,ALDAI,CHEBILAT,KAPSAGAWAT,859,902,1761,305,4.1,429.75
RIFT VALLEY,NANDI SOUTH,ALDAI,CHEBILAT,KIPTARUSWO,1455,1509,2964,567,5.68,521.78
RIFT VALLEY,NANDI SOUTH,ALDAI,CHEMASE,CHEMURSOI,549,523,1072,217,10.1,106.15
RIFT VALLEY,NANDI SOUTH,ALDAI,CHEMASE,KAPKUONG,799,791,1590,302,17.58,90.46
RIFT VALLEY,NANDI SOUTH,ALDAI,CHEMASE,KIBIGONG,1903,1868,3771,756,23.05,163.58
RIFT VALLEY,NANDI SOUTH,ALDAI,CHEMASE,KIBISEM,1209,1069,2278,466,16.71,136.34
RIFT VALLEY,NANDI SOUTH,ALDAI,KAPKERER,KAPKERER,3052,3234,6286,1299,12.67,496.07
RIFT VALLEY,NANDI SOUTH,ALDAI,KAPKOLEI,KAPKOLEI,738,734,1472,272,7.61,193.5
RIFT VALLEY,NANDI SOUTH,ALDAI,KAPKOLEI,KIMOLWO,637,606,1243,234,4.43,280.69
RIFT VALLEY,NANDI SOUTH,ALDAI,KAPKOLEI,URWOGOI,768,774,1542,285,5.87,262.58
RIFT VALLEY,NANDI SOUTH,ALDAI,KAPKURES,CHEPKURGUNG,1244,1360,2604,493,7.19,361.94
RIFT VALLEY,NANDI SOUTH,ALDAI,KAPKURES,KAPSAMOCH,1239,1247,2486,448,4.27,582.35
RIFT VALLEY,NANDI SOUTH,ALDAI,KAPKURES,KESENGEI,1416,1347,2763,527,14.03,197
RIFT VALLEY,NANDI SOUTH,ALDAI,KEMELOI,CHEBARA,3836,4158,7994,1555,13.49,592.74
RIFT VALLEY,NANDI SOUTH,ALDAI,KEMELOI,KOIBARAK,4738,4977,9715,1921,12.8,758.79
RIFT VALLEY,NANDI SOUTH,ALDAI,KIBWARENG,BOI,1000,960,1960,346,5.23,375.11
RIFT VALLEY,NANDI SOUTH,ALDAI,KIBWARENG,KIBWARENG,1833,1834,3667,692,8.63,425.14
RIFT VALLEY,NANDI SOUTH,ALDAI,KIBWARENG,SAMITUI,2999,3063,6062,1069,14.62,414.74
RIFT VALLEY,NANDI SOUTH,ALDAI,MARABA,CHEPSIRIA,1657,1576,3233,565,9.18,352.19
RIFT VALLEY,NANDI SOUTH,ALDAI,MARABA,KAPTUMEK,1455,1542,2997,540,34.34,87.28
RIFT VALLEY,NANDI SOUTH,ALDAI,MARABA,KONGORO,1764,1681,3445,588,10.06,342.51
RIFT VALLEY,NANDI SOUTH,ALDAI,MARABA,MOGOIYWO,898,927,1825,323,4.9,372.41
RIFT VALLEY,NANDI SOUTH,ALDAI,MARABA,TIRIKWO,1601,1647,3248,575,13.37,242.92
RIFT VALLEY,NANDI SOUTH,ALDAI,MUGEN,CHEBUGUNDI,2123,2296,4419,863,9.82,450.22
RIFT VALLEY,NANDI SOUTH,ALDAI,MUGEN,KAMIMEI,2614,2901,5515,1076,12.61,437.43
RIFT VALLEY,NANDI SOUTH,ALDAI,MUGEN,KAPKEMICH,1523,1562,3085,585,6.35,486.13
RIFT VALLEY,NANDI SOUTH,ALDAI,MUGEN,MUGEN,2706,2957,5663,1133,10.98,515.62
RIFT VALLEY,NANDI SOUTH,ALDAI,MUGEN,TIBINGOT,783,872,1655,320,3.66,452.36
RIFT VALLEY,NANDI SOUTH,ALDAI,NDURIO,KESOGON,2013,2004,4017,792,23.17,173.37
RIFT VALLEY,NANDI SOUTH,ALDAI,NDURIO,NDURIO,1257,1318,2575,513,8.03,320.48
RIFT VALLEY,NANDI SOUTH,ALDAI,NDURIO,SARMA,586,572,1158,223,3.5,330.65
RIFT VALLEY,NANDI SOUTH,ALDAI,TERIK,KAPSENGERE,3160,3157,6317,1336,9.48,666.48
RIFT VALLEY,NANDI SOUTH,KAPTUMO,KABOI,KABOI,1193,1181,2374,467,6.35,373.78
RIFT VALLEY,NANDI SOUTH,KAPTUMO,KABOI,KAMARICH,1445,1425,2870,669,19.53,146.98
RIFT VALLEY,NANDI SOUTH,KAPTUMO,KABOI,KAPSOO,1735,1756,3491,705,8.38,416.5
RIFT VALLEY,NANDI SOUTH,KAPTUMO,KABOI,MUGUNDOI,1943,1865,3808,866,7.26,524.67
RIFT VALLEY,NANDI SOUTH,KAPTUMO,KAPSAOS,KABOROGIN,417,430,847,163,4.16,203.5
RIFT VALLEY,NANDI SOUTH,KAPTUMO,KAPSAOS,KABUSON,457,425,882,153,5.26,167.8
RIFT VALLEY,NANDI SOUTH,KAPTUMO,KAPSAOS,KAPSAOS,553,512,1065,199,5.47,194.7
RIFT VALLEY,NANDI SOUTH,KAPTUMO,KAPSAOS,TORET MOI,709,666,1375,262,4.35,315.98
RIFT VALLEY,NANDI SOUTH,KAPTUMO,KAPTUMO,CHEPKONGONY,2054,2109,4163,797,35.69,116.64
RIFT VALLEY,NANDI SOUTH,KAPTUMO,KAPTUMO,IBANJA,1879,1946,3825,793,13.34,286.81
RIFT VALLEY,NANDI SOUTH,KAPTUMO,KAPTUMO,KEBURO,1646,1571,3217,656,7.47,430.41
RIFT VALLEY,NANDI SOUTH,KAPTUMO,KAPTUMO,MOSOMBOR,1992,1941,3933,930,7.25,542.83
RIFT VALLEY,NANDI SOUTH,KAPTUMO,KOYO,KAPSOIYO,814,736,1550,284,3.21,483.33
RIFT VALLEY,NANDI SOUTH,KAPTUMO,KOYO,KOYO,1459,1520,2979,543,10,297.85
RIFT VALLEY,NAROK NORTH,CENTRAL,LOWER MELILI,NAISOYA,2452,2388,4840,927,147.04,32.92
RIFT VALLEY,NAROK NORTH,CENTRAL,LOWER MELILI,NAROK TOWN,21998,20507,42505,11776,215.43,197.31
RIFT VALLEY,NAROK NORTH,CENTRAL,LOWER MELILI,OLOPITO,4452,4058,8510,1824,99.11,85.87
RIFT VALLEY,NAROK NORTH,CENTRAL,NKARETA,NKARETA,3444,3412,6856,1194,216.73,31.63
RIFT VALLEY,NAROK NORTH,CENTRAL,NKARETA,OLELESHWA,2486,2526,5012,961,158.29,31.66
RIFT VALLEY,NAROK NORTH,CENTRAL,OLETUKAT,ENARMATISHOREKI,139,162,301,63,54.64,5.51
RIFT VALLEY,NAROK NORTH,CENTRAL,OLETUKAT,ENKORIKA,807,834,1641,307,153.07,10.72
RIFT VALLEY,NAROK NORTH,MAU,ENOOSUPUKIA,ENOOSUPUKIA,7412,7122,14534,2984,224.05,64.87
RIFT VALLEY,NAROK NORTH,MAU,ENTONTOL,ILAISER,1962,1847,3809,824,98.48,38.68
RIFT VALLEY,NAROK NORTH,MAU,ENTONTOL,ILEKAIKI,1365,1378,2743,576,66.78,41.08
RIFT VALLEY,NAROK NORTH,MAU,ENTONTOL,OLKINYEI,2314,2248,4562,879,70.73,64.5
RIFT VALLEY,NAROK NORTH,MAU,ILDAMAT,ILDAMAT,1844,1695,3539,810,55.85,63.36
RIFT VALLEY,NAROK NORTH,MAU,KEEKOYOKIE,KEEKOYOKIE,7252,7399,14651,3335,90.89,161.19
RIFT VALLEY,NAROK NORTH,MAU,MOSIRO,ENKOIREROI,454,584,1038,251,51.99,19.96
RIFT VALLEY,NAROK NORTH,MAU,MOSIRO,KILONKISA,303,371,674,149,111.07,6.07
RIFT VALLEY,NAROK NORTH,MAU,MOSIRO,MOSIRO,587,708,1295,290,64.35,20.12
RIFT VALLEY,NAROK NORTH,MAU,MOSIRO,OLOLTUROT,245,296,541,127,66.73,8.11
RIFT VALLEY,NAROK NORTH,MAU,NTULELE,NTULELE,8896,8072,16968,3327,249.55,67.99
RIFT VALLEY,NAROK NORTH,MAU,OLCHORRO,OLCHORRO,2235,2129,4364,827,64.03,68.16
RIFT VALLEY,NAROK NORTH,MAU,OLCHORRO,PARKARARA,2579,2045,4624,1096,52.44,88.18
RIFT VALLEY,NAROK NORTH,MAU,OLOPIRONITO,ENOOSEIYA,1867,1677,3544,824,26.61,133.2
RIFT VALLEY,NAROK NORTH,MAU,OLOPIRONITO,OLOOMBOKISHI,1534,1275,2809,666,86.17,32.6
RIFT VALLEY,NAROK NORTH,MAU,ONGATA NAADO,NTURUMETI,1964,1844,3808,730,123.85,30.75
RIFT VALLEY,NAROK NORTH,MAU,ONGATA NAADO,ONGATA NAADO,1135,1202,2337,504,105.66,22.12
RIFT VALLEY,NAROK NORTH,MAU,ONGATA NAADO,SOSIAN,415,387,802,181,94.7,8.47
RIFT VALLEY,NAROK NORTH,MAU,SIAYAPEI,SIAYAPEI,1874,1753,3627,708,81.33,44.6
RIFT VALLEY,NAROK NORTH,MAU,SIAYAPEI,SONKORO,1094,1073,2167,423,63.74,34
RIFT VALLEY,NAROK NORTH,MAU,SUSWA,OLESHARO,1227,1158,2385,458,151.51,15.74
RIFT VALLEY,NAROK NORTH,MAU,SUSWA,OLOIKARERE,1984,1593,3577,862,165.78,21.58
RIFT VALLEY,NAROK NORTH,MAU,SUSWA,SUSWA,2354,2349,4703,867,84.52,55.64
RIFT VALLEY,NAROK NORTH,MAU,UPPER MELILI,ENAIBOR - AJIJIK,2635,2282,4917,935,81.83,60.09
RIFT VALLEY,NAROK NORTH,MAU,UPPER MELILI,SAKUTIEK,5322,4897,10219,2362,75.8,134.81
RIFT VALLEY,NAROK NORTH,OLOKURTO,EMPATIPATI,EMPATIPATI,1832,1847,3679,711,39.82,92.4
RIFT VALLEY,NAROK NORTH,OLOKURTO,ENABELIBEL,ENENGETIA,3960,3644,7604,1508,75.09,101.27
RIFT VALLEY,NAROK NORTH,OLOKURTO,ENABELIBEL,KISIRIRI,2447,2317,4764,1018,48.01,99.23
RIFT VALLEY,NAROK NORTH,OLOKURTO,ENTIYANI,ENTYANI,1127,1120,2247,397,23.47,95.73
RIFT VALLEY,NAROK NORTH,OLOKURTO,ENTIYANI,ILKEREMISHO,1462,1428,2890,533,30.37,95.15
RIFT VALLEY,NAROK NORTH,OLOKURTO,ENTIYANI,ILMOLELIAN,1121,1120,2241,397,19.02,117.83
RIFT VALLEY,NAROK NORTH,OLOKURTO,ENTIYANI,ILTUATI,1018,1034,2052,354,28.79,71.27
RIFT VALLEY,NAROK NORTH,OLOKURTO,NAITUYUPAKI,NAITUYUPAKI,2687,2623,5310,959,133.07,39.9
RIFT VALLEY,NAROK NORTH,OLOKURTO,OLOKURTO,NKOKOLANI,1524,1525,3049,538,30.91,98.65
RIFT VALLEY,NAROK NORTH,OLOKURTO,OLOKURTO,OLOKURTO,3177,3128,6305,1171,292.85,21.53
RIFT VALLEY,NAROK NORTH,OLOKURTO,OLOLONGOI,ILKIAI,1070,1117,2187,376,29.49,74.17
RIFT VALLEY,NAROK NORTH,OLOKURTO,OLOLONGOI,OLENGAPE,1484,1461,2945,570,24.48,120.31
RIFT VALLEY,NAROK NORTH,OLOKURTO,OLOLONGOI,OLOLONGOI,1461,1496,2957,557,26.3,112.43
RIFT VALLEY,NAROK NORTH,OLOKURTO,OLORROPIL,OLORROPIL,3165,2576,5741,1273,90.85,63.19
RIFT VALLEY,NAROK NORTH,OLOKURTO,OLPOSIMORU,KAMURAR,1821,1816,3637,668,107.38,33.87
RIFT VALLEY,NAROK NORTH,OLOKURTO,OLPOSIMORU,OLMARIKO,1388,1315,2703,523,26.39,102.44
RIFT VALLEY,NAROK NORTH,OLOKURTO,OLPOSIMORU,OLPOSIMORU,1352,1205,2557,519,25.24,101.29
RIFT VALLEY,NAROK NORTH,OLOKURTO,TOPOTI,TOPOTI,4184,3590,7774,1766,158.4,49.08
RIFT VALLEY,NAROK SOUTH,LOITA,ENTASEKERA,ENTASEKERA,2356,2181,4537,919,352.25,12.88
RIFT VALLEY,NAROK SOUTH,LOITA,ILKERIN,ILMARAE,1198,1203,2401,492,87.19,27.54
RIFT VALLEY,NAROK SOUTH,LOITA,ILKERIN,NKOPON,528,543,1071,228,108.81,9.84
RIFT VALLEY,NAROK SOUTH,LOITA,MORIJO LOITA,MORIJO LOITA,1849,1886,3735,717,388.27,9.62
RIFT VALLEY,NAROK SOUTH,LOITA,MORIJO LOITA,OLNGARUA,1011,927,1938,357,154.92,12.51
RIFT VALLEY,NAROK SOUTH,LOITA,OLMESUTIE,IMARTIN,546,567,1113,217,150.56,7.39
RIFT VALLEY,NAROK SOUTH,LOITA,OLMESUTIE,OLMESUTIE,1266,1203,2469,466,84.69,29.16
RIFT VALLEY,NAROK SOUTH,LOITA,ORLORTE,MAUSA,1453,1458,2911,535,251.01,11.6
RIFT VALLEY,NAROK SOUTH,LOITA,ORLORTE,ORLORTE,1441,1257,2698,478,97.94,27.55
RIFT VALLEY,NAROK SOUTH,MARA,AITONG,AITONG,3107,3326,6433,1355,294.09,21.87
RIFT VALLEY,NAROK SOUTH,MARA,AITONG,MARARIADA,2488,1841,4329,944,374.92,11.55
RIFT VALLEY,NAROK SOUTH,MARA,KOIYAKI,KOIYAKI,2994,2503,5497,1170,526.13,10.45
RIFT VALLEY,NAROK SOUTH,MARA,KOIYAKI,SEKENANI,1681,1513,3194,706,641.98,4.98
RIFT VALLEY,NAROK SOUTH,MARA,NAIKARA,LESHUTA,1688,1859,3547,739,162.82,21.78
RIFT VALLEY,NAROK SOUTH,MARA,NAIKARA,NAIKARA,3046,3318,6364,1299,280.8,22.66
RIFT VALLEY,NAROK SOUTH,MARA,NAIKARA,OSARARA,983,1138,2121,450,105.33,20.14
RIFT VALLEY,NAROK SOUTH,MARA,OLDERKESI,ESOIT,2944,3328,6272,1269,316.39,19.82
RIFT VALLEY,NAROK SOUTH,MARA,OLDERKESI,OLDERKESI,1954,2250,4204,864,187.29,22.45
RIFT VALLEY,NAROK SOUTH,MARA,OLKINYEI,ENDOINYO NARASHA,2042,2227,4269,896,495.88,8.61
RIFT VALLEY,NAROK SOUTH,MARA,OLKINYEI,OLKINYEI,1479,1691,3170,634,266.3,11.9
RIFT VALLEY,NAROK SOUTH,MARA,SIANA,MEGWARA,2039,2389,4428,949,290.82,15.23
RIFT VALLEY,NAROK SOUTH,MARA,SIANA,NKOILALE,2885,2533,5418,1225,226.91,23.88
RIFT VALLEY,NAROK SOUTH,MARA,SIANA,SIANA,4054,4065,8119,1640,354.82,22.88
RIFT VALLEY,NAROK SOUTH,MULOT,ENELERAI,ENELERAI,1625,1717,3342,655,28.09,118.97
RIFT VALLEY,NAROK SOUTH,MULOT,ENELERAI,ROGENA,4412,4456,8868,1675,57.66,153.79
RIFT VALLEY,NAROK SOUTH,MULOT,ILMOTIOK,ILMOTIOK,6937,7066,14003,2455,60.84,230.17
RIFT VALLEY,NAROK SOUTH,MULOT,MULOT,KUTO,3394,3430,6824,1239,11.21,608.57
RIFT VALLEY,NAROK SOUTH,MULOT,MULOT,MULOT,4110,4241,8351,1765,35.34,236.31
RIFT VALLEY,NAROK SOUTH,MULOT,MULOT,NKIITO,1415,1450,2865,525,13.42,213.42
RIFT VALLEY,NAROK SOUTH,MULOT,MULOT,OLCHORO OIRUWA,1884,1926,3810,683,13.32,285.97
RIFT VALLEY,NAROK SOUTH,MULOT,SAGAMIAN,MOGOIWET,2583,2558,5141,916,14.13,363.75
RIFT VALLEY,NAROK SOUTH,MULOT,SAGAMIAN,SAGAMIAN,5048,5120,10168,1891,21.8,466.42
RIFT VALLEY,NAROK SOUTH,MULOT,SAGAMIAN,TENDEWET,2964,2784,5748,1079,379.5,15.15
RIFT VALLEY,NAROK SOUTH,MULOT,SOGOO,NKARONI,6732,6506,13238,2478,49.71,266.32
RIFT VALLEY,NAROK SOUTH,MULOT,SOGOO,SOGOO,7800,7705,15505,2781,34.43,450.33
RIFT VALLEY,NAROK SOUTH,OLOLULUNGA,ENDONYO NGIRO,ENDONYO NGIRO,7953,7661,15614,2836,120.67,129.4
RIFT VALLEY,NAROK SOUTH,OLOLULUNGA,ENDONYO NGIRO,ERETETI,3367,3159,6526,1481,74.08,88.1
RIFT VALLEY,NAROK SOUTH,OLOLULUNGA,ENDONYO NGIRO,NKOBEN,1170,1049,2219,430,37.02,59.93
RIFT VALLEY,NAROK SOUTH,OLOLULUNGA,LEMEK,LEMEK,5163,5066,10229,2181,563.39,18.16
RIFT VALLEY,NAROK SOUTH,OLOLULUNGA,MELELO,MELELO,5141,5083,10224,1831,103.18,99.09
RIFT VALLEY,NAROK SOUTH,OLOLULUNGA,MELELO,OLOSHAPAN,12475,12370,24845,4529,111.2,223.43
RIFT VALLEY,NAROK SOUTH,OLOLULUNGA,NKORIKORI,NKORIKORI,5316,4966,10282,1970,130.88,78.56
RIFT VALLEY,NAROK SOUTH,OLOLULUNGA,OLKIRIANE,OLKIRIANE,3135,3023,6158,1246,279.33,22.05
RIFT VALLEY,NAROK SOUTH,OLOLULUNGA,OLOLULUNGA,OLOLULUNGA,5214,5060,10274,2174,212.85,48.27
RIFT VALLEY,NAROK SOUTH,OSUPUKO,ELANGATA ENTERIT,ELANGATA ENTERIT,1719,1826,3545,741,229.49,15.45
RIFT VALLEY,NAROK SOUTH,OSUPUKO,ELANGATA ENTERIT,ENKUTOTO,1825,1933,3758,780,188.83,19.9
RIFT VALLEY,NAROK SOUTH,OSUPUKO,MAJI MOTO,ENKIU,1155,1332,2487,555,184.54,13.48
RIFT VALLEY,NAROK SOUTH,OSUPUKO,MAJI MOTO,MAJI MOTO,1392,1604,2996,594,337.14,8.89
RIFT VALLEY,NAROK SOUTH,OSUPUKO,NAROOSURA,ENTUROTO,978,958,1936,387,76.92,25.17
RIFT VALLEY,NAROK SOUTH,OSUPUKO,NAROOSURA,NAROOSURA,4052,4051,8103,1716,185.85,43.6
RIFT VALLEY,NAROK SOUTH,OSUPUKO,NAROOSURA,OLOIRUWA,1920,1944,3864,784,91.46,42.25
RIFT VALLEY,NAROK SOUTH,OSUPUKO,NTUKA,NKIMPA,390,404,794,156,58.44,13.59
RIFT VALLEY,NAROK SOUTH,OSUPUKO,NTUKA,NTUKA,1161,1433,2594,584,181.23,14.31
RIFT VALLEY,NAROK SOUTH,OSUPUKO,OLENKULUO,OLDONYO RASHA,873,1075,1948,428,144.16,13.51
RIFT VALLEY,NAROK SOUTH,OSUPUKO,OLENKULUO,OLENKULUO,612,735,1347,318,181.76,7.41
RIFT VALLEY,POKOT CENTRAL,CHESEGON,CHEPKOKOGH,ANNET,698,696,1394,276,14.67,95
RIFT VALLEY,POKOT CENTRAL,CHESEGON,CHEPKOKOGH,PTIRAP,982,957,1939,375,10.18,190.46
RIFT VALLEY,POKOT CENTRAL,CHESEGON,CHEPKOKOGH,SUKUK,1075,1065,2140,421,4.24,505.3
RIFT VALLEY,POKOT CENTRAL,CHESEGON,CHEPTULEL,KOKWOSITOT,671,733,1404,303,23.05,60.92
RIFT VALLEY,POKOT CENTRAL,CHESEGON,CHEPTULEL,LEBEI,589,559,1148,276,16.16,71.04
RIFT VALLEY,POKOT CENTRAL,CHESEGON,CHEPTULEL,NYARPORTWO,462,502,964,212,19.11,50.45
RIFT VALLEY,POKOT CENTRAL,CHESEGON,LOMUT,MOGHO,484,488,972,178,9.78,99.43
RIFT VALLEY,POKOT CENTRAL,CHESEGON,LOMUT,PTIASIS,1405,1564,2969,602,122.75,24.19
RIFT VALLEY,POKOT CENTRAL,CHESEGON,LOMUT,SEITO,700,869,1569,273,50.94,30.8
RIFT VALLEY,POKOT CENTRAL,CHESEGON,LOMUT,TOGHOMO,1236,1236,2472,491,46.18,53.53
RIFT VALLEY,POKOT CENTRAL,CHESEGON,MOSOP,KAPATET,1504,1544,3048,569,28.31,107.67
RIFT VALLEY,POKOT CENTRAL,CHESEGON,MOSOP,KOKWOPTORIR,842,874,1716,320,7.39,232.15
RIFT VALLEY,POKOT CENTRAL,CHESEGON,MOSOP,MARUS,910,917,1827,363,14.74,123.92
RIFT VALLEY,POKOT CENTRAL,CHESEGON,MOSOP,PKOPOGH,596,610,1206,231,15.99,75.43
RIFT VALLEY,POKOT CENTRAL,CHESEGON,SEKEROT,AMALER,912,1106,2018,419,133.58,15.11
RIFT VALLEY,POKOT CENTRAL,CHESEGON,SEKEROT,CHEPSERUM,833,903,1736,318,121.78,14.25
RIFT VALLEY,POKOT CENTRAL,CHESEGON,SEKEROT,NYANGAITA,1004,1122,2126,382,158.46,13.42
RIFT VALLEY,POKOT CENTRAL,LELAN,KAPTABUK,CHEPARTEN,1499,1585,3084,519,28.76,107.24
RIFT VALLEY,POKOT CENTRAL,LELAN,KAPTABUK,KAPSANGAR,1978,1976,3954,692,45.32,87.25
RIFT VALLEY,POKOT CENTRAL,LELAN,KAPTABUK,KAPTABUK,1706,1824,3530,636,32.1,109.98
RIFT VALLEY,POKOT CENTRAL,LELAN,KAPTABUK,MESHAU,1047,1058,2105,371,11.38,184.91
RIFT VALLEY,POKOT CENTRAL,LELAN,KAPTABUK,MOKOYON,1368,1471,2839,479,14.37,197.61
RIFT VALLEY,POKOT CENTRAL,LELAN,KAPYONGEN,CHEPKONO,2004,2126,4130,718,48.15,85.78
RIFT VALLEY,POKOT CENTRAL,LELAN,KAPYONGEN,SIMOTWO,1648,1699,3347,595,18.42,181.67
RIFT VALLEY,POKOT CENTRAL,LELAN,KAPYONGEN,TONOYON,939,930,1869,331,10.76,173.76
RIFT VALLEY,POKOT CENTRAL,LELAN,LELAN,CHESUPET,933,960,1893,318,22.19,85.31
RIFT VALLEY,POKOT CENTRAL,LELAN,LELAN,KABICHBICH,897,959,1856,332,21.91,84.71
RIFT VALLEY,POKOT CENTRAL,LELAN,LELAN,KAPKANYAR,553,559,1112,206,17.25,64.45
RIFT VALLEY,POKOT CENTRAL,LELAN,LELAN,KAPSAIT,786,783,1569,307,26.29,59.69
RIFT VALLEY,POKOT CENTRAL,LELAN,LELAN,MBAYAI,1128,1111,2239,431,16.53,135.45
RIFT VALLEY,POKOT CENTRAL,SIGOR,BATEI,KERELWA,2675,2676,5351,936,32.08,166.78
RIFT VALLEY,POKOT CENTRAL,SIGOR,BATEI,MORPUS,2596,2651,5247,968,75.49,69.51
RIFT VALLEY,POKOT CENTRAL,SIGOR,BATEI,ORTUM,2831,2785,5616,1216,26.12,215.05
RIFT VALLEY,POKOT CENTRAL,SIGOR,BATEI,SOBUKWO,839,835,1674,358,32.59,51.36
RIFT VALLEY,POKOT CENTRAL,SIGOR,KOPRO,KOKWOTENDWO,1887,1971,3858,728,20.44,188.77
RIFT VALLEY,POKOT CENTRAL,SIGOR,KOPRO,SOKA,524,532,1056,229,24.92,42.38
RIFT VALLEY,POKOT CENTRAL,SIGOR,KOPRO,WAKORR,770,733,1503,308,18.96,79.29
RIFT VALLEY,POKOT CENTRAL,SIGOR,KOPRO,YAWYAW,1005,989,1994,367,14.59,136.65
RIFT VALLEY,POKOT CENTRAL,SIGOR,MASOL,AKIR IAMET,2067,2060,4127,815,98.33,41.97
RIFT VALLEY,POKOT CENTRAL,SIGOR,MASOL,AMOLEM,1982,1039,3021,483,142.08,21.26
RIFT VALLEY,POKOT CENTRAL,SIGOR,MASOL,TIKIT,828,888,1716,333,116.86,14.68
RIFT VALLEY,POKOT CENTRAL,SIGOR,MWINO,KARAPOGH,1344,1393,2737,524,12.09,226.43
RIFT VALLEY,POKOT CENTRAL,SIGOR,MWINO,KITOYO,1057,1015,2072,389,15.33,135.16
RIFT VALLEY,POKOT CENTRAL,SIGOR,MWINO,PTALAM,907,948,1855,345,27.67,67.05
RIFT VALLEY,POKOT CENTRAL,SIGOR,MWINO,SOLION,2309,2406,4715,915,47.5,99.26
RIFT VALLEY,POKOT CENTRAL,SIGOR,PARKOU,NASOLOT,753,691,1444,272,135.72,10.64
RIFT VALLEY,POKOT CENTRAL,SIGOR,PARKOU,PAREK,541,518,1059,205,74.98,14.12
RIFT VALLEY,POKOT CENTRAL,SIGOR,PARKOU,SARMACH,891,658,1549,323,103.18,15.01
RIFT VALLEY,POKOT CENTRAL,SIGOR,PARUA,CHEPOKORIONG,1090,1235,2325,438,31.47,73.89
RIFT VALLEY,POKOT CENTRAL,SIGOR,PARUA,PARUA,1705,1774,3479,578,21.5,161.84
RIFT VALLEY,POKOT CENTRAL,SIGOR,PARUA,PUSOL,1619,1773,3392,596,23.85,142.23
RIFT VALLEY,POKOT CENTRAL,SIGOR,PARUA,SEBIT,1832,1857,3689,670,27.27,135.28
RIFT VALLEY,POKOT CENTRAL,SIGOR,SEKERR,CHEPKONDOL,1690,1643,3333,594,51.17,65.14
RIFT VALLEY,POKOT CENTRAL,SIGOR,SEKERR,MBARA,2179,2210,4389,747,26.9,163.16
RIFT VALLEY,POKOT CENTRAL,SIGOR,SEKERR,ORWA,1643,1455,3098,647,159.75,19.39
RIFT VALLEY,POKOT CENTRAL,SIGOR,SEKERR,SOSTIN,1062,1002,2064,385,36.45,56.63
RIFT VALLEY,POKOT CENTRAL,SIGOR,WEI WEI,KORELLACH,2124,2084,4208,814,89.44,47.05
RIFT VALLEY,POKOT CENTRAL,SIGOR,WEI WEI,PTOKOU,937,859,1796,362,51,35.22
RIFT VALLEY,POKOT CENTRAL,SIGOR,WEI WEI,SANGAT,977,988,1965,364,19.51,100.73
RIFT VALLEY,POKOT CENTRAL,SIGOR,WEI WEI,TAKAR,449,423,872,182,25.6,34.06
RIFT VALLEY,POKOT CENTRAL,TAPACH,CHEBON,CHEBON,1315,1337,2652,459,11.78,225.1
RIFT VALLEY,POKOT CENTRAL,TAPACH,CHEBON,SINNA,1207,1373,2580,408,12.56,205.35
RIFT VALLEY,POKOT CENTRAL,TAPACH,CHEBON,TANGASIA,2116,2194,4310,723,37.97,113.5
RIFT VALLEY,POKOT CENTRAL,TAPACH,SONDANY,KALE,1622,1790,3412,602,39.51,86.36
RIFT VALLEY,POKOT CENTRAL,TAPACH,SONDANY,NYARKULIAN,1941,2075,4016,702,16.73,240.01
RIFT VALLEY,POKOT CENTRAL,TAPACH,SONDANY,NYARPAT,1549,1615,3164,576,15.96,198.23
RIFT VALLEY,POKOT CENTRAL,TAPACH,TAPACH,KAMELEI,1340,1413,2753,485,29.43,93.55
RIFT VALLEY,POKOT CENTRAL,TAPACH,TAPACH,KOKWOPSIS,439,512,951,158,11.9,79.89
RIFT VALLEY,POKOT CENTRAL,TAPACH,TAPACH,TAPACH,1168,1231,2399,400,29.34,81.78
RIFT VALLEY,POKOT NORTH,ALALE,AKORET,AKORET,523,483,1006,189,138.33,7.27
RIFT VALLEY,POKOT NORTH,ALALE,AKORET,KODII,672,547,1219,177,160.67,7.59
RIFT VALLEY,POKOT NORTH,ALALE,AKORET,KOLA,606,542,1148,172,158.47,7.24
RIFT VALLEY,POKOT NORTH,ALALE,ALALE,ALALE,1412,1531,2943,537,47.64,61.77
RIFT VALLEY,POKOT NORTH,ALALE,ALALE,AMAKURIAT,2169,2133,4302,806,45.08,95.43
RIFT VALLEY,POKOT NORTH,ALALE,ALALE,NARUORO,1595,1575,3170,540,53.51,59.24
RIFT VALLEY,POKOT NORTH,ALALE,CHEMORONGIT,APUKE,701,473,1174,150,75.05,15.64
RIFT VALLEY,POKOT NORTH,ALALE,CHEMORONGIT,KOPITO,491,486,977,166,94.44,10.34
RIFT VALLEY,POKOT NORTH,ALALE,CHEMORONGIT,LORUSUK,486,466,952,171,134.43,7.08
RIFT VALLEY,POKOT NORTH,ALALE,KALAPATA,KALAPATA,1164,1309,2473,401,36.88,67.06
RIFT VALLEY,POKOT NORTH,ALALE,KALAPATA,LOTUKUM,748,738,1486,216,83.96,17.7
RIFT VALLEY,POKOT NORTH,ALALE,KALAPATA,MEKUYO,497,552,1049,158,46.97,22.33
RIFT VALLEY,POKOT NORTH,ALALE,KASES,KAMUNAI,786,710,1496,266,53.19,28.13
RIFT VALLEY,POKOT NORTH,ALALE,KASES,KASES,1735,2005,3740,668,193.37,19.34
RIFT VALLEY,POKOT NORTH,ALALE,KASES,PCHOLIO,2244,2173,4417,706,74.59,59.21
RIFT VALLEY,POKOT NORTH,ALALE,KIWAWA,CHELOPOY,3013,3031,6044,1155,59.98,100.77
RIFT VALLEY,POKOT NORTH,ALALE,KIWAWA,KAURIONG,1445,1541,2986,598,53.32,56
RIFT VALLEY,POKOT NORTH,ALALE,KIWAWA,KIWAWA,2000,2174,4174,750,117.36,35.57
RIFT VALLEY,POKOT NORTH,ALALE,LOKITANYALA,LOKITANYALA,5378,5035,10413,1326,102.63,101.46
RIFT VALLEY,POKOT NORTH,ALALE,LOKITANYALA,NAUYAPONG,1893,1929,3822,501,40.89,93.47
RIFT VALLEY,POKOT NORTH,ALALE,LOKITANYALA,SASAK,3460,3971,7431,1329,31.47,236.11
RIFT VALLEY,POKOT NORTH,KACHELIBA,KAPCHOK,KAPYEN,3304,3600,6904,1100,248.58,27.77
RIFT VALLEY,POKOT NORTH,KACHELIBA,KAPCHOK,KONYAO,8515,8265,16780,2469,189.65,88.48
RIFT VALLEY,POKOT NORTH,KACHELIBA,KODICH,CHERANGANY,2049,2035,4084,636,57.11,71.52
RIFT VALLEY,POKOT NORTH,KACHELIBA,KODICH,KARAMERI,1688,1726,3414,492,50.94,67.03
RIFT VALLEY,POKOT NORTH,KACHELIBA,KODICH,KODICH,2950,2633,5583,755,66.95,83.39
RIFT VALLEY,POKOT NORTH,KACHELIBA,KOPULIO,KANYERUS,866,386,1252,192,64.95,19.28
RIFT VALLEY,POKOT NORTH,KACHELIBA,KOPULIO,KOPULIO,1264,717,1981,325,83.66,23.68
RIFT VALLEY,POKOT NORTH,KACHELIBA,KOPULIO,NAKUYEN,2232,2508,4740,817,75.13,63.09
RIFT VALLEY,POKOT NORTH,KACHELIBA,LOKICHAR,KALEMNGOROK,1237,1296,2533,433,48.53,52.19
RIFT VALLEY,POKOT NORTH,KACHELIBA,LOKICHAR,LOKICHAR,1449,1430,2879,485,30.19,95.37
RIFT VALLEY,POKOT NORTH,KACHELIBA,LOKICHAR,OROLWO,1986,2060,4046,627,30.03,134.75
RIFT VALLEY,POKOT NORTH,KACHELIBA,SUAM,KACHELIBA,3248,2948,6196,935,11.38,544.46
RIFT VALLEY,POKOT NORTH,KACHELIBA,SUAM,KARON,2866,2821,5687,977,115.89,49.07
RIFT VALLEY,POKOT NORTH,KACHELIBA,SUAM,NGENGECHWO,1595,1772,3367,556,42.09,79.99
RIFT VALLEY,POKOT NORTH,KASEI,KAPTOLOMWO,KAMUNONO,764,859,1623,346,36.49,44.48
RIFT VALLEY,POKOT NORTH,KASEI,KAPTOLOMWO,KAPTOLOMWO,676,787,1463,297,59.51,24.58
RIFT VALLEY,POKOT NORTH,KASEI,KAPTOLOMWO,OMPOLION,811,782,1593,257,90.55,17.59
RIFT VALLEY,POKOT NORTH,KASEI,KASEI,KAMKETO,1042,1094,2136,447,27.08,78.87
RIFT VALLEY,POKOT NORTH,KASEI,KASEI,KASEI,852,903,1755,348,48.54,36.16
RIFT VALLEY,POKOT NORTH,KASEI,KASEI,KOROKOU,1215,1373,2588,536,25.52,101.39
RIFT VALLEY,POKOT NORTH,KASEI,KORPU,KACHAWA,531,543,1074,242,85.48,12.56
RIFT VALLEY,POKOT NORTH,KASEI,KORPU,KORPU,426,443,869,188,57.89,15.01
RIFT VALLEY,POKOT NORTH,KASEI,KORPU,SIRWACH,799,865,1664,350,164.86,10.09
RIFT VALLEY,POKOT NORTH,KASEI,LOPET,CHEPROPOGH,623,728,1351,320,100.01,13.51
RIFT VALLEY,POKOT NORTH,KASEI,LOPET,LOPET,946,927,1873,358,180.95,10.35
RIFT VALLEY,POKOT NORTH,KASEI,LOPET,MBARU,1007,1147,2154,496,159.04,13.54
RIFT VALLEY,SAMBURU CENTRAL,KIRISIA,ANGATA NANYUKIE,ANGATA-NANYOKIE,1303,1085,2388,471,172.56,13.84
RIFT VALLEY,SAMBURU CENTRAL,KIRISIA,ANGATA NANYUKIE,LOIBASHAE,619,620,1239,262,57.04,21.72
RIFT VALLEY,SAMBURU CENTRAL,KIRISIA,ANGATA NANYUKIE,MORIJO,1495,873,2368,504,154.41,15.34
RIFT VALLEY,SAMBURU CENTRAL,KIRISIA,BARSALOI,BARSALOI,816,709,1525,272,64.62,23.6
RIFT VALLEY,SAMBURU CENTRAL,KIRISIA,BARSALOI,LULU,606,632,1238,289,44.26,27.97
RIFT VALLEY,SAMBURU CENTRAL,KIRISIA,BARSALOI,SOIT NAIBOR,468,521,989,208,76.74,12.89
RIFT VALLEY,SAMBURU CENTRAL,KIRISIA,LOOSUK,LOOSUK,1368,1388,2756,579,120.24,22.92
RIFT VALLEY,SAMBURU CENTRAL,KIRISIA,LOOSUK,MALASO,1122,1092,2214,412,46.97,47.13
RIFT VALLEY,SAMBURU CENTRAL,KIRISIA,LOOSUK,PURRA,270,202,472,86,136.04,3.47
RIFT VALLEY,SAMBURU CENTRAL,KIRISIA,LOOSUK,TINGA,2378,2420,4798,954,187.54,25.58
RIFT VALLEY,SAMBURU CENTRAL,KIRISIA,MARALAL TOWN,LEDERO,828,994,1822,406,26.63,68.43
RIFT VALLEY,SAMBURU CENTRAL,KIRISIA,MARALAL TOWN,LKUROTO,1707,1700,3407,695,21.89,155.67
RIFT VALLEY,SAMBURU CENTRAL,KIRISIA,MARALAL TOWN,LPARTUK,1667,1785,3452,674,22.9,150.72
RIFT VALLEY,SAMBURU CENTRAL,KIRISIA,MARALAL TOWN,MARALAL TOWN,6175,6256,12431,3311,17.52,709.52
RIFT VALLEY,SAMBURU CENTRAL,KIRISIA,MARALAL TOWN,MILIMANI,2211,2257,4468,979,28.58,156.34
RIFT VALLEY,SAMBURU CENTRAL,KIRISIA,MARALAL TOWN,NGARI,2526,2501,5027,1036,25.52,197
RIFT VALLEY,SAMBURU CENTRAL,KIRISIA,MARALAL TOWN,SHABAA,2973,3175,6148,1279,78.59,78.23
RIFT VALLEY,SAMBURU CENTRAL,KIRISIA,OPIROI,LBUKOI,555,557,1112,287,170.28,6.53
RIFT VALLEY,SAMBURU CENTRAL,KIRISIA,OPIROI,LOROKLOL MONGO,753,754,1507,328,89.31,16.87
RIFT VALLEY,SAMBURU CENTRAL,KIRISIA,OPIROI,MABATI,478,564,1042,231,111.78,9.32
RIFT VALLEY,SAMBURU CENTRAL,KIRISIA,OPIROI,MORU,680,821,1501,384,222.19,6.76
RIFT VALLEY,SAMBURU CENTRAL,KIRISIA,OPIROI,OPIROI,1513,1602,3115,704,185.54,16.79
RIFT VALLEY,SAMBURU CENTRAL,KIRISIA,PORO,ELPOROWUAI / MALASO,581,584,1165,238,54.25,21.48
RIFT VALLEY,SAMBURU CENTRAL,KIRISIA,PORO,MUGUR,501,489,990,198,36.91,26.82
RIFT VALLEY,SAMBURU CENTRAL,KIRISIA,PORO,SEKETET,1285,1275,2560,460,63.72,40.18
RIFT VALLEY,SAMBURU CENTRAL,KIRISIA,PORO,SIAMBU,381,364,745,128,270.65,2.75
RIFT VALLEY,SAMBURU CENTRAL,KIRISIA,SIRATA OIROBOI,LEMISIGIYOI,605,617,1222,232,13.13,93.1
RIFT VALLEY,SAMBURU CENTRAL,KIRISIA,SIRATA OIROBOI,NGEJEMUNY,421,503,924,197,19.62,47.09
RIFT VALLEY,SAMBURU CENTRAL,KIRISIA,SIRATA OIROBOI,SIRATA OIROBOI,653,693,1346,269,18.69,72.01
RIFT VALLEY,SAMBURU CENTRAL,LORROKI,AMAIYA,AMAIYA,203,210,413,65,46.67,8.85
RIFT VALLEY,SAMBURU CENTRAL,LORROKI,AMAIYA,LONGEWAN,909,570,1479,264,95.26,15.53
RIFT VALLEY,SAMBURU CENTRAL,LORROKI,AMAIYA,NASUR,162,162,324,63,54.32,5.97
RIFT VALLEY,SAMBURU CENTRAL,LORROKI,BAAWA,BAAWA,827,972,1799,364,133.42,13.48
RIFT VALLEY,SAMBURU CENTRAL,LORROKI,BAAWA,LKILORITI,986,1117,2103,422,69.69,30.18
RIFT VALLEY,SAMBURU CENTRAL,LORROKI,BAAWA,NAUNERI,740,886,1626,370,82.55,19.7
RIFT VALLEY,SAMBURU CENTRAL,LORROKI,KIRIMON,GARMA,400,587,987,247,32.6,30.28
RIFT VALLEY,SAMBURU CENTRAL,LORROKI,KIRIMON,KIRIMON,614,679,1293,303,48.52,26.65
RIFT VALLEY,SAMBURU CENTRAL,LORROKI,KIRIMON,MUGUR,627,773,1400,364,86.7,16.15
RIFT VALLEY,SAMBURU CENTRAL,LORROKI,KISIMA,LANGATOLIA,765,964,1729,410,31.54,54.82
RIFT VALLEY,SAMBURU CENTRAL,LORROKI,KISIMA,LMISIGIYOI,411,603,1014,244,44.07,23.01
RIFT VALLEY,SAMBURU CENTRAL,LORROKI,KISIMA,MBARIGON,821,989,1810,373,31.21,57.99
RIFT VALLEY,SAMBURU CENTRAL,LORROKI,LODOKEJEK,LODOKEJEK,1749,1935,3684,785,120.31,30.62
RIFT VALLEY,SAMBURU CENTRAL,LORROKI,LODOKEJEK,NONKEEK,773,958,1731,409,159.7,10.84
RIFT VALLEY,SAMBURU CENTRAL,LORROKI,SUGUTA MARAMAR,LOGORATE,893,865,1758,356,73.4,23.95
RIFT VALLEY,SAMBURU CENTRAL,LORROKI,SUGUTA MARAMAR,LOLMOLOG,1718,2040,3758,779,199.57,18.83
RIFT VALLEY,SAMBURU CENTRAL,LORROKI,SUGUTA MARAMAR,SUGUTA MARMAR,1989,2184,4173,929,89.82,46.46
RIFT VALLEY,SAMBURU EAST,WAMBA,KOITING,KOITING,1014,989,2003,464,536.1,3.74
RIFT VALLEY,SAMBURU EAST,WAMBA,KOITING,LPASHIE,269,345,614,128,70.57,8.7
RIFT VALLEY,SAMBURU EAST,WAMBA,LONDUNGOKWE,LENGEI,440,535,975,221,81.8,11.92
RIFT VALLEY,SAMBURU EAST,WAMBA,LONDUNGOKWE,LPUS,497,578,1075,273,154.08,6.98
RIFT VALLEY,SAMBURU EAST,WAMBA,LONDUNGOKWE,LTRIMIN,838,834,1672,267,71.04,23.54
RIFT VALLEY,SAMBURU EAST,WAMBA,LONDUNGOKWE,SESIA,896,1139,2035,509,219.55,9.27
RIFT VALLEY,SAMBURU EAST,WAMBA,NAIMIRIMO,LMARIMAROI,318,430,748,192,84.81,8.82
RIFT VALLEY,SAMBURU EAST,WAMBA,NAIMIRIMO,LOROK ONYOKIE,763,938,1701,364,351.76,4.84
RIFT VALLEY,SAMBURU EAST,WAMBA,NAIMIRIMO,RARAITI,495,500,995,205,178.42,5.58
RIFT VALLEY,SAMBURU EAST,WAMBA,NAIMIRIMO,SWARI,924,1043,1967,457,251.12,7.83
RIFT VALLEY,SAMBURU EAST,WAMBA,NGILAI CENTRAL,NGILAI CENTRAL,1657,1501,3158,728,401.4,7.87
RIFT VALLEY,SAMBURU EAST,WAMBA,NGILAI WEST,LKISIN,662,902,1564,386,131.33,11.91
RIFT VALLEY,SAMBURU EAST,WAMBA,NGILAI WEST,NKOGOLTIM,1111,1128,2239,491,527.81,4.24
RIFT VALLEY,SAMBURU EAST,WAMBA,NKARE NAROK,NKARE NAROK,1462,1491,2953,526,1026.41,2.88
RIFT VALLEY,SAMBURU EAST,WAMBA,NKARONI,NKARONI,847,1158,2005,507,185.03,10.84
RIFT VALLEY,SAMBURU EAST,WAMBA,NKARONI,RESIM,431,563,994,266,93.02,10.69
RIFT VALLEY,SAMBURU EAST,WAMBA,NKARONI,SILANGO NANYUKIE,543,730,1273,320,194.9,6.53
RIFT VALLEY,SAMBURU EAST,WAMBA,WAMBA,MATAKWANI,1682,1714,3396,751,90,37.73
RIFT VALLEY,SAMBURU EAST,WAMBA,WAMBA,WAMBA TOWN,3144,3103,6247,1415,21.67,288.22
RIFT VALLEY,SAMBURU EAST,WASO,NDONYO WASIN,DONYO WASIN,1890,1831,3721,565,960.18,3.88
RIFT VALLEY,SAMBURU EAST,WASO,SEROLIPI,SEREOLIPI,1944,1598,3542,762,2380.14,1.49
RIFT VALLEY,SAMBURU EAST,WASO,WASO EAST,ARCHERS POST TOWN,3226,3049,6275,1444,244.83,25.63
RIFT VALLEY,SAMBURU EAST,WASO,WASO EAST,LARESORO,628,699,1327,328,472.82,2.81
RIFT VALLEY,SAMBURU EAST,WASO,WASO EAST,LERATA,495,412,907,165,377.56,2.4
RIFT VALLEY,SAMBURU EAST,WASO,WASO EAST,LOSESIA,700,344,1044,173,387.21,2.7
RIFT VALLEY,SAMBURU EAST,WASO,WASO WEST,LENKUSAKA,454,526,980,180,127.7,7.67
RIFT VALLEY,SAMBURU EAST,WASO,WASO WEST,LPUS LELUAI,809,941,1750,335,176.1,9.94
RIFT VALLEY,SAMBURU EAST,WASO,WASO WEST,NGUTUK ENGIRON,302,395,697,164,106.91,6.52
RIFT VALLEY,SAMBURU EAST,WASO,WASO WEST,REMOTE,570,667,1237,249,145.4,8.51
RIFT VALLEY,SAMBURU NORTH,BARAGOI,BARAGOI,BARAGOI TOWN,2307,2387,4694,924,2.23,2102.48
RIFT VALLEY,SAMBURU NORTH,BARAGOI,BARAGOI,BENDERA,781,798,1579,341,8.06,195.97
RIFT VALLEY,SAMBURU NORTH,BARAGOI,BARAGOI,NALINGANGOR,737,982,1719,383,7.15,240.32
RIFT VALLEY,SAMBURU NORTH,BARAGOI,ELBARATA,MASIKITA,973,914,1887,454,153.95,12.26
RIFT VALLEY,SAMBURU NORTH,BARAGOI,ELBARATA,NGILAI,1060,917,1977,417,285.93,6.91
RIFT VALLEY,SAMBURU NORTH,BARAGOI,LATAKWEN,LATAKWEN,1062,1004,2066,455,274.39,7.53
RIFT VALLEY,SAMBURU NORTH,BARAGOI,LATAKWEN,LOIKUMKUM,1312,1339,2651,559,281.76,9.41
RIFT VALLEY,SAMBURU NORTH,BARAGOI,MARTI,KALELE,463,404,867,171,143.37,6.05
RIFT VALLEY,SAMBURU NORTH,BARAGOI,MARTI,LOKORKOR,420,376,796,163,276.02,2.88
RIFT VALLEY,SAMBURU NORTH,BARAGOI,MARTI,MORUA KIRING,1397,478,1875,409,732.24,2.56
RIFT VALLEY,SAMBURU NORTH,BARAGOI,NACHOLA,NACHOLA,1011,942,1953,415,257.12,7.6
RIFT VALLEY,SAMBURU NORTH,BARAGOI,NACHOLA,NAKUPRAT,1068,821,1889,333,287.68,6.57
RIFT VALLEY,SAMBURU NORTH,BARAGOI,NACHOLA,TERTER,683,502,1185,192,348.44,3.4
RIFT VALLEY,SAMBURU NORTH,BARAGOI,NDOTO,LESIRKAN,1281,1116,2397,554,196.47,12.2
RIFT VALLEY,SAMBURU NORTH,BARAGOI,NDOTO,LODUA,788,901,1689,352,204.49,8.26
RIFT VALLEY,SAMBURU NORTH,BARAGOI,SUYAN,MARTI,341,318,659,146,144.37,4.56
RIFT VALLEY,SAMBURU NORTH,BARAGOI,SUYAN,SUYAN,612,548,1160,268,420.73,2.76
RIFT VALLEY,SAMBURU NORTH,NYIRO,ARISM,ARISM,779,757,1536,300,231.95,6.62
RIFT VALLEY,SAMBURU NORTH,NYIRO,ARISM,ILLAUT,369,459,828,184,82.79,10
RIFT VALLEY,SAMBURU NORTH,NYIRO,ARISM,NGURUNIT,635,677,1312,281,421.26,3.11
RIFT VALLEY,SAMBURU NORTH,NYIRO,KAWOP,LONYANGATEN,1537,1520,3057,543,134.11,22.79
RIFT VALLEY,SAMBURU NORTH,NYIRO,KAWOP,LOSURKOI,542,387,929,181,295.95,3.14
RIFT VALLEY,SAMBURU NORTH,NYIRO,KAWOP,NAKWEI,825,787,1612,222,176.76,9.12
RIFT VALLEY,SAMBURU NORTH,NYIRO,PARAKAT,LKAYO,1658,1258,2916,349,164.54,17.72
RIFT VALLEY,SAMBURU NORTH,NYIRO,PARAKAT,PARKAT,826,941,1767,320,181.16,9.75
RIFT VALLEY,SAMBURU NORTH,NYIRO,SEREN,SEREN,1190,1243,2433,465,365.5,6.66
RIFT VALLEY,SAMBURU NORTH,NYIRO,SOUTH HORR,LORJORIN,1157,992,2149,317,154.47,13.91
RIFT VALLEY,SAMBURU NORTH,NYIRO,SOUTH HORR,SOUTH HORR,2335,2098,4433,874,185.29,23.92
RIFT VALLEY,SAMBURU NORTH,NYIRO,TUUM,IJUUK,318,162,480,74,85.93,5.59
RIFT VALLEY,SAMBURU NORTH,NYIRO,TUUM,TUUM,899,839,1738,344,125.97,13.8
RIFT VALLEY,SAMBURU NORTH,NYIRO,WASO RONGAI,LKOTIKAL,550,337,887,194,242.91,3.65
RIFT VALLEY,SAMBURU NORTH,NYIRO,WASO RONGAI,SIMALE,350,350,700,125,130.2,5.38
RIFT VALLEY,SAMBURU NORTH,NYIRO,WASO RONGAI,WASO RONGAI,1205,776,1981,390,31.86,62.17
RIFT VALLEY,SOTIK,ABOSI,ABOSI,ABOSI,2831,2937,5768,1109,10.44,552.52
RIFT VALLEY,SOTIK,ABOSI,ABOSI,GELEGELE,1643,1679,3322,590,14.37,231.13
RIFT VALLEY,SOTIK,ABOSI,ABOSI,KAPCHUMBE,1639,1787,3426,625,32.93,104.04
RIFT VALLEY,SOTIK,ABOSI,ABOSI,KAPLOMBOI,1892,2103,3995,710,10.19,391.93
RIFT VALLEY,SOTIK,ABOSI,ABOSI,KIPSIMBOL,1060,1109,2169,384,9.61,225.69
RIFT VALLEY,SOTIK,ABOSI,ABOSI,KOIYET,406,391,797,153,6.35,125.42
RIFT VALLEY,SOTIK,KAPLETUNDO,CHEBILAT,CHEBILAT,992,988,1980,357,6.1,324.58
RIFT VALLEY,SOTIK,KAPLETUNDO,CHEBILAT,TOGOMIN,1109,996,2105,392,3.11,677
RIFT VALLEY,SOTIK,KAPLETUNDO,CHEBIRBELEK,CHEBIRBELEK,2651,2666,5317,964,10.79,492.84
RIFT VALLEY,SOTIK,KAPLETUNDO,CHEBIRBELEK,SIROIN,2182,2314,4496,810,8.21,547.46
RIFT VALLEY,SOTIK,KAPLETUNDO,KAMUNGEI,KAMUNGEI,1645,1720,3365,648,5.83,576.98
RIFT VALLEY,SOTIK,KAPLETUNDO,KAMUNGEI,KAPKOITIM,1166,1132,2298,394,4.74,484.5
RIFT VALLEY,SOTIK,KAPLETUNDO,KAMUNGEI,KENENE,1825,1871,3696,678,6.32,584.86
RIFT VALLEY,SOTIK,KAPLETUNDO,KAPLETUNDO,BALEK,2440,2414,4854,887,8.53,568.79
RIFT VALLEY,SOTIK,KAPLETUNDO,KAPLETUNDO,CHESILYOT,1237,1361,2598,485,5.64,460.3
RIFT VALLEY,SOTIK,KAPLETUNDO,KIMAWIT,KERONJO,821,865,1686,318,3.58,470.75
RIFT VALLEY,SOTIK,KAPLETUNDO,KIMAWIT,KIMAWIT,1965,2064,4029,698,7.94,507.31
RIFT VALLEY,SOTIK,KAPLETUNDO,KIMOLWET,KAPKESEMBE,991,1029,2020,369,4.75,425.03
RIFT VALLEY,SOTIK,KAPLETUNDO,KIMOLWET,KIMOLWET,983,941,1924,342,4.74,405.65
RIFT VALLEY,SOTIK,MUTARAKWA,KANUSIN,KANUSIN,1604,1734,3338,596,10.21,327.08
RIFT VALLEY,SOTIK,MUTARAKWA,KANUSIN,KAPSANGARU,1368,1406,2774,504,8.09,343.1
RIFT VALLEY,SOTIK,MUTARAKWA,KANUSIN,SOLYOT,981,1124,2105,413,6.55,321.35
RIFT VALLEY,SOTIK,MUTARAKWA,KIPTULWA,CHEBOLE,3266,3281,6547,1224,30.18,216.9
RIFT VALLEY,SOTIK,MUTARAKWA,KIPTULWA,KAPKURES,1578,1693,3271,597,13.66,239.49
RIFT VALLEY,SOTIK,MUTARAKWA,KIPTULWA,KINYELWET,2217,2307,4524,816,21.92,206.38
RIFT VALLEY,SOTIK,MUTARAKWA,KIPTULWA,KIPSONOI,2035,2118,4153,742,16.85,246.51
RIFT VALLEY,SOTIK,MUTARAKWA,MUTARAKWA,LELDAET,3587,3601,7188,1252,18.91,380.08
RIFT VALLEY,SOTIK,MUTARAKWA,MUTARAKWA,TARAKWA,2566,2708,5274,945,17.91,294.4
RIFT VALLEY,SOTIK,NDANAI,KAPKELEI,KAPKELEI,1780,1958,3738,700,12.81,291.72
RIFT VALLEY,SOTIK,NDANAI,KAPKELEI,MOTIRET,1428,1519,2947,538,9.23,319.35
RIFT VALLEY,SOTIK,NDANAI,KAPKELEI,OLDEBESI,1324,1431,2755,546,5.45,505.63
RIFT VALLEY,SOTIK,NDANAI,KAPKELEI,SIGORIAN,2281,2492,4773,892,14.96,319.14
RIFT VALLEY,SOTIK,NDANAI,NDANAI,CHEPKEIGEI,1212,1308,2520,465,5.8,434.26
RIFT VALLEY,SOTIK,NDANAI,NDANAI,CHEPLELWA,1530,1526,3056,540,11.7,261.12
RIFT VALLEY,SOTIK,NDANAI,NDANAI,KIPSINGEI,2721,2776,5497,1053,13.29,413.67
RIFT VALLEY,SOTIK,NDANAI,NDANAI,NDANAI,3217,3382,6599,1241,8.23,801.5
RIFT VALLEY,SOTIK,SOTIK,CHEMAGEL,CHEBONGI,1831,1950,3781,732,5.19,728.57
RIFT VALLEY,SOTIK,SOTIK,CHEMAGEL,KIPAJIT,1155,1217,2372,438,11.31,209.69
RIFT VALLEY,SOTIK,SOTIK,CHEMAGEL,SOTIK,3081,2810,5891,1577,4.65,1266.09
RIFT VALLEY,SOTIK,SOTIK,KAPLONG,KAPCHEPKORO,3412,3325,6737,1312,9.71,693.53
RIFT VALLEY,SOTIK,SOTIK,KAPLONG,KAPLONG,3326,3697,7023,1311,10.77,651.98
RIFT VALLEY,SOTIK,SOTIK,MANARET,CHEBILAT,2219,2169,4388,1098,12.62,347.83
RIFT VALLEY,SOTIK,SOTIK,MANARET,MABWAITA,1115,1049,2164,437,12.35,175.18
RIFT VALLEY,SOTIK,SOTIK,MANARET,MANARET,1045,1036,2081,399,10.08,206.37
RIFT VALLEY,SOTIK,SOTIK,MANARET,MONIERE,1383,938,2321,984,19.53,118.83
RIFT VALLEY,SOTIK,SOTIK,RONGENA,KIPNGOSOS,1027,1058,2085,397,4.58,455.16
RIFT VALLEY,SOTIK,SOTIK,RONGENA,RONGENA,2248,2142,4390,778,12.47,352.13
RIFT VALLEY,SOTIK,SOTIK,TEMBWO,BURGEI,1195,1291,2486,434,5.62,442.53
RIFT VALLEY,SOTIK,SOTIK,TEMBWO,TEMBWO,2393,2522,4915,886,15.22,322.95
RIFT VALLEY,SOTIK,SOTIK,YAGANEK,EMITYOT,924,944,1868,356,9.17,203.7
RIFT VALLEY,SOTIK,SOTIK,YAGANEK,YAGANEK,2255,2307,4562,820,7.53,605.45
RIFT VALLEY,TINDERET,TINDERET,AINAPNGETUNY,AINAPNGETUNY,724,731,1455,280,4.85,299.91
RIFT VALLEY,TINDERET,TINDERET,AINAPNGETUNY,KISOGA,477,486,963,187,2.39,403
RIFT VALLEY,TINDERET,TINDERET,AINAPNGETUNY,TOROTON,980,964,1944,354,6.9,281.56
RIFT VALLEY,TINDERET,TINDERET,CHEMAMUL,CHEBAGANG,816,729,1545,376,20.24,76.33
RIFT VALLEY,TINDERET,TINDERET,CHEMAMUL,CHEMAMUL,1302,1143,2445,667,23.35,104.73
RIFT VALLEY,TINDERET,TINDERET,CHEMAMUL,KIPYAOR,792,814,1606,365,29.2,55
RIFT VALLEY,TINDERET,TINDERET,CHEPKEMEL,CHEPKEMEL,892,862,1754,288,4.65,377.4
RIFT VALLEY,TINDERET,TINDERET,CHEPKEMEL,KABIKWEN,443,437,880,175,5.2,169.15
RIFT VALLEY,TINDERET,TINDERET,CHEPKEMEL,KIPSIWO,459,434,893,157,2.64,338.16
RIFT VALLEY,TINDERET,TINDERET,KABIRER,CHERONDO,1674,1609,3283,597,5.98,548.9
RIFT VALLEY,TINDERET,TINDERET,KABIRER,KABIRER,1373,1416,2789,514,8.03,347.46
RIFT VALLEY,TINDERET,TINDERET,KABIRER,KIBUKWO,1567,1499,3066,524,7.03,436.29
RIFT VALLEY,TINDERET,TINDERET,KABOLEBO,KABOLEBO,1236,1302,2538,496,6.69,379.49
RIFT VALLEY,TINDERET,TINDERET,KABOLEBO,KAPLELACH,388,385,773,185,6.35,121.73
RIFT VALLEY,TINDERET,TINDERET,KABUTIEI,KABUTIEI,467,415,882,157,1.93,457.59
RIFT VALLEY,TINDERET,TINDERET,KABUTIEI,MATAMBACH,622,583,1205,194,4,301.52
RIFT VALLEY,TINDERET,TINDERET,KAMELIL,KAMELIL,1235,1217,2452,444,6.61,370.68
RIFT VALLEY,TINDERET,TINDERET,KAMELIL,KAPSOEN,1426,1233,2659,479,4.79,554.95
RIFT VALLEY,TINDERET,TINDERET,KAMELIL,NGATIPKONG,1449,1471,2920,498,5.22,559.17
RIFT VALLEY,TINDERET,TINDERET,KAMELILO,GOT NELEL,963,918,1881,343,9.21,204.3
RIFT VALLEY,TINDERET,TINDERET,KAMELILO,SENETWO,1006,980,1986,383,9.11,217.96
RIFT VALLEY,TINDERET,TINDERET,KAMELILO,TEBESON,1228,1246,2474,437,8.03,308.11
RIFT VALLEY,TINDERET,TINDERET,KAPKITONY,CHEPTONON,1234,1144,2378,425,10.65,223.33
RIFT VALLEY,TINDERET,TINDERET,KAPKITONY,MOMBWO,636,592,1228,240,4.04,304.26
RIFT VALLEY,TINDERET,TINDERET,KAPKOROS,KAPKOROS,1022,982,2004,395,4.41,454.56
RIFT VALLEY,TINDERET,TINDERET,KAPKOROS,KAPSOKIO,550,596,1146,199,2.96,387.58
RIFT VALLEY,TINDERET,TINDERET,KAPKOROS,TERENO,879,834,1713,301,6.51,263.1
RIFT VALLEY,TINDERET,TINDERET,METEITEI,METEITEI,1002,1033,2035,357,4.83,421.55
RIFT VALLEY,TINDERET,TINDERET,METEITEI,SETEK,995,1016,2011,381,4.73,425.34
RIFT VALLEY,TINDERET,TINDERET,SOBA,KAMILET,478,483,961,203,8.37,114.87
RIFT VALLEY,TINDERET,TINDERET,SOBA,KAPKITANY,495,458,953,183,6.83,139.52
RIFT VALLEY,TINDERET,TINDERET,SOBA,SIGORIA,681,636,1317,246,9.43,139.7
RIFT VALLEY,TINDERET,TINDERET,SOBA,SOBA RIVER,881,845,1726,309,9.57,180.28
RIFT VALLEY,TINDERET,TINDERET,SONGHOR,SOKOSIK,1523,1507,3030,587,17.3,175.16
RIFT VALLEY,TINDERET,TINDERET,SONGHOR,SONGHOR,1614,1556,3170,562,20.69,153.21
RIFT VALLEY,TINDERET,TINDERET,SONGHOR,TAUNET,2174,2120,4294,817,39.21,109.52
RIFT VALLEY,TINDERET,TINDERET,TACHASIS,KAPLAMAIYWO,865,784,1649,254,3.35,491.97
RIFT VALLEY,TINDERET,TINDERET,TACHASIS,TACHASIS,519,510,1029,184,3.05,337.7
RIFT VALLEY,TINDERET,TINDERET,TINDERET,KIMATKEI,551,529,1080,184,3.12,346.55
RIFT VALLEY,TINDERET,TINDERET,TINDERET,MBOGO VALLE,878,833,1711,331,8.07,212.03
RIFT VALLEY,TINDERET,TINDERET,TINDERET,TINDERET,613,614,1227,231,30.18,40.66
RIFT VALLEY,TRANS MARA,ANGATA BARIKOI,ANGATA BARIKOI,ANGATA BARINKOI,1611,1664,3275,562,26.95,121.51
RIFT VALLEY,TRANS MARA,ANGATA BARIKOI,ANGATA BARIKOI,CHELCHEL,1490,1504,2994,516,129.3,23.16
RIFT VALLEY,TRANS MARA,ANGATA BARIKOI,ANGATA BARIKOI,NGENDALEL,1373,1430,2803,496,26.69,105
RIFT VALLEY,TRANS MARA,ANGATA BARIKOI,MACHANGWA,MACHANGWA,1613,1577,3190,588,53.95,59.13
RIFT VALLEY,TRANS MARA,ANGATA BARIKOI,MACHANGWA,MAGENA,1526,1446,2972,443,16.24,183.01
RIFT VALLEY,TRANS MARA,ANGATA BARIKOI,OLDONYOROK,KONDAMIET,1648,1630,3278,594,11.94,274.64
RIFT VALLEY,TRANS MARA,ANGATA BARIKOI,OLDONYOROK,OLDONYOROK,2392,2459,4851,865,20.6,235.52
RIFT VALLEY,TRANS MARA,EMURUA DIKIRR,EMURUA DIKIRR,CHEMAMIT,6415,6655,13070,2369,38.67,337.95
RIFT VALLEY,TRANS MARA,EMURUA DIKIRR,KAPSASIAN,CHEMAMIT,2426,2549,4975,804,13.2,377.02
RIFT VALLEY,TRANS MARA,EMURUA DIKIRR,KAPSASIAN,KAPOLESHO,2702,2856,5558,982,15.4,360.97
RIFT VALLEY,TRANS MARA,EMURUA DIKIRR,KAPSASIAN,KAPSASIAN,2690,2759,5449,920,15.09,361.19
RIFT VALLEY,TRANS MARA,EMURUA DIKIRR,MUGOR,MUGOR,4990,5016,10006,1856,30.62,326.73
RIFT VALLEY,TRANS MARA,EMURUA DIKIRR,MUGOR,MUKONDO,3734,3840,7574,1427,31.76,238.44
RIFT VALLEY,TRANS MARA,EMURUA DIKIRR,MURKAN,ILKERIN,6708,6579,13287,2450,58.03,228.96
RIFT VALLEY,TRANS MARA,KEIYAN,ENOOSAEN,ENOOSAEN,2189,2233,4422,904,21.11,209.45
RIFT VALLEY,TRANS MARA,KEIYAN,ENOOSAEN,MAPASHI,1265,1338,2603,433,28.75,90.52
RIFT VALLEY,TRANS MARA,KEIYAN,ISAMPIN,ELANGATA OSAEN,1471,1448,2919,537,15.86,184.1
RIFT VALLEY,TRANS MARA,KEIYAN,ISAMPIN,ISAMPIN,902,909,1811,332,14.05,128.91
RIFT VALLEY,TRANS MARA,KEIYAN,MASURURA,MASURURA,1534,1458,2992,569,48.93,61.14
RIFT VALLEY,TRANS MARA,KEIYAN,MOITA,MOITA,2287,2311,4598,936,75.59,60.83
RIFT VALLEY,TRANS MARA,KEIYAN,NDONYO,KIIKAT,1258,1155,2413,465,22.84,105.65
RIFT VALLEY,TRANS MARA,KEIYAN,NDONYO,NAAR-OLONG,794,739,1533,294,30.38,50.46
RIFT VALLEY,TRANS MARA,KEIYAN,NKARARO,ENENTEKENY,1377,1438,2815,531,25.74,109.38
RIFT VALLEY,TRANS MARA,KEIYAN,NKARARO,ILDOLISHO,855,849,1704,340,20.57,82.83
RIFT VALLEY,TRANS MARA,KEIYAN,NKARARO,NKARARO,1559,1628,3187,700,22.06,144.5
RIFT VALLEY,TRANS MARA,KEIYAN,OLONTARE,ILPASHIRE,1207,1098,2305,424,32.8,70.28
RIFT VALLEY,TRANS MARA,KEIYAN,OLONTARE,NTUKA,817,836,1653,305,19.38,85.3
RIFT VALLEY,TRANS MARA,KEIYAN,OLONTARE,OLONTARE,936,1000,1936,388,37.36,51.83
RIFT VALLEY,TRANS MARA,KEIYAN,SIKAWA,OLDONYATI,1409,1433,2842,512,20.75,136.98
RIFT VALLEY,TRANS MARA,KEIYAN,SIKAWA,SIKAWA,1057,1008,2065,397,36.87,56.01
RIFT VALLEY,TRANS MARA,KILGORIS,OLALUI,ILMESHUKI,1026,1050,2076,404,69.96,29.68
RIFT VALLEY,TRANS MARA,KILGORIS,OLALUI,MUKULELTA,1169,1109,2278,448,18.27,124.68
RIFT VALLEY,TRANS MARA,KILGORIS,OLALUI,OLALUI,1381,1274,2655,532,9.38,283.11
RIFT VALLEY,TRANS MARA,KILGORIS,OLOIBORSOITO,KILUTOORI,1254,1363,2617,441,14.33,182.61
RIFT VALLEY,TRANS MARA,KILGORIS,OLOIBORSOITO,OLDONYO RASHA,2064,2183,4247,928,8.54,497.14
RIFT VALLEY,TRANS MARA,KILGORIS,OLOLCHANI,ENDOINYO NKOPIT,985,1022,2007,374,10.63,188.78
RIFT VALLEY,TRANS MARA,KILGORIS,OLOLCHANI,LEPOLOSI,4346,4327,8673,2288,10.75,807.02
RIFT VALLEY,TRANS MARA,KILGORIS,OLOLCHANI,OLOLCHANI,1282,1223,2505,488,13.91,180.14
RIFT VALLEY,TRANS MARA,KILGORIS,OLOMISMIS,OLENGOLOTO,1225,1202,2427,417,26.95,90.05
RIFT VALLEY,TRANS MARA,KILGORIS,OLOMISMIS,OLESENTU,1104,1111,2215,380,39.47,56.11
RIFT VALLEY,TRANS MARA,KILGORIS,OLOMISMIS,OLOMISMIS,1623,1737,3360,596,34.45,97.54
RIFT VALLEY,TRANS MARA,KILGORIS,OSINONI,NYASITA,354,310,664,116,9.51,69.8
RIFT VALLEY,TRANS MARA,KILGORIS,OSINONI,OSINONI,1290,1252,2542,527,26.88,94.57
RIFT VALLEY,TRANS MARA,KILGORIS,OSUPUKO,NARONYO,1154,1162,2316,366,10.6,218.58
RIFT VALLEY,TRANS MARA,KILGORIS,OSUPUKO,OSUPUKO,1234,1290,2524,434,16.24,155.44
RIFT VALLEY,TRANS MARA,KILGORIS,POROKO,NAKUIYAN,1315,1324,2639,586,8.92,295.96
RIFT VALLEY,TRANS MARA,KILGORIS,POROKO,POROKO,1674,1689,3363,578,17.02,197.55
RIFT VALLEY,TRANS MARA,KILGORIS,SHANKOE,ENAENYENY,905,845,1750,285,18.26,95.82
RIFT VALLEY,TRANS MARA,KILGORIS,SHANKOE,OLEREKO,765,776,1541,279,13.18,116.89
RIFT VALLEY,TRANS MARA,KILGORIS,SHANKOE,SHANKOE,931,923,1854,316,19.75,93.85
RIFT VALLEY,TRANS MARA,KIRINDON,EMARTI,EMARTI,1639,1610,3249,572,33.47,97.08
RIFT VALLEY,TRANS MARA,KIRINDON,EMARTI,KIRIBWET,3647,3776,7423,1349,34.73,213.75
RIFT VALLEY,TRANS MARA,KIRINDON,ESOIT-NAIBOR,ESOIT-NAIBOR,2743,2574,5317,984,49.71,106.97
RIFT VALLEY,TRANS MARA,KIRINDON,ESOIT-NAIBOR,PUSANKI,853,769,1622,296,48.11,33.71
RIFT VALLEY,TRANS MARA,KIRINDON,ESOIT-NAIBOR,SITOKA,396,435,831,164,109.08,7.62
RIFT VALLEY,TRANS MARA,KIRINDON,KIMINTET,KIRINDON,2763,2699,5462,966,59.22,92.23
RIFT VALLEY,TRANS MARA,KIRINDON,KIMINTET,OLOOLOLO,1742,1095,2837,680,465.29,6.1
RIFT VALLEY,TRANS MARA,KIRINDON,NTULELE,NTULELE,1773,1752,3525,637,48.58,72.56
RIFT VALLEY,TRANS MARA,LOLGORIAN,ENKOIPERIAI,ENKOIPERIAI,243,263,506,100,18.76,26.97
RIFT VALLEY,TRANS MARA,LOLGORIAN,MOYOI,LOLGORIAN,2887,2777,5664,1285,37.34,151.68
RIFT VALLEY,TRANS MARA,LOLGORIAN,MOYOI,OLKILORITI,750,762,1512,269,21.47,70.42
RIFT VALLEY,TRANS MARA,LOLGORIAN,MOYOI,OLMOTONYI,1601,1622,3223,564,83.02,38.82
RIFT VALLEY,TRANS MARA,LOLGORIAN,MOYOI,SITETI,522,554,1076,204,22.68,47.43
RIFT VALLEY,TRANS MARA,LOLGORIAN,OLOIREN,KAWAI,875,967,1842,369,70.39,26.17
RIFT VALLEY,TRANS MARA,LOLGORIAN,OLOIREN,OLOLMONGI,1830,1780,3610,628,128.68,28.05
RIFT VALLEY,TRANS MARA,LOLGORIAN,SOKON,KERINKANI,2216,2242,4458,757,57.08,78.1
RIFT VALLEY,TRANS MARA,OLOLMASANI,NJIPISHIP,KAPKOROS,2695,2717,5412,924,14.34,377.46
RIFT VALLEY,TRANS MARA,OLOLMASANI,NJIPISHIP,NDAMAMA,1391,1378,2769,424,8.35,331.56
RIFT VALLEY,TRANS MARA,OLOLMASANI,NJIPISHIP,NJIPISHIP,1784,1794,3578,634,10.15,352.42
RIFT VALLEY,TRANS MARA,OLOLMASANI,OLOLMASANI,ABOSSI,3690,3760,7450,1329,19.76,377.03
RIFT VALLEY,TRANS MARA,OLOLMASANI,OLOLMASANI,OLOLMASANI,2770,2862,5632,979,20.07,280.55
RIFT VALLEY,TRANS MARA,PIRRAR,KAPUNE,KAPUNE,963,969,1932,332,10.3,187.6
RIFT VALLEY,TRANS MARA,PIRRAR,KAPUNE,SIRUA-AULO,1848,1925,3773,608,19.4,194.46
RIFT VALLEY,TRANS MARA,PIRRAR,MEGUARRA,MEGUARRA,1006,1068,2074,348,12.49,166.02
RIFT VALLEY,TRANS MARA,PIRRAR,MEGUARRA,ROMOSHA,638,673,1311,229,10.13,129.43
RIFT VALLEY,TRANS MARA,PIRRAR,ORONKAI,MEDUGI,790,764,1554,262,17.05,91.13
RIFT VALLEY,TRANS MARA,PIRRAR,ORONKAI,ORONKAI,388,418,806,135,10.88,74.11
RIFT VALLEY,TRANS MARA,PIRRAR,ORONKAI,PIMPINET,1316,1211,2527,419,13.54,186.66
RIFT VALLEY,TRANS MARA,PIRRAR,SHARTUKA,ENKOSIPA,1081,1137,2218,412,15.48,143.28
RIFT VALLEY,TRANS MARA,PIRRAR,SHARTUKA,SHARTUKA,1012,994,2006,342,30.29,66.24
RIFT VALLEY,TRANS NZOIA EAST,CHERANGANY,CHEPSIRO,KAPSIGILAI,3962,4169,8131,1540,29.63,274.4
RIFT VALLEY,TRANS NZOIA EAST,CHERANGANY,CHEPSIRO,KIBUSWA,4888,4955,9843,1834,45.64,215.66
RIFT VALLEY,TRANS NZOIA EAST,CHERANGANY,CHERANGANY,KACHIBORA,6004,6159,12163,2453,32.33,376.16
RIFT VALLEY,TRANS NZOIA EAST,CHERANGANY,CHERANGANY,NZOIA,5313,5301,10614,2186,53.52,198.33
RIFT VALLEY,TRANS NZOIA EAST,CHERANGANY,KIPTOROR,GETA,2960,3182,6142,1318,20.75,296.06
RIFT VALLEY,TRANS NZOIA EAST,CHERANGANY,KIPTOROR,TOP SUWERWA,1923,1980,3903,736,13.3,293.43
RIFT VALLEY,TRANS NZOIA EAST,CHERANGANY,MILIMANI,KIPTOI,2604,2655,5259,1062,14.84,354.37
RIFT VALLEY,TRANS NZOIA EAST,CHERANGANY,MILIMANI,MILIMANI,3852,3830,7682,1590,33.13,231.88
RIFT VALLEY,TRANS NZOIA EAST,CHERANGANY,SUWERWA,KAPKARWA,1684,1728,3412,706,15.64,218.1
RIFT VALLEY,TRANS NZOIA EAST,CHERANGANY,SUWERWA,KAPTERIT,2395,2534,4929,1029,21.34,230.97
RIFT VALLEY,TRANS NZOIA EAST,CHERANGANY,SUWERWA,KAPTUMBO,2294,2357,4651,897,17.34,268.18
RIFT VALLEY,TRANS NZOIA EAST,KAPLAMAI,MAKUTANO,BIRIBIRIET,3583,3601,7184,1422,21.2,338.83
RIFT VALLEY,TRANS NZOIA EAST,KAPLAMAI,MAKUTANO,KAPOLET,2427,2376,4803,1106,23.96,200.47
RIFT VALLEY,TRANS NZOIA EAST,KAPLAMAI,MAKUTANO,KAPSARA,3287,3088,6375,1449,35.61,179.03
RIFT VALLEY,TRANS NZOIA EAST,KAPLAMAI,MOTOSIET,KIMOSON,12403,12854,25257,4861,59.5,424.49
RIFT VALLEY,TRANS NZOIA EAST,KAPLAMAI,MOTOSIET,MOTOSIET,11098,11473,22571,4371,56.26,401.16
RIFT VALLEY,TRANS NZOIA EAST,KAPLAMAI,SINYERERE,SINYERERE,12816,13074,25890,5255,72.42,357.52
RIFT VALLEY,TRANS NZOIA EAST,KAPLAMAI,SITATUNGA,SITATUNGA,13103,13261,26364,5304,63.37,416.04
RIFT VALLEY,TRANS NZOIA WEST,CENTRAL,KIBOMET,BIDII,10426,11072,21498,5234,26.63,807.24
RIFT VALLEY,TRANS NZOIA WEST,CENTRAL,KIBOMET,MILIMANI,6926,6384,13310,3132,12.09,1101.34
RIFT VALLEY,TRANS NZOIA WEST,CENTRAL,KIBOMET,NAISAMBU,8165,8759,16924,4055,22.27,759.88
RIFT VALLEY,TRANS NZOIA WEST,CENTRAL,MATISI,MATISI,11425,11022,22447,5881,11.04,2033.35
RIFT VALLEY,TRANS NZOIA WEST,CENTRAL,MATISI,RAFIKI,2890,2830,5720,1169,6.33,903.16
RIFT VALLEY,TRANS NZOIA WEST,CENTRAL,MUNICIPALITY,BONDENI,5342,5191,10533,2690,2.7,3899.52
RIFT VALLEY,TRANS NZOIA WEST,CENTRAL,MUNICIPALITY,GRASSLAND,4970,3504,8474,1601,27.83,304.53
RIFT VALLEY,TRANS NZOIA WEST,CENTRAL,MUNICIPALITY,KIPSONGOK,2178,1843,4021,1174,2.2,1829.56
RIFT VALLEY,TRANS NZOIA WEST,CENTRAL,MUNICIPALITY,TUWAN,14826,14303,29129,8645,1.48,19667.14
RIFT VALLEY,TRANS NZOIA WEST,CENTRAL,WAITALUK,KAPKOI SISAL,19801,20576,40377,8235,100.25,402.77
RIFT VALLEY,TRANS NZOIA WEST,CENTRAL,WAITALUK,SIRENDE,11548,12129,23677,4783,38.89,608.87
RIFT VALLEY,TRANS NZOIA WEST,KIMININI,KIMININI,KIMININI,16333,17431,33764,6915,87.23,387.05
RIFT VALLEY,TRANS NZOIA WEST,KIMININI,KIMININI,NABISWA,18796,19935,38731,7767,65.76,588.97
RIFT VALLEY,TRANS NZOIA WEST,KIMININI,SIKHENDU,SIKHENDU,11696,12433,24129,4804,40.97,589.01
RIFT VALLEY,TRANS NZOIA WEST,KINYORO,KINYORO,KINYORO,6336,6481,12817,2556,29.6,433.04
RIFT VALLEY,TRANS NZOIA WEST,KINYORO,KINYORO,KIPYOIYWAN,8043,8049,16092,3071,44.74,359.66
RIFT VALLEY,TRANS NZOIA WEST,KINYORO,KISAWAI,TELDET,5350,5386,10736,2136,75.16,142.84
RIFT VALLEY,TRANS NZOIA WEST,SABOTI,KIBOROA,KIBOROA,5287,5059,10346,1947,50.13,206.37
RIFT VALLEY,TRANS NZOIA WEST,SABOTI,MACHEWA,MACHEWA,9844,10155,19999,3713,44.04,454.15
RIFT VALLEY,TRANS NZOIA WEST,SABOTI,SABOTI,SABOTI,12356,12286,24642,4769,56.14,438.97
RIFT VALLEY,TURKANA CENTRAL,CENTRAL,KANAMKEMER,KANAMKEMER,6764,7639,14403,2758,82.32,174.97
RIFT VALLEY,TURKANA CENTRAL,CENTRAL,KANAMKEMER,NAWOITORONG,4077,4304,8381,1607,205.1,40.86
RIFT VALLEY,TURKANA CENTRAL,CENTRAL,LODWER TOWNSHIP,LODWER TOWNSHIP,7201,6865,14066,2906,279.71,50.29
RIFT VALLEY,TURKANA CENTRAL,CENTRAL,LODWER TOWNSHIP,NAKWAMEKWI,4965,5320,10285,1985,24.52,419.52
RIFT VALLEY,TURKANA CENTRAL,CENTRAL,LODWER TOWNSHIP,NAPETET,5524,5631,11155,2181,240.19,46.44
RIFT VALLEY,TURKANA CENTRAL,KALOKOL,KALOKOL,KALOKOL,5654,5826,11480,2311,384.16,29.88
RIFT VALLEY,TURKANA CENTRAL,KALOKOL,KALOKOL,KAPUA,1899,2073,3972,711,516.4,7.69
RIFT VALLEY,TURKANA CENTRAL,KALOKOL,KALOKOL,NAMADAK,1931,2094,4025,662,234.33,17.18
RIFT VALLEY,TURKANA CENTRAL,KALOKOL,KANGATOTHA,ELIYE,2277,2515,4792,804,493.72,9.71
RIFT VALLEY,TURKANA CENTRAL,KALOKOL,KANGATOTHA,LOMOPUS,1176,1303,2479,454,274.29,9.04
RIFT VALLEY,TURKANA CENTRAL,KALOKOL,KANGATOTHA,NAWOROS,2319,2243,4562,711,97.32,46.88
RIFT VALLEY,TURKANA CENTRAL,KALOKOL,NAMUKUSE,LOCHER EKENY,2247,2333,4580,598,104.68,43.75
RIFT VALLEY,TURKANA CENTRAL,KALOKOL,NAMUKUSE,NAMUKUSE,3212,3070,6282,1031,34.99,179.53
RIFT VALLEY,TURKANA CENTRAL,KERIO,KANGIRISAYE,KANGIRISAYE,1791,1852,3643,518,454.97,8.01
RIFT VALLEY,TURKANA CENTRAL,KERIO,KANGIRISAYE,NAKORET,2080,2118,4198,623,225.64,18.6
RIFT VALLEY,TURKANA CENTRAL,KERIO,KERIO,KERIO,2169,2085,4254,692,265.95,16
RIFT VALLEY,TURKANA CENTRAL,KERIO,KERIO,NADOTO,4450,3975,8425,968,156.26,53.92
RIFT VALLEY,TURKANA CENTRAL,KERIO,KERIO,NAKURIO,3872,3882,7754,1204,769.32,10.08
RIFT VALLEY,TURKANA CENTRAL,KERIO,LORENGELUP,KAKIMAT,896,983,1879,295,433.44,4.34
RIFT VALLEY,TURKANA CENTRAL,KERIO,LORENGELUP,KANGAGETEI,916,970,1886,290,286.44,6.58
RIFT VALLEY,TURKANA CENTRAL,KERIO,LORENGELUP,LORENGELUP,1039,1134,2173,372,112.12,19.38
RIFT VALLEY,TURKANA CENTRAL,LOIMA,LOIMA,LOCHOR EDOME,1144,1098,2242,299,166.91,13.43
RIFT VALLEY,TURKANA CENTRAL,LOIMA,LOIMA,LOCHOR EKUYEN,1681,1673,3354,511,335.02,10.01
RIFT VALLEY,TURKANA CENTRAL,LOIMA,LOIMA,NAMORUPUTH,2104,2374,4478,691,243.33,18.4
RIFT VALLEY,TURKANA CENTRAL,LOIMA,LOIMA,PUCH,4946,4828,9774,1049,1373.87,7.11
RIFT VALLEY,TURKANA CENTRAL,LOIMA,LOKIRIAMA,ATALA KAMUSIO,1993,1988,3981,482,100.27,39.7
RIFT VALLEY,TURKANA CENTRAL,LOIMA,LOKIRIAMA,LOCHOR LOMALA,3074,2765,5839,800,428.21,13.64
RIFT VALLEY,TURKANA CENTRAL,LOIMA,LOKIRIAMA,LOKIRIAMA,1951,1664,3615,482,163.74,22.08
RIFT VALLEY,TURKANA CENTRAL,LOIMA,LORENGIPPI,KAEMANIK,645,562,1207,153,189.56,6.37
RIFT VALLEY,TURKANA CENTRAL,LOIMA,LORENGIPPI,LODWAT,671,713,1384,201,58.81,23.53
RIFT VALLEY,TURKANA CENTRAL,LOIMA,LORENGIPPI,LORENGIPPI,1393,1066,2459,299,209.39,11.74
RIFT VALLEY,TURKANA CENTRAL,LOIMA,LORENGIPPI,LOYA,807,694,1501,180,68.78,21.82
RIFT VALLEY,TURKANA CENTRAL,LOIMA,LORENGIPPI,NAKURIO,594,476,1070,141,91.14,11.74
RIFT VALLEY,TURKANA CENTRAL,TURKWEL,KOTARUK,KOTARUK,5304,4574,9878,1142,225.32,43.84
RIFT VALLEY,TURKANA CENTRAL,TURKWEL,KOTARUK,LOKIPETOT ARENGANI,2082,2268,4350,679,263.9,16.48
RIFT VALLEY,TURKANA CENTRAL,TURKWEL,KOTARUK,NAIPA,1860,1746,3606,493,199.15,18.11
RIFT VALLEY,TURKANA CENTRAL,TURKWEL,LOMEYAN,KAAPUS,3490,3568,7058,828,504.52,13.99
RIFT VALLEY,TURKANA CENTRAL,TURKWEL,LOMEYAN,LOMEYAN,4938,5155,10093,1483,883.01,11.43
RIFT VALLEY,TURKANA CENTRAL,TURKWEL,LOMEYAN,NACHURO,2527,2637,5164,698,547.12,9.44
RIFT VALLEY,TURKANA CENTRAL,TURKWEL,LORUGUM,KALEMUNYANG,4400,4266,8666,1250,450.18,19.25
RIFT VALLEY,TURKANA CENTRAL,TURKWEL,LORUGUM,LOBEI,2709,2420,5129,671,246.37,20.82
RIFT VALLEY,TURKANA CENTRAL,TURKWEL,LORUGUM,LORUGUM,2172,2565,4737,914,582.63,8.13
RIFT VALLEY,TURKANA CENTRAL,TURKWEL,LORUGUM,TURKWEL,3871,4268,8139,1602,333.29,24.42
RIFT VALLEY,TURKANA CENTRAL,TURKWEL,NADAPAL,KAWALATHE,664,809,1473,311,416.66,3.54
RIFT VALLEY,TURKANA CENTRAL,TURKWEL,NADAPAL,NADAPAL,1530,1756,3286,645,109.32,30.06
RIFT VALLEY,TURKANA CENTRAL,TURKWEL,NADAPAL,NAPEIKAR,2163,2363,4526,899,276.41,16.37
RIFT VALLEY,TURKANA CENTRAL,TURKWEL,NADAPAL,TIYA,1367,1556,2923,536,447.89,6.53
RIFT VALLEY,TURKANA NORTH,KAALENG,KAERIS,KAERIS,2994,2550,5544,620,526.4,10.53
RIFT VALLEY,TURKANA NORTH,KAALENG,KAERIS,KANAKURUDIO,2550,1941,4491,545,1113.49,4.03
RIFT VALLEY,TURKANA NORTH,KAALENG,KAERIS,KANGAKIPUR,1318,1089,2407,274,344.06,7
RIFT VALLEY,TURKANA NORTH,KAALENG,KAERIS,NADUNGA,2292,1982,4274,515,871.53,4.9
RIFT VALLEY,TURKANA NORTH,KAALENG,KAIKOR,LOITANIT,2167,2070,4237,538,727.38,5.82
RIFT VALLEY,TURKANA NORTH,KAALENG,KAIKOR,LOKOLIO,3619,3240,6859,917,484.54,14.16
RIFT VALLEY,TURKANA NORTH,KAALENG,KAIKOR,NALITA,1972,1703,3675,398,388.17,9.47
RIFT VALLEY,TURKANA NORTH,KAALENG,LORUTH,KARACH,764,701,1465,188,607.31,2.41
RIFT VALLEY,TURKANA NORTH,KAALENG,LORUTH,KATOME,1241,1056,2297,344,627.9,3.66
RIFT VALLEY,TURKANA NORTH,KAALENG,LORUTH,LORUTH ESEKON,1414,1261,2675,315,655.24,4.08
RIFT VALLEY,TURKANA NORTH,KAALENG,YAPAKUNO,KAALEM,3231,2908,6139,919,805.42,7.62
RIFT VALLEY,TURKANA NORTH,KAALENG,YAPAKUNO,KAKELAE,1411,1097,2508,328,214.44,11.7
RIFT VALLEY,TURKANA NORTH,KAALENG,YAPAKUNO,MILIMA TATU,2496,2126,4622,491,859.96,5.37
RIFT VALLEY,TURKANA NORTH,KAKUMA,KAKUMA,LOPUR,20374,17837,38211,7508,184.51,207.1
RIFT VALLEY,TURKANA NORTH,KAKUMA,KAKUMA,NADAPAL,8199,7671,15870,2516,41.52,382.24
RIFT VALLEY,TURKANA NORTH,KAKUMA,KAKUMA,NAMORUNGOLE,5987,5746,11733,2074,289.36,40.55
RIFT VALLEY,TURKANA NORTH,KAKUMA,KAKUMA,TARACH,3064,2872,5936,689,120.65,49.2
RIFT VALLEY,TURKANA NORTH,KAKUMA,NAKALALE,KOBWIN,1873,1614,3487,528,581.56,6
RIFT VALLEY,TURKANA NORTH,KAKUMA,NAKALALE,LOSAJAIT,1150,1002,2152,277,442.31,4.87
RIFT VALLEY,TURKANA NORTH,KAKUMA,NAKALALE,NAKALALE,1945,1941,3886,629,652.61,5.95
RIFT VALLEY,TURKANA NORTH,KAKUMA,PELEKECH,LOKORE,3078,2885,5963,859,190.95,31.23
RIFT VALLEY,TURKANA NORTH,KAKUMA,PELEKECH,LOPUSIKI,2397,2473,4870,649,225.5,21.6
RIFT VALLEY,TURKANA NORTH,KAKUMA,PELEKECH,NAMON,1294,1289,2583,355,737.54,3.5
RIFT VALLEY,TURKANA NORTH,KIBISH,KIBISH,KIBISH,637,507,1144,268,705.98,1.62
RIFT VALLEY,TURKANA NORTH,KIBISH,KIBISH,LOKOMARINYANG,1701,1713,3414,456,987.6,3.46
RIFT VALLEY,TURKANA NORTH,KIBISH,NAITA,KOYASA,0,0,0,0,561.62,0
RIFT VALLEY,TURKANA NORTH,KIBISH,NAITA,NAITA,1452,1580,3032,360,2027.35,1.5
RIFT VALLEY,TURKANA NORTH,KIBISH,NATAPAR,KAITEDE,2835,2322,5157,660,206.46,24.98
RIFT VALLEY,TURKANA NORTH,KIBISH,NATAPAR,KARACH ( I),2415,2066,4481,540,404.01,11.09
RIFT VALLEY,TURKANA NORTH,KIBISH,NATAPAR,NATAPAR,2340,2105,4445,651,740.13,6.01
RIFT VALLEY,TURKANA NORTH,LAPUR,KAREBUR,KAREBUR,1011,971,1982,266,278.44,7.12
RIFT VALLEY,TURKANA NORTH,LAPUR,KAREBUR,NABULUKOK,661,510,1171,134,232.9,5.03
RIFT VALLEY,TURKANA NORTH,LAPUR,KOKURO,KOKURO,2066,1777,3843,548,573.52,6.7
RIFT VALLEY,TURKANA NORTH,LAPUR,KOKURO,SASAME,1137,974,2111,273,139.49,15.13
RIFT VALLEY,TURKANA NORTH,LAPUR,KOKURO,TODONYANG,1725,1061,2786,438,526.97,5.29
RIFT VALLEY,TURKANA NORTH,LAPUR,MEYAN,LEWAN,1624,1174,2798,327,414.59,6.75
RIFT VALLEY,TURKANA NORTH,LAPUR,MEYAN,NAPEIKAR,1553,1235,2788,366,270.05,10.32
RIFT VALLEY,TURKANA NORTH,LOKICHOGGIO,LOKICHOGGIO,LOKARIWON,5923,5057,10980,1621,519.98,21.12
RIFT VALLEY,TURKANA NORTH,LOKICHOGGIO,LOKICHOGGIO,LOKICHOGGIO,5652,5328,10980,1868,503.89,21.79
RIFT VALLEY,TURKANA NORTH,LOKICHOGGIO,LORAO,LOKANGAE,4982,4464,9446,1074,1086.44,8.69
RIFT VALLEY,TURKANA NORTH,LOKICHOGGIO,LORAO,LOTIKIPI,3908,3498,7406,911,1639.21,4.52
RIFT VALLEY,TURKANA NORTH,LOKICHOGGIO,LOTETELEIT,LOREMIET,1373,1327,2700,295,99.68,27.09
RIFT VALLEY,TURKANA NORTH,LOKICHOGGIO,LOTETELEIT,LOTETELEIT,2447,2160,4607,572,358,12.87
RIFT VALLEY,TURKANA NORTH,LOKICHOGGIO,MOGILA,LOPIDING,2669,2539,5208,658,144.21,36.11
RIFT VALLEY,TURKANA NORTH,LOKICHOGGIO,MOGILA,MOGILA,8094,6453,14547,1536,597.69,24.34
RIFT VALLEY,TURKANA NORTH,LOKICHOGGIO,NANAM,LOMEYAN,4953,4494,9447,1080,1256.05,7.52
RIFT VALLEY,TURKANA NORTH,LOKICHOGGIO,NANAM,NANAM,2943,2660,5603,748,780.95,7.17
RIFT VALLEY,TURKANA NORTH,LOKICHOGGIO,SONGOT,LOKUDULE,1370,1249,2619,341,365.44,7.17
RIFT VALLEY,TURKANA NORTH,LOKICHOGGIO,SONGOT,LOPWARIN,959,980,1939,277,350.81,5.53
RIFT VALLEY,TURKANA NORTH,LOKICHOGGIO,SONGOT,SONGOT,2075,1545,3620,459,562.43,6.44
RIFT VALLEY,TURKANA NORTH,LOKITAUNG,KATABOI,KATABOI,2203,2000,4203,683,287.83,14.6
RIFT VALLEY,TURKANA NORTH,LOKITAUNG,KATABOI,KATIKO,1040,991,2031,367,186.33,10.9
RIFT VALLEY,TURKANA NORTH,LOKITAUNG,KATABOI,LOMEKWI,1281,1246,2527,410,434.43,5.82
RIFT VALLEY,TURKANA NORTH,LOKITAUNG,LOKITAUNG,KACHODA,1205,1182,2387,373,34.83,68.54
RIFT VALLEY,TURKANA NORTH,LOKITAUNG,LOKITAUNG,NAKALALE,1683,1844,3527,665,194.92,18.09
RIFT VALLEY,TURKANA NORTH,LOKITAUNG,LOKITAUNG,NATOO,647,678,1325,246,86.49,15.32
RIFT VALLEY,TURKANA NORTH,LOKITAUNG,NGISSIGER,KANAMUKUNY,1248,983,2231,339,36.33,61.42
RIFT VALLEY,TURKANA NORTH,LOKITAUNG,NGISSIGER,LOWARENGAK,2743,2738,5481,883,172.66,31.74
RIFT VALLEY,TURKANA NORTH,LOKITAUNG,NGISSIGER,NACHUKUI,3208,2880,6088,988,188.51,32.3
RIFT VALLEY,TURKANA NORTH,LOKITAUNG,RIAKOMOR,KOKISELEI,1690,1542,3232,472,120.51,26.82
RIFT VALLEY,TURKANA NORTH,LOKITAUNG,RIAKOMOR,RIAKOMOR,3081,2629,5710,740,114.99,49.66
RIFT VALLEY,TURKANA NORTH,OROPOI,KALOBEYEI,KALOBEYEI,1462,1548,3010,529,267.92,11.23
RIFT VALLEY,TURKANA NORTH,OROPOI,KALOBEYEI,LONYODUK,1341,1180,2521,375,255.33,9.87
RIFT VALLEY,TURKANA NORTH,OROPOI,KALOBEYEI,NALAPATUI,2162,1854,4016,469,211.32,19
RIFT VALLEY,TURKANA NORTH,OROPOI,KALOBEYEI,NATIRA,942,1062,2004,368,306.1,6.55
RIFT VALLEY,TURKANA NORTH,OROPOI,KALOBEYEI,OROPOI,2651,2176,4827,648,559.05,8.63
RIFT VALLEY,TURKANA NORTH,OROPOI,KALOBEYEI,SONGOT,884,1010,1894,188,1025.68,1.85
RIFT VALLEY,TURKANA NORTH,OROPOI,LETEA,KATELEMOT,2068,1939,4007,542,174.39,22.98
RIFT VALLEY,TURKANA NORTH,OROPOI,LETEA,LOITO,2939,2449,5388,686,232.98,23.13
RIFT VALLEY,TURKANA NORTH,OROPOI,LETEA,LOKIPOTO,8286,7151,15437,2065,646.07,23.89
RIFT VALLEY,TURKANA NORTH,OROPOI,LETEA,LORITIT,4337,4190,8527,1185,576.91,14.78
RIFT VALLEY,TURKANA NORTH,OROPOI,LETEA,TULABALANY,2364,1838,4202,479,804.83,5.22
RIFT VALLEY,TURKANA NORTH,OROPOI,LORENG,LORENG,1570,1640,3210,376,308.53,10.4
RIFT VALLEY,TURKANA NORTH,OROPOI,LORENG,NAMOR-KIRIONOK,1138,1353,2491,355,165.64,15.04
RIFT VALLEY,TURKANA SOUTH,KAINUK,KAINUK,KAINUK,3936,3215,7151,900,186.52,38.34
RIFT VALLEY,TURKANA SOUTH,KAINUK,KAINUK,KAKONGU,1114,769,1883,268,615.18,3.06
RIFT VALLEY,TURKANA SOUTH,KAINUK,KAINUK,LOYAPAT,1193,901,2094,244,200.36,10.45
RIFT VALLEY,TURKANA SOUTH,KAINUK,KAPUTIR,KALOMWAE,2008,1626,3634,547,361.84,10.04
RIFT VALLEY,TURKANA SOUTH,KAINUK,KAPUTIR,LOROGON,1404,1001,2405,372,72.49,33.18
RIFT VALLEY,TURKANA SOUTH,KAINUK,KAPUTIR,NAKWAMORU,4815,4265,9080,1353,247.68,36.66
RIFT VALLEY,TURKANA SOUTH,KATILU,KATILU,KALEMGOROK,4455,4076,8531,1241,453.71,18.8
RIFT VALLEY,TURKANA SOUTH,KATILU,KATILU,KANAODON,4627,3605,8232,875,93.43,88.11
RIFT VALLEY,TURKANA SOUTH,KATILU,KATILU,KATILU,9120,8566,17686,2334,366.4,48.27
RIFT VALLEY,TURKANA SOUTH,KATILU,KATILU,LOKAPEL,4163,3312,7475,964,229.56,32.56
RIFT VALLEY,TURKANA SOUTH,LOKICHAR,KALAPATA,KALAPATA,4612,4329,8941,907,617.53,14.48
RIFT VALLEY,TURKANA SOUTH,LOKICHAR,KALAPATA,LOPEROT,3952,3432,7384,827,898.58,8.22
RIFT VALLEY,TURKANA SOUTH,LOKICHAR,KALAPATA,NAKALALE,3815,3369,7184,787,468.17,15.34
RIFT VALLEY,TURKANA SOUTH,LOKICHAR,LOCHWANGI KAMATAK,LOCHWANGI KAMATAK,7915,6646,14561,1636,1071.55,13.59
RIFT VALLEY,TURKANA SOUTH,LOKICHAR,LOCHWANGI KAMATAK,NAPOSUMURU,3222,2998,6220,710,602.78,10.32
RIFT VALLEY,TURKANA SOUTH,LOKICHAR,LOKICHAR,KAPESE,6610,6022,12632,1664,690.24,18.3
RIFT VALLEY,TURKANA SOUTH,LOKICHAR,LOKICHAR,LOKICHAR,5630,5190,10820,1644,187.75,57.63
RIFT VALLEY,TURKANA SOUTH,LOKORI,KATILIA,ELELEA,1997,1910,3907,583,748.55,5.22
RIFT VALLEY,TURKANA SOUTH,LOKORI,KATILIA,KATILIA,4152,3595,7747,1047,814.4,9.51
RIFT VALLEY,TURKANA SOUTH,LOKORI,KATILIA,PARKATI,5157,4172,9329,1157,1774.87,5.26
RIFT VALLEY,TURKANA SOUTH,LOKORI,KOCHODIN,LOCHODIN,1013,1026,2039,246,770.97,2.64
RIFT VALLEY,TURKANA SOUTH,LOKORI,KOCHODIN,LOPII,1458,1352,2810,347,323.54,8.69
RIFT VALLEY,TURKANA SOUTH,LOKORI,LOCHAKULA,KAKULIT,1165,864,2029,264,632.34,3.21
RIFT VALLEY,TURKANA SOUTH,LOKORI,LOCHAKULA,LOCHAKULA,871,695,1566,184,232.61,6.73
RIFT VALLEY,TURKANA SOUTH,LOKORI,LOCHAKULA,LOKWAMOSING,1594,1325,2919,341,154.78,18.86
RIFT VALLEY,TURKANA SOUTH,LOKORI,LOKORI,KANGITIT,3347,3053,6400,791,385.44,16.6
RIFT VALLEY,TURKANA SOUTH,LOKORI,LOKORI,LOKORI,4360,3901,8261,953,245.69,33.62
RIFT VALLEY,TURKANA SOUTH,LOKORI,LOKORI,LOTUBAE,9322,8699,18021,2191,1008.01,17.88
RIFT VALLEY,TURKANA SOUTH,LOMELO,KAMUGE,KAMUGA,2762,2342,5104,568,797.23,6.4
RIFT VALLEY,TURKANA SOUTH,LOMELO,KAMUGE,NGILUKIA,1959,1588,3547,360,346.34,10.24
RIFT VALLEY,TURKANA SOUTH,LOMELO,KAPEDO,KAPEDO,887,528,1415,172,203.16,6.97
RIFT VALLEY,TURKANA SOUTH,LOMELO,KAPEDO,SILALE,981,614,1595,203,304.53,5.24
RIFT VALLEY,TURKANA SOUTH,LOMELO,LOMELO,KATIR,971,785,1756,233,296.71,5.92
RIFT VALLEY,TURKANA SOUTH,LOMELO,LOMELO,LOMELO,611,533,1144,153,560.35,2.04
RIFT VALLEY,TURKANA SOUTH,LOMELO,NADOME,EKIPOR,951,646,1597,276,541.59,2.95
RIFT VALLEY,TURKANA SOUTH,LOMELO,NADOME,NADOME,1559,1416,2975,378,282.51,10.53
RIFT VALLEY,TURKANA SOUTH,LOMELO,NAPEITOM,NAPEITOM,3314,2991,6305,717,883.43,7.14
RIFT VALLEY,WARENG,KAPSERET,KAPSERET,CHEPKATET,4696,4429,9125,2068,57.6,158.42
RIFT VALLEY,WARENG,KAPSERET,KAPSERET,LEMOOK,4882,4907,9789,1873,46.03,212.66
RIFT VALLEY,WARENG,KAPSERET,NGERIA,KABONGO,4281,4456,8737,1970,52.88,165.22
RIFT VALLEY,WARENG,KAPSERET,NGERIA,KAPLELACH,4321,4289,8610,1745,53.13,162.05
RIFT VALLEY,WARENG,KAPSERET,PIONEER,LANGAS,47684,45752,93436,28252,46.47,2010.81
RIFT VALLEY,WARENG,KAPSERET,SIMAT,SIMAT,6018,6098,12116,2558,44.67,271.22
RIFT VALLEY,WARENG,KESSES,CHEPTIRET,CHEPTIRET,2292,2343,4635,941,20.59,225.07
RIFT VALLEY,WARENG,KESSES,CHEPTIRET,MUGUNDOI,2165,2224,4389,852,16.68,263.17
RIFT VALLEY,WARENG,KESSES,CHUIYAT,KOISAGAT,3526,3583,7109,1244,28.18,252.29
RIFT VALLEY,WARENG,KESSES,KAPKOI,EMGWEN,1483,1524,3007,540,24.37,123.37
RIFT VALLEY,WARENG,KESSES,KAPKOI,KAPTUMO,1239,1279,2518,462,14.79,170.23
RIFT VALLEY,WARENG,KESSES,KESSES,KESSES,11393,10777,22170,4023,60.45,366.72
RIFT VALLEY,WARENG,KESSES,KIPCHAMO,LENGUT,1725,1721,3446,692,25.17,136.89
RIFT VALLEY,WARENG,KESSES,KIPCHAMO,SAROIYOT,4923,4739,9662,2085,47.66,202.71
RIFT VALLEY,WARENG,KESSES,MEGUN,MEGUN,2642,2524,5166,975,31.82,162.37
RIFT VALLEY,WARENG,KESSES,MEGUN,NDUBENETI,2170,1992,4162,786,28.69,145.07
RIFT VALLEY,WARENG,KESSES,MEGUN,SONGOLIET,1745,1763,3508,679,19.94,175.96
RIFT VALLEY,WARENG,KESSES,OLEINGUSE,LEINGUSE,7983,8122,16105,3177,131.96,122.04
RIFT VALLEY,WARENG,KESSES,TARAKWA,LINGWAI,2710,2714,5424,1113,27.2,199.42
RIFT VALLEY,WARENG,KESSES,TARAKWA,TARAKWA,4902,4905,9807,2057,52.54,186.65
RIFT VALLEY,WARENG,KESSES,TIMBOROA,CHAGAIYA,3294,3203,6497,1378,72.68,89.4
RIFT VALLEY,WARENG,KESSES,TIMBOROA,KIPKURERE,2674,2600,5274,1198,59.37,88.83
RIFT VALLEY,WARENG,KESSES,TULWET,TULWET,3162,3219,6381,1198,34.55,184.66
RIFT VALLEY,WEST POKOT,CHEPARERIA,CHEPKOPEGH,CHEPKOPEGH,1889,2005,3894,731,67.6,57.61
RIFT VALLEY,WEST POKOT,CHEPARERIA,CHEPKOPEGH,CHESRA,932,993,1925,371,35.66,53.99
RIFT VALLEY,WEST POKOT,CHEPARERIA,CHEPKOPEGH,PSERUM,2128,2226,4354,785,88.4,49.25
RIFT VALLEY,WEST POKOT,CHEPARERIA,CHEPKOPEGH,SHALPOGH,2452,2490,4942,1006,137.16,36.03
RIFT VALLEY,WEST POKOT,CHEPARERIA,KIPKOMO,CHEPARERIA,2336,2411,4747,953,13.65,347.69
RIFT VALLEY,WEST POKOT,CHEPARERIA,KIPKOMO,KOSULOL,1953,2048,4001,660,15.86,252.25
RIFT VALLEY,WEST POKOT,CHEPARERIA,KIPKOMO,TAMPALAL,974,982,1956,348,16.67,117.35
RIFT VALLEY,WEST POKOT,CHEPARERIA,SENETWO,CHEPTURNGUNY,431,510,941,186,15.72,59.86
RIFT VALLEY,WEST POKOT,CHEPARERIA,SENETWO,KORELLACH,947,910,1857,321,23.89,77.74
RIFT VALLEY,WEST POKOT,CHEPARERIA,SENETWO,SENETWO,740,758,1498,277,7.53,198.87
RIFT VALLEY,WEST POKOT,CHEPARERIA,SENETWO,SLA,833,820,1653,288,10.05,164.49
RIFT VALLEY,WEST POKOT,CHEPARERIA,YWALATEKE,KAPCHEMOGEN,1682,1678,3360,598,27.93,120.31
RIFT VALLEY,WEST POKOT,CHEPARERIA,YWALATEKE,MONGORION,973,1040,2013,364,14.1,142.79
RIFT VALLEY,WEST POKOT,CHEPARERIA,YWALATEKE,PROPOI,1013,1104,2117,366,8.48,249.77
RIFT VALLEY,WEST POKOT,CHEPARERIA,YWALATEKE,YWALATEKE,1138,1167,2305,386,12.32,187.09
RIFT VALLEY,WEST POKOT,KAPENGURIA,CHEMWOCHOI,CHEPKECHIR,367,388,755,159,11.19,67.47
RIFT VALLEY,WEST POKOT,KAPENGURIA,CHEMWOCHOI,KOMOL,706,746,1452,264,16.66,87.15
RIFT VALLEY,WEST POKOT,KAPENGURIA,CHEMWOCHOI,NARAMAM,450,528,978,185,16.75,58.39
RIFT VALLEY,WEST POKOT,KAPENGURIA,CHEMWOCHOI,NGOLEYO,390,442,832,167,15.71,52.95
RIFT VALLEY,WEST POKOT,KAPENGURIA,KAIBOS,KAIBOS,945,1001,1946,379,5.87,331.26
RIFT VALLEY,WEST POKOT,KAPENGURIA,KAIBOS,KAPKATET,479,466,945,188,9.02,104.8
RIFT VALLEY,WEST POKOT,KAPENGURIA,KAIBOS,KIPKORINYA,486,431,917,165,3.3,277.9
RIFT VALLEY,WEST POKOT,KAPENGURIA,KAISAKAT,KAPCHILLA,1085,1088,2173,391,13.18,164.92
RIFT VALLEY,WEST POKOT,KAPENGURIA,KAISAKAT,PARAYWA,687,627,1314,226,8.8,149.39
RIFT VALLEY,WEST POKOT,KAPENGURIA,KAISAKAT,SIYOI,2580,2537,5117,959,21.57,237.23
RIFT VALLEY,WEST POKOT,KAPENGURIA,KAPENGURIA,CHEWOYET,2056,1891,3947,920,8.14,485.12
RIFT VALLEY,WEST POKOT,KAPENGURIA,KAPENGURIA,KAMATIRA,1640,1610,3250,546,10.86,299.18
RIFT VALLEY,WEST POKOT,KAPENGURIA,KAPENGURIA,MWOTOT,3442,3730,7172,1713,5.26,1363.14
RIFT VALLEY,WEST POKOT,KAPENGURIA,KAPKORIS,CHEMWOCHOI,2432,2543,4975,923,9.67,514.47
RIFT VALLEY,WEST POKOT,KAPENGURIA,KAPKORIS,KAPROM,1423,1394,2817,513,21.07,133.67
RIFT VALLEY,WEST POKOT,KAPENGURIA,KAPKORIS,TILAK,1811,1770,3581,887,7.59,471.93
RIFT VALLEY,WEST POKOT,KAPENGURIA,KERINGET,CHEPTUYA,1209,1216,2425,495,24.07,100.75
RIFT VALLEY,WEST POKOT,KAPENGURIA,KERINGET,LORKORNOI,228,224,452,103,4.82,93.68
RIFT VALLEY,WEST POKOT,KAPENGURIA,KERINGET,MORTOME,197,214,411,76,5.81,70.72
RIFT VALLEY,WEST POKOT,KAPENGURIA,KISHAUNET,KISHAUNET,2883,2951,5834,1132,28.16,207.17
RIFT VALLEY,WEST POKOT,KAPENGURIA,KISHAUNET,LITYEI,3671,3718,7389,1498,13.53,546.17
RIFT VALLEY,WEST POKOT,KAPENGURIA,KISHAUNET,SUKUT,1034,1044,2078,378,13.73,151.33
RIFT VALLEY,WEST POKOT,KAPENGURIA,MNAGEI,KERINGET,2233,2231,4464,749,14.29,312.32
RIFT VALLEY,WEST POKOT,KAPENGURIA,MNAGEI,PSIGERIO,4529,4529,9058,1725,19.91,455.04
RIFT VALLEY,WEST POKOT,KAPENGURIA,MNAGEI,TARTAR,1423,1432,2855,468,13.87,205.82
RIFT VALLEY,WEST POKOT,KAPENGURIA,TALAU,CHEPKOTI,1103,1117,2220,409,3.68,603.33
RIFT VALLEY,WEST POKOT,KAPENGURIA,TALAU,KAPSURUM,886,860,1746,336,4.5,387.73
RIFT VALLEY,WEST POKOT,KAPENGURIA,TALAU,TALAU,487,467,954,177,4.54,210.29
RIFT VALLEY,WEST POKOT,KONGELAI,KANYARKWAT,ADURKOIT,1221,1360,2581,551,84.25,30.63
RIFT VALLEY,WEST POKOT,KONGELAI,KANYARKWAT,KANYARKWAT,1006,1014,2020,393,44.03,45.88
RIFT VALLEY,WEST POKOT,KONGELAI,KANYARKWAT,KATIKOMOR,936,609,1545,314,52.24,29.58
RIFT VALLEY,WEST POKOT,KONGELAI,KANYARKWAT,KRESWO,890,1015,1905,402,23,82.83
RIFT VALLEY,WEST POKOT,KONGELAI,MISKWONY,CHEMAKEU,770,864,1634,355,69.23,23.6
RIFT VALLEY,WEST POKOT,KONGELAI,MISKWONY,CHESIRA,662,778,1440,296,30.91,46.58
RIFT VALLEY,WEST POKOT,KONGELAI,MISKWONY,EMBOASIS,880,1007,1887,374,66.03,28.58
RIFT VALLEY,WEST POKOT,KONGELAI,MISKWONY,MISIKWONY,917,939,1856,410,125.82,14.75
RIFT VALLEY,WEST POKOT,KONGELAI,RIWO,KITALAKAPEL,737,793,1530,309,35.55,43.03
RIFT VALLEY,WEST POKOT,KONGELAI,RIWO,KONGELAI,1403,1432,2835,534,35.79,79.21
RIFT VALLEY,WEST POKOT,KONGELAI,RIWO,POOLE,509,551,1060,197,28.13,37.68
RIFT VALLEY,WEST POKOT,KONGELAI,RIWO,SIMATWA,1416,1360,2776,524,57.38,48.38
RIFT VALLEY,WEST POKOT,KONGELAI,SEREWO,CHEPKRAM,332,342,674,140,10.54,63.94
RIFT VALLEY,WEST POKOT,KONGELAI,SEREWO,KAMAYECH,743,727,1470,301,25.49,57.68
RIFT VALLEY,WEST POKOT,KONGELAI,SEREWO,MTEMBUR,658,722,1380,292,35.26,39.14
RIFT VALLEY,WEST POKOT,KONGELAI,SEREWO,SEREWO,453,481,934,204,12.7,73.56
RIFT VALLEY,WEST POKOT,SOOK,CHEPKOMOS,CHEPKOMOS,338,365,703,134,11.35,61.95
RIFT VALLEY,WEST POKOT,SOOK,CHEPKOMOS,KOCHAR,237,220,457,109,18.61,24.55
RIFT VALLEY,WEST POKOT,SOOK,CHEPKOMOS,PSAPAI,426,432,858,158,15.23,56.34
RIFT VALLEY,WEST POKOT,SOOK,CHEPKOMOS,SIMAT,227,239,466,86,8.88,52.46
RIFT VALLEY,WEST POKOT,SOOK,CHEPKOMOS,TOMPUL,347,357,704,133,14.23,49.48
RIFT VALLEY,WEST POKOT,SOOK,ENDUGH,CHEPTRAM,972,1037,2009,393,29.59,67.89
RIFT VALLEY,WEST POKOT,SOOK,ENDUGH,CHEWARANY,880,855,1735,383,59.72,29.05
RIFT VALLEY,WEST POKOT,SOOK,ENDUGH,KASITEI,1017,938,1955,440,87.23,22.41
RIFT VALLEY,WEST POKOT,SOOK,ENDUGH,KRIICH,1175,1080,2255,423,38.77,58.17
RIFT VALLEY,WEST POKOT,SOOK,NAKWIJIT,MERUR,186,233,419,104,39.76,10.54
RIFT VALLEY,WEST POKOT,SOOK,NAKWIJIT,NAKWIJIT,299,305,604,129,15.29,39.51
RIFT VALLEY,WEST POKOT,SOOK,NAKWIJIT,RUKEI,267,326,593,131,27.88,21.27
RIFT VALLEY,WEST POKOT,SOOK,NAKWIJIT,TAMARUKWO,331,312,643,126,68.8,9.35
RIFT VALLEY,WEST POKOT,SOOK,NAKWIJIT,TUNOYO,234,297,531,117,12.57,42.23
RIFT VALLEY,WEST POKOT,SOOK,PTOYO,KESOT,1015,1064,2079,423,93.42,22.25
RIFT VALLEY,WEST POKOT,SOOK,PTOYO,KETIAM,1373,1351,2724,513,41.53,65.6
RIFT VALLEY,WEST POKOT,SOOK,PTOYO,PTOYO,982,973,1955,392,42.26,46.26
RIFT VALLEY,WEST POKOT,SOOK,SOOK,CHEPNYAR,860,875,1735,320,8.24,210.63
RIFT VALLEY,WEST POKOT,SOOK,SOOK,MUNGIT,495,489,984,196,23.25,42.33
RIFT VALLEY,WEST POKOT,SOOK,SOOK,TINDAR,365,404,769,137,5.09,151.07
RIFT VALLEY,WEST POKOT,SOOK,TAMUGH,KOLO,1146,1144,2290,394,24.89,92.01
RIFT VALLEY,WEST POKOT,SOOK,TAMUGH,LETWA,837,810,1647,323,38.92,42.32
RIFT VALLEY,WEST POKOT,SOOK,TAMUGH,TAMUGH,844,957,1801,332,25.02,71.97
WESTERN,BUNGOMA EAST,NDIVISI,CHETAMBE,MIHUU,7574,7795,15369,2999,26.95,570.27
WESTERN,BUNGOMA EAST,NDIVISI,CHETAMBE,MITUKUYU,4062,4189,8251,1545,14.58,565.99
WESTERN,BUNGOMA EAST,NDIVISI,LUGUSI,LUTACHO,4080,4245,8325,1507,19.8,420.48
WESTERN,BUNGOMA EAST,NDIVISI,LUGUSI,MISIMO,4764,4917,9681,1840,17.72,546.45
WESTERN,BUNGOMA EAST,NDIVISI,NAMARAMBI,MAKUSELWA,2337,2497,4834,929,12.24,394.93
WESTERN,BUNGOMA EAST,NDIVISI,NAMARAMBI,MARINDA,4078,4512,8590,1834,10.37,828.48
WESTERN,BUNGOMA EAST,NDIVISI,NAMARAMBI,MISEMWA,2191,2300,4491,848,7.09,633.53
WESTERN,BUNGOMA EAST,NDIVISI,NAMARAMBI,WABUKHONYI,1348,1459,2807,548,4.64,604.62
WESTERN,BUNGOMA EAST,NDIVISI,NDIVISI,MAGEMO,2188,2319,4507,879,6.77,665.7
WESTERN,BUNGOMA EAST,NDIVISI,NDIVISI,SITABICHA,5280,5464,10744,1999,13.69,784.62
WESTERN,BUNGOMA EAST,WEBUYE,BOKOLI,BOKOLI,3978,4278,8256,1575,15.85,520.91
WESTERN,BUNGOMA EAST,WEBUYE,BOKOLI,MAHANGA,3338,3468,6806,1286,14.91,456.4
WESTERN,BUNGOMA EAST,WEBUYE,BOKOLI,MATISI,3657,3858,7515,1434,13.72,547.73
WESTERN,BUNGOMA EAST,WEBUYE,BOKOLI,MIENDO,4999,5315,10314,1809,24.42,422.42
WESTERN,BUNGOMA EAST,WEBUYE,MISIKHU,KITUNI,4680,4840,9520,1879,17.87,532.7
WESTERN,BUNGOMA EAST,WEBUYE,MISIKHU,MALAHA,5114,5799,10913,1980,18.96,575.53
WESTERN,BUNGOMA EAST,WEBUYE,MISIKHU,MISIKHU,10749,11113,21862,4139,33.24,657.63
WESTERN,BUNGOMA EAST,WEBUYE,SITIKHO,KHALUMULI,4628,4767,9395,1817,38.04,246.96
WESTERN,BUNGOMA EAST,WEBUYE,SITIKHO,MILO,4733,4854,9587,1821,20.48,468.01
WESTERN,BUNGOMA EAST,WEBUYE,SITIKHO,SITIKHO,5351,5722,11073,2175,21.6,512.52
WESTERN,BUNGOMA EAST,WEBUYE,WEBUYE,MARAKA,5603,5765,11368,2170,21.23,535.35
WESTERN,BUNGOMA EAST,WEBUYE,WEBUYE,MATULO,5753,6186,11939,2558,17.07,699.49
WESTERN,BUNGOMA EAST,WEBUYE,WEBUYE,TOWNSHIP,11892,12214,24106,6363,13.01,1853.22
WESTERN,BUNGOMA NORTH,KIMILILI,KAMUKUYWA,MAKHONGE,8151,7996,16147,2944,23.64,683.08
WESTERN,BUNGOMA NORTH,KIMILILI,KAMUKUYWA,NABIKOTO,10453,11288,21741,4267,22.51,965.69
WESTERN,BUNGOMA NORTH,KIMILILI,KIBINGEI,CHEBUKWABI,12232,12841,25073,4894,34.83,719.81
WESTERN,BUNGOMA NORTH,KIMILILI,KIBINGEI,KIBINGEI,4602,4783,9385,1804,17.06,549.99
WESTERN,BUNGOMA NORTH,KIMILILI,KIMILILI,KIMILILI RURAL,10830,11508,22338,4352,33.11,674.66
WESTERN,BUNGOMA NORTH,KIMILILI,KIMILILI,TOWNSHIP,6552,7377,13929,3350,9.03,1542.83
WESTERN,BUNGOMA NORTH,KIMILILI,MAENI,NASUSI,6586,6939,13525,2571,23.32,580.05
WESTERN,BUNGOMA NORTH,KIMILILI,MAENI,SIKHENDU,5212,5472,10684,2028,17.68,604.31
WESTERN,BUNGOMA NORTH,TONGAREN,KABUYEFWE,KABUYEFWE,4410,4730,9140,1668,17.27,529.28
WESTERN,BUNGOMA NORTH,TONGAREN,KABUYEFWE,SIRAKARU,4993,5362,10355,1936,18.71,553.46
WESTERN,BUNGOMA NORTH,TONGAREN,KIMININI,KIMININI,4406,4531,8937,1658,27.91,320.17
WESTERN,BUNGOMA NORTH,TONGAREN,KIMININI,TABANI,3713,3805,7518,1450,20.81,361.24
WESTERN,BUNGOMA NORTH,TONGAREN,MBAKALO,KIBISI,8275,9051,17326,3164,26.86,645.14
WESTERN,BUNGOMA NORTH,TONGAREN,MBAKALO,MBAKALO,7339,7564,14903,2755,23.32,639.06
WESTERN,BUNGOMA NORTH,TONGAREN,NAITIRI,MILIMA,16119,17233,33352,6383,64.62,516.11
WESTERN,BUNGOMA NORTH,TONGAREN,NAITIRI,NAITIRI,9074,9454,18528,3428,41.37,447.82
WESTERN,BUNGOMA NORTH,TONGAREN,NDALU,MITUWA,5383,5732,11115,2127,21.45,518.13
WESTERN,BUNGOMA NORTH,TONGAREN,NDALU,NDALU,6744,6886,13630,2733,38.13,357.47
WESTERN,BUNGOMA NORTH,TONGAREN,TONGAREN,SOYSAMBU,8588,9116,17704,3328,31.68,558.75
WESTERN,BUNGOMA NORTH,TONGAREN,TONGAREN,TONGAREN,12109,12861,24970,4646,46.21,540.37
WESTERN,BUNGOMA SOUTH,BUMULA,BUMULA,BUMULA,3659,3941,7600,1530,15.56,488.29
WESTERN,BUNGOMA SOUTH,BUMULA,BUMULA,LUNAO,2386,2603,4989,974,11.78,423.57
WESTERN,BUNGOMA SOUTH,BUMULA,KABULA,KABULA,4966,5394,10360,2052,18.66,555.31
WESTERN,BUNGOMA SOUTH,BUMULA,KABULA,WATOYA,5041,5355,10396,2019,23.08,450.48
WESTERN,BUNGOMA SOUTH,BUMULA,KHASOKO,KHASOKO,2045,1979,4024,767,6.05,664.88
WESTERN,BUNGOMA SOUTH,BUMULA,KHASOKO,MUNGORE,1675,1888,3563,672,6.97,511.31
WESTERN,BUNGOMA SOUTH,BUMULA,KHASOKO,NAMATOTOA,3036,3412,6448,1312,11.91,541.39
WESTERN,BUNGOMA SOUTH,BUMULA,KIBUKE,KIBUKE,2483,2628,5111,978,8.6,594.43
WESTERN,BUNGOMA SOUTH,BUMULA,KIBUKE,LWANJA,2925,3036,5961,1129,12.42,479.81
WESTERN,BUNGOMA SOUTH,BUMULA,KIBUKE,MAYANJA,2333,2558,4891,912,9.64,507.45
WESTERN,BUNGOMA SOUTH,BUMULA,KIBUKE,NGOLI,1929,2110,4039,781,8.27,488.21
WESTERN,BUNGOMA SOUTH,BUMULA,KIMAETI,NAKWANA,3933,4184,8117,1570,13.49,601.69
WESTERN,BUNGOMA SOUTH,BUMULA,KIMAETI,SIOMBE,5780,6288,12068,2389,21.55,559.94
WESTERN,BUNGOMA SOUTH,BUMULA,MABUSI,KIMATUNI,4310,4702,9012,1801,17.67,510.07
WESTERN,BUNGOMA SOUTH,BUMULA,MABUSI,MABUSI,4979,5343,10322,1998,22.36,461.66
WESTERN,BUNGOMA SOUTH,BUMULA,MUKWA,KISAWAYI,4221,4453,8674,1722,16.52,525.18
WESTERN,BUNGOMA SOUTH,BUMULA,MUKWA,MUKWA,2726,2897,5623,1133,10.68,526.45
WESTERN,BUNGOMA SOUTH,BUMULA,NAPARA,BITOBO,2787,2984,5771,1117,10.3,560.39
WESTERN,BUNGOMA SOUTH,BUMULA,NAPARA,KHASOLO,5105,5478,10583,2062,21.07,502.25
WESTERN,BUNGOMA SOUTH,BUMULA,SIBOTI,EAST SIBOTI,4224,4506,8730,1684,15.64,558.2
WESTERN,BUNGOMA SOUTH,BUMULA,SIBOTI,MUSAKASA,4563,4917,9480,1887,17.27,548.79
WESTERN,BUNGOMA SOUTH,BUMULA,SOUTH BUKUSU,LUMBOKA,5592,6080,11672,2208,24.35,479.33
WESTERN,BUNGOMA SOUTH,BUMULA,SOUTH BUKUSU,MATEKA,1451,1560,3011,591,5.29,568.74
WESTERN,BUNGOMA SOUTH,BUMULA,SOUTH BUKUSU,MUANDA,4079,4373,8452,1646,18.69,452.23
WESTERN,BUNGOMA SOUTH,KANDUYI,BUKEMBE,KONGOLI,6210,6209,12419,2645,29.79,416.9
WESTERN,BUNGOMA SOUTH,KANDUYI,BUKEMBE,NAMIREMBE,4668,4869,9537,1783,17.86,534.09
WESTERN,BUNGOMA SOUTH,KANDUYI,BUKEMBE,NDENGELWA,5315,5459,10774,2050,17.78,606
WESTERN,BUNGOMA SOUTH,KANDUYI,BUKEMBE,NORTH SANGALO,7040,7290,14330,2926,21.65,661.91
WESTERN,BUNGOMA SOUTH,KANDUYI,EAST BUKUSU,EAST SANGALO,7527,7907,15434,2925,32.5,474.88
WESTERN,BUNGOMA SOUTH,KANDUYI,EAST BUKUSU,MWIKHUPO,8106,8748,16854,3197,33.38,504.85
WESTERN,BUNGOMA SOUTH,KANDUYI,EAST BUKUSU,NAMWACHA,6930,7371,14301,2698,25.81,554.06
WESTERN,BUNGOMA SOUTH,KANDUYI,EAST BUKUSU,WEST SANGALO,9153,9669,18822,3624,33.42,563.14
WESTERN,BUNGOMA SOUTH,KANDUYI,KIBABII,MARAKARU,9231,10165,19396,3871,26.23,739.5
WESTERN,BUNGOMA SOUTH,KANDUYI,KIBABII,TUUTI,7978,8407,16385,3166,22.27,735.7
WESTERN,BUNGOMA SOUTH,KANDUYI,MUSIKOMA,NAMASANDA,6217,6465,12682,2447,23.58,537.88
WESTERN,BUNGOMA SOUTH,KANDUYI,MUSIKOMA,SOUTH KANDUYI,12507,12744,25251,5997,20.37,1239.77
WESTERN,BUNGOMA SOUTH,KANDUYI,TOWNSHIP,KHALABA,11657,12842,24499,6363,8.8,2783.53
WESTERN,BUNGOMA SOUTH,KANDUYI,TOWNSHIP,TOWNSHIP,9946,9071,19017,4669,5.09,3739.09
WESTERN,BUNGOMA WEST,CHWELE,CHWELE,CHWELE,8897,9808,18705,4198,17.9,1044.73
WESTERN,BUNGOMA WEST,CHWELE,CHWELE,SICHEI,4782,5036,9818,1913,15.46,634.97
WESTERN,BUNGOMA WEST,CHWELE,CHWELE,SIKULU,2143,2317,4460,845,8.16,546.7
WESTERN,BUNGOMA WEST,CHWELE,MUKUYUNI,KIBICHORI,3247,3321,6568,1305,11.39,576.83
WESTERN,BUNGOMA WEST,CHWELE,MUKUYUNI,KUYWA,5404,5690,11094,2107,19.13,579.87
WESTERN,BUNGOMA WEST,CHWELE,MUKUYUNI,MUKUYUNI,2933,3115,6048,1206,9.89,611.74
WESTERN,BUNGOMA WEST,MALAKISI,LWANDANYI,CHEBUKUYI,3888,4020,7908,1671,14.76,535.77
WESTERN,BUNGOMA WEST,MALAKISI,LWANDANYI,MAYEKWE,3169,3308,6477,1317,11.02,587.86
WESTERN,BUNGOMA WEST,MALAKISI,MALAKISI,BUKOKHOLO,2029,2223,4252,878,9.06,469.24
WESTERN,BUNGOMA WEST,MALAKISI,MALAKISI,BUTONGE,1153,1263,2416,451,6.71,359.79
WESTERN,BUNGOMA WEST,MALAKISI,MALAKISI,MWALIE,1701,1761,3462,754,5.58,620.6
WESTERN,BUNGOMA WEST,MALAKISI,MALAKISI,SITABICHA,2066,2226,4292,824,9.75,440.21
WESTERN,BUNGOMA WEST,MALAKISI,MALAKISI,TAMULEGA,1504,1607,3111,572,8.13,382.48
WESTERN,BUNGOMA WEST,MALAKISI,NAMUBILA,MACHAKHA,2540,2685,5225,1028,12.97,402.78
WESTERN,BUNGOMA WEST,MALAKISI,NAMUBILA,WAMONO,4587,4740,9327,1811,23.37,399.05
WESTERN,BUNGOMA WEST,NALONDO,KABUCHAI,KABUCHAI,5036,5449,10485,1972,19.05,550.53
WESTERN,BUNGOMA WEST,NALONDO,KABUCHAI,KISIWA,6431,6794,13225,2552,22.54,586.82
WESTERN,BUNGOMA WEST,NALONDO,LUUYA,BWAKE,5543,5797,11340,2079,21.21,534.67
WESTERN,BUNGOMA WEST,NALONDO,LUUYA,LUUYA,6741,6877,13618,2486,26.09,521.97
WESTERN,BUNGOMA WEST,NALONDO,NORTH BUKUSU,MUKHWEYA,3347,3318,6665,1247,12.76,522.49
WESTERN,BUNGOMA WEST,NALONDO,NORTH BUKUSU,NORTH NALONDO,4382,4800,9182,1797,16.34,561.85
WESTERN,BUNGOMA WEST,NALONDO,SIRARE,WEST NALONDO,9845,10060,19905,3770,32.4,614.37
WESTERN,BUNGOMA WEST,SIRISIA,NAMWELA,CENTRAL NAMWELA,3686,3916,7602,1478,9.72,781.78
WESTERN,BUNGOMA WEST,SIRISIA,NAMWELA,MENU,2941,3079,6020,1153,9.6,627.29
WESTERN,BUNGOMA WEST,SIRISIA,NAMWELA,SOUTH NAMWELA,6690,7241,13931,2598,27.83,500.6
WESTERN,BUNGOMA WEST,SIRISIA,SIRISIA,NORTH KULISIRU,7791,8085,15876,3180,34.4,461.46
WESTERN,BUNGOMA WEST,SIRISIA,SIRISIA,SOUTH KULISIRU,6092,6431,12523,2456,30.23,414.22
WESTERN,BUNYALA,BUDALANGI,BUNYALA CENTRAL,MAGOMBE C.,1596,1862,3458,785,18.91,182.9
WESTERN,BUNYALA,BUDALANGI,BUNYALA CENTRAL,MAGOMBE E.,1179,1400,2579,622,7.59,339.75
WESTERN,BUNYALA,BUDALANGI,BUNYALA CENTRAL,MAGOMBE W.,2011,2333,4344,1063,21.23,204.61
WESTERN,BUNYALA,BUDALANGI,BUNYALA EAST,BUDALANGI,2709,2899,5608,1247,15.84,353.93
WESTERN,BUNYALA,BUDALANGI,BUNYALA EAST,MUDEMBI,1953,2160,4113,936,13.41,306.63
WESTERN,BUNYALA,BUDALANGI,BUNYALA EAST,RWABWA,2350,2672,5022,1135,12.6,398.68
WESTERN,BUNYALA,BUDALANGI,BUNYALA NORTH,BULEMIA,3325,3485,6810,1455,11.97,569.06
WESTERN,BUNYALA,BUDALANGI,BUNYALA NORTH,MUNDERE,812,853,1665,339,5.91,281.77
WESTERN,BUNYALA,BUDALANGI,BUNYALA NORTH,SISENYE,2183,2357,4540,916,9.41,482.44
WESTERN,BUNYALA,BUDALANGI,BUNYALA SOUTH,EBULWANI,572,639,1211,276,11.01,110
WESTERN,BUNYALA,BUDALANGI,BUNYALA SOUTH,OBARO,1038,1061,2099,508,15.32,137.02
WESTERN,BUNYALA,BUDALANGI,BUNYALA SOUTH,RUKALA,1435,1636,3071,680,10.45,293.79
WESTERN,BUNYALA,BUDALANGI,BUNYALA WEST,BUKANI,3101,3460,6561,1710,2.96,2217
WESTERN,BUNYALA,BUDALANGI,BUNYALA WEST,BUKOMA,2096,2239,4335,1032,9.06,478.22
WESTERN,BUNYALA,BUDALANGI,BUNYALA WEST,SIGINGA,1680,1851,3531,779,2.52,1399.75
WESTERN,BUNYALA,BUDALANGI,KHAJULA,LUGARE,1099,1234,2333,520,5.19,449.92
WESTERN,BUNYALA,BUDALANGI,KHAJULA,MABINJU MABUSI,1548,1677,3225,756,6.98,462.28
WESTERN,BUNYALA,BUDALANGI,KHAJULA,RUGUNGA,1031,1187,2218,486,7.93,279.68
WESTERN,BUSIA,BUTULA,BUJUMBA,BUJUMBA,3330,3766,7096,1555,12.65,560.96
WESTERN,BUSIA,BUTULA,BUJUMBA,BURINDA,1721,2003,3724,907,8.37,444.91
WESTERN,BUSIA,BUTULA,BUJUMBA,IKONZO,2082,2541,4623,951,8.56,540.11
WESTERN,BUSIA,BUTULA,BUJUMBA,NAMWITSULA,1659,1738,3397,687,8.13,417.71
WESTERN,BUSIA,BUTULA,BUMALA,BUKHAHALA,1440,1622,3062,711,7.1,431.4
WESTERN,BUSIA,BUTULA,BUMALA,BUMALA A,1611,1893,3504,857,4.37,800.95
WESTERN,BUSIA,BUTULA,BUMALA,BUSIRE,1269,1556,2825,697,3.66,771.12
WESTERN,BUSIA,BUTULA,ELUGULU,BULEMIA,1591,1923,3514,722,7.03,499.99
WESTERN,BUSIA,BUTULA,ELUGULU,BULWANI,1231,1397,2628,574,6.78,387.44
WESTERN,BUSIA,BUTULA,ELUGULU,BWALIRO,2111,2494,4605,958,11.2,411.11
WESTERN,BUSIA,BUTULA,ELUGULU,EMUKHWESO,1974,2256,4230,834,7.96,531.45
WESTERN,BUSIA,BUTULA,ELUGULU,NAMUSALA,1695,1982,3677,780,8.99,408.98
WESTERN,BUSIA,BUTULA,ELUKHARI,BUKATI,2678,2929,5607,1150,11.53,486.33
WESTERN,BUSIA,BUTULA,ELUKHARI,KANJALA,1307,1440,2747,576,6.93,396.26
WESTERN,BUSIA,BUTULA,ELUKHARI,SIKARIRA,2308,2588,4896,956,7.8,628.09
WESTERN,BUSIA,BUTULA,MARACHI CENTRAL,BUKHALALIRE,4215,4744,8959,1972,15.35,583.68
WESTERN,BUSIA,BUTULA,MARACHI CENTRAL,ESIKOMA,5032,5825,10857,2290,23.58,460.49
WESTERN,BUSIA,BUTULA,MARACHI CENTRAL,KINGANDOLE,4862,5388,10250,2173,19.12,536.1
WESTERN,BUSIA,BUTULA,MARACHI EAST,BUMALA B,3977,4400,8377,1714,16.33,513.1
WESTERN,BUSIA,BUTULA,MARACHI EAST,ELUKONGO,5855,6633,12488,2581,27.18,459.41
WESTERN,BUSIA,BUTULA,MARACHI EAST,TINGOLO,5077,5727,10804,2308,24.46,441.77
WESTERN,BUSIA,MATAYOS,BUKHAYO WEST,BUGEGI,5392,5870,11262,2296,27.84,404.56
WESTERN,BUSIA,MATAYOS,BUKHAYO WEST,ESIKULU,6152,6100,12252,2440,21.58,567.72
WESTERN,BUSIA,MATAYOS,BUKHAYO WEST,MUNDIKA,4840,5126,9966,1964,23.38,426.19
WESTERN,BUSIA,MATAYOS,BUSIBWABO,ALUNGOLI,1449,1696,3145,639,7.01,448.57
WESTERN,BUSIA,MATAYOS,BUSIBWABO,NAKHAKINA,1737,1904,3641,708,13.01,279.94
WESTERN,BUSIA,MATAYOS,BUSIBWABO,NASIRA,2173,2369,4542,906,12.47,364.18
WESTERN,BUSIA,MATAYOS,LWANYA,BUSENDE,1459,1657,3116,638,7.65,407.13
WESTERN,BUSIA,MATAYOS,LWANYA,IGERO,1492,1655,3147,665,5.63,558.72
WESTERN,BUSIA,MATAYOS,LWANYA,LULIBA,1142,1348,2490,529,5.04,493.62
WESTERN,BUSIA,MATAYOS,NANGOMA,MURENDE,1809,2068,3877,764,11.34,341.93
WESTERN,BUSIA,MATAYOS,NANGOMA,MUYAFWA,1911,1970,3881,792,7.97,486.74
WESTERN,BUSIA,MATAYOS,NANGOMA,NAGOMA,2127,2373,4500,948,9.11,493.96
WESTERN,BUSIA,MATAYOS,NASEWA,BUYAMA,1353,1528,2881,588,7.36,391.32
WESTERN,BUSIA,MATAYOS,NASEWA,LUNGA,1575,1815,3390,687,8.2,413.33
WESTERN,BUSIA,MATAYOS,NASEWA,MABUNGE,1683,1909,3592,704,6.24,575.18
WESTERN,BUSIA,NAMBALE,BUKHAYO CENTRAL,LWANYANGE,1914,2067,3981,798,10.74,370.57
WESTERN,BUSIA,NAMBALE,BUKHAYO CENTRAL,MALANGA,3119,3510,6629,1334,19.22,344.91
WESTERN,BUSIA,NAMBALE,BUKHAYO CENTRAL,SIDENDE,3615,3964,7579,1609,18.02,420.63
WESTERN,BUSIA,NAMBALE,BUKHAYO EAST,BUYOFU,1911,2011,3922,782,11.51,340.75
WESTERN,BUSIA,NAMBALE,BUKHAYO EAST,MADIBO,2710,3072,5782,1129,12.44,464.7
WESTERN,BUSIA,NAMBALE,BUKHAYO EAST,MUNGATSI,2998,3248,6246,1259,19.57,319.22
WESTERN,BUSIA,NAMBALE,BUKHAYO EAST,SIKINGA,2780,2966,5746,1139,15.03,382.18
WESTERN,BUSIA,NAMBALE,BUKHAYO NORTH,KAPINA,2831,2995,5826,1130,13.24,439.93
WESTERN,BUSIA,NAMBALE,BUKHAYO NORTH,LUPIDA,2476,2652,5128,956,14.3,358.71
WESTERN,BUSIA,NAMBALE,NAMBALE T/SHIP,KISOKO,4304,4633,8937,1833,21.71,411.67
WESTERN,BUSIA,NAMBALE,NAMBALE T/SHIP,NAMBALE T/SHIP,7651,8142,15793,3297,33.64,469.45
WESTERN,BUSIA,NAMBALE,NAMBALE T/SHIP,SIEKUNYA,3694,3869,7563,1597,13.32,567.86
WESTERN,BUSIA,NAMBALE,WALATSI,KHWIRALE,3222,3530,6752,1247,22.48,300.3
WESTERN,BUSIA,NAMBALE,WALATSI,MUSOKOTO,2263,2490,4753,892,12.53,379.42
WESTERN,BUSIA,TOWNSHIP,TOWNSHIP,MAYENJE,4448,4722,9170,1919,14.61,627.52
WESTERN,BUSIA,TOWNSHIP,TOWNSHIP,MJINI,12835,13658,26493,6639,7.71,3434.4
WESTERN,BUTERE,BUTERE,LUNZA,BUCHENYA,3241,3584,6825,1519,7.69,886.95
WESTERN,BUTERE,BUTERE,LUNZA,BUMAMU,2747,2981,5728,1236,7.83,731.42
WESTERN,BUTERE,BUTERE,LUNZA,LUNZA,4783,5090,9873,2102,19.43,508.01
WESTERN,BUTERE,BUTERE,LUNZA,SHITARI,4236,4588,8824,1879,16.35,539.62
WESTERN,BUTERE,BUTERE,MANYALA,BUSHIENI,1562,1694,3256,752,7.11,457.87
WESTERN,BUTERE,BUTERE,MANYALA,ESHIHENJERA,2200,2473,4673,1129,8.41,555.92
WESTERN,BUTERE,BUTERE,MARAMA C.,IBOKOLO,3451,3693,7144,1565,11.51,620.63
WESTERN,BUTERE,BUTERE,MARAMA C.,IMANGA,5390,5741,11131,2310,20.5,543
WESTERN,BUTERE,BUTERE,MARAMA C.,MUTOMA,2935,3172,6107,1305,6.5,939.91
WESTERN,BUTERE,BUTERE,MARAMA N.,BUSHITINJI,3062,3360,6422,1435,7.44,862.78
WESTERN,BUTERE,BUTERE,MARAMA N.,INAYA,1577,1769,3346,732,6.1,548.28
WESTERN,BUTERE,BUTERE,MARAMA N.,LUKOYE,2229,2562,4791,1073,7.77,616.31
WESTERN,BUTERE,BUTERE,MARAMA N.,SHIRAHA,2945,3292,6237,1412,11.56,539.36
WESTERN,BUTERE,BUTERE,MARENYO,BUBOKO,1219,1331,2550,564,4.76,535.58
WESTERN,BUTERE,BUTERE,MARENYO,MUYUNDI,3042,3323,6365,1400,8.8,723.56
WESTERN,BUTERE,BUTERE,MARENYO,SHIKUNGA,1440,1553,2993,670,4.93,607.27
WESTERN,BUTERE,BUTERE,S.MARAMA,MASABA,1931,1981,3912,884,8.72,448.52
WESTERN,BUTERE,BUTERE,S.MARAMA,SHIATSALA,1489,1666,3155,731,4.22,748.16
WESTERN,BUTERE,BUTERE,S.MARAMA,SHIBEMBE,2298,2658,4956,1110,5.02,988.12
WESTERN,BUTERE,BUTERE,SHIANDA,BUBALA,1473,1685,3158,711,4.01,788.06
WESTERN,BUTERE,BUTERE,SHIANDA,MABOLE,2200,2495,4695,1049,5.63,834.37
WESTERN,BUTERE,BUTERE,SHIANDA,SHIANDA,1602,1702,3304,746,3.73,885.06
WESTERN,BUTERE,BUTERE,TOWNSHIP,SHINAMWINYULI,3619,3936,7555,1630,10.87,695.29
WESTERN,BUTERE,BUTERE,TOWNSHIP,SHIREMBE,2101,2435,4536,1052,4.81,942.13
WESTERN,BUTERE,BUTERE,TOWNSHIP,SHIROTSA,3897,4347,8244,1871,6.82,1208.11
WESTERN,BUTERE,KHWISERO,KISA CENTRAL,EMUTSASA,2199,2574,4773,1100,6.48,736.01
WESTERN,BUTERE,KHWISERO,KISA CENTRAL,MUNDEKU,2078,2373,4451,1041,4.95,899.12
WESTERN,BUTERE,KHWISERO,KISA CENTRAL,WAMBULISHE,4996,5523,10519,2432,13.29,791.7
WESTERN,BUTERE,KHWISERO,KISA EAST,EMASATSI,2584,3064,5648,1239,7.84,720.37
WESTERN,BUTERE,KHWISERO,KISA EAST,EMURUBA,1424,1593,3017,684,5.05,597.73
WESTERN,BUTERE,KHWISERO,KISA EAST,MUNJITI,1481,1669,3150,706,4,787.76
WESTERN,BUTERE,KHWISERO,KISA SOUTH,EMALINDI,2013,2293,4306,967,8.57,502.66
WESTERN,BUTERE,KHWISERO,KISA SOUTH,ESHIBINGA,1979,2170,4149,958,6.51,637.69
WESTERN,BUTERE,KHWISERO,KISA SOUTH,MUNDAHA,1250,1402,2652,597,4.96,534.35
WESTERN,BUTERE,KHWISERO,KISA WEST,DOHO,1449,1689,3138,725,6.13,511.92
WESTERN,BUTERE,KHWISERO,KISA WEST,DUDI,1351,1521,2872,646,3.75,765.48
WESTERN,BUTERE,KHWISERO,KISA WEST,MUHAKA,2501,2751,5252,1223,7.92,663.34
WESTERN,BUTERE,KHWISERO,MULWANDA,KHUSIKU,2522,2860,5382,1301,6.05,889.18
WESTERN,BUTERE,KHWISERO,MULWANDA,MULWANDA,2458,2784,5242,1220,7.02,746.93
WESTERN,BUTERE,KHWISERO,MULWANDA,MUSHIANGUBU,3030,3304,6334,1522,7.38,858.49
WESTERN,BUTERE,KHWISERO,MULWANDA,SHIRALI,2604,2895,5499,1285,8.33,660.22
WESTERN,BUTERE,KHWISERO,NORTH KISA,MUNDOBELWA,5316,5844,11160,2485,15.85,704.11
WESTERN,BUTERE,KHWISERO,NORTH KISA,MWIKALIKHA,2426,2697,5123,1095,10.56,485.25
WESTERN,BUTERE,KHWISERO,SHIROMBE,EBUHALA,1703,1933,3636,872,4.03,902.57
WESTERN,BUTERE,KHWISERO,SHIROMBE,EKOMERO,3049,3283,6332,1476,6.91,916.43
WESTERN,EMUHAYA,EMUHAYA,E.BUNYORE,EBUYAYI,2601,2902,5503,1305,5.57,987.83
WESTERN,EMUHAYA,EMUHAYA,E.BUNYORE,EMUTSALWA,1788,2098,3886,927,4.35,892.57
WESTERN,EMUHAYA,EMUHAYA,E.BUNYORE,ESIANDA,2366,2731,5097,1223,3.97,1282.55
WESTERN,EMUHAYA,EMUHAYA,E.BUNYORE,ESIRABE,1402,1539,2941,711,2.26,1302.54
WESTERN,EMUHAYA,EMUHAYA,N.BUNYORE,EBUKHAYA,1855,2065,3920,933,3.04,1290.28
WESTERN,EMUHAYA,EMUHAYA,N.BUNYORE,EBUKHUBI,1146,1352,2498,611,2.63,950.93
WESTERN,EMUHAYA,EMUHAYA,N.BUNYORE,EBULONGA,1490,1631,3121,716,3.4,918.45
WESTERN,EMUHAYA,EMUHAYA,N.BUNYORE,EBUSIRATSI,3228,3606,6834,1595,7.18,951.97
WESTERN,EMUHAYA,EMUHAYA,N.BUNYORE,EMMUKHUNZI,1804,2079,3883,859,3.87,1003.88
WESTERN,EMUHAYA,EMUHAYA,N.E.BUNYORE,EBUKHUNZA,2586,2992,5578,1274,6.11,913.53
WESTERN,EMUHAYA,EMUHAYA,N.E.BUNYORE,EBUNANGWE,3410,3961,7371,1715,8.23,896.09
WESTERN,EMUHAYA,EMUHAYA,N.E.BUNYORE,EBUSAMIA,1557,1852,3409,808,2.72,1251.28
WESTERN,EMUHAYA,EMUHAYA,N.E.BUNYORE,EBUSIROLI,1662,1861,3523,820,3.03,1163.47
WESTERN,EMUHAYA,EMUHAYA,N.E.BUNYORE,EMUSUTSWI,1569,1707,3276,754,4.27,766.35
WESTERN,EMUHAYA,EMUHAYA,WEKHOMO,EBUHANDO,2062,2289,4351,964,3.89,1119
WESTERN,EMUHAYA,EMUHAYA,WEKHOMO,EBUSUNDI,2705,3137,5842,1326,5.13,1137.86
WESTERN,EMUHAYA,EMUHAYA,WEKHOMO,IBOONA,2531,2830,5361,1281,4.42,1212.98
WESTERN,EMUHAYA,LUANDA,C.BUNYORE,EBUKHANGA,1860,2053,3913,865,4.88,802.62
WESTERN,EMUHAYA,LUANDA,C.BUNYORE,EMMABWI,1955,2170,4125,946,4.49,918.91
WESTERN,EMUHAYA,LUANDA,C.BUNYORE,EMUSIRE,3223,3714,6937,1632,7.18,966.12
WESTERN,EMUHAYA,LUANDA,C.BUNYORE,ESIRULO,1618,1806,3424,759,4.68,731.25
WESTERN,EMUHAYA,LUANDA,C.BUNYORE,ESSABA,2621,3084,5705,1303,5.29,1078.65
WESTERN,EMUHAYA,LUANDA,C.BUNYORE,ESSUNZA,1547,1900,3447,814,3.74,920.48
WESTERN,EMUHAYA,LUANDA,S.BUNYORE,EBUKASAMI,2630,2935,5565,1297,3.11,1787.72
WESTERN,EMUHAYA,LUANDA,S.BUNYORE,EKWANDA,2231,2464,4695,1057,3.59,1308.02
WESTERN,EMUHAYA,LUANDA,S.BUNYORE,EMALOBA,842,943,1785,392,4.23,422.45
WESTERN,EMUHAYA,LUANDA,S.BUNYORE,ESABALU,2530,2732,5262,1232,4.09,1286.9
WESTERN,EMUHAYA,LUANDA,S.BUNYORE,MASENO,2385,2635,5020,1185,5.54,906.17
WESTERN,EMUHAYA,LUANDA,S.W. BUNYORE,EBUTANYI,2986,3158,6144,1409,7.4,830.72
WESTERN,EMUHAYA,LUANDA,S.W. BUNYORE,EBWIRANYI,1514,1718,3232,756,3.28,984.5
WESTERN,EMUHAYA,LUANDA,S.W. BUNYORE,ESIANDUMBA,3080,3480,6560,1541,5.16,1272.11
WESTERN,EMUHAYA,LUANDA,S.W. BUNYORE,MWITUBWI,2281,2375,4656,1037,4.64,1004.49
WESTERN,EMUHAYA,LUANDA,W. BUNYORE,EBUSIEKWE,3363,3964,7327,1614,6.13,1194.59
WESTERN,EMUHAYA,LUANDA,W. BUNYORE,EBUSIKHALE,4718,4962,9680,2383,4.44,2178.61
WESTERN,EMUHAYA,LUANDA,W. BUNYORE,EBUSIRALO,2309,2414,4723,1154,3.41,1386.71
WESTERN,EMUHAYA,LUANDA,W. BUNYORE,EMBALI,2143,2500,4643,1100,4.9,946.84
WESTERN,EMUHAYA,LUANDA,W. BUNYORE,EMUKOLA,2093,2438,4531,1025,4.77,950.85
WESTERN,EMUHAYA,LUANDA,W. BUNYORE,ITUMBU,3445,3856,7301,1707,4.45,1639.42
WESTERN,HAMISI,JEPKOYAI,GISAMBAI,GALONA,3119,3383,6502,1382,8.19,793.49
WESTERN,HAMISI,JEPKOYAI,GISAMBAI,GAMOI,2394,2712,5106,1157,5.5,928.11
WESTERN,HAMISI,JEPKOYAI,GISAMBAI,GAVUDUNYI,1829,2025,3854,855,4.02,957.78
WESTERN,HAMISI,JEPKOYAI,GISAMBAI,GIMOMOI,2892,3098,5990,1324,6.33,946.96
WESTERN,HAMISI,JEPKOYAI,JEPKOYAI,GIVOLE,2397,2540,4937,1082,4.68,1054.37
WESTERN,HAMISI,JEPKOYAI,JEPKOYAI,KAPCHEMUGUNG,2590,2975,5565,1196,6.53,852.27
WESTERN,HAMISI,JEPKOYAI,JEPKOYAI,KITAGWA,1689,1730,3419,781,2.73,1253.71
WESTERN,HAMISI,JEPKOYAI,JEPKOYAI,TIGOI,2411,2723,5134,1136,4.94,1039.44
WESTERN,HAMISI,SHAMAKHOKHO,SENENDE,KALWANI,1592,1854,3446,757,3.63,948.03
WESTERN,HAMISI,SHAMAKHOKHO,SENENDE,SENENDE,2182,2370,4552,953,4.65,979.14
WESTERN,HAMISI,SHAMAKHOKHO,SHAMAKHOKHO,JIVOVOLI,3340,3732,7072,1603,6.61,1069.47
WESTERN,HAMISI,SHAMAKHOKHO,SHAMAKHOKHO,KISASI,2716,2960,5676,1179,4.47,1269.37
WESTERN,HAMISI,SHAMAKHOKHO,SHAMAKHOKHO,SEREM,3289,3500,6789,1537,5.66,1200.45
WESTERN,HAMISI,SHAVIRINGA,MUHUDU,KAPTECH,2221,2537,4758,1025,6.62,718.2
WESTERN,HAMISI,SHAVIRINGA,MUHUDU,MUHUDU,2868,3153,6021,1258,6.02,999.83
WESTERN,HAMISI,SHAVIRINGA,MUHUDU,MULUNDU,2709,3171,5880,1134,7.25,811.33
WESTERN,HAMISI,SHAVIRINGA,SHAVIRINGA,JEPTULU,2576,3068,5644,1189,4.95,1141.15
WESTERN,HAMISI,SHAVIRINGA,SHAVIRINGA,MAKUCHI,3381,3691,7072,1484,7.52,939.89
WESTERN,HAMISI,SHAVIRINGA,SHAVIRINGA,SHIRU,4661,4957,9618,2092,7.09,1356.88
WESTERN,HAMISI,TAMBUA,BANJA,GASIANGA,2120,2380,4500,980,6.55,687.23
WESTERN,HAMISI,TAMBUA,BANJA,GIVOGI,1973,2361,4334,943,5.63,770.16
WESTERN,HAMISI,TAMBUA,BANJA,KAPSOTIK,3064,3330,6394,1389,6.43,993.81
WESTERN,HAMISI,TAMBUA,BANJA,KIPCHEKWEN,3359,3948,7307,1615,8.67,842.39
WESTERN,HAMISI,TAMBUA,TAMBUA,GAMALENGA,2220,1865,4085,777,2.54,1605.49
WESTERN,HAMISI,TAMBUA,TAMBUA,GIMARAKWA,1447,1617,3064,659,3.83,799.98
WESTERN,HAMISI,TAMBUA,TAMBUA,IVOLA,2099,2344,4443,1017,6.19,717.56
WESTERN,HAMISI,TAMBUA,TAMBUA,KIPTAIMES,1427,1622,3049,660,4.03,756.88
WESTERN,HAMISI,TAMBUA,TAMBUA,MWEMBE,1904,2144,4048,932,5.16,785.14
WESTERN,KAKAMEGA CENTRAL,LURAMBI,CENTRAL BUTSOTSO,ESHISIRU,2281,2505,4786,989,8.75,547.18
WESTERN,KAKAMEGA CENTRAL,LURAMBI,CENTRAL BUTSOTSO,SHIBULI,5567,6135,11702,2417,25.27,463.03
WESTERN,KAKAMEGA CENTRAL,LURAMBI,CENTRAL BUTSOTSO,SHIYUNZU,4557,4699,9256,1919,14.79,625.98
WESTERN,KAKAMEGA CENTRAL,LURAMBI,EAST BUTSOTSO,INDANGALASIA,3565,3866,7431,1566,10.83,686
WESTERN,KAKAMEGA CENTRAL,LURAMBI,EAST BUTSOTSO,MURUMBA,4871,5061,9932,2104,14.2,699.61
WESTERN,KAKAMEGA CENTRAL,LURAMBI,EAST BUTSOTSO,SHIRAKALU,2823,3041,5864,1173,8.02,731.45
WESTERN,KAKAMEGA CENTRAL,LURAMBI,NORTH BUTSOTSO,ESUMEYIA,4350,4628,8978,1818,19.85,452.39
WESTERN,KAKAMEGA CENTRAL,LURAMBI,NORTH BUTSOTSO,INGOTSE,4519,4920,9439,1914,16.21,582.23
WESTERN,KAKAMEGA CENTRAL,LURAMBI,NORTH BUTSOTSO,MATIHA,6213,6439,12652,2509,18.19,695.67
WESTERN,KAKAMEGA CENTRAL,LURAMBI,NORTH BUTSOTSO,SHIKOMARI,3603,3891,7494,1586,13.03,575.29
WESTERN,KAKAMEGA CENTRAL,LURAMBI,NORTH BUTSOTSO,SHINOYI,4270,4610,8880,1764,15.49,573.27
WESTERN,KAKAMEGA CENTRAL,LURAMBI,SOUTH BUTSOTSO,EMUKAYA,2690,2915,5605,1235,8.93,627.69
WESTERN,KAKAMEGA CENTRAL,LURAMBI,SOUTH BUTSOTSO,ESHIBEYE,2675,2877,5552,1130,13.26,418.57
WESTERN,KAKAMEGA CENTRAL,LURAMBI,SOUTH BUTSOTSO,MATIOLI,2932,3288,6220,1387,9.02,689.52
WESTERN,KAKAMEGA CENTRAL,MUNICIPALITY,BUKHUNGU,MAHIAKALO,6075,5992,12067,2865,13.41,899.63
WESTERN,KAKAMEGA CENTRAL,MUNICIPALITY,BUKHUNGU,SHIRERE,16958,16552,33510,7738,17.43,1922.94
WESTERN,KAKAMEGA CENTRAL,MUNICIPALITY,SHIEYWE,SICHILAYI,18956,19293,38249,10475,15.3,2500.47
WESTERN,KAKAMEGA CENTRAL,MUNICIPALITY,SHIEYWE,TOWNSHIP,5268,4787,10055,2691,2.59,3879.39
WESTERN,KAKAMEGA CENTRAL,NAVAKHOLO,EAST BUNYALA,NAMIRAMA,4952,5383,10335,2061,22.05,468.64
WESTERN,KAKAMEGA CENTRAL,NAVAKHOLO,EAST BUNYALA,SIVILIE,5797,5990,11787,2430,22.96,513.47
WESTERN,KAKAMEGA CENTRAL,NAVAKHOLO,NAMBACHA,BUCHANGU,4599,4845,9444,1854,16.61,568.63
WESTERN,KAKAMEGA CENTRAL,NAVAKHOLO,NAMBACHA,MUKHWESO,2651,2691,5342,1053,8.01,666.66
WESTERN,KAKAMEGA CENTRAL,NAVAKHOLO,NAMBACHA,NAMBACHA,2917,3148,6065,1253,13.73,441.82
WESTERN,KAKAMEGA CENTRAL,NAVAKHOLO,NAMBACHA,SIRIGOI,4026,4316,8342,1644,18.48,451.47
WESTERN,KAKAMEGA CENTRAL,NAVAKHOLO,WEST BUNYALA,BUNDONGA,3071,3389,6460,1281,13.37,483.3
WESTERN,KAKAMEGA CENTRAL,NAVAKHOLO,WEST BUNYALA,KOCHWA,4999,5621,10620,2066,20.08,528.86
WESTERN,KAKAMEGA CENTRAL,NAVAKHOLO,WEST BUNYALA,LUSUMU,5736,6354,12090,2428,18.97,637.26
WESTERN,KAKAMEGA CENTRAL,NAVAKHOLO,WEST BUNYALA,SIDIKHO,4359,4878,9237,1771,20.85,443.09
WESTERN,KAKAMEGA EAST,ILEHO,IVIHIGA,IKUYWA,840,745,1585,335,2.76,573.3
WESTERN,KAKAMEGA EAST,ILEHO,IVIHIGA,LUKUSI,3186,3470,6656,1381,15.28,435.72
WESTERN,KAKAMEGA EAST,ILEHO,IVIHIGA,LUNYU,4618,4988,9606,2120,19.01,505.39
WESTERN,KAKAMEGA EAST,ILEHO,KAMBIRI,BULOVI,3164,3316,6480,1310,13.29,487.51
WESTERN,KAKAMEGA EAST,ILEHO,KAMBIRI,BUYANGU,2283,2426,4709,987,7.41,635.29
WESTERN,KAKAMEGA EAST,ILEHO,KAMBIRI,IVAKALE,2930,3092,6022,1304,13.1,459.83
WESTERN,KAKAMEGA EAST,ILEHO,KAMBIRI,LUBAO,3585,2700,6285,1227,8.38,749.95
WESTERN,KAKAMEGA EAST,KAK. FOREST,KAK. FOREST,KAK. FOREST,51,32,83,22,225.59,0.37
WESTERN,KAKAMEGA EAST,SHINYALU,ILESI,MALIMILI,2255,2531,4786,1034,6.08,786.56
WESTERN,KAKAMEGA EAST,SHINYALU,ILESI,MUGOMARI,2647,3027,5674,1279,6.17,919.89
WESTERN,KAKAMEGA EAST,SHINYALU,ILESI,MUKHONJE,4231,4721,8952,1865,11.38,786.3
WESTERN,KAKAMEGA EAST,SHINYALU,KHAYEGA,LUGOSE,2961,3118,6079,1280,8.29,733.51
WESTERN,KAKAMEGA EAST,SHINYALU,KHAYEGA,MUSENO,2799,3114,5913,1365,5.66,1045.35
WESTERN,KAKAMEGA EAST,SHINYALU,KHAYEGA,SHIDODO,5206,5598,10804,2338,11.03,979.71
WESTERN,KAKAMEGA EAST,SHINYALU,KHAYEGA,SHIRULU,2204,2551,4755,1037,6.61,719.91
WESTERN,KAKAMEGA EAST,SHINYALU,KHAYEGA,SITOCHI,3763,4493,8256,1882,6.7,1232.66
WESTERN,KAKAMEGA EAST,SHINYALU,MURHANDA,ITENYI,2253,2480,4733,1006,6.91,684.84
WESTERN,KAKAMEGA EAST,SHINYALU,MURHANDA,MUKULUSU,3931,4248,8179,1753,10.86,753.21
WESTERN,KAKAMEGA EAST,SHINYALU,MURHANDA,SHISEMBE,2469,2677,5146,1088,5.86,878.7
WESTERN,KAKAMEGA EAST,SHINYALU,MURHANDA,SHISWA,4896,5331,10227,2144,12.36,827.59
WESTERN,KAKAMEGA EAST,SHINYALU,SHIBUYE,MUKANGO,3075,3341,6416,1325,8.78,730.41
WESTERN,KAKAMEGA EAST,SHINYALU,SHIBUYE,SHIASABA,3491,3759,7250,1505,9.02,804.05
WESTERN,KAKAMEGA EAST,SHINYALU,SHIBUYE,SHINGONDO,5280,5979,11259,2532,11.21,1004.32
WESTERN,KAKAMEGA EAST,SHINYALU,SHIBUYE,VIRHEMBE,4691,4929,9620,2058,13.72,701.12
WESTERN,KAKAMEGA NORTH,KABRAS CENTRAL,MATIOLI,BUTALI,1774,1873,3647,756,9.2,396.6
WESTERN,KAKAMEGA NORTH,KABRAS CENTRAL,MATIOLI,MUKAVAKAVA,1577,1653,3230,578,7.16,451.27
WESTERN,KAKAMEGA NORTH,KABRAS CENTRAL,MATIOLI,SHIPALA,675,734,1409,291,3.09,456.47
WESTERN,KAKAMEGA NORTH,KABRAS CENTRAL,MATIOLI,TANDE,1922,2006,3928,836,9.09,432.04
WESTERN,KAKAMEGA NORTH,KABRAS CENTRAL,MUGAI,LUKALA,1003,1062,2065,400,4.54,454.54
WESTERN,KAKAMEGA NORTH,KABRAS CENTRAL,MUGAI,MUSUNGU,1260,1270,2530,490,5.49,460.49
WESTERN,KAKAMEGA NORTH,KABRAS CENTRAL,MUGAI,SUNDULO,1676,1778,3454,654,5.63,613.27
WESTERN,KAKAMEGA NORTH,KABRAS CENTRAL,SHIRUGU,MALEKHA,2732,2904,5636,1099,14.53,387.82
WESTERN,KAKAMEGA NORTH,KABRAS CENTRAL,SHIRUGU,SAMITSI,2232,2489,4721,923,12.36,381.87
WESTERN,KAKAMEGA NORTH,KABRAS CENTRAL,SHIRUGU,SHEYWE,2087,2257,4344,845,9.43,460.68
WESTERN,KAKAMEGA NORTH,KABRAS CENTRAL,TOWNSHIP,ISANJIRO,913,1041,1954,519,2.66,735.5
WESTERN,KAKAMEGA NORTH,KABRAS CENTRAL,TOWNSHIP,MALANGA,1129,1176,2305,487,2.39,966.25
WESTERN,KAKAMEGA NORTH,KABRAS CENTRAL,TOWNSHIP,SHIVIKHWA,2019,2185,4204,907,8.61,488.01
WESTERN,KAKAMEGA NORTH,KABRAS EAST,CHEMUCHE,CHIMORONI,2568,2743,5311,972,14.63,363.14
WESTERN,KAKAMEGA NORTH,KABRAS EAST,CHEMUCHE,KIMANGETI,1972,2052,4024,767,11.13,361.41
WESTERN,KAKAMEGA NORTH,KABRAS EAST,CHEMUCHE,LUKHOKHO,1371,1433,2804,506,8.22,341.3
WESTERN,KAKAMEGA NORTH,KABRAS EAST,CHEMUCHE,MASUNGUTSA,547,650,1197,213,3.18,376.04
WESTERN,KAKAMEGA NORTH,KABRAS EAST,CHEMUCHE,MUSINGU,821,885,1706,313,4.82,354.21
WESTERN,KAKAMEGA NORTH,KABRAS EAST,CHEMUCHE,TUMBENI,1337,1358,2695,530,8,336.92
WESTERN,KAKAMEGA NORTH,KABRAS EAST,CHESERO,FUVALE,858,931,1789,365,9.1,196.49
WESTERN,KAKAMEGA NORTH,KABRAS EAST,CHESERO,IKOLI,4669,5029,9698,1907,18.96,511.44
WESTERN,KAKAMEGA NORTH,KABRAS EAST,CHESERO,KAKUNGA,3084,3235,6319,1333,9.22,685.01
WESTERN,KAKAMEGA NORTH,KABRAS EAST,CHESERO,LWANDA,2354,2499,4853,913,12.3,394.56
WESTERN,KAKAMEGA NORTH,KABRAS NORTH,CHEGULO,CHEBWAI,2761,2945,5706,1157,11.54,494.36
WESTERN,KAKAMEGA NORTH,KABRAS NORTH,CHEGULO,MAHUSI,2428,2493,4921,974,12.11,406.49
WESTERN,KAKAMEGA NORTH,KABRAS NORTH,CHEGULO,MATSAKHA,2143,2410,4553,940,8.97,507.45
WESTERN,KAKAMEGA NORTH,KABRAS NORTH,CHEGULO,NAMUSHIYA,2183,2299,4482,875,12.48,359.06
WESTERN,KAKAMEGA NORTH,KABRAS NORTH,SHIVANGA,CHEPTULI,1077,1045,2122,380,3.81,557.23
WESTERN,KAKAMEGA NORTH,KABRAS NORTH,SHIVANGA,FUVUYE,2642,2808,5450,1011,13.22,412.35
WESTERN,KAKAMEGA NORTH,KABRAS NORTH,SHIVANGA,MURIOLA,2473,2605,5078,957,14.63,347.13
WESTERN,KAKAMEGA NORTH,KABRAS NORTH,SHIVANGA,TERESIA,2092,2065,4157,783,7.12,584.21
WESTERN,KAKAMEGA NORTH,KABRAS NORTH,SIRUNGAI,MANDA,2693,2888,5581,1071,11.24,496.61
WESTERN,KAKAMEGA NORTH,KABRAS NORTH,SIRUNGAI,SHIANDICHE,1744,1873,3617,651,5.52,655.41
WESTERN,KAKAMEGA NORTH,KABRAS NORTH,SIRUNGAI,TOMBO,2960,3229,6189,1223,12.81,483.04
WESTERN,KAKAMEGA NORTH,KABRAS SOUTH,MAHIRA,MUKHONJE,1538,1669,3207,592,6.68,480.31
WESTERN,KAKAMEGA NORTH,KABRAS SOUTH,MAHIRA,MUTINGONGO,1295,1348,2643,499,5.81,455.09
WESTERN,KAKAMEGA NORTH,KABRAS SOUTH,MAHIRA,MWERA,2020,2165,4185,798,8.23,508.56
WESTERN,KAKAMEGA NORTH,KABRAS SOUTH,MAHIRA,SHILONGO,2544,2630,5174,1058,8.87,583.22
WESTERN,KAKAMEGA NORTH,KABRAS SOUTH,SHIANDA,CHEVOSO,2705,2801,5506,1118,9.69,568.43
WESTERN,KAKAMEGA NORTH,KABRAS SOUTH,SHIANDA,IFWETERE,1246,1219,2465,466,3.69,668.6
WESTERN,KAKAMEGA NORTH,KABRAS SOUTH,SHIANDA,LUNYINYA,2413,2584,4997,998,7.82,639.1
WESTERN,KAKAMEGA NORTH,KABRAS SOUTH,SHIANDA,SASALA,2450,2528,4978,1079,10.01,497.23
WESTERN,KAKAMEGA NORTH,KABRAS SOUTH,SHIANDA,SHAMBERERE,2010,2032,4042,1008,3.98,1015.55
WESTERN,KAKAMEGA NORTH,KABRAS SOUTH,SHIANDA,SHAMONI,2996,3180,6176,1236,8.74,706.26
WESTERN,KAKAMEGA NORTH,KABRAS WEST,BURUNDU,BURUNDU,1481,1533,3014,574,6.22,484.47
WESTERN,KAKAMEGA NORTH,KABRAS WEST,BURUNDU,MUTSUMA,1024,1071,2095,408,4.58,457.76
WESTERN,KAKAMEGA NORTH,KABRAS WEST,BURUNDU,SAWAWA,1774,1791,3565,690,6.52,546.77
WESTERN,KAKAMEGA NORTH,KABRAS WEST,BURUNDU,SHIMULI,751,822,1573,310,2.77,567.83
WESTERN,KAKAMEGA NORTH,KABRAS WEST,LUKUME,LUKALA WEST,1889,2084,3973,814,6.38,622.55
WESTERN,KAKAMEGA NORTH,KABRAS WEST,LUKUME,LUKUME,2454,2656,5110,995,7.47,684.26
WESTERN,KAKAMEGA NORTH,KABRAS WEST,LUKUME,SHIKUTSE,3350,3434,6784,1366,12.74,532.3
WESTERN,KAKAMEGA SOUTH,IKOLOMANI NORTH,ISULU,LUNENERE,2656,3025,5681,1311,6.4,888.07
WESTERN,KAKAMEGA SOUTH,IKOLOMANI NORTH,ISULU,MUKONGOLO,1778,1932,3710,849,5.12,724.09
WESTERN,KAKAMEGA SOUTH,IKOLOMANI NORTH,ISULU,MUSOLI,2987,3174,6161,1297,9.38,656.82
WESTERN,KAKAMEGA SOUTH,IKOLOMANI NORTH,ISULU,SHIBUNAME,1285,1412,2697,591,5.93,454.87
WESTERN,KAKAMEGA SOUTH,IKOLOMANI NORTH,SHIRUMBA,MALINYA,2684,2901,5585,1278,5.31,1051.31
WESTERN,KAKAMEGA SOUTH,IKOLOMANI NORTH,SHIRUMBA,SHITOLI,2213,2516,4729,1100,6.5,728.04
WESTERN,KAKAMEGA SOUTH,IKOLOMANI NORTH,SHIRUMBA,SHIVAGALA,3383,3917,7300,1624,7.47,976.72
WESTERN,KAKAMEGA SOUTH,IKOLOMANI NORTH,SHISERE,MUTAHO,2960,3138,6098,1304,11.1,549.57
WESTERN,KAKAMEGA SOUTH,IKOLOMANI NORTH,SHISERE,SHIKULU,2590,2910,5500,1195,9.35,587.98
WESTERN,KAKAMEGA SOUTH,IKOLOMANI NORTH,SHISERE,SHIMANYIRO,3593,3939,7532,1643,11.04,682.15
WESTERN,KAKAMEGA SOUTH,IKOLOMANI NORTH,SHISERE,SHISESO,3233,3498,6731,1506,9.11,738.74
WESTERN,KAKAMEGA SOUTH,IKOLOMANI SOUTH,EREGI,LUKOSE,1039,1232,2271,513,2.97,764.41
WESTERN,KAKAMEGA SOUTH,IKOLOMANI SOUTH,EREGI,SHANJETSO,1230,1443,2673,605,3.42,782.08
WESTERN,KAKAMEGA SOUTH,IKOLOMANI SOUTH,EREGI,SHISEJERI,1415,2181,3596,637,2.92,1233.41
WESTERN,KAKAMEGA SOUTH,IKOLOMANI SOUTH,IGUHU,IVONDA,2924,3233,6157,1320,10.02,614.68
WESTERN,KAKAMEGA SOUTH,IKOLOMANI SOUTH,IGUHU,LIRHEMBE,1522,1617,3139,687,3.01,1042.65
WESTERN,KAKAMEGA SOUTH,IKOLOMANI SOUTH,IGUHU,MAKHOKHO,2230,2696,4926,1111,6.11,805.8
WESTERN,KAKAMEGA SOUTH,IKOLOMANI SOUTH,IGUHU,SAVANE,2143,2269,4412,968,8.47,520.9
WESTERN,KAKAMEGA SOUTH,IKOLOMANI SOUTH,IGUHU,SHIVEYE,1629,1765,3394,750,5.25,646.01
WESTERN,KAKAMEGA SOUTH,IKOLOMANI SOUTH,SHIKUMU,KALUNI,1937,2254,4191,961,4.57,916.71
WESTERN,KAKAMEGA SOUTH,IKOLOMANI SOUTH,SHIKUMU,MADIVINI,2369,2621,4990,1142,5.32,937.86
WESTERN,KAKAMEGA SOUTH,IKOLOMANI SOUTH,SHIKUMU,SHABWALI,1460,1736,3196,752,4.78,668.35
WESTERN,LUGARI,LIKUYANI,KONGONI,KONGONI,11374,12327,23701,4908,43.27,547.75
WESTERN,LUGARI,LIKUYANI,KONGONI,MAWETATU,5780,6349,12129,2371,24.29,499.3
WESTERN,LUGARI,LIKUYANI,KONGONI,SANGO,5289,5435,10724,2109,32.09,334.16
WESTERN,LUGARI,LIKUYANI,LIKUYANI,SEREGEYA,7661,8043,15704,3224,56.31,278.89
WESTERN,LUGARI,LIKUYANI,LIKUYANI,SOY,5715,5824,11539,2517,40.87,282.32
WESTERN,LUGARI,LIKUYANI,NZOIA,MATUNDA,5829,6513,12342,2909,9.87,1250
WESTERN,LUGARI,LIKUYANI,NZOIA,MOIS BRIDGE,3621,3948,7569,1467,15.57,486.24
WESTERN,LUGARI,LIKUYANI,NZOIA,MUSEMWA,2495,2554,5049,995,19.35,260.94
WESTERN,LUGARI,LIKUYANI,NZOIA,VINYENYA,2559,2802,5361,1084,10.12,529.86
WESTERN,LUGARI,LIKUYANI,SINOKO,MILIMANI,3170,3365,6535,1393,7.56,864.37
WESTERN,LUGARI,LIKUYANI,SINOKO,MWIBA,1665,1591,3256,633,16.6,196.18
WESTERN,LUGARI,LIKUYANI,SINOKO,NAMUNYIRI,3429,3651,7080,1447,9.86,718.26
WESTERN,LUGARI,LIKUYANI,SINOKO,NZOIA,2058,2090,4148,847,16.06,258.2
WESTERN,LUGARI,LUGARI,CHEKALINI,KOROMAITI,4512,5020,9532,1763,19.75,482.71
WESTERN,LUGARI,LUGARI,CHEKALINI,MUSEMBE,4973,5200,10173,2080,21.93,463.9
WESTERN,LUGARI,LUGARI,LUGARI,LUGARI,6141,6452,12593,2465,43.54,289.25
WESTERN,LUGARI,LUGARI,LUGARI,MARAKUSI,9048,9740,18788,3775,37.76,497.57
WESTERN,LUGARI,LUGARI,LUMAKANDA,MUNYUKI,7597,7820,15417,3288,26.02,592.59
WESTERN,LUGARI,LUGARI,LUMAKANDA,MWAMBA,7160,7378,14538,3113,33.02,440.34
WESTERN,LUGARI,LUGARI,MAUTUMA,MBAGARA,6811,7124,13935,2776,60.01,232.2
WESTERN,LUGARI,LUGARI,MAUTUMA,MUKUYU,5463,5684,11147,2311,23.79,468.64
WESTERN,LUGARI,MATETE,CHEVAYWA,KILIBOTI,3535,3785,7320,1407,13.21,554.16
WESTERN,LUGARI,MATETE,CHEVAYWA,KIVAYWA,7010,7452,14462,2968,23.73,609.4
WESTERN,LUGARI,MATETE,CHEVAYWA,KULUMBENI,5580,5783,11363,2243,20.1,565.22
WESTERN,LUGARI,MATETE,LUANDETI,LUANDETI,3954,4208,8162,1545,14.45,564.82
WESTERN,LUGARI,MATETE,LUANDETI,MABUNYE,2956,3216,6172,1228,9.58,643.96
WESTERN,LUGARI,MATETE,LUANDETI,MAHANGA,2819,2968,5787,1107,8.48,682.08
WESTERN,LUGARI,MATETE,LUANDETI,MATURU,3619,4006,7625,1503,11.68,653.08
WESTERN,MT. ELGON,CHEPTAIS,CHEPKUBE,CHEBWEK,2353,2427,4780,898,9.19,520.19
WESTERN,MT. ELGON,CHEPTAIS,CHEPKUBE,CHEPKUBE,3609,3735,7344,1456,12.54,585.73
WESTERN,MT. ELGON,CHEPTAIS,CHEPTAIS,CHEPTAIS,3513,3494,7007,1359,9.1,770.38
WESTERN,MT. ELGON,CHEPTAIS,CHEPTAIS,NGACHI,4774,4883,9657,2059,10.7,902.71
WESTERN,MT. ELGON,CHEPTAIS,CHESIKAK,CHEMONDI,2372,2387,4759,850,7.46,637.77
WESTERN,MT. ELGON,CHEPTAIS,CHESIKAK,CHESIKAK,4689,4877,9566,1872,13.57,705.02
WESTERN,MT. ELGON,CHEPTAIS,SASUR,SASUR,2943,2945,5888,1056,9.58,614.72
WESTERN,MT. ELGON,CHEPTAIS,SASUR,TOROSO,1878,1971,3849,751,8.92,431.4
WESTERN,MT. ELGON,KAPSOKWONY,ELGON,KAMTIONG,921,937,1858,352,4.1,452.84
WESTERN,MT. ELGON,KAPSOKWONY,ELGON,KIBUK,1718,1848,3566,703,4.96,718.95
WESTERN,MT. ELGON,KAPSOKWONY,ELGON,KIMOBO,1067,1003,2070,382,4.98,415.8
WESTERN,MT. ELGON,KAPSOKWONY,KAMUNERU,KAMUNERU,1817,1842,3659,678,5.58,655.61
WESTERN,MT. ELGON,KAPSOKWONY,KAMUNERU,SACHO,1066,993,2059,417,3.83,537.93
WESTERN,MT. ELGON,KAPSOKWONY,KAPSOKWONY,BUGAA,1303,1341,2644,521,3.15,839.13
WESTERN,MT. ELGON,KAPSOKWONY,KAPSOKWONY,CHEMEISUS,2008,2068,4076,762,6.4,636.87
WESTERN,MT. ELGON,KAPSOKWONY,KAPSOKWONY,KAPSOKWONY,1732,1802,3534,820,4.42,799.48
WESTERN,MT. ELGON,KAPSOKWONY,NAMORIO,KIPYETO,1020,967,1987,341,3.67,541.17
WESTERN,MT. ELGON,KAPSOKWONY,NAMORIO,KOSHOK,1008,1033,2041,355,4.09,498.8
WESTERN,MT. ELGON,KAPSOKWONY,NAMORIO,NAMORIO,2312,2371,4683,839,9.27,504.97
WESTERN,MT. ELGON,KAPSOKWONY,NAMORIO,SAMBOCHO,1112,1130,2242,397,4.01,559.58
WESTERN,MT. ELGON,KAPTAMA,CHEMOGE,CHEMOGE,1447,1522,2969,525,6.51,455.98
WESTERN,MT. ELGON,KAPTAMA,CHEMOGE,CHEMUSES,1585,1576,3161,579,6.43,491.24
WESTERN,MT. ELGON,KAPTAMA,KABOYWO,CHESITO,2023,2015,4038,738,7.21,559.67
WESTERN,MT. ELGON,KAPTAMA,KABOYWO,KABOYWO,2384,2340,4724,823,8.91,530.36
WESTERN,MT. ELGON,KAPTAMA,KAPTAMA,KABOROM,2332,2325,4657,848,10.07,462.46
WESTERN,MT. ELGON,KAPTAMA,KAPTAMA,KAPTAMA,2536,2580,5116,993,11.31,452.38
WESTERN,MT. ELGON,KAPTAMA,KONGIT,KAPTALELIA,1944,1935,3879,713,6.9,561.86
WESTERN,MT. ELGON,KAPTAMA,KONGIT,KONGIT,2851,2857,5708,1071,8.87,643.38
WESTERN,MT. ELGON,KOPSIRO,CHEPYUK,CHEPYUK,2712,2526,5238,892,18.42,284.43
WESTERN,MT. ELGON,KOPSIRO,CHEPYUK,KAIMUGUL,3536,3403,6939,1131,18.79,369.31
WESTERN,MT. ELGON,KOPSIRO,CHEPYUK,KUBURA,1641,1527,3168,555,16.28,194.63
WESTERN,MT. ELGON,KOPSIRO,CHONGEYWO,CHONGEYWO,1942,1940,3882,721,7.58,511.85
WESTERN,MT. ELGON,KOPSIRO,CHONGEYWO,KAPKURONGO,1432,1309,2741,523,5.15,532.49
WESTERN,MT. ELGON,KOPSIRO,CHONGEYWO,MASAEK,2027,2070,4097,714,6.71,610.59
WESTERN,MT. ELGON,KOPSIRO,EMIA,CHEPKURKUR,1731,1613,3344,642,15.84,211.12
WESTERN,MT. ELGON,KOPSIRO,EMIA,EMIA,1234,1131,2365,462,6.59,358.79
WESTERN,MT. ELGON,KOPSIRO,EMIA,KORNGOTUNY,2201,2187,4388,776,18.1,242.49
WESTERN,MT. ELGON,KOPSIRO,KAPKATENY,CHEPTONON,1852,1873,3725,739,6.39,582.97
WESTERN,MT. ELGON,KOPSIRO,KAPKATENY,TEREMI,1316,1379,2695,479,4.53,594.73
WESTERN,MT. ELGON,KOPSIRO,KAPKATENY,TOYWONDET,2917,2893,5810,1169,8.28,701.89
WESTERN,MT. ELGON,MT.ELGON FOREST,MT.ELGON FOREST,MT.ELGON FOREST,1261,1203,2464,500,618.16,3.99
WESTERN,MUMIAS,EAST WANGA,EAST WANGA,ELUCHE,6015,6365,12380,2744,16.5,750.28
WESTERN,MUMIAS,EAST WANGA,EAST WANGA,MUNGANGA,5848,6343,12191,2580,18.81,648.06
WESTERN,MUMIAS,EAST WANGA,ISONGO,ISONGO,6187,6918,13105,2674,20.76,631.27
WESTERN,MUMIAS,EAST WANGA,ISONGO,MAKUNGA,5100,5634,10734,2250,18.57,578.03
WESTERN,MUMIAS,EAST WANGA,LUBINU,LUBINU,5078,5268,10346,2162,17.75,582.71
WESTERN,MUMIAS,EAST WANGA,LUBINU,LUSHEYA,7713,8318,16031,3356,20.71,773.95
WESTERN,MUMIAS,EAST WANGA,MALAHA,KHAUNGA,3756,4016,7772,1599,12.06,644.56
WESTERN,MUMIAS,EAST WANGA,MALAHA,MALAHA,3393,3772,7165,1538,10.61,675.22
WESTERN,MUMIAS,MATUNGU,KOYONZO,INDANGALASIA,5547,6439,11986,2527,27.9,429.53
WESTERN,MUMIAS,MATUNGU,KOYONZO,KOYONZO,4770,5265,10035,2170,15.93,630.03
WESTERN,MUMIAS,MATUNGU,KOYONZO,LUNGANYIRO,3863,4061,7924,1609,14.33,553
WESTERN,MUMIAS,MATUNGU,KOYONZO,MIRERE,3892,4092,7984,1629,16.68,478.52
WESTERN,MUMIAS,MATUNGU,KOYONZO,MUNAMI,3947,4301,8248,1771,15.68,526.05
WESTERN,MUMIAS,MATUNGU,KOYONZO,NAMAMALI,3580,3832,7412,1534,11.59,639.57
WESTERN,MUMIAS,MATUNGU,KOYONZO,NANYIENI,6611,7180,13791,2909,23.02,599.2
WESTERN,MUMIAS,MATUNGU,MATUNGU,KHALABA,5021,5436,10457,2192,21.95,476.51
WESTERN,MUMIAS,MATUNGU,MATUNGU,KHOLERA,8943,9952,18895,3962,42.02,449.72
WESTERN,MUMIAS,MATUNGU,MATUNGU,MATUNGU,5040,5053,10093,2317,14.72,685.55
WESTERN,MUMIAS,MATUNGU,MATUNGU,MAYONI,9863,10628,20491,4419,35.08,584.05
WESTERN,MUMIAS,MATUNGU,MATUNGU,MUSAMBA,4538,4783,9321,1867,17.03,547.21
WESTERN,MUMIAS,MATUNGU,MATUNGU,NAMULUNGU,4913,5013,9926,1965,19.86,499.79
WESTERN,MUMIAS,MUMIAS,NABONGO,EKERO,5421,5811,11232,2531,13.32,843.17
WESTERN,MUMIAS,MUMIAS,NABONGO,LUREKO,2323,2527,4850,1007,10.23,474.22
WESTERN,MUMIAS,MUMIAS,NABONGO,MATAWA,4670,5095,9765,1963,13.68,713.71
WESTERN,MUMIAS,MUMIAS,NABONGO,MUMIAS TOWN,11072,11527,22599,6488,9.69,2332.61
WESTERN,MUMIAS,MUMIAS,NABONGO,NUCLEUS,8010,7755,15765,4128,35.74,441.1
WESTERN,MUMIAS,SOUTH WANGA,ETENJE,BUCHIFI,4493,4889,9382,1980,15.26,614.64
WESTERN,MUMIAS,SOUTH WANGA,ETENJE,BUKAYA,5159,5713,10872,2352,21.26,511.4
WESTERN,MUMIAS,SOUTH WANGA,ETENJE,ESHIKALAME,3400,3771,7171,1557,10.35,692.82
WESTERN,MUMIAS,SOUTH WANGA,ETENJE,MASINJIRA,3686,4222,7908,1704,14.05,562.71
WESTERN,MUMIAS,SOUTH WANGA,MUSANDA,BUNGASI,3287,3734,7021,1622,14.82,473.68
WESTERN,MUMIAS,SOUTH WANGA,MUSANDA,ESHIHAKA,3214,3577,6791,1429,6.97,974.6
WESTERN,MUMIAS,SOUTH WANGA,MUSANDA,MUSANDA,4666,5072,9738,2150,13.27,733.62
WESTERN,SAMIA,FUNYULA,AGENGA,AGENGA,2108,2275,4383,897,12.45,352.07
WESTERN,SAMIA,FUNYULA,AGENGA,BUKIRI,938,1003,1941,404,8.58,226.33
WESTERN,SAMIA,FUNYULA,AGENGA,OJIBO,1764,1898,3662,797,10.94,334.62
WESTERN,SAMIA,FUNYULA,AGENGA,SIGALAME,1923,2037,3960,804,12.57,315.04
WESTERN,SAMIA,FUNYULA,BWIRI,BUSEMBE,2123,2224,4347,854,11.87,366.21
WESTERN,SAMIA,FUNYULA,BWIRI,BUSIJO,2002,2272,4274,814,11.14,383.56
WESTERN,SAMIA,FUNYULA,BWIRI,HAKATI,2731,2937,5668,1101,20.02,283.06
WESTERN,SAMIA,FUNYULA,BWIRI,NAMUDURU,2614,2883,5497,1164,21.23,258.88
WESTERN,SAMIA,FUNYULA,NAMBOBOTO,BULOMA,1636,1821,3457,721,8.16,423.87
WESTERN,SAMIA,FUNYULA,NAMBOBOTO,LUANDA,1941,2280,4221,889,9.52,443.6
WESTERN,SAMIA,FUNYULA,NAMBOBOTO,MUDOMA,1416,1570,2986,640,5.16,578.27
WESTERN,SAMIA,FUNYULA,NAMBOBOTO,NAMBOBOTO,1131,1293,2424,522,4.78,507.41
WESTERN,SAMIA,FUNYULA,NAMBOBOTO,NYAKHOBI,1457,1708,3165,646,9.69,326.76
WESTERN,SAMIA,FUNYULA,NAMBUKU,GANJALA,1042,1225,2267,470,7.51,301.94
WESTERN,SAMIA,FUNYULA,NAMBUKU,LUDACHO,1332,1470,2802,581,8.01,349.7
WESTERN,SAMIA,FUNYULA,NAMBUKU,LUGALA,916,1037,1953,413,5.56,351.11
WESTERN,SAMIA,FUNYULA,NAMBUKU,MANGO,889,1010,1899,406,4.52,419.97
WESTERN,SAMIA,FUNYULA,NAMBUKU,SIBINGA,1388,1581,2969,583,7.09,418.53
WESTERN,SAMIA,FUNYULA,NANGOSIA,BUKHULUNGU,1545,1819,3364,714,9.08,370.35
WESTERN,SAMIA,FUNYULA,NANGOSIA,LUCHULULO,748,909,1657,348,4.63,357.74
WESTERN,SAMIA,FUNYULA,NANGOSIA,SIGULU,1349,1544,2893,629,7.66,377.73
WESTERN,SAMIA,FUNYULA,NANGOSIA,SIREKERESI,1247,1448,2695,592,6.09,442.85
WESTERN,SAMIA,FUNYULA,NANGUBA,BUJWANGA,2724,2972,5696,1158,14.46,393.87
WESTERN,SAMIA,FUNYULA,NANGUBA,NANDEREMA,1517,1600,3117,625,12,259.71
WESTERN,SAMIA,FUNYULA,NANGUBA,RUMBIYE,1288,1331,2619,585,9.82,266.67
WESTERN,SAMIA,FUNYULA,ODIADO,BUDALANGA,564,607,1171,246,3.36,348.81
WESTERN,SAMIA,FUNYULA,ODIADO,KABWODO,640,709,1349,306,4.07,331.25
WESTERN,SAMIA,FUNYULA,ODIADO,ODIADO,1422,1581,3003,613,8.49,353.9
WESTERN,SAMIA,FUNYULA,ODIADO,WAKHUNGU,1872,2189,4061,873,6.66,610.1
WESTERN,TESO NORTH,AMAGORO,AKADETEWAI,KOMIRIAI,2359,2626,4985,1474,1.45,3446.96
WESTERN,TESO NORTH,AMAGORO,AKADETEWAI,OLOBAI,2133,1880,4013,966,0.96,4174.12
WESTERN,TESO NORTH,AMAGORO,AKADETEWAI,TOWNSHIP,1407,1472,2879,766,1.68,1709.82
WESTERN,TESO NORTH,AMAGORO,AMAGORO,AMAGORO,1958,2174,4132,951,6.16,670.3
WESTERN,TESO NORTH,AMAGORO,AMAGORO,IKAPOLOK,1201,1272,2473,482,5.6,441.97
WESTERN,TESO NORTH,AMAGORO,AMAGORO,KORISAI,864,893,1757,320,4.22,416.55
WESTERN,TESO NORTH,AMAGORO,AMONI,AKARIAMASIT,1582,1613,3195,724,5.01,637.78
WESTERN,TESO NORTH,AMAGORO,AMONI,KAJEI,1706,1809,3515,801,4.52,777.4
WESTERN,TESO NORTH,AMAGORO,KAMOLO,KAMOLO,1016,1069,2085,412,6.14,339.63
WESTERN,TESO NORTH,AMAGORO,KAMOLO,KODEDEMA,1129,1236,2365,460,5.54,427.03
WESTERN,TESO NORTH,AMAGORO,KAMOLO,ONYUNYURI,1810,1858,3668,717,10.57,347.09
WESTERN,TESO NORTH,AMAGORO,KAMURIAI,OSASAME,711,756,1467,273,3.68,398.24
WESTERN,TESO NORTH,AMAGORO,KOCHOLIA,KENGATUNYI,840,931,1771,325,4.76,372.33
WESTERN,TESO NORTH,AMAGORO,KOCHOLIA,KOCHOLIA,1161,1358,2519,525,5.69,442.83
WESTERN,TESO NORTH,AMAGORO,KOCHOLIA,KOTEKO,1220,1287,2507,474,5.21,481.17
WESTERN,TESO NORTH,AMAGORO,KOKARE,KIRIKO,959,1025,1984,374,5.06,392.4
WESTERN,TESO NORTH,AMAGORO,KOKARE,KOKARE,1137,1214,2351,449,8,293.75
WESTERN,TESO NORTH,AMAGORO,OKULEU,KAKOLI,1010,1086,2096,374,8.91,235.19
WESTERN,TESO NORTH,AMAGORO,OKULEU,OKULEU,1319,1302,2621,486,6.71,390.67
WESTERN,TESO NORTH,AMAGORO,OSAJAI,KURURUMA,1288,1347,2635,502,5.69,462.84
WESTERN,TESO NORTH,AMAGORO,OSAJAI,ONYUNYUR,1554,1635,3189,623,8.58,371.48
WESTERN,TESO NORTH,ANGURAI,ABOLOI,AEDOMORU,723,771,1494,284,4.36,342.41
WESTERN,TESO NORTH,ANGURAI,ABOLOI,AKACHACHAT,1249,1330,2579,470,8.94,288.32
WESTERN,TESO NORTH,ANGURAI,ABOLOI,MWARI,594,595,1189,206,3.88,306.67
WESTERN,TESO NORTH,ANGURAI,ANGURAI,ADANYA,1100,1263,2363,429,4.59,514.51
WESTERN,TESO NORTH,ANGURAI,ANGURAI,CHELEMUK,1646,1895,3541,706,8.55,414.05
WESTERN,TESO NORTH,ANGURAI,ANGURAI,KAKURIKIT,1580,1709,3289,599,6.81,482.89
WESTERN,TESO NORTH,ANGURAI,ANGURAI,KATOTOI,979,1050,2029,366,5.85,346.91
WESTERN,TESO NORTH,ANGURAI,CHAMASIRI,CHAMASIR,928,922,1850,333,8.12,227.93
WESTERN,TESO NORTH,ANGURAI,CHAMASIRI,KAKEMER,1325,1358,2683,492,4.56,588.62
WESTERN,TESO NORTH,ANGURAI,CHANGARA,AKOBWAIT,1169,1131,2300,442,4.91,467.96
WESTERN,TESO NORTH,ANGURAI,CHANGARA,ATERAIT,1558,1590,3148,573,6.64,473.91
WESTERN,TESO NORTH,ANGURAI,CHANGARA,CHANGARA,756,837,1593,296,2.71,586.91
WESTERN,TESO NORTH,ANGURAI,KAKAPEL,KAKAPEL,2683,2884,5567,1068,12.88,432.15
WESTERN,TESO NORTH,ANGURAI,KAKAPEL,KEKALET,1599,1627,3226,633,8.3,388.61
WESTERN,TESO NORTH,ANGURAI,KATAKWA,AKOLONG,962,1039,2001,357,4.3,465.34
WESTERN,TESO NORTH,ANGURAI,KATAKWA,KATELEPAI,686,759,1445,268,3.66,394.97
WESTERN,TESO NORTH,ANGURAI,KATAKWA,RWATAMA,1530,1760,3290,610,7.3,450.76
WESTERN,TESO NORTH,ANGURAI,KOLANYA,ALOETE,762,855,1617,281,5.2,311.22
WESTERN,TESO NORTH,ANGURAI,KOLANYA,KOLANYA,1249,1109,2358,372,4.76,495.64
WESTERN,TESO NORTH,ANGURAI,MODING,ADUMAI,1311,1361,2672,454,7.72,346.02
WESTERN,TESO NORTH,ANGURAI,MODING,APOKOR,1493,1550,3043,537,8.7,349.69
WESTERN,TESO NORTH,ANGURAI,MODING,KOLAIT,1157,1244,2401,432,5.42,443.21
WESTERN,TESO NORTH,ANGURAI,MODING,MODING,2015,2047,4062,746,8.69,467.54
WESTERN,TESO SOUTH,AMUKURA,AKOREET,ADEREMA,752,812,1564,315,5.21,300.11
WESTERN,TESO SOUTH,AMUKURA,AKOREET,AKORET,1695,1920,3615,708,10.42,346.97
WESTERN,TESO SOUTH,AMUKURA,AKOREET,OKOOK,1233,1244,2477,471,7.54,328.46
WESTERN,TESO SOUTH,AMUKURA,AMUKURA,AMUGURA,1189,1304,2493,500,4.77,522.18
WESTERN,TESO SOUTH,AMUKURA,AMUKURA,ATURET,829,917,1746,331,5.3,329.17
WESTERN,TESO SOUTH,AMUKURA,AMUKURA,KOCHEK,868,853,1721,348,3.08,558.55
WESTERN,TESO SOUTH,AMUKURA,AREMIT,AKIRIMASI,1658,1540,3198,518,6.18,517.8
WESTERN,TESO SOUTH,AMUKURA,AREMIT,ODIOI,1463,1517,2980,538,6.22,478.83
WESTERN,TESO SOUTH,AMUKURA,AREMIT,OSURET,1756,1833,3589,594,6.15,583.76
WESTERN,TESO SOUTH,AMUKURA,KALIWA,APATIT,1830,1959,3789,731,11.05,342.91
WESTERN,TESO SOUTH,AMUKURA,KALIWA,KALIWA,1672,1824,3496,669,8.96,390.34
WESTERN,TESO SOUTH,AMUKURA,KALIWA,OKATEKOK,2070,2227,4297,816,9.62,446.7
WESTERN,TESO SOUTH,AMUKURA,KAUJAKITO,APOKOR,2763,2950,5713,1089,13.74,415.91
WESTERN,TESO SOUTH,AMUKURA,KAUJAKITO,KATELENYANG,1673,1788,3461,711,7.82,442.74
WESTERN,TESO SOUTH,AMUKURA,KAUJAKITO,KAURIUMOIT,1786,2000,3786,763,10.65,355.45
WESTERN,TESO SOUTH,AMUKURA,KOTUR,KIDERA,1123,1187,2310,437,7.18,321.61
WESTERN,TESO SOUTH,AMUKURA,KOTUR,KOTUR,1319,1422,2741,496,8.93,306.93
WESTERN,TESO SOUTH,AMUKURA,KWANGAMOR,AKWOBWAIT,1894,2009,3903,746,9.52,409.97
WESTERN,TESO SOUTH,AMUKURA,KWANGAMOR,KWANGAMOR,1196,1303,2499,506,7.37,338.99
WESTERN,TESO SOUTH,AMUKURA,KWANGAMOR,OKISIMO,1032,1126,2158,415,9.25,233.35
WESTERN,TESO SOUTH,CHAKOL,AMONGURA,ALOMODOI,1402,1499,2901,565,6.53,444.48
WESTERN,TESO SOUTH,CHAKOL,AMONGURA,OBUCHUN,1963,2015,3978,716,9.15,434.83
WESTERN,TESO SOUTH,CHAKOL,AMONGURA,ONGARIAMA,2147,2300,4447,847,9.7,458.24
WESTERN,TESO SOUTH,CHAKOL,ANGOROMO,AGOLOTO,6186,6309,12495,3037,3.67,3401.3
WESTERN,TESO SOUTH,CHAKOL,ANGOROMO,ALUPE,2922,3122,6044,1163,13.07,462.59
WESTERN,TESO SOUTH,CHAKOL,ANGOROMO,AMERIKWAI,3592,4031,7623,1826,5.33,1429.7
WESTERN,TESO SOUTH,CHAKOL,APEGEL,AKITES,1406,1656,3062,611,7.78,393.62
WESTERN,TESO SOUTH,CHAKOL,APEGEL,ATERAIT,1472,1627,3099,603,6.91,448.23
WESTERN,TESO SOUTH,CHAKOL,APEGEL,MORUKARISA,809,956,1765,319,5.33,331.44
WESTERN,TESO SOUTH,CHAKOL,ASINGE,ACHIIT,1097,1254,2351,437,5.23,449.42
WESTERN,TESO SOUTH,CHAKOL,ASINGE,ALUDEKA,1944,2042,3986,797,11.84,336.74
WESTERN,TESO SOUTH,CHAKOL,ASINGE,NGELECHODI,2150,2242,4392,846,12.41,354.04
WESTERN,TESO SOUTH,CHAKOL,OCHUDE,OKILUDU,1993,2109,4102,815,9.01,455.22
WESTERN,TESO SOUTH,CHAKOL,OCHUDE,OLEPITO,1374,1477,2851,551,6.62,430.94
WESTERN,TESO SOUTH,CHAKOL,OCHUDE,OTIMONG,1798,1893,3691,712,9.82,375.93
WESTERN,TESO SOUTH,CHAKOL,OKAME,ADUNGOSI,1474,1807,3281,652,5.21,629.98
WESTERN,TESO SOUTH,CHAKOL,OKAME,AMAASE,1269,1237,2506,472,5.12,489.88
WESTERN,TESO SOUTH,CHAKOL,OKAME,ONGAROI,1830,1984,3814,701,7.93,480.82
WESTERN,VIHIGA,CHAVAKALI,CHAVAKALI,EVOJO,1337,1517,2854,579,2.81,1015.8
WESTERN,VIHIGA,CHAVAKALI,CHAVAKALI,IGUNGA,2202,2357,4559,993,4.08,1117.18
WESTERN,VIHIGA,CHAVAKALI,CHAVAKALI,VIYALO,1536,1725,3261,736,3,1085.91
WESTERN,VIHIGA,CHAVAKALI,CHAVAKALI,WALODEYA,2503,2619,5122,1231,2.68,1912.34
WESTERN,VIHIGA,CHAVAKALI,CHAVAKALI,WANONDI,1278,1378,2656,563,2.52,1053.68
WESTERN,VIHIGA,CHAVAKALI,IZAVA NORTH,BUKULUNYA,1424,1482,2906,593,2.77,1050.01
WESTERN,VIHIGA,CHAVAKALI,IZAVA NORTH,MBALE,2461,2710,5171,1148,3.17,1633.7
WESTERN,VIHIGA,CHAVAKALI,IZAVA NORTH,MUNOYWA,1731,1925,3656,758,3.59,1017.62
WESTERN,VIHIGA,CHAVAKALI,IZAVA SOUTH,DEMESI,1857,2064,3921,838,3.29,1192.34
WESTERN,VIHIGA,CHAVAKALI,IZAVA SOUTH,LYADUYWA,2421,2567,4988,1066,3.03,1647.56
WESTERN,VIHIGA,CHAVAKALI,IZAVA SOUTH,MUKINGI,2330,2633,4963,1137,3.32,1495.96
WESTERN,VIHIGA,CHAVAKALI,W. MARAGOLI,HAMUYUNDI,2091,2336,4427,961,4.32,1025.69
WESTERN,VIHIGA,CHAVAKALI,W. MARAGOLI,KEGONDI,2494,2741,5235,1160,4.21,1244.06
WESTERN,VIHIGA,CHAVAKALI,W. MARAGOLI,KISATIRU,2561,2757,5318,1158,4.4,1209.41
WESTERN,VIHIGA,CHAVAKALI,W. MARAGOLI,SOLONGO,2917,3604,6521,1343,4.68,1394.45
WESTERN,VIHIGA,SABATIA,BUSALI EAST,CHAVOGERE,1988,2280,4268,868,5.37,794.9
WESTERN,VIHIGA,SABATIA,BUSALI EAST,ITEGERO,2203,2454,4657,955,4.6,1012.13
WESTERN,VIHIGA,SABATIA,BUSALI EAST,KEDOLI,1618,1727,3345,684,3.17,1054.94
WESTERN,VIHIGA,SABATIA,BUSALI WEST,BUDAYWA,1669,1914,3583,774,3.53,1014.76
WESTERN,VIHIGA,SABATIA,BUSALI WEST,BUGINA,1868,2082,3950,845,3.42,1154.67
WESTERN,VIHIGA,SABATIA,BUSALI WEST,CHAMAKANGA,1907,1983,3890,774,3.61,1077.5
WESTERN,VIHIGA,SABATIA,N. MARAGOLI,DIGULA,1309,1475,2784,589,2.12,1310.73
WESTERN,VIHIGA,SABATIA,N. MARAGOLI,KIGAMA,3067,3393,6460,1348,6.06,1065.71
WESTERN,VIHIGA,SABATIA,N. MARAGOLI,KIVAGALA,1290,1439,2729,560,2.44,1116.93
WESTERN,VIHIGA,SABATIA,N. MARAGOLI,MUDETE,2118,2235,4353,1062,3.32,1312.49
WESTERN,VIHIGA,SABATIA,N. MARAGOLI,MULUNDU,1069,1092,2161,451,2.36,914.24
WESTERN,VIHIGA,SABATIA,WODANGA,GAIGEDI,1661,1846,3507,719,3.34,1050.19
WESTERN,VIHIGA,SABATIA,WODANGA,GAVUDIA,1977,2177,4154,838,4.05,1026.41
WESTERN,VIHIGA,SABATIA,WODANGA,LUSENGELI,2152,2371,4523,1009,3.75,1205.3
WESTERN,VIHIGA,SABATIA,WODANGA,MAMBAI,2391,2719,5110,1088,4.8,1064.45
WESTERN,VIHIGA,SABATIA,WODANGA,VOKOLI,2009,2637,4646,914,3.04,1529.35
WESTERN,VIHIGA,VIHIGA,C. MARAGOLI,CHANGO,2853,3078,5931,1272,4.13,1436.95
WESTERN,VIHIGA,VIHIGA,C. MARAGOLI,EMANDA,3059,3289,6348,1529,5.28,1202.16
WESTERN,VIHIGA,VIHIGA,C. MARAGOLI,IKUMBA,2930,2885,5815,1363,3.01,1929.14
WESTERN,VIHIGA,VIHIGA,C. MARAGOLI,KIDUNDU,2521,2755,5276,1146,4.74,1113.62
WESTERN,VIHIGA,VIHIGA,LUGAGA,MAGUI,1866,2039,3905,864,3.58,1091.79
WESTERN,VIHIGA,VIHIGA,LUGAGA,MUHANDA,2056,2445,4501,1005,4.59,979.76
WESTERN,VIHIGA,VIHIGA,LUGAGA,VUNANDI,1577,1826,3403,779,3.89,874.76
WESTERN,VIHIGA,VIHIGA,MUNGOMA,KISIENYA,1144,1323,2467,558,2.76,894.85
WESTERN,VIHIGA,VIHIGA,MUNGOMA,MADZUU,2015,2303,4318,972,3.71,1165.2
WESTERN,VIHIGA,VIHIGA,MUNGOMA,MAHANGA,3180,3543,6723,1503,6.53,1029.97
WESTERN,VIHIGA,VIHIGA,MUNGOMA,VIGULU,2946,3346,6292,1410,8.13,773.78
WESTERN,VIHIGA,VIHIGA,S.MARAGOLI,CHAGENDA,2538,2783,5321,1141,11.07,480.63
WESTERN,VIHIGA,VIHIGA,S.MARAGOLI,IDELERI,2363,2604,4967,1069,5.69,872.37
WESTERN,VIHIGA,VIHIGA,S.MARAGOLI,LUSIOLA,1668,1813,3481,757,4.62,753.43
WESTERN,VIHIGA,VIHIGA,S.MARAGOLI,MASANA,2604,2920,5524,1119,6.45,856.98
WESTERN,VIHIGA,VIHIGA,WAMULUMA,CHAMBITI,1690,1778,3468,751,2.93,1182.69
WESTERN,VIHIGA,VIHIGA,WAMULUMA,KEGOYE,2541,2656,5197,1165,3.98,1305.58
WESTERN,VIHIGA,VIHIGA,WAMULUMA,MBIHI,4121,4558,8679,2076,5.08,1707.15
