code,name,slug,location_code,location_name,division_code,district_code,former_province_code,population_2009,population_male,population_female,households,area_km2,density_per_km2
1,Chomo,chomo,1,Gatanga,1,1,CEN,5517,2730,2787,1399,9.61,574.32
2,Gatanga,gatanga,1,Gatanga,1,1,CEN,2898,1453,1445,709,3.7,784.09
3,Kirwara,kirwara,1,Gatanga,1,1,CEN,5030,2427,2603,1351,6.79,740.29
4,Gakurari,gakurari,2,Kigio,1,1,CEN,2830,1356,1474,723,4.19,674.63
5,Ithangarari,ithangarari,2,Kigio,1,1,CEN,1765,854,911,465,2.05,859.55
6,Kigio,kigio,2,Kigio,1,1,CEN,3356,1679,1677,788,3.25,1032.65
7,Gathanji,gathanji,3,Kiria-Ini,1,1,CEN,2313,1113,1200,538,3.47,665.73
8,Kiria-Ini,kiria-ini,3,Kiria-Ini,1,1,CEN,2637,1300,1337,671,4.93,535.22
9,Mureke,mureke,3,Kiria-Ini,1,1,CEN,1607,782,825,376,2.5,642.67
10,Thare,thare,3,Kiria-Ini,1,1,CEN,1547,768,779,381,3.7,417.61
11,Mambanda,mambanda,4,Mugumo-Ini,1,1,CEN,2410,1157,1253,633,2.13,1133.16
12,Mithanduku-Ini,mithanduku-ini,4,Mugumo-Ini,1,1,CEN,3420,1696,1724,1013,2.59,1321.59
13,Mugumo-Ini,mugumo-ini,4,Mugumo-Ini,1,1,CEN,4967,2376,2591,1409,3.78,1314.86
14,Gathambara,gathambara,5,Samuru,1,1,CEN,5389,2945,2444,2065,36.93,145.92
15,Mwithingiri,mwithingiri,5,Samuru,1,1,CEN,2105,1141,964,723,24.96,84.34
16,Kiarutara,kiarutara,6,Gambuya,2,1,CEN,3597,1770,1827,915,8.57,419.49
17,Kiganjo,kiganjo,6,Gambuya,2,1,CEN,1259,636,623,312,3.25,386.98
18,Mwagu,mwagu,6,Gambuya,2,1,CEN,2040,1025,1015,493,5.08,401.8
19,Gatunguru,gatunguru,7,Kariara,2,1,CEN,2535,1233,1302,634,5.75,440.67
20,Gatura,gatura,7,Kariara,2,1,CEN,3556,1692,1864,1019,5.49,647.63
21,Karangi,karangi,7,Kariara,2,1,CEN,2688,1347,1341,723,8.29,324.29
22,Kimakia,kimakia,7,Kariara,2,1,CEN,31,19,12,18,70.71,0.44
23,Mbungiti,mbungiti,7,Kariara,2,1,CEN,2574,1282,1292,703,8.5,302.88
24,Giachuki,giachuki,8,Kigoro,2,1,CEN,1709,822,887,436,3.39,504.4
25,Gitiri,gitiri,8,Kigoro,2,1,CEN,3366,1629,1737,860,6.77,497.44
26,Kigoro,kigoro,8,Kigoro,2,1,CEN,4376,2178,2198,1184,9.83,445.23
27,Ndunyu Chege,ndunyu-chege,8,Kigoro,2,1,CEN,3117,1575,1542,768,4.43,703.52
28,Kanunga,kanunga,9,Ndakaini,2,1,CEN,1401,708,693,412,3.2,438.33
29,Kimandi/Wanyaga,kimandi-wanyaga,9,Ndakaini,2,1,CEN,3479,1685,1794,943,9.17,379.4
30,Ndakaini,ndakaini,9,Ndakaini,2,1,CEN,2444,1189,1255,684,8.5,287.54
31,Kagongo,kagongo,10,Kiumbu-Ini,3,1,CEN,2203,1072,1131,580,2.91,757.93
32,Kiumbu-Ini,kiumbu-ini,10,Kiumbu-Ini,3,1,CEN,2039,1007,1032,541,3.42,596.16
33,Nyaga,nyaga,10,Kiumbu-Ini,3,1,CEN,1833,876,957,468,2.62,698.68
34,Thuita,thuita,10,Kiumbu-Ini,3,1,CEN,3408,1672,1736,896,4.56,747.58
35,Gituamba,gituamba,11,Kiunyu,3,1,CEN,2845,1375,1470,712,3.72,765.3
36,Kiunyu,kiunyu,11,Kiunyu,3,1,CEN,3223,1554,1669,891,3.22,999.41
37,Rugaita,rugaita,11,Kiunyu,3,1,CEN,2393,1203,1190,609,2.57,930.37
38,Gatiiguru,gatiiguru,12,Mukarara,3,1,CEN,1967,920,1047,490,3.06,643.53
39,Mukarara,mukarara,12,Mukarara,3,1,CEN,3061,1528,1533,692,3.96,773.45
40,Mukurwe,mukurwe,12,Mukarara,3,1,CEN,2054,1018,1036,496,3.81,539.29
41,Njaiini,njaiini,12,Mukarara,3,1,CEN,2105,1004,1101,488,3.07,685
42,Gituamba,gituamba,13,Gituamba,4,2,CEN,4426,2158,2268,1149,8.19,540.61
43,Kiriko,kiriko,13,Gituamba,4,2,CEN,4646,2244,2402,1116,8.77,529.77
44,Maria-Ini,maria-ini,13,Gituamba,4,2,CEN,2127,1062,1065,524,6.34,335.72
45,Mataara,mataara,13,Gituamba,4,2,CEN,3698,1825,1873,989,10.24,361.29
46,Kairi,kairi,14,Kairi,4,2,CEN,3161,1542,1619,830,4.56,693.49
47,Muirigo,muirigo,14,Kairi,4,2,CEN,3053,1425,1628,788,3.47,880.79
48,Ngorongo,ngorongo,14,Kairi,4,2,CEN,2779,1304,1475,765,5.4,514.7
49,Makwa,makwa,15,Makwa,4,2,CEN,4311,2050,2261,1092,5.32,810.25
50,Ngethu,ngethu,15,Makwa,4,2,CEN,2297,1109,1188,640,4.09,561.04
51,Nguna,nguna,15,Makwa,4,2,CEN,4711,2310,2401,1207,5.62,838.29
52,Forest,forest,16,Forest,5,2,CEN,0,0,0,0,29,0
53,Gathage,gathage,17,Kiamwangi,6,2,CEN,4749,2265,2484,1301,7.18,661.69
54,Kiamwangi,kiamwangi,17,Kiamwangi,6,2,CEN,5463,2582,2881,1472,7.62,717.33
55,Kigongo,kigongo,17,Kiamwangi,6,2,CEN,4770,2296,2474,1208,6.75,706.83
56,Nembu,nembu,17,Kiamwangi,6,2,CEN,5389,2597,2792,1429,6.29,856.97
57,Gachika,gachika,18,Kiganjo,6,2,CEN,3931,1896,2035,1022,10.53,373.29
58,Gatitu,gatitu,18,Kiganjo,6,2,CEN,2556,1249,1307,615,5.54,461.38
59,Kiamworia,kiamworia,18,Kiganjo,6,2,CEN,5068,2476,2592,1253,8.79,576.39
60,Kiganjo,kiganjo,18,Kiganjo,6,2,CEN,7478,3558,3920,1980,12.26,609.83
61,Mundoro,mundoro,18,Kiganjo,6,2,CEN,4728,2296,2432,1265,9.66,489.44
62,Ndundu,ndundu,18,Kiganjo,6,2,CEN,3373,1643,1730,839,8.41,400.96
63,Gacharage,gacharage,19,Ndarugu,6,2,CEN,1704,828,876,395,4.61,369.43
64,Gitwe,gitwe,19,Ndarugu,6,2,CEN,4098,1919,2179,1021,10.13,404.35
65,Karatu,karatu,19,Ndarugu,6,2,CEN,2318,1088,1230,650,6.87,337.29
66,Karinga,karinga,19,Ndarugu,6,2,CEN,4813,2250,2563,1224,8.73,551.36
67,Kirangi,kirangi,19,Ndarugu,6,2,CEN,3553,1708,1845,942,10.15,350
68,Munyu-Ini,munyu-ini,19,Ndarugu,6,2,CEN,3759,1822,1937,897,9.87,380.71
69,Githunguchu,githunguchu,20,Ngenda,6,2,CEN,7908,3842,4066,2078,7.39,1070.6
70,Handege,handege,20,Ngenda,6,2,CEN,3497,1653,1844,864,5.77,605.67
71,Ituru,ituru,20,Ngenda,6,2,CEN,4526,2296,2230,1154,6.47,699.31
72,Kahuguini,kahuguini,20,Ngenda,6,2,CEN,5799,2897,2902,1547,8.41,689.55
73,Kimunyu,kimunyu,20,Ngenda,6,2,CEN,8699,4189,4510,2268,10.38,837.92
74,Kirangari,kirangari,20,Ngenda,6,2,CEN,5199,2413,2786,1701,2.64,1969.09
75,Ritho,ritho,20,Ngenda,6,2,CEN,5037,2432,2605,1300,9.42,534.95
76,Wamwangi,wamwangi,20,Ngenda,6,2,CEN,5765,2800,2965,1486,8.52,677.02
77,Gakoe,gakoe,21,Gakoe,7,2,CEN,3841,1832,2009,957,7.53,509.81
78,Ndiko,ndiko,21,Gakoe,7,2,CEN,2971,1453,1518,725,6.76,439.46
79,Gatei,gatei,22,Gathaite,7,2,CEN,4287,2093,2194,1079,7.28,588.99
80,Gathaite,gathaite,22,Gathaite,7,2,CEN,1351,657,694,338,3.53,382.45
81,Kamwangi,kamwangi,22,Gathaite,7,2,CEN,7216,3548,3668,1855,8.31,868.53
82,Kanyoni,kanyoni,22,Gathaite,7,2,CEN,4787,2338,2449,1195,9.15,523
83,Mwimuto,mwimuto,22,Gathaite,7,2,CEN,2525,1182,1343,628,6.33,398.6
84,Gachege,gachege,23,Githombokoni,7,2,CEN,3341,1618,1723,822,6.52,512.67
85,Kamunyaka,kamunyaka,23,Githombokoni,7,2,CEN,1941,962,979,477,5.9,329.07
86,Kieni,kieni,23,Githombokoni,7,2,CEN,1377,708,669,470,95.06,14.49
87,Njahi,njahi,23,Githombokoni,7,2,CEN,2752,1279,1473,721,7.45,369.46
88,Igegania,igegania,24,Karuri,7,2,CEN,4190,1984,2206,1044,4.34,966.28
89,Karuri,karuri,24,Karuri,7,2,CEN,2349,1137,1212,647,2.54,923.68
90,Nyamangara,nyamangara,24,Karuri,7,2,CEN,3608,1772,1836,904,5.02,718.18
91,Gatukuyu,gatukuyu,25,Mangu,7,2,CEN,6569,3191,3378,1730,4.45,1476.18
92,Mangu,mangu,25,Mangu,7,2,CEN,6303,3052,3251,1585,6.44,978.3
93,Mitero,mitero,25,Mangu,7,2,CEN,2897,1362,1535,766,3.54,818.41
94,Mukurwe,mukurwe,25,Mangu,7,2,CEN,3097,1530,1567,762,4.89,633.45
95,Githunguri,githunguri,26,Githunguri,8,3,CEN,17722,8692,9030,5152,15.02,1179.78
96,Kanjai,kanjai,26,Githunguri,8,3,CEN,8746,4330,4416,2177,9.07,964.29
97,Kiairia,kiairia,26,Githunguri,8,3,CEN,9910,4920,4990,2395,12.6,786.7
98,Giathieko,giathieko,27,Ngewa,8,3,CEN,4442,2205,2237,1142,5.18,857.3
99,Kimathi,kimathi,27,Ngewa,8,3,CEN,7510,3722,3788,1907,10.13,741.51
100,Nyaga,nyaga,27,Ngewa,8,3,CEN,10441,5214,5227,2936,9.27,1125.86
101,Gathangari,gathangari,28,Githiga,9,3,CEN,6630,3277,3353,1848,12.93,512.83
102,Githiga,githiga,28,Githiga,9,3,CEN,14542,7211,7331,3920,13.46,1080.35
103,Gitiha,gitiha,28,Githiga,9,3,CEN,6496,3147,3349,1708,8.95,725.95
104,Matuguta,matuguta,28,Githiga,9,3,CEN,3243,1586,1657,880,5.38,602.97
105,Ikinu,ikinu,29,Ikinu,9,3,CEN,6461,3189,3272,1712,5.31,1215.66
106,Kiaibabu,kiaibabu,29,Ikinu,9,3,CEN,6940,3464,3476,1716,5.53,1254.04
107,Lioki,lioki,29,Ikinu,9,3,CEN,6254,3075,3179,1640,6.8,919.49
108,Ngemwa,ngemwa,29,Ikinu,9,3,CEN,4013,1967,2046,982,4.71,852.63
109,Gathugu,gathugu,30,Kiratina,10,3,CEN,7432,3725,3707,1808,12.82,579.64
110,Kibichoi,kibichoi,30,Kiratina,10,3,CEN,8406,4081,4325,2330,8.43,997.65
111,Kiratina,kiratina,30,Kiratina,10,3,CEN,8714,4179,4535,2382,11.73,742.7
112,Kiambururu,kiambururu,31,Komothai,10,3,CEN,3899,1969,1930,1020,6.04,645.79
113,Mbari ya Igi,mbari-ya-igi,31,Komothai,10,3,CEN,3737,1822,1915,1066,7.55,494.76
114,Thuita,thuita,31,Komothai,10,3,CEN,2225,1070,1155,629,2.55,874.06
115,Cianda,cianda,32,Cianda,11,4,CEN,2700,1447,1253,950,21.03,128.4
116,Kawaida,kawaida,32,Cianda,11,4,CEN,12419,6091,6328,3574,15.66,793.2
117,Karuri,karuri,33,Kiambaa,11,4,CEN,11436,5610,5826,3326,4,2861.07
118,Kiambaa,kiambaa,33,Kiambaa,11,4,CEN,7907,3977,3930,2148,4.27,1851.97
119,Muchatha,muchatha,33,Kiambaa,11,4,CEN,13104,6556,6548,4033,3.16,4145.65
120,Njiku,njiku,33,Kiambaa,11,4,CEN,11317,5516,5801,3173,6.18,1830.43
121,Njoro,njoro,33,Kiambaa,11,4,CEN,4910,2328,2582,1432,3.01,1632.31
122,Gachie,gachie,34,Kihara,11,4,CEN,22443,11948,10495,7655,2.66,8452.15
123,Karura,karura,34,Kihara,11,4,CEN,4718,2384,2334,1278,2.5,1884.03
124,Kihara,kihara,34,Kihara,11,4,CEN,14434,7084,7350,4195,2.7,5340.98
125,Mahindi,mahindi,34,Kihara,11,4,CEN,3896,1873,2023,1048,2.5,1558.77
126,Wangunyu,wangunyu,34,Kihara,11,4,CEN,3576,1772,1804,944,2.57,1391.22
127,Ndenderu,ndenderu,35,Ruaka,11,4,CEN,10175,4942,5233,3022,3.31,3071.23
128,Ruaka,ruaka,35,Ruaka,11,4,CEN,13488,6579,6909,4436,4.07,3310.99
129,Gathanga,gathanga,36,Waguthu,11,4,CEN,8530,4314,4216,2305,5.59,1524.74
130,Kanunga,kanunga,36,Waguthu,11,4,CEN,5854,2878,2976,1464,4.96,1180.91
131,Ngegu,ngegu,36,Waguthu,11,4,CEN,8011,3998,4013,2298,2.96,2710.81
132,Anmer,anmer,37,Kamiti,12,4,CEN,3053,1588,1465,899,16.83,181.37
133,Kamiti,kamiti,37,Kamiti,12,4,CEN,3604,1903,1701,1250,21.72,165.93
134,Kiambu Town,kiambu-town,38,Kiambaa S/A,12,4,CEN,7893,3640,4253,2444,1.39,5678.83
135,Kiamumbi,kiamumbi,38,Kiambaa S/A,12,4,CEN,8443,4174,4269,2405,11.16,756.3
136,Thindigua,thindigua,38,Kiambaa S/A,12,4,CEN,10903,5576,5327,3580,20.45,533.07
137,Karunga,karunga,39,Ndumberi,12,4,CEN,8243,4030,4213,2462,3.29,2501.67
138,Ndumberi,ndumberi,39,Ndumberi,12,4,CEN,13715,6812,6903,3723,4.9,2800.81
139,Kihingo,kihingo,40,Riabai,12,4,CEN,11550,5569,5981,3581,5.1,2265.51
140,Riabai,riabai,40,Riabai,12,4,CEN,14359,6867,7492,4269,4.08,3519.62
141,Kagongo,kagongo,41,Tinganga,12,4,CEN,5784,2808,2976,1504,4.82,1199.23
142,Tinganga,tinganga,41,Tinganga,12,4,CEN,7286,3532,3754,1944,4.18,1741.35
143,Karambaini,karambaini,42,Karambaini,13,5,CEN,5387,2729,2658,1801,22.89,235.39
144,Kiawaroga,kiawaroga,42,Karambaini,13,5,CEN,7026,3663,3363,2153,18.65,376.82
145,Mabrouke,mabrouke,42,Karambaini,13,5,CEN,15935,8055,7880,4892,16.35,974.68
146,Bibirioni,bibirioni,43,Limuru,13,5,CEN,21202,10441,10761,5481,21.87,969.59
147,Kamirithu,kamirithu,43,Limuru,13,5,CEN,17321,8672,8649,4620,16.3,1062.61
148,Limuru Town,limuru-town,43,Limuru,13,5,CEN,4355,2116,2239,1618,1.49,2922.82
149,Kabuku,kabuku,44,Ngecha,13,5,CEN,3259,1553,1706,901,1.66,1965.03
150,Ngecha,ngecha,44,Ngecha,13,5,CEN,9214,4555,4659,2509,8.72,1056.83
151,Gatimu,gatimu,45,Rironi,13,5,CEN,3706,1844,1862,881,3.69,1004.91
152,Rironi,rironi,45,Rironi,13,5,CEN,5829,2745,3084,1610,4.02,1451.23
153,Ithanji,ithanji,46,Tigoni,13,5,CEN,8376,4223,4153,2784,19.22,435.86
154,Red Hill,red-hill,46,Tigoni,13,5,CEN,3135,1714,1421,965,22.2,141.25
155,Nderu,nderu,47,Ndeiya,14,5,CEN,8562,4228,4334,2044,39.2,218.44
156,Ndiuni,ndiuni,47,Ndeiya,14,5,CEN,2479,1207,1272,581,10.95,226.48
157,Thigio,thigio,47,Ndeiya,14,5,CEN,11098,5307,5791,2727,52.62,210.93
158,Tiekunu,tiekunu,47,Ndeiya,14,5,CEN,4248,2141,2107,975,21.91,193.86
159,Chura,chura,48,Kabete,15,6,CEN,3420,1689,1731,948,2.74,1248.31
160,Kibichiku,kibichiku,48,Kabete,15,6,CEN,16126,8267,7859,5213,5.11,3155.46
161,Lower Kabete,lower-kabete,48,Kabete,15,6,CEN,14531,6996,7535,4446,4.98,2918.75
162,Ruku,ruku,48,Kabete,15,6,CEN,7383,3639,3744,2195,2.97,2488.12
163,Gitaru,gitaru,49,Muguga,15,6,CEN,14730,7269,7461,4580,4.16,3542.99
164,Kahuho,kahuho,49,Muguga,15,6,CEN,7326,3672,3654,1838,6.06,1208.89
165,Kanyariri,kanyariri,49,Muguga,15,6,CEN,11027,5405,5622,3111,6.64,1659.87
166,Muguga,muguga,49,Muguga,15,6,CEN,12818,6160,6658,3407,6.31,2032.54
167,Gathiga,gathiga,50,Nyathuna,15,6,CEN,6826,3438,3388,1842,3.32,2054.04
168,Karura,karura,50,Nyathuna,15,6,CEN,5598,2746,2852,1511,4.51,1240.75
169,Kirangari,kirangari,50,Nyathuna,15,6,CEN,9743,4777,4966,2695,4.78,2038.46
170,Nyathuna,nyathuna,50,Nyathuna,15,6,CEN,6604,3267,3337,1746,5.21,1267.44
171,Gikambura,gikambura,51,Karai,16,6,CEN,13612,6655,6957,3720,11.92,1142.28
172,Karai,karai,51,Karai,16,6,CEN,1780,882,898,437,5.64,315.52
173,Lusegetti,lusegetti,51,Karai,16,6,CEN,6526,3235,3291,1684,11.39,573
174,Nachu,nachu,51,Karai,16,6,CEN,4127,2023,2104,1098,62.01,66.56
175,Rengutti,rengutti,51,Karai,16,6,CEN,5407,2587,2820,1400,9.82,550.85
176,Kari,kari,52,Kikuyu,16,6,CEN,2595,1293,1302,667,13.12,197.79
177,Kerwa,kerwa,52,Kikuyu,16,6,CEN,14866,7313,7553,3542,17.83,833.58
178,Kikuyu Tship,kikuyu-tship,52,Kikuyu,16,6,CEN,16302,7887,8415,4980,14.15,1152.08
179,Sigona,sigona,52,Kikuyu,16,6,CEN,11957,5979,5978,3653,6.7,1783.56
180,Gitiba,gitiba,53,Kinoo,16,6,CEN,5028,2600,2428,1501,10.01,502.32
181,Kinoo,kinoo,53,Kinoo,16,6,CEN,27082,12899,14183,8710,6.28,4309.81
182,Thogoto,thogoto,53,Kinoo,16,6,CEN,16120,7831,8289,4747,6.89,2340.74
183,Uthiru,uthiru,53,Kinoo,16,6,CEN,24295,11861,12434,7374,3.52,6910.63
184,Kariko,kariko,54,Inoi,17,7,CEN,9940,4795,5145,2911,12.04,825.43
185,Mbeti,mbeti,54,Inoi,17,7,CEN,4039,1884,2155,1212,6.12,659.79
186,Ndimi,ndimi,54,Inoi,17,7,CEN,7207,3529,3678,2062,7.59,949.93
187,Thaita,thaita,54,Inoi,17,7,CEN,6141,2972,3169,1752,8.41,730.61
188,Kanyei,kanyei,55,Kanyekine,17,7,CEN,6100,3019,3081,1715,9.15,666.91
189,Kathare,kathare,55,Kanyekine,17,7,CEN,5536,2759,2777,1573,9.05,611.47
190,Kiaga,kiaga,55,Kanyekine,17,7,CEN,4010,1994,2016,1079,8.35,480.4
191,Kianjege,kianjege,55,Kanyekine,17,7,CEN,5343,2632,2711,1431,9,593.8
192,Kaguyu,kaguyu,56,Kerugoya,17,7,CEN,17551,8195,9356,5667,9.99,1757.45
193,Kaitheri,kaitheri,56,Kerugoya,17,7,CEN,3966,1966,2000,1208,3.47,1141.69
194,Kimandi,kimandi,56,Kerugoya,17,7,CEN,5272,2582,2690,1423,7.24,728.67
195,Karia,karia,57,Koroma,17,7,CEN,3547,2004,1543,941,5.07,699.95
196,Nduini,nduini,57,Koroma,17,7,CEN,5448,2789,2659,1488,10.39,524.3
197,Ngaru,ngaru,57,Koroma,17,7,CEN,5896,2939,2957,1548,10.54,559.65
198,Kamigua,kamigua,58,Kutus,17,7,CEN,5571,2780,2791,1818,9.69,574.96
199,Kangu,kangu,58,Kutus,17,7,CEN,2471,1210,1261,673,7.37,335.23
200,Kithiriti,kithiriti,58,Kutus,17,7,CEN,6209,3099,3110,1906,8.8,705.9
201,Kabari,kabari,59,Mutira,17,7,CEN,9298,4425,4873,2835,9.78,950.64
202,Kagumo,kagumo,59,Mutira,17,7,CEN,2461,1182,1279,737,4.66,528.44
203,Kaguyu,kaguyu,59,Mutira,17,7,CEN,4785,2267,2518,1316,7.11,672.71
204,Kirunda,kirunda,59,Mutira,17,7,CEN,6815,3347,3468,1902,8.48,803.79
205,Gatu,gatu,60,Baragwi,18,7,CEN,5257,2652,2605,1494,8.51,617.92
206,Raimu,raimu,60,Baragwi,18,7,CEN,4478,2183,2295,1466,5.3,845.03
207,Rwambiti,rwambiti,60,Baragwi,18,7,CEN,5809,2850,2959,1644,11.24,516.89
208,Thimu,thimu,60,Baragwi,18,7,CEN,4483,2219,2264,1293,5.77,776.61
209,Kiritini,kiritini,61,Kabare,18,7,CEN,4993,2431,2562,1386,6.43,776.82
210,Mikarara,mikarara,61,Kabare,18,7,CEN,4377,2201,2176,1246,9.89,442.71
211,Ngiroche,ngiroche,61,Kabare,18,7,CEN,3216,1545,1671,945,4.94,650.85
212,Rukenya,rukenya,61,Kabare,18,7,CEN,3951,1973,1978,1085,8.46,467.03
213,Guama,guama,62,Karumandi,18,7,CEN,5451,2695,2756,1579,8.2,664.63
214,Kariru,kariru,62,Karumandi,18,7,CEN,3904,1960,1944,1104,8.23,474.65
215,Kiaruri,kiaruri,62,Karumandi,18,7,CEN,5534,2660,2874,1639,7.58,730.32
216,Thumaita,thumaita,62,Karumandi,18,7,CEN,9013,4386,4627,2631,14.58,618.25
217,Gachigi,gachigi,63,Kirima,18,7,CEN,8918,4192,4726,2562,13.68,651.89
218,Mutige,mutige,63,Kirima,18,7,CEN,4123,1941,2182,1217,5.75,716.88
219,Njuku,njuku,63,Kirima,18,7,CEN,8911,4293,4618,2611,13.29,670.76
220,Kabari,kabari,64,Ngariama,18,7,CEN,4305,2087,2218,1282,7.91,543.97
221,Nyangeni,nyangeni,64,Ngariama,18,7,CEN,5098,2544,2554,1497,10.34,492.98
222,Rungeto,rungeto,64,Ngariama,18,7,CEN,5050,2494,2556,1507,11.9,424.45
223,Thirikwa,thirikwa,64,Ngariama,18,7,CEN,3611,1837,1774,1125,7.27,496.51
224,Kanjuu,kanjuu,65,Njukiini,18,7,CEN,7856,3942,3914,2218,22.29,352.47
225,Mirichi,mirichi,65,Njukiini,18,7,CEN,6627,3235,3392,1832,14.32,462.64
226,Ngerwe,ngerwe,65,Njukiini,18,7,CEN,4235,2099,2136,1233,9.26,457.1
227,Ngiriambu,ngiriambu,65,Njukiini,18,7,CEN,5472,2710,2762,1492,14.18,385.97
228,Mt Kenya Forest,mt-kenya-forest,66,Mt Kenya Forest,19,7,CEN,0,0,0,0,350,0
229,Kathiga,kathiga,67,Kangai,20,7,CEN,10102,5060,5042,2826,18.35,550.48
230,Kombu-Ini,kombu-ini,67,Kangai,20,7,CEN,5696,2828,2868,1507,10.21,558.1
231,Mathigaini,mathigaini,67,Kangai,20,7,CEN,3502,1749,1753,969,10.19,343.73
232,Kamunyange,kamunyange,68,Murinduko,20,7,CEN,4933,2526,2407,1467,17.66,279.4
233,Miuu,miuu,68,Murinduko,20,7,CEN,7496,4281,3215,2088,81.67,91.78
234,Mugambaciura,mugambaciura,68,Murinduko,20,7,CEN,7189,3642,3547,1953,28.13,255.57
235,Riagacheru,riagacheru,68,Murinduko,20,7,CEN,8632,4402,4230,2422,31.31,275.7
236,Kabiriri,kabiriri,69,Mutithi,20,7,CEN,8701,4392,4309,2578,38.86,223.91
237,Kiandegwa,kiandegwa,69,Mutithi,20,7,CEN,5619,2856,2763,1724,13.68,410.68
238,Kinyaga,kinyaga,69,Mutithi,20,7,CEN,6645,3267,3378,1898,19.28,344.6
239,Rukanga,rukanga,69,Mutithi,20,7,CEN,5899,3039,2860,1407,34.96,168.76
240,Kirimara,kirimara,70,Nyangati,20,7,CEN,2471,1244,1227,711,9.31,265.35
241,Mathangauta,mathangauta,70,Nyangati,20,7,CEN,5066,2520,2546,1521,7.23,701.14
242,Nyangati,nyangati,70,Nyangati,20,7,CEN,8294,3936,4358,2489,17.09,485.29
243,Gathigiriri,gathigiriri,71,Tebere,20,7,CEN,7333,3904,3429,2044,12.95,566.05
244,Kiarukungu,kiarukungu,71,Tebere,20,7,CEN,31645,15686,15959,10189,57.83,547.23
245,Mahigaini,mahigaini,71,Tebere,20,7,CEN,5938,2989,2949,1610,12.04,493.37
246,Kiratina,kiratina,72,Thiba,20,7,CEN,12151,6092,6059,3759,16.73,726.48
247,Nguka,nguka,72,Thiba,20,7,CEN,11068,5412,5656,3150,17.3,639.95
248,Wamumu,wamumu,72,Thiba,20,7,CEN,17881,8984,8897,5132,61.98,288.52
249,Gacharu,gacharu,73,Kariti,21,7,CEN,5115,2523,2592,1441,15.57,328.42
250,Mukui,mukui,73,Kariti,21,7,CEN,3793,1871,1922,1062,6.4,592.85
251,Nyangio,nyangio,73,Kariti,21,7,CEN,4524,2229,2295,1240,12.8,353.53
252,Sagana,sagana,73,Kariti,21,7,CEN,9786,4816,4970,3256,16.67,587.04
253,Thigirichi,thigirichi,73,Kariti,21,7,CEN,4725,2313,2412,1330,18.7,252.65
254,Kiangai,kiangai,74,Kiine,21,7,CEN,8551,4061,4490,2629,15.94,536.34
255,Kibigoti,kibigoti,74,Kiine,21,7,CEN,6606,3184,3422,1926,13.21,499.94
256,Ngugu-Ine,ngugu-ine,74,Kiine,21,7,CEN,5790,2715,3075,1716,12.02,481.52
257,Ruiru,ruiru,74,Kiine,21,7,CEN,3965,1976,1989,1147,10.2,388.77
258,Kagioini,kagioini,75,Mukure,21,7,CEN,4478,2184,2294,1227,7.15,626.04
259,Kanyokora,kanyokora,75,Mukure,21,7,CEN,5305,2545,2760,1560,9.61,551.91
260,Mukure,mukure,75,Mukure,21,7,CEN,8493,4036,4457,2476,18.9,449.44
261,Gitaku,gitaku,76,Mwerua,21,7,CEN,7843,3919,3924,2351,16.18,484.85
262,Kianjanga,kianjanga,76,Mwerua,21,7,CEN,4417,2164,2253,1204,7.44,593.76
263,Kithumbu,kithumbu,76,Mwerua,21,7,CEN,11529,5532,5997,3685,18.9,610.13
264,Maitharui,maitharui,76,Mwerua,21,7,CEN,4595,2255,2340,1241,11.07,414.92
265,Kagwe,kagwe,77,Gatamaiyu,22,8,CEN,8626,4221,4405,2357,15.01,574.53
266,Kamuchege,kamuchege,77,Gatamaiyu,22,8,CEN,5440,2759,2681,1364,10.12,537.54
267,Kagaa,kagaa,78,Kamburu,22,8,CEN,5100,2573,2527,1399,14,364.25
268,Kamburu,kamburu,78,Kamburu,22,8,CEN,5658,2773,2885,1501,9.94,568.96
269,Matimbei,matimbei,78,Kamburu,22,8,CEN,2753,1350,1403,733,7.5,367.15
270,Gachoire,gachoire,79,Nyanduma,22,8,CEN,6533,3154,3379,1723,16.16,404.24
271,Nyanduma,nyanduma,79,Nyanduma,22,8,CEN,8295,4062,4233,2047,18.99,436.83
272,Gitithia,gitithia,80,Gitithia,23,8,CEN,4931,2389,2542,1168,13.25,372.16
273,Nyambari,nyambari,80,Gitithia,23,8,CEN,3227,1562,1665,862,2.77,1165.36
274,Kamae,kamae,81,Kamae,23,8,CEN,6614,3215,3399,1492,57.52,114.99
275,Kamukombini,kamukombini,81,Kamae,23,8,CEN,4804,2343,2461,1023,16.69,287.88
276,Bathi,bathi,82,Kijabe,23,8,CEN,7017,3358,3659,1817,7.25,968.09
277,Kijabe,kijabe,82,Kijabe,23,8,CEN,5853,2656,3197,1529,13.21,443.14
278,Magina,magina,82,Kijabe,23,8,CEN,5661,2721,2940,1426,3.25,1741.9
279,Mbauini,mbauini,82,Kijabe,23,8,CEN,2645,1288,1357,604,6.04,437.94
280,Kinale,kinale,83,Kinale,23,8,CEN,6528,3197,3331,1396,19.48,335.09
281,Mukeu,mukeu,83,Kinale,23,8,CEN,8061,4042,4019,1826,92.81,86.86
282,Escarpment,escarpment,84,Kirenga,23,8,CEN,3688,1797,1891,867,16.66,221.36
283,Gituamba,gituamba,84,Kirenga,23,8,CEN,2192,1090,1102,544,4.01,546.08
284,Kambaa,kambaa,84,Kirenga,23,8,CEN,6436,3212,3224,1483,47.76,134.74
285,Kirenga,kirenga,84,Kirenga,23,8,CEN,4032,1945,2087,1044,5.01,804.87
286,Githirioni,githirioni,85,Lari,23,8,CEN,3386,1664,1722,851,22.62,149.67
287,Lari Scheme,lari-scheme,85,Lari,23,8,CEN,6415,3261,3154,1723,19.1,335.94
288,Aberdare Forest,aberdare-forest,86,Aberdare Forest,24,9,CEN,42,27,15,19,173.92,0.24
289,Gatheru,gatheru,87,Kahuhia,25,9,CEN,5268,2427,2841,1470,10.69,492.66
290,Kirogo,kirogo,87,Kahuhia,25,9,CEN,5670,2642,3028,1520,8.81,643.62
291,Mukangu,mukangu,87,Kahuhia,25,9,CEN,3121,1537,1584,845,7.21,432.58
292,Gatundu,gatundu,88,Mugoiri,25,9,CEN,4959,2355,2604,1370,9.63,515.12
293,Kahuro,kahuro,88,Mugoiri,25,9,CEN,7284,3398,3886,2147,12.65,575.78
294,Kiria,kiria,88,Mugoiri,25,9,CEN,8759,4232,4527,2440,18.8,465.95
295,Mirichu,mirichu,88,Mugoiri,25,9,CEN,8190,3894,4296,2250,16.31,502.29
296,Gathaithi,gathaithi,89,Murarandia,25,9,CEN,6569,3205,3364,1805,18.32,358.51
297,Gatuya,gatuya,89,Murarandia,25,9,CEN,6007,2880,3127,1688,9.61,624.88
298,Kaganda,kaganda,89,Murarandia,25,9,CEN,5199,2460,2739,1421,10.03,518.27
299,Murarandia,murarandia,89,Murarandia,25,9,CEN,5826,2824,3002,1646,13.9,419.26
300,Theri,theri,89,Murarandia,25,9,CEN,5342,2546,2796,1563,8.17,654.23
301,Kahuti,kahuti,90,Weithaga,25,9,CEN,4823,2307,2516,1315,7.21,668.88
302,Wangu,wangu,90,Weithaga,25,9,CEN,3837,1873,1964,1070,6.82,562.27
303,Wanjengi,wanjengi,90,Weithaga,25,9,CEN,6179,2925,3254,1770,10.05,615.06
304,Gacharaigu,gacharaigu,91,Iyego,26,9,CEN,4296,2026,2270,1249,10.53,408.07
305,Gikui,gikui,91,Iyego,26,9,CEN,5070,2458,2612,1410,9.28,546.18
306,Githunguri,githunguri,91,Iyego,26,9,CEN,3082,1430,1652,869,6.38,483.38
307,Nyakahura,nyakahura,91,Iyego,26,9,CEN,3989,1854,2135,1087,10.13,393.71
308,Githiga,githiga,92,Kanyenyaini,26,9,CEN,4541,2158,2383,1293,7.44,610.46
309,Gitugu,gitugu,92,Kanyenyaini,26,9,CEN,3324,1574,1750,956,5.82,571.06
310,Kanyenyaini,kanyenyaini,92,Kanyenyaini,26,9,CEN,3724,1835,1889,1096,7.82,476.39
311,Kibutha,kibutha,92,Kanyenyaini,26,9,CEN,2381,1087,1294,638,4.46,534.02
312,Ngoei-Ini,ngoei-ini,92,Kanyenyaini,26,9,CEN,1529,743,786,423,4.02,380.09
313,Ichichi,ichichi,93,Kiruri,26,9,CEN,2310,1155,1155,616,8.97,257.4
314,Karurumo,karurumo,93,Kiruri,26,9,CEN,1654,845,809,477,6.87,240.74
315,Kiruri,kiruri,93,Kiruri,26,9,CEN,2413,1180,1233,720,8.5,283.84
316,Ndui-Ini,ndui-ini,93,Kiruri,26,9,CEN,1316,644,672,356,6.47,203.5
317,Tuthu,tuthu,93,Kiruri,26,9,CEN,1520,765,755,416,6.42,236.81
318,Gakira,gakira,94,Muguru,26,9,CEN,6911,3425,3486,2161,8.06,857.22
319,Kanorero,kanorero,94,Muguru,26,9,CEN,3198,1545,1653,839,4.84,661.11
320,Kiairathe,kiairathe,94,Muguru,26,9,CEN,3334,1531,1803,947,5.29,630.02
321,Watuha,watuha,94,Muguru,26,9,CEN,4644,2207,2437,1305,6.49,715.92
322,Kiawambogo,kiawambogo,95,Rwathia,26,9,CEN,4245,1966,2279,1161,11.18,379.86
323,Kihoya,kihoya,95,Rwathia,26,9,CEN,4741,2288,2453,1302,9.93,477.39
324,Rwathia,rwathia,95,Rwathia,26,9,CEN,5023,2311,2712,1447,8.89,565.12
325,Wanjerere,wanjerere,95,Rwathia,26,9,CEN,3743,1879,1864,1046,15.85,236.16
326,Gakuyu,gakuyu,96,Gaturi,27,9,CEN,6403,3122,3281,1748,17.4,367.93
327,Gathukiini,gathukiini,96,Gaturi,27,9,CEN,8003,3745,4258,2248,14.15,565.43
328,Geitwa/Mugeka,geitwa-mugeka,96,Gaturi,27,9,CEN,5449,2679,2770,1490,13.25,411.21
329,Githuri,githuri,97,Gikindu,27,9,CEN,3100,1564,1536,857,29.79,104.06
330,Kambirwa,kambirwa,97,Gikindu,27,9,CEN,6157,3067,3090,1711,19.11,322.17
331,Mirira,mirira,97,Gikindu,27,9,CEN,5815,2822,2993,1548,33.86,171.73
332,Kigongo,kigongo,98,Kimathi,27,9,CEN,3097,1495,1602,816,10.7,289.36
333,Nyakihai,nyakihai,98,Kimathi,27,9,CEN,6014,3006,3008,1507,24.25,248.02
334,Rurii,rurii,98,Kimathi,27,9,CEN,4422,2182,2240,1120,23.29,189.84
335,Gikandu,gikandu,99,Mbiri,27,9,CEN,4248,2141,2107,1107,9.74,436.1
336,Maragi,maragi,99,Mbiri,27,9,CEN,3968,1969,1999,1085,5.05,785.21
337,Muchungucha,muchungucha,99,Mbiri,27,9,CEN,9883,4772,5111,2512,21.26,464.8
338,Karuri,karuri,100,Township,27,9,CEN,7562,3660,3902,2690,5.43,1393.4
339,Mukuyu,mukuyu,100,Township,27,9,CEN,12848,6084,6764,4458,7.58,1695.9
340,Njogu-Ini,njogu-ini,100,Township,27,9,CEN,7074,3677,3397,1915,6.7,1055.85
341,Chui,chui,101,Gitugi,28,9,CEN,2674,1234,1440,715,5.06,528.16
342,Gitugi,gitugi,101,Gitugi,28,9,CEN,4771,2236,2535,1370,10.05,474.84
343,Kambara,kambara,101,Gitugi,28,9,CEN,2011,948,1063,585,4.25,473.56
344,Karunge,karunge,101,Gitugi,28,9,CEN,2914,1371,1543,861,5.04,578.42
345,Mihuti,mihuti,101,Gitugi,28,9,CEN,2155,1002,1153,622,4.23,509.7
346,Ngutu,ngutu,101,Gitugi,28,9,CEN,4967,2411,2556,1432,7.85,633.13
347,Runyeki,runyeki,101,Gitugi,28,9,CEN,3371,1568,1803,947,12.76,264.2
348,Kairi,kairi,102,Kamacharia,28,9,CEN,4105,1962,2143,1169,7.37,556.69
349,Kamacharia,kamacharia,102,Kamacharia,28,9,CEN,5791,2802,2989,1747,9.61,602.36
350,Kamune,kamune,102,Kamacharia,28,9,CEN,6502,3125,3377,1921,11.86,548.14
351,Thuita,thuita,102,Kamacharia,28,9,CEN,4507,2143,2364,1266,8.27,544.84
352,Kagumo-Ini,kagumo-ini,103,Kiru,28,9,CEN,3809,1777,2032,1087,7.19,529.68
353,Kairo,kairo,103,Kiru,28,9,CEN,3458,1719,1739,944,9.71,356.26
354,Kanjama,kanjama,103,Kiru,28,9,CEN,5349,2487,2862,1404,8.4,636.97
355,Kiambuthia,kiambuthia,103,Kiru,28,9,CEN,5797,2821,2976,1501,11.2,517.63
356,Kiriaini,kiriaini,103,Kiru,28,9,CEN,3436,1592,1844,1151,4.82,713.03
357,Kora,kora,103,Kiru,28,9,CEN,3763,1754,2009,1033,5.5,684.24
358,Gacharageini,gacharageini,104,Njumbi,28,9,CEN,3403,1674,1729,908,9.53,357.09
359,Gatunguru,gatunguru,104,Njumbi,28,9,CEN,3526,1653,1873,974,6.13,575.41
360,Gikoe,gikoe,104,Njumbi,28,9,CEN,3796,1831,1965,1008,6.27,605.14
361,Kagongo,kagongo,104,Njumbi,28,9,CEN,1815,910,905,502,7.25,250.25
362,Kiamuturi,kiamuturi,104,Njumbi,28,9,CEN,2711,1374,1337,638,9.97,272.04
363,Nyakianga,nyakianga,104,Njumbi,28,9,CEN,3546,1705,1841,951,5.03,704.83
364,Aberdare Forest,aberdare-forest,105,Aberdare Forest,29,10,CEN,0,0,0,0,80.46,0
365,Gaichanjiru,gaichanjiru,106,Gaichanjiru,30,10,CEN,3851,1845,2006,1020,4.93,780.9
366,Kagira,kagira,106,Gaichanjiru,30,10,CEN,2926,1345,1581,774,5.25,556.96
367,Kagumo-Ini,kagumo-ini,106,Gaichanjiru,30,10,CEN,5731,2796,2935,1444,9.86,581.32
368,Maria-Ini,maria-ini,106,Gaichanjiru,30,10,CEN,3882,1832,2050,995,7.51,516.74
369,Ngurwe-Ini,ngurwe-ini,106,Gaichanjiru,30,10,CEN,5781,2715,3066,1539,7.67,753.34
370,Gakarara,gakarara,107,Ithiru,30,10,CEN,4978,2420,2558,1205,5.43,917.3
371,Gakui/Karimamwaro,gakui-karimamwaro,107,Ithiru,30,10,CEN,8150,3834,4316,2057,13.2,617.57
372,Githuya,githuya,107,Ithiru,30,10,CEN,1792,882,910,466,2.98,601.75
373,Kaguthi,kaguthi,107,Ithiru,30,10,CEN,6109,2885,3224,1552,8.74,699.28
374,Kiiri,kiiri,107,Ithiru,30,10,CEN,6153,2955,3198,1703,7.33,839.29
375,Githunguri,githunguri,108,Kagundu-Ini,30,10,CEN,4052,1995,2057,1039,6.75,600.04
376,Gitura,gitura,108,Kagundu-Ini,30,10,CEN,5608,2751,2857,1501,7.01,800.07
377,Kabati,kabati,108,Kagundu-Ini,30,10,CEN,8681,4242,4439,2529,8.93,971.77
378,Kagundu-Ini,kagundu-ini,108,Kagundu-Ini,30,10,CEN,4987,2426,2561,1349,6.37,782.83
379,Kariti,kariti,108,Kagundu-Ini,30,10,CEN,5519,2661,2858,1453,9.2,599.81
380,Gatitu,gatitu,109,Muruka,30,10,CEN,4097,1965,2132,1087,6.73,608.34
381,Muruka(Kiranga),muruka-kiranga,109,Muruka,30,10,CEN,13034,6270,6764,3454,16.88,772.3
382,Nguthuru,nguthuru,109,Muruka,30,10,CEN,6404,3170,3234,1687,8.76,730.98
383,Kawendo,kawendo,110,Ngararia,30,10,CEN,3252,1592,1660,806,4.33,750.57
384,Naaro,naaro,110,Ngararia,30,10,CEN,8909,4425,4484,2325,11.73,759.8
385,Ngararia,ngararia,110,Ngararia,30,10,CEN,5844,2838,3006,1566,5.85,999.62
386,Gacharage,gacharage,111,Ruchu,30,10,CEN,9804,4787,5017,2542,17.17,571.01
387,Githumu,githumu,111,Ruchu,30,10,CEN,9445,4709,4736,2495,20.32,464.78
388,Gituru,gituru,111,Ruchu,30,10,CEN,3358,1696,1662,879,8.89,377.58
389,Kariua,kariua,111,Ruchu,30,10,CEN,6192,2908,3284,1705,11.41,542.89
390,Mungaria/Mukangu,mungaria-mukangu,111,Ruchu,30,10,CEN,8124,3892,4232,2062,12.68,640.85
391,Kangari,kangari,112,Kangari,31,10,CEN,11910,5946,5964,3420,22.38,532.26
392,Makomboki,makomboki,112,Kangari,31,10,CEN,8295,4139,4156,2204,24.05,344.93
393,Mariira,mariira,112,Kangari,31,10,CEN,8990,4383,4607,2422,17.32,518.92
394,Gachocho,gachocho,113,Kigumo,31,10,CEN,7814,3701,4113,2108,13.75,568.37
395,Githima,githima,113,Kigumo,31,10,CEN,10244,4807,5437,2726,15.24,671.99
396,Irigu-Ini,irigu-ini,113,Kigumo,31,10,CEN,3975,1901,2074,1182,5.78,687.31
397,Kirere,kirere,113,Kigumo,31,10,CEN,7096,3405,3691,1878,9.37,757.15
398,Marumi,marumi,113,Kigumo,31,10,CEN,2005,965,1040,583,3.28,611.65
399,Gacharage,gacharage,114,Kinyona,31,10,CEN,6614,3269,3345,1789,24.86,266.03
400,Kamukabi,kamukabi,114,Kinyona,31,10,CEN,7272,3498,3774,1859,15.3,475.29
401,Kinyona,kinyona,114,Kinyona,31,10,CEN,6546,3232,3314,1797,21.58,303.32
402,Iganjo,iganjo,115,Kamahuha,32,10,CEN,4923,2429,2494,1232,16.23,303.36
403,Kaharati,kaharati,115,Kamahuha,32,10,CEN,4800,2328,2472,1242,9.38,511.79
404,Kamahuha,kamahuha,115,Kamahuha,32,10,CEN,4528,2126,2402,1193,8.78,515.54
405,Sabasaba,sabasaba,115,Kamahuha,32,10,CEN,9938,4758,5180,2784,13.38,743.01
406,Kambiti,kambiti,116,Kambiti,32,10,CEN,5056,2531,2525,1289,20.32,248.8
407,Karia-Ini,karia-ini,116,Kambiti,32,10,CEN,3583,1799,1784,878,11.27,318.05
408,Maranjau,maranjau,116,Kambiti,32,10,CEN,1934,1075,859,489,6.87,281.47
409,Mihango,mihango,116,Kambiti,32,10,CEN,3999,1956,2043,1006,9.28,430.76
410,Gakungu,gakungu,117,Makuyu,32,10,CEN,7969,3950,4019,2131,24.38,326.82
411,Gathungururu,gathungururu,117,Makuyu,32,10,CEN,5465,2762,2703,1422,46.09,118.57
412,Kimorori,kimorori,117,Makuyu,32,10,CEN,11114,5412,5702,2895,24.67,450.54
413,Kirimiri,kirimiri,117,Makuyu,32,10,CEN,12120,6042,6078,2924,76.06,159.35
414,Makuyu,makuyu,117,Makuyu,32,10,CEN,6821,3291,3530,1832,13.97,488.23
415,Wempa,wempa,117,Makuyu,32,10,CEN,15786,7867,7919,4245,55.18,286.07
416,Gikomora,gikomora,118,Ichagaki,33,10,CEN,4476,2152,2324,1186,7.19,622.68
417,Ichagaki,ichagaki,118,Ichagaki,33,10,CEN,5636,2672,2964,1403,10.77,523.42
418,Kianjiru-Ini,kianjiru-ini,118,Ichagaki,33,10,CEN,10242,4850,5392,2980,12.96,790.52
419,Samar,samar,118,Ichagaki,33,10,CEN,2899,1580,1319,837,27.22,106.49
420,Gakuyu,gakuyu,119,Kahumbu,33,10,CEN,4750,2226,2524,1257,6.24,761.65
421,Githembe,githembe,119,Kahumbu,33,10,CEN,4352,2053,2299,1198,6.01,723.92
422,Kahariro,kahariro,119,Kahumbu,33,10,CEN,2700,1234,1466,738,4.96,544.42
423,Kandani,kandani,119,Kahumbu,33,10,CEN,5300,2530,2770,1385,12.39,427.64
424,Mugumo-Ini,mugumo-ini,119,Kahumbu,33,10,CEN,2484,1179,1305,654,3.62,686.68
425,Kamuiru,kamuiru,120,Maragua Ridge,33,10,CEN,2979,1494,1485,730,10.71,278.12
426,Maragua Ridge,maragua-ridge,120,Maragua Ridge,33,10,CEN,3644,1834,1810,928,19.32,188.62
427,Gikarangu,gikarangu,121,Muthithi,33,10,CEN,6787,3355,3432,1665,11.65,582.83
428,Kagurumo,kagurumo,121,Muthithi,33,10,CEN,4904,2355,2549,1220,9.95,492.81
429,Kiahiti,kiahiti,121,Muthithi,33,10,CEN,2751,1324,1427,734,3.55,774.56
430,Mungu-Ini,mungu-ini,121,Muthithi,33,10,CEN,3608,1726,1882,926,4.29,840.61
431,Muthithi,muthithi,121,Muthithi,33,10,CEN,5369,2579,2790,1405,6.49,826.78
432,Gakoigo,gakoigo,122,Nginda,33,10,CEN,7567,3735,3832,2119,12.93,585.14
433,Gathera,gathera,122,Nginda,33,10,CEN,4784,2287,2497,1239,8.89,538.42
434,Irembu,irembu,122,Nginda,33,10,CEN,1515,753,762,404,2.19,692.29
435,Itaaga,itaaga,122,Nginda,33,10,CEN,2950,1393,1557,813,4.19,703.22
436,Kaharo,kaharo,122,Nginda,33,10,CEN,3763,1777,1986,1004,6.62,568.2
437,Mbugua,mbugua,122,Nginda,33,10,CEN,3781,1859,1922,989,7.87,480.66
438,Aberdare Forest,aberdare-forest,123,Aberdare Forest,34,11,CEN,0,0,0,0,132.82,0
439,Kariki,kariki,124,Kahutha,35,11,CEN,3819,1944,1875,903,48.31,79.06
440,Kianjogu,kianjogu,124,Kahutha,35,11,CEN,2903,1401,1502,731,56.05,51.79
441,Kiriogo,kiriogo,124,Kahutha,35,11,CEN,2516,1250,1266,641,18.55,135.6
442,Muricho,muricho,124,Kahutha,35,11,CEN,7090,3479,3611,1927,44.51,159.28
443,Uruku,uruku,124,Kahutha,35,11,CEN,2668,1309,1359,689,30.07,88.72
444,Kanyagia,kanyagia,125,Kanyagia,35,11,CEN,3131,1478,1653,797,19.01,164.67
445,Kihara,kihara,125,Kanyagia,35,11,CEN,2462,1219,1243,650,32.27,76.3
446,Muruai,muruai,125,Kanyagia,35,11,CEN,5371,2629,2742,1291,38.68,138.84
447,Mairo-Inya,mairo-inya,126,Kirita,35,11,CEN,13509,6547,6962,3642,25.48,530.17
448,Shauri,shauri,126,Kirita,35,11,CEN,3831,1857,1974,943,10.95,349.83
449,Karagoini,karagoini,127,Leshau,35,11,CEN,6650,3162,3488,1647,47.79,139.14
450,Mbuyu,mbuyu,127,Leshau,35,11,CEN,6449,3059,3390,1713,49.74,129.66
451,Leshau,leshau,128,Mathingira,35,11,CEN,6292,3033,3259,1631,39.06,161.09
452,Ndivai,ndivai,128,Mathingira,35,11,CEN,2494,1214,1280,621,19.82,125.85
453,Karandi,karandi,129,Shamata,35,11,CEN,6300,3068,3232,1461,22.36,281.81
454,Kirima,kirima,129,Shamata,35,11,CEN,4546,2258,2288,1017,47.32,96.06
455,Pesi,pesi,129,Shamata,35,11,CEN,3736,1880,1856,1046,50.92,73.37
456,Shamata,shamata,129,Shamata,35,11,CEN,6921,3444,3477,1745,30.73,225.23
457,Simbara,simbara,129,Shamata,35,11,CEN,1938,998,940,522,21.99,88.12
458,Gathanji,gathanji,130,Gathanji,36,11,CEN,7710,3909,3801,1831,56.17,137.26
459,Ngano,ngano,130,Gathanji,36,11,CEN,6118,3048,3070,1518,25.37,241.19
460,Silibwet,silibwet,130,Gathanji,36,11,CEN,13621,6764,6857,3265,52.38,260.04
461,Gatimu,gatimu,131,Gatimu,36,11,CEN,13600,6584,7016,3675,38.78,350.65
462,Gikingi,gikingi,131,Gatimu,36,11,CEN,9164,4501,4663,2718,10.07,910.14
463,Kanguo,kanguo,131,Gatimu,36,11,CEN,3577,1874,1703,909,23.38,152.99
464,Lesriko,lesriko,132,Ol Joro-Orok,36,11,CEN,7376,3542,3834,1969,21.83,337.93
465,Nyairoko,nyairoko,132,Ol Joro-Orok,36,11,CEN,2054,1052,1002,557,19.41,105.82
466,Oraimutia,oraimutia,132,Ol Joro-Orok,36,11,CEN,3834,1918,1916,944,29.6,129.54
467,Gatumbiro,gatumbiro,133,Weru,36,11,CEN,4705,2283,2422,1174,27.88,168.77
468,Kirimangai,kirimangai,133,Weru,36,11,CEN,5398,2658,2740,1301,22.07,244.54
469,Weru,weru,133,Weru,36,11,CEN,8668,4221,4447,2210,62.11,139.56
470,Gichungo,gichungo,134,Kaimbaga,37,11,CEN,11234,5628,5606,3166,47.74,235.33
471,Kandutura,kandutura,134,Kaimbaga,37,11,CEN,6692,3261,3431,1568,64,104.56
472,Matindiri,matindiri,135,Ndundori,37,11,CEN,3458,1716,1742,817,26.53,130.32
473,Milangine,milangine,135,Ndundori,37,11,CEN,11971,5911,6060,2633,36.46,328.33
474,Ruiru,ruiru,135,Ndundori,37,11,CEN,6360,3084,3276,1389,23.75,267.76
475,Sabugo,sabugo,135,Ndundori,37,11,CEN,15085,7288,7797,3376,33.11,455.64
476,Ngorika,ngorika,136,Ngorika,37,11,CEN,13439,6646,6793,3145,52.46,256.2
477,Mawingo,mawingo,137,Ol Kalou,37,11,CEN,14418,6973,7445,3002,52.64,273.87
478,Munyeki,munyeki,137,Ol Kalou,37,11,CEN,11096,5448,5648,3042,52.49,211.41
479,Matura,matura,138,Rurii,37,11,CEN,9138,4432,4706,2175,35.27,259.11
480,Passenga,passenga,138,Rurii,37,11,CEN,5044,2521,2523,1286,35.54,141.91
481,Rurii,rurii,138,Rurii,37,11,CEN,9770,4784,4986,2416,56.39,173.27
482,Kanjuiri,kanjuiri,139,Tumaini,37,11,CEN,8653,4345,4308,1919,48.41,178.74
483,Upper Gilgil,upper-gilgil,139,Tumaini,37,11,CEN,3742,1891,1851,975,21.85,171.23
484,Aberdare Forest,aberdare-forest,140,Aberdare Forest,38,12,CEN,0,0,0,0,117.41,0
485,Gathara,gathara,141,Engineer,39,12,CEN,10262,5051,5211,2399,57.39,178.81
486,Kahuru Muruaki,kahuru-muruaki,141,Engineer,39,12,CEN,20803,10226,10577,4990,95.51,217.81
487,Murungaru,murungaru,141,Engineer,39,12,CEN,14709,7147,7562,3352,72.41,203.15
488,Kinja,kinja,142,Kinangop North,39,12,CEN,8514,4065,4449,2151,21.43,397.34
489,Kitiri,kitiri,142,Kinangop North,39,12,CEN,8557,4269,4288,1821,88.57,96.61
490,Mikaro,mikaro,142,Kinangop North,39,12,CEN,3292,1617,1675,679,61.53,53.51
491,Mkungi,mkungi,142,Kinangop North,39,12,CEN,8919,4339,4580,1928,30.93,288.37
492,Nandarasi,nandarasi,142,Kinangop North,39,12,CEN,12341,6081,6260,2896,45.08,273.78
493,Bamboo,bamboo,143,Magumu,40,12,CEN,11855,5614,6241,2972,19.08,621.18
494,Gitwe,gitwe,143,Magumu,40,12,CEN,5567,2751,2816,1353,11.89,468.08
495,Karati,karati,143,Magumu,40,12,CEN,7283,3628,3655,1670,30.5,238.79
496,Matura,matura,143,Magumu,40,12,CEN,8216,3987,4229,1957,22.81,360.15
497,Kiburu,kiburu,144,Njabini,40,12,CEN,11099,5551,5548,2744,70.19,158.12
498,Muruaki,muruaki,144,Njabini,40,12,CEN,6174,3018,3156,1454,23.26,265.44
499,Njabini,njabini,144,Njabini,40,12,CEN,9566,4753,4813,2437,28.66,333.72
500,Tulaga,tulaga,144,Njabini,40,12,CEN,7880,3828,4052,1767,31.07,253.64
501,Githabai,githabai,145,Nyakio,40,12,CEN,5879,2923,2956,1383,38.58,152.4
502,Karangatha,karangatha,145,Nyakio,40,12,CEN,8806,4260,4546,2063,13.32,661.06
503,Koinange,koinange,145,Nyakio,40,12,CEN,6323,3109,3214,1405,25.44,248.58
504,Mukeu,mukeu,145,Nyakio,40,12,CEN,8732,4316,4416,2014,21.48,406.59
505,Rwanyambo,rwanyambo,145,Nyakio,40,12,CEN,7602,3798,3804,1706,12.9,589.49
506,Geta,geta,146,Geta,41,12,CEN,6215,3037,3178,1441,20.15,308.49
507,Kiambogo,kiambogo,146,Geta,41,12,CEN,4558,2175,2383,975,15.93,286.13
508,Makumbi,makumbi,146,Geta,41,12,CEN,4679,2255,2424,1013,10.07,464.53
509,Mikeu,mikeu,146,Geta,41,12,CEN,4807,2318,2489,1152,18.21,264.03
510,Githioro,githioro,147,Kipipiri,41,12,CEN,12556,6058,6498,3004,85.15,147.45
511,Miharati,miharati,147,Kipipiri,41,12,CEN,12299,6042,6257,2860,58.31,210.91
512,Kiriko,kiriko,148,Lereshwa,41,12,CEN,7481,3686,3795,1702,67.35,111.07
513,Lereshwa,lereshwa,148,Lereshwa,41,12,CEN,4850,2382,2468,1134,28.23,171.82
514,Malewa,malewa,149,Malewa,41,12,CEN,5842,2760,3082,1342,41.1,142.13
515,Ndemi,ndemi,149,Malewa,41,12,CEN,8176,4035,4141,1910,58.96,138.67
516,Gatondo,gatondo,150,Wanjohi,41,12,CEN,6134,3021,3113,1379,51.84,118.32
517,Rironi,rironi,150,Wanjohi,41,12,CEN,3893,1848,2045,1025,23.88,163.02
518,Wanjohi,wanjohi,150,Wanjohi,41,12,CEN,13848,6696,7152,3204,64.5,214.71
519,Aberdare Forest,aberdare-forest,151,Aberdare Forest,42,13,CEN,0,0,0,0,301.47,0
520,Gathiuru,gathiuru,152,Gakawa,43,13,CEN,5370,2886,2484,1609,118.21,45.43
521,Githima,githima,152,Gakawa,43,13,CEN,4855,2416,2439,1363,39.04,124.36
522,Kahurura,kahurura,152,Gakawa,43,13,CEN,16096,7981,8115,5125,94.29,170.71
523,Kimahuri,kimahuri,153,Kabaru,43,13,CEN,6577,3322,3255,1961,13.39,491.24
524,Kirima,kirima,153,Kabaru,43,13,CEN,5460,2858,2602,1505,62.36,87.55
525,Munyu,munyu,153,Kabaru,43,13,CEN,3576,1773,1803,1020,26.46,135.14
526,Ndathi,ndathi,153,Kabaru,43,13,CEN,6471,3310,3161,1719,101.4,63.81
527,Gikamba,gikamba,154,Kiamathaga,43,13,CEN,4184,2183,2001,1098,66.41,63
528,Kabendera,kabendera,154,Kiamathaga,43,13,CEN,2891,1419,1472,830,11.31,255.63
529,Murichu,murichu,154,Kiamathaga,43,13,CEN,2674,1353,1321,762,11.31,236.53
530,Thigithi,thigithi,154,Kiamathaga,43,13,CEN,2194,1175,1019,666,21.05,104.21
531,Gaturiri,gaturiri,155,Naromoru,43,13,CEN,3550,1814,1736,1063,29.48,120.44
532,Kamburaini,kamburaini,155,Naromoru,43,13,CEN,6414,3224,3190,1813,42.66,150.37
533,Naromoru,naromoru,155,Naromoru,43,13,CEN,4101,2040,2061,1661,6.56,624.91
534,Ndiriti,ndiriti,155,Naromoru,43,13,CEN,3833,1964,1869,1094,16.75,228.9
535,Rongai,rongai,155,Naromoru,43,13,CEN,3635,1681,1954,989,37.72,96.38
536,Lusoi,lusoi,156,Thegu,43,13,CEN,2105,1138,967,605,34.16,61.63
537,Maragima,maragima,156,Thegu,43,13,CEN,3236,1629,1607,872,22.83,141.73
538,Thirigitu,thirigitu,156,Thegu,43,13,CEN,4368,2263,2105,1446,26.72,163.5
539,Thungari,thungari,156,Thegu,43,13,CEN,4910,2568,2342,1811,35.01,140.25
540,Charity,charity,157,Endarasha,44,13,CEN,5418,2769,2649,1456,21.9,247.44
541,Endarasha,endarasha,157,Endarasha,44,13,CEN,6616,3143,3473,1907,16.6,398.62
542,Gakanga,gakanga,157,Endarasha,44,13,CEN,2069,1050,1019,569,23.42,88.34
543,Mitero,mitero,157,Endarasha,44,13,CEN,3590,1785,1805,901,14.87,241.41
544,Embaringo,embaringo,158,Gatarakwa,44,13,CEN,4620,2336,2284,1217,62.76,73.62
545,Kamariki,kamariki,158,Gatarakwa,44,13,CEN,6538,3285,3253,1809,88.36,73.99
546,Lamuria,lamuria,158,Gatarakwa,44,13,CEN,4574,2292,2282,1366,32.13,142.36
547,Watuka,watuka,158,Gatarakwa,44,13,CEN,4293,2124,2169,1126,23.87,179.87
548,Kamiruri,kamiruri,159,Mugunda,44,13,CEN,2766,1325,1441,722,19.23,143.8
549,Karemeno,karemeno,159,Mugunda,44,13,CEN,1833,909,924,538,18.4,99.61
550,Nairutia,nairutia,159,Mugunda,44,13,CEN,4476,2195,2281,1191,58.76,76.17
551,Ruirii,ruirii,159,Mugunda,44,13,CEN,3525,1706,1819,993,44.08,79.97
552,Amboni,amboni,160,Mweiga,44,13,CEN,4344,2156,2188,1194,13.06,332.5
553,Bondeni,bondeni,160,Mweiga,44,13,CEN,1419,691,728,367,5.27,269.21
554,Kamatongu,kamatongu,160,Mweiga,44,13,CEN,8714,4250,4464,2915,37.46,232.62
555,Njengu,njengu,160,Mweiga,44,13,CEN,2787,1404,1383,784,13.51,206.22
556,Kabati,kabati,161,Mwiyogo,44,13,CEN,2490,1261,1229,701,28.27,88.08
557,Labura,labura,161,Mwiyogo,44,13,CEN,5495,2745,2750,1494,65.48,83.92
558,Muthuini,muthuini,161,Mwiyogo,44,13,CEN,1994,986,1008,571,19.75,100.98
559,Mwiyogo,mwiyogo,161,Mwiyogo,44,13,CEN,1751,861,890,471,16.1,108.73
560,Chehe,chehe,162,Iriaini,45,13,CEN,4398,2085,2313,1383,10.35,424.78
561,Gatundu,gatundu,162,Iriaini,45,13,CEN,3065,1470,1595,902,4.2,729.4
562,Kaguyu,kaguyu,162,Iriaini,45,13,CEN,5129,2467,2662,1531,10.36,495.08
563,Kaira,kaira,162,Iriaini,45,13,CEN,4122,1950,2172,1219,6.05,680.89
564,Kiaguthi,kiaguthi,162,Iriaini,45,13,CEN,3182,1567,1615,937,5.71,557.57
565,Kiamwangi,kiamwangi,162,Iriaini,45,13,CEN,5057,2442,2615,1523,5.58,906.84
566,Thegenge,thegenge,162,Iriaini,45,13,CEN,2699,1289,1410,854,7.53,358.39
567,Cherukiangaru,cherukiangaru,163,Karatina,45,13,CEN,1305,610,695,357,0.77,1691.95
568,Kiharo/Biashara,kiharo-biashara,163,Karatina,45,13,CEN,2872,1235,1637,1096,0.41,7086.11
569,Muthua/Giakairu,muthua-giakairu,163,Karatina,45,13,CEN,4464,1984,2480,1655,0.64,6937.06
570,Gachuiro,gachuiro,164,Kirimukuyu,45,13,CEN,4374,2118,2256,1233,10.91,401.08
571,Kiria,kiria,164,Kirimukuyu,45,13,CEN,2855,1309,1546,818,6.56,435.35
572,Mbogoini,mbogoini,164,Kirimukuyu,45,13,CEN,5413,2630,2783,1571,7.62,710.26
573,Mutathiini,mutathiini,164,Kirimukuyu,45,13,CEN,2243,1093,1150,637,3.88,578.69
574,Ngaini,ngaini,164,Kirimukuyu,45,13,CEN,2393,1144,1249,675,5.15,464.78
575,Ngandu,ngandu,164,Kirimukuyu,45,13,CEN,5167,2415,2752,1365,8.62,599.52
576,Thaithi,thaithi,164,Kirimukuyu,45,13,CEN,2739,1316,1423,756,5.42,505.77
577,Thiu,thiu,164,Kirimukuyu,45,13,CEN,3714,1826,1888,1082,6.08,610.52
578,Baricho,baricho,165,Konyu,45,13,CEN,5930,2952,2978,1959,8.17,725.69
579,Gachuku,gachuku,165,Konyu,45,13,CEN,4625,2204,2421,1290,7.31,633.02
580,Gakuyu,gakuyu,165,Konyu,45,13,CEN,5209,2517,2692,1487,10.3,505.75
581,Ichuga,ichuga,165,Konyu,45,13,CEN,4158,2081,2077,1260,8.03,517.85
582,Itiati,itiati,165,Konyu,45,13,CEN,4392,2139,2253,1277,9.18,478.59
583,Karindundu,karindundu,165,Konyu,45,13,CEN,7676,3763,3913,2536,6.33,1212.47
584,Mukore,mukore,165,Konyu,45,13,CEN,4449,2122,2327,1251,7.92,561.76
585,Gaikuyu,gaikuyu,166,Magutu,45,13,CEN,3119,1514,1605,925,7.51,415.51
586,Gatei,gatei,166,Magutu,45,13,CEN,7584,3800,3784,2077,11.16,679.71
587,Gathehu,gathehu,166,Magutu,45,13,CEN,4295,2124,2171,1197,7.7,557.78
588,Gikumbo,gikumbo,166,Magutu,45,13,CEN,2316,1095,1221,654,4.79,483.26
589,Gitunduti,gitunduti,166,Magutu,45,13,CEN,2408,1169,1239,711,4.13,582.99
590,Ragati,ragati,166,Magutu,45,13,CEN,4549,2186,2363,1463,4.14,1099.88
591,Chieni,chieni,167,Ngorano,45,13,CEN,2080,1034,1046,574,6.45,322.38
592,Gatunganga,gatunganga,167,Ngorano,45,13,CEN,2362,1135,1227,658,6.85,344.67
593,Hiriga,hiriga,167,Ngorano,45,13,CEN,1361,654,707,401,6.38,213.4
594,Karuthi,karuthi,167,Ngorano,45,13,CEN,1791,881,910,542,4.13,433.32
595,Iruri,iruri,168,Ruguru,45,13,CEN,3359,1620,1739,926,7.62,440.54
596,Kiamariga,kiamariga,168,Ruguru,45,13,CEN,4243,2008,2235,1261,11.97,354.56
597,Ruturu,ruturu,168,Ruguru,45,13,CEN,3737,1798,1939,1038,8.51,439.11
598,Sagana,sagana,168,Ruguru,45,13,CEN,4013,2105,1908,1223,42.14,95.22
599,Mt. Kenya Forest,mt-kenya-forest,169,Mt. Kenya Forest,46,13,CEN,0,0,0,0,248.44,0
600,Forest,forest,170,Forest,47,14,CEN,0,0,0,0,311.81,0
601,Gaikundo,gaikundo,171,Gakindu,48,14,CEN,1570,753,817,451,2.93,536.35
602,Gakinduini,gakinduini,171,Gakindu,48,14,CEN,3231,1497,1734,1034,5.61,576.08
603,Mbiuini,mbiuini,171,Gakindu,48,14,CEN,3563,1633,1930,1013,6.95,512.65
604,Njiruini,njiruini,171,Gakindu,48,14,CEN,2453,1144,1309,731,3.56,688.66
605,Ruthanji,ruthanji,171,Gakindu,48,14,CEN,2380,1149,1231,684,3.89,612.33
606,Igana,igana,172,Giathugu,48,14,CEN,3060,1435,1625,828,4.89,625.68
607,Karundu,karundu,172,Giathugu,48,14,CEN,3653,1769,1884,1034,8.68,420.98
608,Mihuti,mihuti,172,Giathugu,48,14,CEN,5171,2508,2663,1520,9.38,551.5
609,Mweru,mweru,172,Giathugu,48,14,CEN,3434,1693,1741,929,7.72,444.88
610,Karindi,karindi,173,Gikondi,48,14,CEN,2915,1387,1528,849,5.54,526.52
611,Kiirungi,kiirungi,173,Gikondi,48,14,CEN,3617,1753,1864,1013,6.61,547.57
612,Muthuthini,muthuthini,173,Gikondi,48,14,CEN,2255,1085,1170,603,3.72,606.75
613,Thimu,thimu,173,Gikondi,48,14,CEN,2858,1433,1425,788,4.7,607.53
614,Ichamara,ichamara,174,Githi,48,14,CEN,2572,1257,1315,756,5.59,460.28
615,Ithanji,ithanji,174,Githi,48,14,CEN,2089,1022,1067,572,6.64,314.79
616,Kiharo,kiharo,174,Githi,48,14,CEN,4033,1968,2065,1200,11.72,344.05
617,Kirerema,kirerema,174,Githi,48,14,CEN,2006,968,1038,600,4.33,462.93
618,Gatura,gatura,175,Muhito,48,14,CEN,2250,1028,1222,619,4.76,472.36
619,Gaturia,gaturia,175,Muhito,48,14,CEN,5484,2669,2815,1797,6.31,869.4
620,Murunduini,murunduini,175,Muhito,48,14,CEN,3164,1521,1643,842,4.37,723.6
621,Muyu,muyu,175,Muhito,48,14,CEN,2970,1419,1551,855,5.44,545.59
622,Thiha,thiha,175,Muhito,48,14,CEN,3451,1657,1794,973,6.49,532.06
623,Kariara,kariara,176,Rutune,48,14,CEN,2543,1252,1291,704,8.67,293.19
624,Mutundu,mutundu,176,Rutune,48,14,CEN,3484,1659,1825,986,13.16,264.66
625,Ngamwa,ngamwa,176,Rutune,48,14,CEN,2838,1404,1434,791,10.02,283.37
626,Kaharo,kaharo,177,Thanu,48,14,CEN,2706,1292,1414,744,6.12,442.15
627,Karaba,karaba,177,Thanu,48,14,CEN,2518,1226,1292,677,6.87,366.56
628,Kibutio,kibutio,177,Thanu,48,14,CEN,1664,801,863,450,3.95,420.85
629,Gachika,gachika,178,Kiganjo,49,14,CEN,2634,1270,1364,680,7.02,375.37
630,Kiganjo,kiganjo,178,Kiganjo,49,14,CEN,3447,2196,1251,924,5.42,635.54
631,Kirichu,kirichu,178,Kiganjo,49,14,CEN,4488,2187,2301,1329,9.66,464.47
632,Nyaribo,nyaribo,178,Kiganjo,49,14,CEN,3128,1595,1533,985,10.64,294.05
633,Chorongi,chorongi,179,Mukaro,49,14,CEN,5514,2670,2844,1446,8.14,677.16
634,Gatitu,gatitu,179,Mukaro,49,14,CEN,2129,1046,1083,650,5.07,420.29
635,Gitathi-Ini,gitathi-ini,179,Mukaro,49,14,CEN,2649,1326,1323,706,2.77,956.66
636,Githiru,githiru,179,Mukaro,49,14,CEN,2352,1141,1211,640,5.02,468.23
637,Kamakwa,kamakwa,179,Mukaro,49,14,CEN,14124,6843,7281,4886,5.91,2388.07
638,Karia,karia,179,Mukaro,49,14,CEN,3264,1586,1678,912,3.52,926.88
639,Kihatha,kihatha,179,Mukaro,49,14,CEN,1787,876,911,483,3.25,549.1
640,Kihuyo,kihuyo,179,Mukaro,49,14,CEN,2152,1073,1079,558,4.79,449.44
641,Kinunga,kinunga,179,Mukaro,49,14,CEN,1297,640,657,370,2.22,585.37
642,Majengo,majengo,179,Mukaro,49,14,CEN,25018,13353,11665,8168,6.5,3847.86
643,Marua,marua,179,Mukaro,49,14,CEN,2271,1077,1194,610,4.66,486.89
644,Mathari,mathari,179,Mukaro,49,14,CEN,8023,4080,3943,2094,38.71,207.24
645,Munungaini,munungaini,179,Mukaro,49,14,CEN,3021,1377,1644,776,4.51,670.37
646,Muruguru,muruguru,179,Mukaro,49,14,CEN,2680,1282,1398,725,5.7,470.38
647,Muthua-Ini,muthua-ini,179,Mukaro,49,14,CEN,3541,1765,1776,939,6.15,575.69
648,Riamukorwe,riamukorwe,179,Mukaro,49,14,CEN,3497,1715,1782,894,6.93,504.81
649,Ruringu,ruringu,179,Mukaro,49,14,CEN,13382,6295,7087,4785,3.27,4091.6
650,Thunguma,thunguma,179,Mukaro,49,14,CEN,8875,4360,4515,2852,17.88,496.38
651,Gichiche,gichiche,180,Chinga North,50,14,CEN,2038,1086,952,504,3.77,540.68
652,Gikigie,gikigie,180,Chinga North,50,14,CEN,3318,1610,1708,896,7.88,420.91
653,Kangongo,kangongo,180,Chinga North,50,14,CEN,2452,1190,1262,700,4.64,528.78
654,Mucharage,mucharage,180,Chinga North,50,14,CEN,2176,1060,1116,614,6.59,330.42
655,Gathera,gathera,181,Chinga South,50,14,CEN,2905,1433,1472,752,12.82,226.56
656,Kaiguthu,kaiguthu,181,Chinga South,50,14,CEN,2506,1193,1313,661,3.71,675.13
657,Karuthi,karuthi,181,Chinga South,50,14,CEN,1831,861,970,564,3.69,495.9
658,Mumbuini,mumbuini,181,Chinga South,50,14,CEN,4673,2229,2444,1289,10.07,463.93
659,Gitundu,gitundu,182,Iriaini,50,14,CEN,5461,2601,2860,1682,6.63,823.38
660,Ihuririo,ihuririo,182,Iriaini,50,14,CEN,4759,2259,2500,1266,11.03,431.62
661,Kairuthi,kairuthi,182,Iriaini,50,14,CEN,3992,1943,2049,1118,8.08,494.03
662,Kiahagu,kiahagu,182,Iriaini,50,14,CEN,4851,2284,2567,1151,6.35,764.06
663,Kiandemi,kiandemi,182,Iriaini,50,14,CEN,3552,1678,1874,954,9.85,360.79
664,Thunguri,thunguri,182,Iriaini,50,14,CEN,1921,925,996,499,3.86,497.46
665,Gura,gura,183,Karima,50,14,CEN,3911,1832,2079,1049,7.55,518.15
666,Itemeini,itemeini,183,Karima,50,14,CEN,2979,1360,1619,862,5.41,550.51
667,Kihungiru,kihungiru,183,Karima,50,14,CEN,5164,2470,2694,1523,5.61,919.83
668,Thuti,thuti,183,Karima,50,14,CEN,3650,1716,1934,1006,7.49,487.44
669,Witima,witima,183,Karima,50,14,CEN,3389,1554,1835,1013,7.08,478.49
670,Gaturuturu,gaturuturu,184,Mahiga,50,14,CEN,1982,959,1023,555,3.14,631.17
671,Gikoe,gikoe,184,Mahiga,50,14,CEN,2127,1030,1097,592,4.92,432.24
672,Kamoko,kamoko,184,Mahiga,50,14,CEN,3163,1427,1736,878,5.46,579.46
673,Munyange,munyange,184,Mahiga,50,14,CEN,1790,877,913,487,3.85,464.6
674,Ugachiku,ugachiku,184,Mahiga,50,14,CEN,2996,1468,1528,810,5.28,567.66
675,Gitugi,gitugi,185,Mumwe,50,14,CEN,2235,1099,1136,608,5.03,444.42
676,Kagonye,kagonye,185,Mumwe,50,14,CEN,2092,932,1160,550,3.52,593.54
677,Kihome,kihome,185,Mumwe,50,14,CEN,1606,778,828,446,4.2,382.61
678,Rukira,rukira,185,Mumwe,50,14,CEN,3855,1842,2013,988,6.97,553.01
679,Gichira,gichira,186,Aguthii,51,14,CEN,3153,1532,1621,832,5.58,565.33
680,Gititu,gititu,186,Aguthii,51,14,CEN,3532,1745,1787,974,6.49,543.93
681,Ithekahuno,ithekahuno,186,Aguthii,51,14,CEN,2127,1019,1108,593,3.68,578.33
682,Mungaria,mungaria,186,Aguthii,51,14,CEN,2318,1140,1178,622,4.33,535.47
683,Thageini,thageini,186,Aguthii,51,14,CEN,2330,1098,1232,667,5.65,412.44
684,Gaaki,gaaki,187,Gaaki,51,14,CEN,4882,2335,2547,1332,8.54,571.63
685,Gathaithi,gathaithi,187,Gaaki,51,14,CEN,1581,801,780,423,2.94,537.33
686,Huhoini,huhoini,187,Gaaki,51,14,CEN,2031,956,1075,597,3.43,592.2
687,Kiawaithanji,kiawaithanji,187,Gaaki,51,14,CEN,1990,970,1020,538,3.31,600.61
688,Mutathiini,mutathiini,187,Gaaki,51,14,CEN,2687,1283,1404,661,3.85,698.72
689,Kaiguri,kaiguri,188,Karundu,51,14,CEN,2470,1183,1287,669,3.67,672.95
690,Kariguini,kariguini,188,Karundu,51,14,CEN,2167,1043,1124,552,3.15,687.59
691,Kianjogu,kianjogu,188,Karundu,51,14,CEN,5921,2841,3080,1655,8.7,680.58
692,Kigwadi,kigwadi,188,Karundu,51,14,CEN,2486,1221,1265,680,3.69,673.55
693,Kihora,kihora,188,Karundu,51,14,CEN,1405,669,736,373,2.43,578.5
694,Mbaani,mbaani,188,Karundu,51,14,CEN,1375,674,701,384,2.21,621.36
695,Unjiru,unjiru,188,Karundu,51,14,CEN,2119,989,1130,603,3.47,609.89
696,Ihururu,ihururu,189,Muhoya,52,14,CEN,2636,1302,1334,784,5.75,458.12
697,Kabage,kabage,189,Muhoya,52,14,CEN,175,124,51,68,67.97,2.57
698,Kanjora,kanjora,189,Muhoya,52,14,CEN,1830,883,947,485,3.19,573.7
699,Karunaini,karunaini,189,Muhoya,52,14,CEN,1463,725,738,394,3.2,457.49
700,Ngooru,ngooru,189,Muhoya,52,14,CEN,1459,722,737,408,3.89,374.78
701,Thatha,thatha,189,Muhoya,52,14,CEN,1480,756,724,429,3.8,389.13
702,Gatumbiro,gatumbiro,190,Tetu,52,14,CEN,1611,795,816,407,3.14,513.27
703,Ichagachiru,ichagachiru,190,Tetu,52,14,CEN,2022,973,1049,555,4.87,415.1
704,Karaihu,karaihu,190,Tetu,52,14,CEN,2007,959,1048,558,4.59,437.19
705,Kigogoini,kigogoini,190,Tetu,52,14,CEN,3348,1615,1733,930,6.3,531.27
706,Kirurumi,kirurumi,190,Tetu,52,14,CEN,2655,1327,1328,724,9.54,278.16
707,Gathuthi,gathuthi,191,Thegenge,52,14,CEN,1628,753,875,472,3.83,425
708,Hubuini,hubuini,191,Thegenge,52,14,CEN,1344,620,724,371,3.37,399.22
709,Ihethe,ihethe,191,Thegenge,52,14,CEN,1435,685,750,399,3.89,368.74
710,Karangia,karangia,191,Thegenge,52,14,CEN,2669,1237,1432,751,3.89,685.71
711,Kiamutiga,kiamutiga,191,Thegenge,52,14,CEN,1141,514,627,335,2.16,528.07
712,Mathakwaini,mathakwaini,191,Thegenge,52,14,CEN,1969,939,1030,545,3.09,637.32
713,Ndugamano,ndugamano,191,Thegenge,52,14,CEN,2237,1046,1191,662,4.25,526.34
714,Wandumbi,wandumbi,191,Thegenge,52,14,CEN,637,299,338,191,1.73,368.85
715,Gatongora,gatongora,192,Gikumari,53,15,CEN,13807,6972,6835,3793,112.92,122.27
716,Kiuu,kiuu,193,Githurai,53,15,CEN,46351,23169,23182,14835,4.89,9479.7
717,Mwihoko,mwihoko,193,Githurai,53,15,CEN,11934,5909,6025,3238,25.77,463.09
718,Mwiki,mwiki,193,Githurai,53,15,CEN,44760,21609,23151,15112,1.49,30106.95
719,Kahawa Sukari,kahawa-sukari,194,Kahawa Sukari,53,15,CEN,8744,4065,4679,1986,4.42,1977.16
720,Kahawa Wendani,kahawa-wendani,194,Kahawa Sukari,53,15,CEN,16711,7940,8771,5891,1.13,14735.03
721,Theta,theta,195,Theta,53,15,CEN,23134,11318,11816,6184,31.14,742.93
722,Mugutha,mugutha,196,Mugutha,54,15,CEN,15887,7975,7912,4789,59.45,267.24
723,Gitothua,gitothua,197,Ruiru,54,15,CEN,16186,8935,7251,4284,20.71,781.6
724,Mukuyu,mukuyu,197,Ruiru,54,15,CEN,1897,1004,893,611,21.42,88.55
725,Ruiru,ruiru,197,Ruiru,54,15,CEN,41596,21654,19942,14461,8.64,4816.08
726,Giathani-Ini,giathani-ini,198,Ithanga,55,16,CEN,3044,1455,1589,729,14.4,211.4
727,Kaguku,kaguku,198,Ithanga,55,16,CEN,4934,2409,2525,1214,16.87,292.45
728,Mianyani,mianyani,198,Ithanga,55,16,CEN,4635,2235,2400,996,10.5,441.47
729,Gituamba,gituamba,199,Kakuzi,55,16,CEN,11019,5491,5528,2535,55.88,197.18
730,Kinyangi,kinyangi,199,Kakuzi,55,16,CEN,5201,2604,2597,1375,73.22,71.03
731,Nanga,nanga,200,Mitumbiri,55,16,CEN,8141,4041,4100,2595,34.46,236.24
732,Thuthua,thuthua,200,Mitumbiri,55,16,CEN,6783,3714,3069,2112,54.13,125.31
733,Kwa Mukundi,kwa-mukundi,201,Ngelelya,55,16,CEN,1360,629,731,322,7.14,190.43
734,Mugumo,mugumo,201,Ngelelya,55,16,CEN,2310,1118,1192,575,9.97,231.6
735,Thungururu,thungururu,201,Ngelelya,55,16,CEN,3076,1495,1581,753,9.97,308.54
736,Gatuanyaga,gatuanyaga,202,Gatuanyaga,56,16,CEN,9047,4622,4425,2316,49.71,181.99
737,Githima,githima,203,Munyu,56,16,CEN,3320,1626,1694,843,27.31,121.57
738,Munyu,munyu,203,Munyu,56,16,CEN,2567,1308,1259,665,5.04,509.44
739,Maguguni,maguguni,204,Ngoliba,56,16,CEN,8056,4222,3834,2299,27.03,298.09
740,Ngoliba,ngoliba,204,Ngoliba,56,16,CEN,3580,1809,1771,1112,17.39,205.81
741,Kiaora,kiaora,205,Juja,57,17,CEN,21896,11008,10888,7137,15.53,1410.18
742,Milimaini,milimaini,205,Juja,57,17,CEN,12238,6290,5948,4096,30.39,402.71
743,Kalimoni,kalimoni,206,Kalimoni,57,17,CEN,19861,10165,9696,6039,121.33,163.69
744,Komo,komo,207,Komo,57,17,CEN,4161,2168,1993,1514,39.22,106.09
745,Weteithie,weteithie,207,Komo,57,17,CEN,21616,11190,10426,7409,29.57,730.95
746,Karimenu,karimenu,208,Biashara,58,17,CEN,9414,4453,4961,2706,26.43,356.18
747,Majengo,majengo,208,Biashara,58,17,CEN,17194,8057,9137,6182,2.91,5911.84
748,Township,township,208,Biashara,58,17,CEN,11699,5217,6482,3300,4.03,2906.58
749,Umoja,umoja,208,Biashara,58,17,CEN,8329,4230,4099,2298,9.84,846.43
750,Kamenu,kamenu,209,Makongeni,58,17,CEN,37477,18750,18727,12164,33.29,1125.77
751,Kianjau,kianjau,209,Makongeni,58,17,CEN,17987,9887,8100,6627,7.82,2299.39
752,Komu,komu,209,Makongeni,58,17,CEN,36672,18499,18173,12579,6.72,5459.58
753,Chilulu,chilulu,210,Jibana,59,18,CST,3258,1548,1710,527,7.24,449.99
754,Kwale,kwale,210,Jibana,59,18,CST,4719,2195,2524,785,8.69,543.14
755,Nyalani,nyalani,210,Jibana,59,18,CST,5453,2634,2819,917,7.22,755.01
756,Tsagwa,tsagwa,210,Jibana,59,18,CST,3007,1427,1580,490,12.22,246.08
757,Birini / Mwamleka,birini-mwamleka,211,Kaloleni,59,18,CST,3964,1873,2091,531,15.68,252.86
758,Chalani/Mihingoni,chalani-mihingoni,211,Kaloleni,59,18,CST,6878,3180,3698,979,14.56,472.46
759,Kaloleni Vishakani,kaloleni-vishakani,211,Kaloleni,59,18,CST,17734,8613,9121,3166,26.6,666.57
760,Kinani/Makomboani,kinani-makomboani,211,Kaloleni,59,18,CST,5439,2524,2915,691,14.92,364.59
761,Mikiriani,mikiriani,211,Kaloleni,59,18,CST,5574,2596,2978,826,16.96,328.7
762,Kikomani /Mbwaka,kikomani-mbwaka,212,Kambe,59,18,CST,7272,3602,3670,1343,11.16,651.51
763,Pangani / Maereni,pangani-maereni,212,Kambe,59,18,CST,4708,2289,2419,783,15.27,308.39
764,Kinagoni,kinagoni,213,Kayafungo,59,18,CST,3234,1414,1820,404,25.7,125.83
765,Mbalamweni,mbalamweni,213,Kayafungo,59,18,CST,9790,4573,5217,1301,54.84,178.53
766,Miyani,miyani,213,Kayafungo,59,18,CST,3724,1641,2083,471,16,232.79
767,Mrimani,mrimani,213,Kayafungo,59,18,CST,8680,4078,4602,1102,19.43,446.64
768,Chauringo,chauringo,214,Ribe,59,18,CST,5331,2645,2686,897,34.02,156.69
769,Kawala/Kadzonzo,kawala-kadzonzo,215,Mariakani,60,18,CST,13333,6317,7016,2014,46.22,288.49
770,Mitangoni/Mariakani,mitangoni-mariakani,215,Mariakani,60,18,CST,29866,15179,14687,6895,81.79,365.17
771,Kibwabwani,kibwabwani,216,Mwanamwinga,60,18,CST,4621,2133,2488,598,32.84,140.7
772,Kithengwani/Maziachenda,kithengwani-maziachenda,216,Mwanamwinga,60,18,CST,9099,4257,4842,1198,72.98,124.68
773,Viragoni,viragoni,216,Mwanamwinga,60,18,CST,7754,3418,4336,1092,72.35,107.17
774,Mnyenzeni,mnyenzeni,217,Tsangatsini,60,18,CST,3607,1625,1982,577,59.58,60.54
775,Tsangatsini,tsangatsini,217,Tsangatsini,60,18,CST,6005,2724,3281,1008,80.55,74.55
776,Bwagamoyo,bwagamoyo,218,Mwawesa,61,18,CST,6349,2977,3372,1025,12.12,524
777,Mikahani,mikahani,218,Mwawesa,61,18,CST,3866,1791,2075,601,8.59,450.11
778,Mwamtsunga,mwamtsunga,218,Mwawesa,61,18,CST,4806,2139,2667,768,16.43,292.58
779,Buni Kisimani,buni-kisimani,219,Rabai,61,18,CST,9924,4813,5111,1633,23.88,415.64
780,Kaliangombe /Jimba,kaliangombe-jimba,219,Rabai,61,18,CST,9342,4518,4824,1545,16.9,552.87
781,Mgumo /Patsa/Mazeras,mgumo-patsa-mazeras,219,Rabai,61,18,CST,15909,7669,8240,3723,10.96,1450.89
782,Mwele Kisurutini,mwele-kisurutini,219,Rabai,61,18,CST,7969,3787,4182,1371,10.65,747.95
783,Jimba,jimba,220,Ruruma,61,18,CST,4337,2016,2321,645,15.62,277.64
784,Miyuni,miyuni,220,Ruruma,61,18,CST,8040,3799,4241,1313,13.74,585.25
785,Mleji,mleji,220,Ruruma,61,18,CST,9332,4365,4967,1473,16.44,567.52
786,Arabuko Sokoke Forest,arabuko-sokoke-forest,221,Arabuko Sokoke Forest,62,19,CST,0,0,0,0,191.96,0
787,Matsangoni,matsangoni,222,Matsangoni,63,19,CST,5002,2465,2537,680,11.22,445.87
788,Mkongani,mkongani,222,Matsangoni,63,19,CST,5387,2586,2801,721,14.33,376
789,Uyombo,uyombo,222,Matsangoni,63,19,CST,5716,2810,2906,864,15.47,369.58
790,Ezamoyo,ezamoyo,223,Ngerenya,63,19,CST,3634,1797,1837,513,12.38,293.51
791,Ngerenya,ngerenya,223,Ngerenya,63,19,CST,6437,3106,3331,925,16.1,399.7
792,Zowerani,zowerani,223,Ngerenya,63,19,CST,4575,2251,2324,682,20.71,220.88
793,Chumani,chumani,224,Roka,63,19,CST,9067,4488,4579,1369,23.51,385.6
794,Roka,roka,224,Roka,63,19,CST,8391,4057,4334,1151,28.71,292.23
795,Kibarani,kibarani,225,Tezo,63,19,CST,10163,4918,5245,1682,16.56,613.72
796,Mtondia /Majaoni,mtondia-majaoni,225,Tezo,63,19,CST,14533,7207,7326,2393,43.01,337.89
797,Hospital,hospital,226,Township,63,19,CST,27017,13188,13829,6445,13.33,2027.13
798,Konjora,konjora,226,Township,63,19,CST,10695,5236,5459,1519,52.42,204.01
799,Mnarani,mnarani,226,Township,63,19,CST,7392,3630,3762,1909,19.1,387.05
800,Sokoni,sokoni,226,Township,63,19,CST,8010,3826,4184,2188,1.09,7356.05
801,Mwakwala,mwakwala,227,Bamba,64,19,CST,5544,2570,2974,767,60,92.41
802,Paziani,paziani,227,Bamba,64,19,CST,4888,2178,2710,691,42.49,115.03
803,Karimani,karimani,228,Bandari,64,19,CST,1183,512,671,207,30.88,38.31
804,Kidemu,kidemu,228,Bandari,64,19,CST,2005,923,1082,316,16.59,120.87
805,Mikamini,mikamini,228,Bandari,64,19,CST,2745,1246,1499,418,43.97,62.44
806,Mitsemerini,mitsemerini,228,Bandari,64,19,CST,2211,1016,1195,339,17.09,129.35
807,Dangarani,dangarani,229,Mitangani,64,19,CST,2022,920,1102,311,95.09,21.26
808,Gede,gede,229,Mitangani,64,19,CST,1605,759,846,221,837.68,1.92
809,Goshi,goshi,229,Mitangani,64,19,CST,982,447,535,107,67.4,14.57
810,Midoina,midoina,229,Mitangani,64,19,CST,1040,502,538,153,86.54,12.02
811,Migujini,migujini,229,Mitangani,64,19,CST,921,426,495,144,47.11,19.55
812,Mnagoni,mnagoni,229,Mitangani,64,19,CST,1122,486,636,141,67.54,16.61
813,Mtsarawa Tsatsu,mtsarawa-tsatsu,230,Mtsara Watsatsu,64,19,CST,11562,5220,6342,1683,120.36,96.06
814,Mirihini,mirihini,231,Ndigiria,64,19,CST,2607,1140,1467,343,55.49,46.98
815,Mwambani,mwambani,231,Ndigiria,64,19,CST,2520,1143,1377,349,97.68,25.8
816,Ndigiria/ Mapotea,ndigiria-mapotea,231,Ndigiria,64,19,CST,2606,1172,1434,337,77.71,33.54
817,Mwembe Kati,mwembe-kati,232,Banda Ra Salama,65,19,CST,5595,2563,3032,996,16.99,329.23
818,Pingilikani,pingilikani,232,Banda Ra Salama,65,19,CST,4611,2145,2466,781,28.29,162.97
819,Chasimba,chasimba,233,Chasimba,65,19,CST,5855,2716,3139,1041,14.58,401.62
820,Kitsoeni,kitsoeni,233,Chasimba,65,19,CST,5250,2397,2853,966,29.92,175.48
821,Mwakambi,mwakambi,233,Chasimba,65,19,CST,4208,1989,2219,723,34.27,122.79
822,Kizingo,kizingo,234,Mwarakaya,65,19,CST,9842,4536,5306,1790,17.73,555.25
823,Mwarakaya,mwarakaya,234,Mwarakaya,65,19,CST,5024,2299,2725,966,26.03,193.04
824,Ngombeni,ngombeni,235,Ziani,65,19,CST,4901,2344,2557,797,19.19,255.46
825,Ziani,ziani,235,Ziani,65,19,CST,9080,4264,4816,1598,13.12,692.26
826,Dungicha,dungicha,236,Dungicha,66,19,CST,2280,1001,1279,314,38.13,59.8
827,Mweza/Migodomani,mweza-migodomani,236,Dungicha,66,19,CST,1816,792,1024,256,30.14,60.24
828,Ganze/Tsangalaweni,ganze-tsangalaweni,237,Ganze,66,19,CST,6477,2928,3549,1027,71.24,90.92
829,Pentanguo,pentanguo,237,Ganze,66,19,CST,3399,1567,1832,456,44.6,76.21
830,Mariani / Visapuni,mariani-visapuni,238,Palakumi,66,19,CST,3927,1765,2162,573,59.91,65.55
831,Palakumi,palakumi,238,Palakumi,66,19,CST,5417,2480,2937,800,90.81,59.65
832,Chivara,chivara,239,Jaribuni,67,19,CST,2179,992,1187,370,14.44,150.94
833,Marere,marere,239,Jaribuni,67,19,CST,2167,1031,1136,346,21.85,99.15
834,Mwapula,mwapula,239,Jaribuni,67,19,CST,1425,701,724,209,27.1,52.57
835,Magogoni/Matolani,magogoni-matolani,240,Kauma,67,19,CST,2212,1039,1173,338,36.34,60.87
836,Mndangarani,mndangarani,240,Kauma,67,19,CST,1353,612,741,205,21.04,64.32
837,Vinagoni,vinagoni,240,Kauma,67,19,CST,2587,1236,1351,399,21.4,120.88
838,Ngamani,ngamani,241,Vyambani,67,19,CST,1938,912,1026,286,9.85,196.68
839,Vyambani,vyambani,241,Vyambani,67,19,CST,1753,824,929,272,7.39,237.24
840,Gongoni/Vipingo,gongoni-vipingo,242,Junju,68,19,CST,12456,6228,6228,2735,47.72,261.01
841,Junju,junju,242,Junju,68,19,CST,10557,5160,5397,1684,43.51,242.63
842,Kuruwitu /Chodari,kuruwitu-chodari,242,Junju,68,19,CST,8739,4204,4535,1453,23.33,374.56
843,Kanamai,kanamai,243,Mtwapa,68,19,CST,15389,7604,7785,3542,16.96,907.52
844,Kidutani Mawamba,kidutani-mawamba,243,Mtwapa,68,19,CST,9586,4892,4694,1651,34.29,279.52
845,Kijipwa,kijipwa,243,Mtwapa,68,19,CST,9668,4866,4802,1812,13.53,714.48
846,Shimo Latewa,shimo-latewa,243,Mtwapa,68,19,CST,50846,25242,25604,14473,21.12,2407.36
847,Kiriba / Wangwani,kiriba-wangwani,244,Takaungu,68,19,CST,3895,1870,2025,495,14.9,261.47
848,Mavueni/Majajani,mavueni-majajani,244,Takaungu,68,19,CST,8005,3869,4136,1170,34.96,228.95
849,Mkomani /Mkwajuni,mkomani-mkwajuni,244,Takaungu,68,19,CST,7427,3700,3727,1297,41.43,179.28
850,Takaungu,takaungu,244,Takaungu,68,19,CST,6656,3283,3373,1188,15.01,443.58
851,Bale,bale,245,Dida,69,19,CST,1702,786,916,307,16.02,106.27
852,Dida,dida,245,Dida,69,19,CST,1765,858,907,277,27.8,63.49
853,Kahingoni,kahingoni,245,Dida,69,19,CST,967,434,533,153,7.67,126.08
854,Dulukiza,dulukiza,246,Mrima wa Ndege,69,19,CST,1514,720,794,232,46.99,32.22
855,Milore,milore,246,Mrima wa Ndege,69,19,CST,2801,1282,1519,367,65.6,42.7
856,Mrima wa Ndege,mrima-wa-ndege,246,Mrima wa Ndege,69,19,CST,1537,701,836,245,55.78,27.56
857,Dzikunze,dzikunze,247,Mwahera,69,19,CST,3302,1493,1809,415,20.05,164.65
858,Kaembeni,kaembeni,247,Mwahera,69,19,CST,3909,1820,2089,561,21.68,180.34
859,Mwahera,mwahera,247,Mwahera,69,19,CST,3235,1446,1789,477,31.93,101.32
860,Mwangea,mwangea,247,Mwahera,69,19,CST,2998,1341,1657,386,117.33,25.55
861,Ndugumunani,ndugumunani,247,Mwahera,69,19,CST,1452,707,745,202,23.17,62.65
862,Magogoni,magogoni,248,Sokoke,69,19,CST,4667,2109,2558,703,53.62,87.03
863,Nyari,nyari,248,Sokoke,69,19,CST,4863,2297,2566,683,17.18,283
864,Rare,rare,248,Sokoke,69,19,CST,2704,1223,1481,407,28.17,95.99
865,Madamani,madamani,249,Vitengeni,69,19,CST,7433,3470,3963,1205,52.51,141.54
866,Mitsedzini,mitsedzini,249,Vitengeni,69,19,CST,1080,500,580,177,55.85,19.34
867,Vitengeni,vitengeni,249,Vitengeni,69,19,CST,2266,1023,1243,368,39.44,57.46
868,Chaani,chaani,250,Chaani,70,20,CST,58238,31268,26970,19492,4.22,13793.28
869,Changamwe,changamwe,251,Changamwe,70,20,CST,11013,5584,5429,2914,3.79,2906.42
870,Portreitz,portreitz,252,Portreitz,70,20,CST,63441,33457,29984,19863,7.96,7965.17
871,Birikani,birikani,253,Mikindani,71,20,CST,17520,9664,7856,5937,2.34,7484.3
872,Kwashee,kwashee,253,Mikindani,71,20,CST,35257,17641,17616,10642,3.83,9198.76
873,Jomvu Kuu,jomvu-kuu,254,Miritini,71,20,CST,38776,19974,18802,10294,19.04,2036.26
874,Miritini,miritini,254,Miritini,71,20,CST,25934,13644,12290,8159,10.39,2496.17
875,Bofu,bofu,255,Likoni,72,20,CST,29154,15740,13414,9450,1.58,18440.23
876,Likoni,likoni,255,Likoni,72,20,CST,21639,11445,10194,6879,1.07,20183.75
877,Timbwani,timbwani,255,Likoni,72,20,CST,61011,32223,28788,19361,6.81,8965.35
878,Mtongwe,mtongwe,256,Mtongwe,73,20,CST,28168,15105,13063,7951,25.48,1105.33
879,Vijiweni,vijiweni,257,Shika Adabu,73,20,CST,11458,5882,5576,3243,3.91,2927.66
880,Vyemani,vyemani,257,Shika Adabu,73,20,CST,14578,7259,7319,3980,2.18,6675.52
881,Gandini,gandini,258,Gandini,74,21,CST,13315,6259,7056,2162,105.03,126.77
882,Chigato,chigato,259,Kasemeni,74,21,CST,4022,1858,2164,668,17.78,226.18
883,Mazeras,mazeras,259,Kasemeni,74,21,CST,8705,4284,4421,1680,15.54,560.31
884,Mnyenzeni,mnyenzeni,259,Kasemeni,74,21,CST,8292,3848,4444,1363,29.02,285.69
885,Mwamdudu,mwamdudu,259,Kasemeni,74,21,CST,2280,1080,1200,353,16.12,141.47
886,Bofu,bofu,260,Mtaa,74,21,CST,5436,2542,2894,945,55.8,97.42
887,Mabesheni,mabesheni,260,Mtaa,74,21,CST,1443,677,766,227,31.91,45.22
888,Mtaa,mtaa,260,Mtaa,74,21,CST,3464,1553,1911,599,43.7,79.26
889,Matumbi,matumbi,261,Mwatate,74,21,CST,3847,1811,2036,642,71.06,54.14
890,Mwatate,mwatate,261,Mwatate,74,21,CST,10791,5052,5739,1601,41.13,262.34
891,Kalalani,kalalani,262,Mwavundo,74,21,CST,11190,5399,5791,1781,61.62,181.6
892,Mwabila,mwabila,262,Mwavundo,74,21,CST,6074,2830,3244,881,103.26,58.82
893,Dumbule,dumbule,263,Kinango,75,21,CST,5530,2666,2864,955,70.83,78.08
894,Kibandaongo,kibandaongo,263,Kinango,75,21,CST,5737,2650,3087,990,90.88,63.13
895,Kinango,kinango,263,Kinango,75,21,CST,7989,3897,4092,1610,38.67,206.59
896,Mazola,mazola,264,Puma,75,21,CST,6164,2880,3284,910,134.47,45.84
897,Busa,busa,265,Vigurungani,75,21,CST,6148,3067,3081,997,400.97,15.33
898,Vigurungani,vigurungani,265,Vigurungani,75,21,CST,7548,3608,3940,1255,324.89,23.23
899,Gulanze,gulanze,266,Ndavaya,76,21,CST,4751,2252,2499,820,71.75,66.21
900,Kifyonzo,kifyonzo,266,Ndavaya,76,21,CST,9881,4668,5213,1483,128,77.19
901,Mwandimu,mwandimu,266,Ndavaya,76,21,CST,7342,3593,3749,1141,291.12,25.22
902,Ndavaya,ndavaya,266,Ndavaya,76,21,CST,5842,2775,3067,962,65.02,89.84
903,Chengoni,chengoni,267,Chengoni,77,21,CST,5597,2585,3012,778,105.21,53.2
904,Maji ya Chumvi,maji-ya-chumvi,267,Chengoni,77,21,CST,2815,1299,1516,420,90.13,31.23
905,Silaloni,silaloni,267,Chengoni,77,21,CST,5381,2495,2886,708,126.51,42.53
906,Kilibasi,kilibasi,268,Mackinon Road,77,21,CST,2506,1241,1265,374,150.54,16.65
907,Mackinon Road,mackinon-road,268,Mackinon Road,77,21,CST,7513,3772,3741,1357,252.76,29.72
908,Makamini,makamini,269,Makamini,77,21,CST,4955,2269,2686,811,149.53,33.14
909,Vinyunduni,vinyunduni,269,Makamini,77,21,CST,5784,2724,3060,889,143.93,40.19
910,Kinagoni,kinagoni,270,Samburu South,77,21,CST,8764,4046,4718,1304,246.01,35.63
911,Matope,matope,270,Samburu South,77,21,CST,10084,4702,5382,1601,129.62,77.8
912,Dupharo,dupharo,271,Taru,77,21,CST,10370,4987,5383,1737,408.88,25.36
913,Lukore,lukore,272,Lukore,78,22,CST,3421,1719,1702,609,22.91,149.3
914,Boyani,boyani,273,Majimboni,78,22,CST,1733,892,841,319,14.46,119.89
915,Kipambani,kipambani,273,Majimboni,78,22,CST,972,494,478,203,12.68,76.67
916,Majimboni,majimboni,273,Majimboni,78,22,CST,1815,894,921,345,22.03,82.38
917,Makobe,makobe,273,Majimboni,78,22,CST,1166,595,571,254,15.93,73.19
918,Msulwa,msulwa,273,Majimboni,78,22,CST,1652,835,817,289,17.03,97.01
919,Shimba Hills,shimba-hills,273,Majimboni,78,22,CST,1344,690,654,318,8.65,155.41
920,Mangawani,mangawani,274,Mangawani,78,22,CST,7183,3548,3635,1267,58.33,123.13
921,Mkomba,mkomba,275,Mkongani,78,22,CST,5772,2797,2975,983,34.88,165.47
922,Mtsamviani,mtsamviani,275,Mkongani,78,22,CST,6209,3008,3201,1004,42.19,147.17
923,Tiribe,tiribe,275,Mkongani,78,22,CST,7778,3673,4105,1360,45.6,170.58
924,Kizibe,kizibe,276,Mwaluphamba,78,22,CST,5141,2463,2678,855,76.02,67.63
925,Mlafyeni,mlafyeni,276,Mwaluphamba,78,22,CST,12418,5717,6701,2098,60.5,205.25
926,Manyatta,manyatta,277,Mwaluvanga,78,22,CST,2369,1146,1223,450,21.99,107.75
927,Mwaluvanga,mwaluvanga,277,Mwaluvanga,78,22,CST,1681,861,820,351,19.64,85.57
928,Golini,golini,278,Golini,79,22,CST,14074,6866,7208,3054,51.86,271.36
929,Mbuguni,mbuguni,279,Mbuguni,79,22,CST,5750,2782,2968,1006,56.8,101.24
930,Kiteje,kiteje,280,Ngombeni,79,22,CST,3539,1833,1706,701,19.06,185.72
931,Ngombeni,ngombeni,280,Ngombeni,79,22,CST,10797,5466,5331,2032,23.64,456.67
932,Pungu,pungu,280,Ngombeni,79,22,CST,4383,2231,2152,815,6.26,699.82
933,Mkoyo,mkoyo,281,Tiwi,79,22,CST,8773,4347,4426,1822,17.16,511.3
934,Simkumbe,simkumbe,281,Tiwi,79,22,CST,10636,5260,5376,2094,32.24,329.86
935,Kundutsi,kundutsi,282,Tsimba,79,22,CST,8372,3997,4375,1511,38.6,216.87
936,Mazumalume,mazumalume,282,Tsimba,79,22,CST,5806,2808,2998,999,31.46,184.56
937,Kitivo,kitivo,283,Waa,79,22,CST,5797,2847,2950,1242,15.65,370.42
938,Kombani,kombani,283,Waa,79,22,CST,4417,2219,2198,892,13.96,316.47
939,Matuga,matuga,283,Waa,79,22,CST,8850,4262,4588,1647,35.37,250.2
940,Shimba Hills Nat Rsv,shimba-hills-nat-rsv,284,Shimb Ahills Nat. Resv,80,22,CST,130,73,57,39,216.3,0.6
941,Langoni,langoni,285,Langoni,81,23,CST,9793,4901,4892,2281,2.96,3304.32
942,Kipungani,kipungani,286,Matondoni,81,23,CST,584,350,234,109,21.84,26.74
943,Matondoni,matondoni,286,Matondoni,81,23,CST,1675,844,831,377,15.17,110.41
944,Mkomani,mkomani,287,Mkomani,81,23,CST,7040,3565,3475,1620,4.94,1424.15
945,Manda,manda,288,Shella/Manda,81,23,CST,1092,681,411,371,37.48,29.13
946,Shella,shella,288,Shella/Manda,81,23,CST,2182,1201,981,514,17.25,126.49
947,Kwatini,kwatini,289,Faza,82,23,CST,1175,597,578,240,2.49,471.7
948,Kwatongani,kwatongani,289,Faza,82,23,CST,1311,652,659,275,7.87,166.57
949,Pate,pate,290,Pate,82,23,CST,2253,1104,1149,458,26.46,85.15
950,Shanga,shanga,291,Siyu,82,23,CST,659,339,320,113,6.46,101.99
951,Siyu,siyu,291,Siyu,82,23,CST,1170,610,560,250,29.13,40.16
952,Tchundwa,tchundwa,292,Tchundwa,82,23,CST,1778,910,868,305,6.77,262.79
953,Bargoni,bargoni,293,H/Magogoni,83,23,CST,2056,1192,864,366,805.65,2.55
954,Hindi,hindi,293,H/Magogoni,83,23,CST,5446,3124,2322,1187,262.64,20.74
955,Kilimani,kilimani,294,Mokowe,83,23,CST,634,363,271,137,33.16,19.12
956,Mokowe,mokowe,294,Mokowe,83,23,CST,2564,1342,1222,596,49.38,51.93
957,Mangai,mangai,295,Basuba,84,23,CST,252,116,136,47,350.27,0.72
958,Mararani,mararani,295,Basuba,84,23,CST,198,103,95,42,766.49,0.26
959,Milimani,milimani,295,Basuba,84,23,CST,602,323,279,108,591.96,1.02
960,Mkokoni,mkokoni,296,Kiunga,84,23,CST,663,361,302,118,160.49,4.13
961,Rubu/Mambore,rubu-mambore,296,Kiunga,84,23,CST,2203,1259,944,447,353.42,6.23
962,Kizingitini,kizingitini,297,Kizingitini,85,23,CST,3154,1573,1581,529,0.62,5096.14
963,Myabogi,myabogi,298,Mbwajumwali,85,23,CST,2024,977,1047,347,11.02,183.66
964,Kiwayuu,kiwayuu,299,Ndau,85,23,CST,545,286,259,115,4.73,115.17
965,Ndau,ndau,299,Ndau,85,23,CST,854,404,450,168,1.37,623.31
966,Bahari,bahari,300,Bahari,86,23,CST,3582,1857,1725,783,65.44,54.74
967,Tewe,tewe,300,Bahari,86,23,CST,2649,1435,1214,589,59.82,44.28
968,Bomani,bomani,301,Hongwe,86,23,CST,4278,2268,2010,1000,56.81,75.31
969,Hongwe,hongwe,301,Hongwe,86,23,CST,4819,2480,2339,1100,71.67,67.24
970,Mapenya,mapenya,302,Mapenya,86,23,CST,2178,1144,1034,438,15.59,139.74
971,Uziwa,uziwa,302,Mapenya,86,23,CST,2029,1045,984,417,20.18,100.53
972,Mkunumbi,mkunumbi,303,Mkunumbi,86,23,CST,6564,3580,2984,1638,1366.12,4.8
973,Central,central,304,Mpeketoni,86,23,CST,7016,3568,3448,1838,28.1,249.65
974,Kiongwe,kiongwe,304,Mpeketoni,86,23,CST,2459,1288,1171,527,17.36,141.63
975,Ndambwe,ndambwe,305,Ndambwe,86,23,CST,953,463,490,194,26.64,35.78
976,Chalaluma,chalaluma,306,Didewaride,87,23,CST,2245,1229,1016,428,27.54,81.51
977,Moa,moa,306,Didewaride,87,23,CST,3568,1814,1754,667,334.9,10.65
978,Pandanguo,pandanguo,307,Witu,87,23,CST,5166,2677,2489,1031,589.03,8.77
979,Witu,witu,307,Witu,87,23,CST,2126,1020,1106,414,23.89,89
980,Kisiki,kisiki,308,Chakama,88,24,CST,3408,1801,1607,625,1697.14,2.01
981,Makongeni,makongeni,308,Chakama,88,24,CST,4676,2338,2338,676,1304.68,3.58
982,Matolani,matolani,308,Chakama,88,24,CST,1681,844,837,286,1522.67,1.1
983,Girimacha,girimacha,309,Jilore,88,24,CST,1557,710,847,234,32.76,47.53
984,Jilore/Ziani,jilore-ziani,309,Jilore,88,24,CST,3100,1470,1630,484,245.52,12.63
985,Kakoneni,kakoneni,309,Jilore,88,24,CST,4491,2066,2425,709,35.6,126.17
986,Langobaya,langobaya,310,Langobaya,88,24,CST,4006,1940,2066,650,48.68,82.29
987,Makobeni,makobeni,310,Langobaya,88,24,CST,2097,1001,1096,322,53.14,39.46
988,Mkondoni,mkondoni,310,Langobaya,88,24,CST,2246,1052,1194,345,39.18,57.33
989,Malanga,malanga,311,Malanga,88,24,CST,4976,2299,2677,710,37.92,131.22
990,Fundissa,fundissa,312,Fundissa,89,24,CST,9901,4802,5099,1415,96.04,103.09
991,Marereni,marereni,312,Fundissa,89,24,CST,21591,10288,11303,3658,282.19,76.51
992,Gongoni,gongoni,313,Gongoni,89,24,CST,15198,7440,7758,2663,60.17,252.6
993,Ngomeni,ngomeni,313,Gongoni,89,24,CST,7641,3844,3797,1218,20.47,373.32
994,Shomella,shomella,313,Gongoni,89,24,CST,1857,890,967,252,55.27,33.6
995,Bomani,bomani,314,Magarini,89,24,CST,8133,3837,4296,1180,69.2,117.54
996,Mambrui,mambrui,314,Magarini,89,24,CST,16752,8281,8471,2646,54.35,308.2
997,Marikebuni,marikebuni,314,Magarini,89,24,CST,9300,4460,4840,1388,44.14,210.67
998,Pumwani,pumwani,314,Magarini,89,24,CST,6509,3076,3433,862,81.17,80.19
999,Ganda,ganda,315,Ganda,90,24,CST,4385,2162,2223,667,8.55,512.96
1000,Mere,mere,315,Ganda,90,24,CST,5720,2871,2849,778,9.97,573.69
1001,Msabaha,msabaha,315,Ganda,90,24,CST,7431,3695,3736,1125,16.47,451.19
1002,Dabaso,dabaso,316,Gede,90,24,CST,13047,6550,6497,2444,28.76,453.71
1003,Mida,mida,316,Gede,90,24,CST,6535,3159,3376,850,16.21,403.09
1004,Mijomboni,mijomboni,316,Gede,90,24,CST,5548,2744,2804,766,16.96,327.17
1005,Mkenge,mkenge,316,Gede,90,24,CST,4473,2216,2257,566,14.95,299.24
1006,Bura Magongoloni/ Mogotini,bura-magongoloni-mogotini,317,Goshi,90,24,CST,2277,1070,1207,374,9.51,239.33
1007,Kakuyuni,kakuyuni,317,Goshi,90,24,CST,4622,2204,2418,670,24.31,190.12
1008,Madunguni,madunguni,317,Goshi,90,24,CST,2578,1187,1391,361,10.5,245.55
1009,Malimo,malimo,317,Goshi,90,24,CST,5073,2474,2599,684,33.54,151.25
1010,Paziani,paziani,317,Goshi,90,24,CST,3415,1671,1744,468,14.09,242.33
1011,Barani,barani,318,Malindi,90,24,CST,32068,16157,15911,9234,11.85,2706.64
1012,Central,central,318,Malindi,90,24,CST,19186,9418,9768,4888,9.41,2039.11
1013,Kijiwetanga,kijiwetanga,318,Malindi,90,24,CST,15026,7456,7570,2007,19.69,763.13
1014,Sabaki,sabaki,318,Malindi,90,24,CST,16317,8500,7817,2742,36.88,442.45
1015,Shella,shella,318,Malindi,90,24,CST,43434,21477,21957,10895,16.17,2686.12
1016,Chembe Kibabamche,chembe-kibabamche,319,Watamu,90,24,CST,4331,2165,2166,590,23.28,186.02
1017,Jimba,jimba,319,Watamu,90,24,CST,6058,3058,3000,1270,18.31,330.77
1018,Mbaraka Chembe,mbaraka-chembe,319,Watamu,90,24,CST,5150,2561,2589,794,15.34,335.79
1019,Watamu,watamu,319,Watamu,90,24,CST,10443,5373,5070,2795,2.28,4577.45
1020,Adu,adu,320,Adu,91,24,CST,2851,1384,1467,401,52.86,53.93
1021,Kadzandani,kadzandani,320,Adu,91,24,CST,1929,917,1012,288,39.62,48.69
1022,Kamale,kamale,320,Adu,91,24,CST,1854,896,958,232,198.66,9.33
1023,Ramada,ramada,320,Adu,91,24,CST,5015,2462,2553,746,329.12,15.24
1024,Baricho,baricho,321,Bungale,91,24,CST,2593,1231,1362,378,80.16,32.35
1025,Dakacha,dakacha,321,Bungale,91,24,CST,8083,3996,4087,1282,449.6,17.98
1026,Gandini,gandini,321,Bungale,91,24,CST,1668,825,843,240,26.08,63.95
1027,Bate,bate,322,Dagamra,91,24,CST,4466,2052,2414,660,18.33,243.6
1028,Bura,bura,322,Dagamra,91,24,CST,3924,1809,2115,500,50.49,77.72
1029,Kaya,kaya,322,Dagamra,91,24,CST,1738,804,934,259,12.7,136.86
1030,Masindeni,masindeni,323,Garashi,91,24,CST,1673,832,841,251,11.44,146.25
1031,Mikuyuni,mikuyuni,323,Garashi,91,24,CST,2927,1355,1572,432,14.13,207.17
1032,Sigwaya,sigwaya,323,Garashi,91,24,CST,2073,1036,1037,305,52.91,39.18
1033,Bore,bore,324,Marafa,91,24,CST,4719,2295,2424,709,81.44,57.94
1034,Madina,madina,324,Marafa,91,24,CST,5214,2485,2729,814,91.31,57.1
1035,Mambassa,mambassa,324,Marafa,91,24,CST,3550,1695,1855,542,146.02,24.31
1036,Bamburi,bamburi,325,Bamburi,92,25,CST,24918,13373,11545,4831,12.34,2019.09
1037,Maunguja,maunguja,325,Bamburi,92,25,CST,1526,723,803,236,11.07,137.81
1038,Mwakirunge,mwakirunge,325,Bamburi,92,25,CST,7403,3599,3804,1267,31.32,236.35
1039,Mwembelengeza,mwembelengeza,325,Bamburi,92,25,CST,28803,14576,14227,8006,11.05,2607.69
1040,Shanzu,shanzu,325,Bamburi,92,25,CST,9264,4834,4430,2458,7.19,1287.95
1041,Ganjoni,ganjoni,326,Ganjoni,93,25,CST,10418,5018,5400,2583,2.17,4810.45
1042,Kizingo,kizingo,326,Ganjoni,93,25,CST,7163,3471,3692,1543,2.18,3292.43
1043,Majengo,majengo,327,Majengo,93,25,CST,30920,14943,15977,6933,1.45,21360.97
1044,Mwembe Tayari,mwembe-tayari,328,Mwembe Tayari,93,25,CST,7914,3816,4098,1806,0.62,12760.4
1045,Makadara,makadara,329,Old Town,93,25,CST,8656,4105,4551,1653,0.39,22206.26
1046,Mji wa Kale,mji-wa-kale,329,Old Town,93,25,CST,10056,4814,5242,1760,0.39,25646.52
1047,Railway,railway,330,Railway,93,25,CST,8388,4580,3808,2110,3.42,2449.91
1048,Bondeni,bondeni,331,Tononoka,93,25,CST,10157,5123,5034,1696,0.49,20737.04
1049,Tononoka,tononoka,331,Tononoka,93,25,CST,17356,8506,8850,3849,1.02,16992.36
1050,Tudor 4,tudor-4,332,Tudor,93,25,CST,14470,7155,7315,3436,1.72,8435.35
1051,Tudor Estate,tudor-estate,332,Tudor,93,25,CST,17630,9604,8026,5791,0.84,21053.26
1052,Junda,junda,333,Kisauni,94,25,CST,39432,20948,18484,11845,7.51,5248.5
1053,Kisauni,kisauni,333,Kisauni,94,25,CST,79811,39680,40131,22762,8.07,9894.87
1054,Magogoni,magogoni,333,Kisauni,94,25,CST,82718,42012,40706,23896,8.29,9983.83
1055,Kongowea,kongowea,334,Kongowea,94,25,CST,63993,34540,29453,19332,8.35,7659.61
1056,Maweni,maweni,334,Kongowea,94,25,CST,42187,22618,19569,12742,6.37,6626.92
1057,Bongwe,bongwe,335,Diani,95,26,CST,10822,5436,5386,2089,45.12,239.86
1058,Gombato,gombato,335,Diani,95,26,CST,24024,12171,11853,7138,10.58,2271.04
1059,Ukunda,ukunda,335,Diani,95,26,CST,38629,19897,18732,10687,25.05,1542.27
1060,Gazi,gazi,336,Kinondo,95,26,CST,4825,2542,2283,973,67.99,70.97
1061,Kinondo,kinondo,336,Kinondo,95,26,CST,18032,9395,8637,3676,83.68,215.48
1062,Malamba,malamba,337,Dzombo,96,26,CST,41509,19489,22020,6476,223.47,185.75
1063,Bumbani,bumbani,338,Kikoneni,96,26,CST,19558,9519,10039,3512,129.73,150.76
1064,Kasemeni,kasemeni,339,Lunga Lunga,96,26,CST,6078,3019,3059,1188,314.29,19.34
1065,Sega,sega,339,Lunga Lunga,96,26,CST,16036,7970,8066,3061,126.71,126.56
1066,Kilimangodo,kilimangodo,340,Mwereni,96,26,CST,14973,7256,7717,2490,1611.77,9.29
1067,Mwena,mwena,340,Mwereni,96,26,CST,13577,6282,7295,2400,114.33,118.76
1068,Jego,jego,341,Vanga,96,26,CST,6537,3131,3406,1161,41.11,159.03
1069,Kiwegu,kiwegu,341,Vanga,96,26,CST,9412,4546,4866,1586,80.76,116.54
1070,Vanga,vanga,341,Vanga,96,26,CST,4134,1973,2161,832,6.35,650.66
1071,Funzi,funzi,342,Kingwende Shirazi,97,26,CST,841,449,392,212,10.81,77.79
1072,Kingwede,kingwede,342,Kingwende Shirazi,97,26,CST,5182,2485,2697,987,11.27,459.86
1073,Shirazi,shirazi,342,Kingwende Shirazi,97,26,CST,4721,2421,2300,1030,38.88,121.44
1074,Mivumoni,mivumoni,343,Mivumoni,97,26,CST,10569,5357,5212,2082,99.94,105.75
1075,Milalani,milalani,344,Msambweni,97,26,CST,4732,2279,2453,956,18.52,255.55
1076,Vingujini,vingujini,344,Msambweni,97,26,CST,12662,6139,6523,2686,11.67,1084.55
1077,Majoreni,majoreni,345,Pongwe / Kidimo,97,26,CST,7657,3679,3978,1404,58.23,131.5
1078,Mzizima,mzizima,345,Pongwe / Kidimo,97,26,CST,8177,3999,4178,1598,72.52,112.75
1079,Shimoni,shimoni,345,Pongwe / Kidimo,97,26,CST,4069,2077,1992,965,19.63,207.3
1080,Wasini / Mkwiro,wasini-mkwiro,345,Pongwe / Kidimo,97,26,CST,1637,794,843,295,4.84,337.89
1081,Kironge / Mwakaleri,kironge-mwakaleri,346,Ronge Juu,98,27,CST,1418,661,757,312,10.75,131.9
1082,Kishau / Kiweto,kishau-kiweto,346,Ronge Juu,98,27,CST,1290,606,684,292,14.62,88.22
1083,Ndembony Baghau,ndembony-baghau,346,Ronge Juu,98,27,CST,835,402,433,205,3,278.17
1084,Ilole,ilole,347,Bura,99,27,CST,1634,680,954,370,4.87,335.61
1085,Mnamu,mnamu,347,Bura,99,27,CST,1508,735,773,384,6.92,217.9
1086,Mrughua,mrughua,347,Bura,99,27,CST,2282,1071,1211,556,7.64,298.63
1087,Nyolo,nyolo,347,Bura,99,27,CST,3288,1752,1536,1103,241.49,13.62
1088,Saghaighu,saghaighu,347,Bura,99,27,CST,1247,575,672,294,4.33,287.92
1089,Chawia,chawia,348,Chawia,99,27,CST,1814,883,931,445,5.75,315.7
1090,Wusi,wusi,348,Chawia,99,27,CST,3881,1870,2011,978,11.95,324.78
1091,Kidaya/ Ngerenyi,kidaya-ngerenyi,349,Kidaya/ Ngerenyi,99,27,CST,3849,1884,1965,858,7.71,499.27
1092,Kaya Ilole,kaya-ilole,350,Kishamba,99,27,CST,2156,1071,1085,551,7.75,278.05
1093,Kishamba,kishamba,350,Kishamba,99,27,CST,1849,907,942,429,5,369.87
1094,Mengo,mengo,350,Kishamba,99,27,CST,1946,1008,938,517,39.31,49.51
1095,Mwachawaza,mwachawaza,350,Kishamba,99,27,CST,1547,759,788,380,7.07,218.76
1096,Mruru/Maganga,mruru-maganga,351,Mwachabo,99,27,CST,2578,1163,1415,606,7.28,354.3
1097,Mwachabo,mwachabo,351,Mwachabo,99,27,CST,5711,3116,2595,1349,299.88,19.04
1098,Wumari/ Sechu,wumari-sechu,351,Mwachabo,99,27,CST,3974,2076,1898,1110,83.54,47.57
1099,Godoma,godoma,352,Mwakitau,99,27,CST,2700,1310,1390,727,86.58,31.18
1100,Mlughi/ Mwashuma,mlughi-mwashuma,352,Mwakitau,99,27,CST,1633,829,804,470,23.76,68.72
1101,Mwakitau,mwakitau,352,Mwakitau,99,27,CST,2593,1287,1306,662,550.65,4.71
1102,Modambogho,modambogho,353,Mwatate,99,27,CST,5380,2725,2655,1378,214.87,25.04
1103,Mwatate,mwatate,353,Mwatate,99,27,CST,6339,3189,3150,1715,9.21,688.27
1104,Sembe,sembe,353,Mwatate,99,27,CST,2789,1530,1259,957,118.92,23.45
1105,Tsavo West,tsavo-west,354,National Park,100,27,CST,2657,2032,625,933,3668.11,0.72
1106,Buguta,buguta,355,Kasigau,101,27,CST,6874,3162,3712,1197,115.19,59.68
1107,Makwasini,makwasini,355,Kasigau,101,27,CST,2847,1427,1420,606,436.24,6.53
1108,Rukanga,rukanga,355,Kasigau,101,27,CST,3965,2195,1770,942,1102.29,3.6
1109,Maungu,maungu,356,Marungu,101,27,CST,7608,3806,3802,1686,118.69,64.1
1110,Miasenyi,miasenyi,356,Marungu,101,27,CST,1409,769,640,322,703.88,2
1111,Mraru,mraru,357,Mbololo,102,27,CST,5806,2877,2929,1413,60.3,96.28
1112,Tausa,tausa,357,Mbololo,102,27,CST,2831,1426,1405,748,32.92,86.01
1113,Ghazi,ghazi,358,Ngolia,102,27,CST,3073,1550,1523,754,90.8,33.84
1114,Ndome,ndome,358,Ngolia,102,27,CST,2846,1438,1408,723,68.02,41.84
1115,Wongonyi,wongonyi,358,Ngolia,102,27,CST,1956,965,991,500,17.66,110.76
1116,Kighombo,kighombo,359,Ronge,102,27,CST,2040,1008,1032,513,21.91,93.1
1117,Msau-Rahai,msau-rahai,359,Ronge,102,27,CST,1171,640,531,277,9.62,121.73
1118,Ronge Nyika,ronge-nyika,359,Ronge,102,27,CST,2105,1099,1006,528,33.19,63.43
1119,Tsavo East Nat. Park,tsavo-east-nat-park,360,Nat. Park,103,27,CST,954,699,255,401,4106.14,0.23
1120,Kishamba,kishamba,361,Sagalla,104,27,CST,2959,1501,1458,722,156.29,18.93
1121,Ndara,ndara,361,Sagalla,104,27,CST,3073,1547,1526,805,70.5,43.59
1122,Talio,talio,361,Sagalla,104,27,CST,2267,1127,1140,521,153.44,14.77
1123,Teri,teri,361,Sagalla,104,27,CST,2517,1210,1307,708,44.61,56.42
1124,Kaloleni,kaloleni,362,Voi,104,27,CST,20418,10998,9420,5119,77.93,262.01
1125,Mwangea,mwangea,362,Voi,104,27,CST,17354,8687,8667,5003,20.31,854.6
1126,Kishushe,kishushe,363,Kishushe,105,27,CST,3617,1973,1644,971,379.8,9.52
1127,Paranga,paranga,363,Kishushe,105,27,CST,1713,878,835,467,100.13,17.11
1128,Choke,choke,364,Mbale,105,27,CST,1168,567,601,279,7.48,156.12
1129,Mbale Central,mbale-central,364,Mbale,105,27,CST,1495,731,764,390,4.01,372.99
1130,Mlechi,mlechi,364,Mbale,105,27,CST,1206,586,620,301,10.04,120.15
1131,Mogho,mogho,364,Mbale,105,27,CST,1360,667,693,307,3.28,414.31
1132,Lushangonyi,lushangonyi,365,Mgange,105,27,CST,1982,1000,982,438,3.48,569.87
1133,Mgange Nyika,mgange-nyika,365,Mgange,105,27,CST,2489,1180,1309,621,4.68,531.99
1134,Mgange/ Dawida,mgange-dawida,365,Mgange,105,27,CST,3461,1648,1813,788,6.27,551.75
1135,Mwaroko,mwaroko,365,Mgange,105,27,CST,1565,761,804,381,40.01,39.11
1136,Kishamba,kishamba,366,Mwanda,105,27,CST,2034,1050,984,614,29.37,69.25
1137,Njawuli,njawuli,366,Mwanda,105,27,CST,1791,851,940,481,21.03,85.17
1138,Marumamge,marumamge,367,Werugha,105,27,CST,1100,584,516,254,2.07,530.27
1139,Mlondo,mlondo,367,Werugha,105,27,CST,1485,748,737,330,2.94,505.1
1140,Shaghasa,shaghasa,367,Werugha,105,27,CST,2567,1280,1287,603,16.51,155.5
1141,Werugha,werugha,367,Werugha,105,27,CST,3524,1782,1742,808,5.69,619.4
1142,Mgambonyi,mgambonyi,368,Wumingu,105,27,CST,2030,1008,1022,460,7.93,255.93
1143,Mwarungu,mwarungu,368,Wumingu,105,27,CST,1779,872,907,402,6.53,272.32
1144,Nyache,nyache,368,Wumingu,105,27,CST,3008,1459,1549,713,18.68,161.03
1145,Wumingu,wumingu,368,Wumingu,105,27,CST,2208,1101,1107,480,12.06,183.14
1146,Mteni,mteni,369,Wundanyi,105,27,CST,3917,2040,1877,1115,2.54,1541.88
1147,Shigharo,shigharo,369,Wundanyi,105,27,CST,2765,1422,1343,666,6.47,427.33
1148,Sungululu,sungululu,369,Wundanyi,105,27,CST,2922,1405,1517,685,2.98,980.7
1149,Wundanyi,wundanyi,369,Wundanyi,105,27,CST,4835,2470,2365,1109,7.28,664.08
1150,Assa,assa,370,Assa,106,28,CST,482,209,273,97,2385.8,0.2
1151,Kone,kone,370,Assa,106,28,CST,1050,509,541,214,4325.99,0.24
1152,Onjira,onjira,370,Assa,106,28,CST,51,22,29,16,2013.68,0.03
1153,Chira,chira,371,Bilisa,106,28,CST,2246,1059,1187,461,144.73,15.52
1154,Garsen,garsen,371,Bilisa,106,28,CST,6887,3409,3478,1438,289.71,23.77
1155,Danisa,danisa,372,Galili,106,28,CST,1820,836,984,332,54.57,33.35
1156,Dumi,dumi,372,Galili,106,28,CST,2614,1337,1277,494,35.21,74.23
1157,Galili,galili,372,Galili,106,28,CST,5187,2638,2549,975,75.53,68.68
1158,Benderani,benderani,373,Mwina,106,28,CST,2283,1191,1092,396,72.22,31.61
1159,Mikameni,mikameni,373,Mwina,106,28,CST,1831,912,919,349,89.64,20.43
1160,Sera,sera,373,Mwina,106,28,CST,2224,1089,1135,455,540.46,4.12
1161,Baomo,baomo,374,Ndera,106,28,CST,2570,1207,1363,505,716.91,3.58
1162,Mnazini,mnazini,374,Ndera,106,28,CST,3852,1845,2007,751,55.73,69.12
1163,Wema,wema,375,Salama,106,28,CST,4741,2381,2360,911,110.51,42.9
1164,Dalu,dalu,376,Shirikisho,106,28,CST,2494,1219,1275,442,196.23,12.71
1165,Idsowe,idsowe,376,Shirikisho,106,28,CST,3014,1480,1534,619,70.91,42.5
1166,Kau,kau,377,Kilelengwani,107,28,CST,3745,1887,1858,746,65.7,57
1167,Kilelengwani,kilelengwani,377,Kilelengwani,107,28,CST,2619,1304,1315,443,32.95,79.48
1168,Kipini,kipini,378,Kipini,107,28,CST,4173,2113,2060,801,28.1,148.49
1169,Matangeni,matangeni,378,Kipini,107,28,CST,7202,3665,3537,1364,184.6,39.01
1170,Mpeketoni,mpeketoni,379,Ozi,107,28,CST,652,359,293,140,45.99,14.18
1171,Ozi,ozi,379,Ozi,107,28,CST,1186,585,601,249,16.99,69.8
1172,Chamwana Muma,chamwana-muma,380,Chara,108,28,CST,3313,1707,1606,578,68.11,48.64
1173,Semi Karo,semi-karo,380,Chara,108,28,CST,1735,900,835,314,48.32,35.91
1174,Kipao,kipao,381,Kipao,108,28,CST,4260,2195,2065,825,47.02,90.6
1175,Ongonyo,ongonyo,381,Kipao,108,28,CST,971,537,434,172,22.81,42.58
1176,Kikomo,kikomo,382,Kone Mansa,108,28,CST,1410,855,555,277,87.46,16.12
1177,Odole,odole,382,Kone Mansa,108,28,CST,2484,1423,1061,497,92.33,26.9
1178,Golbanti,golbanti,383,Ngao,108,28,CST,810,405,405,166,6.43,125.97
1179,Ngao,ngao,383,Ngao,108,28,CST,2168,1109,1059,440,11.49,188.7
1180,Tarasaa,tarasaa,383,Ngao,108,28,CST,2834,1449,1385,570,110.81,25.57
1181,Handaraku,handaraku,384,Wachu Oda,108,28,CST,4316,2096,2220,812,129.44,33.34
1182,Kurawa,kurawa,384,Wachu Oda,108,28,CST,4741,2402,2339,1017,175.87,26.96
1183,Oda,oda,384,Wachu Oda,108,28,CST,4699,2366,2333,924,202.33,23.22
1184,Tsavo East Park,tsavo-east-park,385,Tsavo East Park,109,28,CST,0,0,0,0,3059.46,0
1185,Bangale,bangale,386,Bangale,110,29,CST,7166,3531,3635,1365,3692.55,1.94
1186,Buwa,buwa,387,Buwa,110,29,CST,3225,1668,1557,586,268.07,12.03
1187,Korati,korati,387,Buwa,110,29,CST,2803,1418,1385,541,154.94,18.09
1188,Boka,boka,388,Kamaguru,110,29,CST,3257,1690,1567,607,160.58,20.28
1189,Kamaguru,kamaguru,388,Kamaguru,110,29,CST,1909,1039,870,350,1312.87,1.45
1190,Odowani,odowani,388,Kamaguru,110,29,CST,1773,920,853,289,102.81,17.24
1191,Asako,asako,389,Mbalambala,110,29,CST,2420,1210,1210,452,230.22,10.51
1192,Pamba,pamba,389,Mbalambala,110,29,CST,742,359,383,141,43.26,17.15
1193,Biskidera,biskidera,390,Bura,111,29,CST,3717,1848,1869,775,113.66,32.7
1194,Meti,meti,390,Bura,111,29,CST,8268,4098,4170,1749,193.22,42.79
1195,Chewele,chewele,391,Chewele,111,29,CST,2569,1202,1367,444,141.98,18.09
1196,Wadesa,wadesa,391,Chewele,111,29,CST,3011,1433,1578,591,158.59,18.99
1197,Halo,halo,392,Hirimani,111,29,CST,1211,614,597,249,277.08,4.37
1198,Hirimani,hirimani,392,Hirimani,111,29,CST,1498,828,670,231,1837.49,0.82
1199,Walesorhea,walesorhea,392,Hirimani,111,29,CST,689,354,335,137,651.96,1.06
1200,Dukanotu,dukanotu,393,Nanighi,111,29,CST,4312,2232,2080,861,1320.43,3.27
1201,Nanighi,nanighi,393,Nanighi,111,29,CST,6511,3201,3310,1204,679.4,9.58
1202,Chewani,chewani,394,Chewani,112,29,CST,2733,1324,1409,517,58.08,47.06
1203,Hola Mission,hola-mission,394,Chewani,112,29,CST,2712,1280,1432,600,3.56,761.31
1204,Chifiri,chifiri,395,Chifiri,112,29,CST,1068,527,541,207,1877.7,0.57
1205,Hakoka,hakoka,395,Chifiri,112,29,CST,955,454,501,200,1433.36,0.67
1206,Dayate,dayate,396,Kalkacha,112,29,CST,1113,491,622,254,85.75,12.98
1207,Haroresa,haroresa,396,Kalkacha,112,29,CST,1179,565,614,247,761.45,1.55
1208,Kalkacha,kalkacha,396,Kalkacha,112,29,CST,1203,674,529,257,134.99,8.91
1209,Kiarikungu,kiarikungu,397,Kiarikungu,112,29,CST,707,355,352,143,9.31,75.96
1210,Matanya,matanya,397,Kiarikungu,112,29,CST,456,224,232,95,36.22,12.59
1211,Bubu,bubu,398,Makere,112,29,CST,1388,663,725,270,51.37,27.02
1212,Ghorei,ghorei,398,Makere,112,29,CST,1399,659,740,267,50.52,27.69
1213,Masabubu,masabubu,399,Masabubu,112,29,CST,1224,553,671,234,55.45,22.07
1214,Rhoka,rhoka,399,Masabubu,112,29,CST,1222,566,656,231,86.73,14.09
1215,Lenda,lenda,400,Mikinduni,112,29,CST,2183,1066,1117,399,58.64,37.23
1216,Mikinduni,mikinduni,400,Mikinduni,112,29,CST,2754,1333,1421,527,35.41,77.77
1217,Bohoni,bohoni,401,Milalulu,112,29,CST,1460,705,755,282,49.43,29.54
1218,Laini,laini,401,Milalulu,112,29,CST,1919,929,990,390,61.79,31.06
1219,Titila,titila,402,Waldena,112,29,CST,1794,864,930,377,1224.71,1.46
1220,Waldena,waldena,402,Waldena,112,29,CST,4317,2130,2187,897,975.27,4.43
1221,Wayu,wayu,403,Wayu,112,29,CST,4214,1997,2217,783,2009.84,2.1
1222,Hola,hola,404,Zubaki,112,29,CST,2026,1092,934,460,11.25,180.14
1223,Kibuyu,kibuyu,404,Zubaki,112,29,CST,6955,3344,3611,1554,17.73,392.35
1224,Madogo,madogo,405,Madogo,113,29,CST,10730,5330,5400,2201,404.84,26.5
1225,Maramtu,maramtu,405,Madogo,113,29,CST,1694,827,867,351,194.41,8.71
1226,Mororo,mororo,406,Mororo,113,29,CST,5094,2822,2272,1351,11.63,438.13
1227,Ziwani,ziwani,406,Mororo,113,29,CST,521,265,256,93,12.96,40.19
1228,Konoramadha,konoramadha,407,Saka,113,29,CST,2500,1300,1200,499,409.57,6.1
1229,Mulanjo,mulanjo,407,Saka,113,29,CST,3864,1972,1892,812,369.38,10.46
1230,Sala,sala,408,Sala,113,29,CST,1621,789,832,316,217.32,7.46
1231,Sombo,sombo,408,Sala,113,29,CST,1440,736,704,292,232.31,6.2
1232,Hara,hara,409,Gwano,114,29,CST,1312,638,674,263,99.94,13.13
1233,Maroni,maroni,409,Gwano,114,29,CST,915,439,476,157,28.17,32.48
1234,Wenje,wenje,409,Gwano,114,29,CST,1649,787,862,312,73.32,22.49
1235,Bububu,bububu,410,Jamuhuri,114,29,CST,2664,1342,1322,509,50.52,52.73
1236,Majengo,majengo,411,Kinakomba,114,29,CST,2501,1217,1284,443,47.01,53.2
1237,Masalani,masalani,411,Kinakomba,114,29,CST,1211,588,623,207,82.17,14.74
1238,Gafuru,gafuru,412,Mazuni,114,29,CST,1043,466,577,222,49.85,20.92
1239,Mazuni,mazuni,412,Mazuni,114,29,CST,513,246,267,95,17.65,29.07
1240,Mkomani,mkomani,412,Mazuni,114,29,CST,649,311,338,109,13.96,46.49
1241,Bondeni,bondeni,413,Ndura,114,29,CST,2004,954,1050,359,15.59,128.55
1242,Handampia,handampia,413,Ndura,114,29,CST,1424,684,740,270,64.63,22.03
1243,Mahoo,mahoo,414,Bomani,115,30,CST,3196,1578,1618,813,7.28,438.75
1244,Malukiloriti,malukiloriti,414,Bomani,115,30,CST,1538,753,785,358,12.3,125.03
1245,Mboghoni,mboghoni,415,Bomeni,115,30,CST,8382,4241,4141,2384,14.25,588.36
1246,Njoro,njoro,415,Bomeni,115,30,CST,2400,1254,1146,609,6.62,362.79
1247,Eldoro,eldoro,416,Kimorigo,115,30,CST,4323,2212,2111,967,26.46,163.36
1248,Kimorigo,kimorigo,416,Kimorigo,115,30,CST,1939,1055,884,418,37.41,51.83
1249,Kitobo,kitobo,417,Kitobo,115,30,CST,3801,1994,1807,839,33.81,112.42
1250,Mrabani,mrabani,417,Kitobo,115,30,CST,2203,1234,969,510,57.27,38.46
1251,Lesesia,lesesia,418,Ngarashi,115,30,CST,1155,591,564,217,9.31,124.01
1252,Mjini,mjini,418,Ngarashi,115,30,CST,8982,4613,4369,2544,2.89,3108.5
1253,Challa,challa,419,Challa,116,30,CST,5006,2661,2345,1243,106.9,46.83
1254,Mahandakini,mahandakini,419,Challa,116,30,CST,2966,1550,1416,567,28.35,104.64
1255,Nakruto,nakruto,419,Challa,116,30,CST,1261,628,633,263,14.51,86.89
1256,Chumvini,chumvini,420,Njukini,116,30,CST,2880,1483,1397,543,11.92,241.66
1257,Lumi,lumi,420,Njukini,116,30,CST,2443,1260,1183,510,26.25,93.06
1258,Njukini,njukini,420,Njukini,116,30,CST,4770,2477,2293,989,33.94,140.52
1259,Kimala,kimala,421,Jipe,117,30,CST,3608,1855,1753,911,12.61,286.16
1260,Mata,mata,421,Jipe,117,30,CST,4549,2413,2136,1088,166.81,27.27
1261,Msengoni,msengoni,422,Timbila,117,30,CST,1149,555,594,288,8.04,142.83
1262,Ndilindau,ndilindau,422,Timbila,117,30,CST,954,498,456,213,9.19,103.78
1263,Tsavo West,tsavo-west,423,National Park,118,30,CST,160,114,46,84,2875.74,0.06
1264,Balesa,balesa,424,Balesa Ririba,119,31,EST,3796,1922,1874,760,1299.68,2.92
1265,El-Hadi,el-hadi,424,Balesa Ririba,119,31,EST,2485,1549,936,429,956.11,2.6
1266,Sabarei,sabarei,425,Balesa Saru,119,31,EST,4350,2953,1397,1098,2756.62,1.58
1267,Dukana,dukana,426,Dukana,119,31,EST,7997,4152,3845,1594,1785.62,4.48
1268,Elle- Borr,elle-borr,427,Hurri Hills,120,31,EST,61,54,7,7,436.5,0.14
1269,Forolle,forolle,427,Hurri Hills,120,31,EST,1526,849,677,291,440.43,3.46
1270,Hurri Hills,hurri-hills,427,Hurri Hills,120,31,EST,2421,1229,1192,534,1342.69,1.8
1271,El-Gade,el-gade,428,Kalacha,120,31,EST,1972,1021,951,433,1789.12,1.1
1272,Kalacha,kalacha,428,Kalacha,120,31,EST,5992,3160,2832,1318,818.68,7.32
1273,Maikona,maikona,429,Maikona,120,31,EST,6324,3368,2956,1208,4743.96,1.33
1274,Medate Kuro,medate-kuro,429,Maikona,120,31,EST,929,476,453,199,293.4,3.17
1275,Chari Gollo,chari-gollo,430,Galas,121,31,EST,1580,1096,484,318,1168.69,1.35
1276,Galas,galas,430,Galas,121,31,EST,3480,2043,1437,531,1186.24,2.93
1277,Illeret,illeret,431,Illeret,121,31,EST,9790,5255,4535,1527,4041.52,2.42
1278,Darate,darate,432,North Horr,121,31,EST,1995,1476,519,514,2617.93,0.76
1279,Malabot,malabot,432,North Horr,121,31,EST,1757,942,815,391,531.98,3.3
1280,North Horr,north-horr,432,North Horr,121,31,EST,8405,4179,4226,1883,2218.03,3.79
1281,Bubisa,bubisa,433,Bubisa,122,31,EST,4811,2536,2275,1285,3651.56,1.32
1282,Shura,shura,434,Shura,122,31,EST,1204,696,508,308,4144.43,0.29
1283,Burgabo,burgabo,435,Turbi,122,31,EST,2287,1256,1031,477,2568.4,0.89
1284,Turbi,turbi,435,Turbi,122,31,EST,2034,1106,928,481,456.45,4.46
1285,Gatituri,gatituri,436,Mbeti North,123,32,EST,5875,3005,2870,1604,11.46,512.8
1286,Itabua,itabua,436,Mbeti North,123,32,EST,8228,4121,4107,2086,28.53,288.43
1287,Kiangima,kiangima,436,Mbeti North,123,32,EST,4345,2096,2249,1118,6.12,709.8
1288,Dallas/Stadium,dallas-stadium,437,Municipality,123,32,EST,18767,9168,9599,6901,3.42,5480.54
1289,Kamiu,kamiu,437,Municipality,123,32,EST,15020,7524,7496,4810,6.52,2305.45
1290,Njukiri,njukiri,437,Municipality,123,32,EST,4615,2196,2419,1373,8.87,520.52
1291,Nthambo,nthambo,437,Municipality,123,32,EST,4290,1925,2365,901,4.63,925.75
1292,Kathanjuri,kathanjuri,438,Kyeni Central,124,32,EST,4464,2203,2261,1175,6.22,717.78
1293,Nyagari,nyagari,438,Kyeni Central,124,32,EST,2489,1252,1237,724,5.2,478.72
1294,Kigumo,kigumo,439,Kyeni East,124,32,EST,5568,2722,2846,1455,9.17,607.1
1295,Mukuria,mukuria,439,Kyeni East,124,32,EST,2368,1202,1166,600,8.04,294.54
1296,Mufu,mufu,440,Kyeni N. West,124,32,EST,5036,2263,2773,1246,7.14,705.19
1297,Njeruri,njeruri,440,Kyeni N. West,124,32,EST,2922,1465,1457,732,4.27,684.68
1298,Rukuriri,rukuriri,440,Kyeni N. West,124,32,EST,3437,1638,1799,918,3.31,1037.84
1299,Iriari,iriari,441,Kyeni N.East,124,32,EST,3390,1677,1713,911,5.05,670.76
1300,Kathari,kathari,441,Kyeni N.East,124,32,EST,3619,1763,1856,1039,4.92,735.72
1301,Kiangungi,kiangungi,441,Kyeni N.East,124,32,EST,3142,1574,1568,824,4.48,700.7
1302,Kariru,kariru,442,Kyeni South,124,32,EST,4618,2409,2209,1163,15.03,307.34
1303,Kasafari,kasafari,442,Kyeni South,124,32,EST,1356,674,682,320,8.97,151.2
1304,Kathunguri,kathunguri,442,Kyeni South,124,32,EST,2095,1059,1036,537,5.18,404.44
1305,Kirurumo,kirurumo,442,Kyeni South,124,32,EST,4480,2209,2271,1200,13.43,333.49
1306,Itonguri,itonguri,443,Gaturi North,125,32,EST,4159,1987,2172,1191,5.14,809.36
1307,Kavutiri,kavutiri,443,Gaturi North,125,32,EST,4239,2040,2199,1086,6.69,633.46
1308,Kianjuki,kianjuki,443,Gaturi North,125,32,EST,4494,2216,2278,1165,6.66,675.04
1309,Nguviu,nguviu,444,Kathangariri,125,32,EST,5862,2883,2979,1552,10.26,571.5
1310,Ruguma,ruguma,444,Kathangariri,125,32,EST,3339,1680,1659,824,4.64,719.22
1311,Gicherori,gicherori,445,Kibugu,125,32,EST,4424,2244,2180,1197,5.74,770.3
1312,Kibugu,kibugu,445,Kibugu,125,32,EST,2855,1440,1415,740,4.81,593.78
1313,Ngerwe,ngerwe,445,Kibugu,125,32,EST,2808,1376,1432,714,5.34,525.5
1314,Mbuvore,mbuvore,446,Mbuvore,125,32,EST,9223,4540,4683,2149,12.98,710.61
1315,Kamviu,kamviu,447,Ngandori East,125,32,EST,2143,1058,1085,581,3.25,659.36
1316,Kariari,kariari,447,Ngandori East,125,32,EST,2107,1032,1075,603,2.25,934.91
1317,Kirigi,kirigi,447,Ngandori East,125,32,EST,3310,1639,1671,926,4.38,755.74
1318,Manyatta,manyatta,447,Ngandori East,125,32,EST,3033,1375,1658,743,3.31,915.46
1319,Rianjagi,rianjagi,447,Ngandori East,125,32,EST,2407,1166,1241,647,3.1,775.38
1320,Kairuri,kairuri,448,Ngandori West,125,32,EST,3019,1469,1550,789,5,603.25
1321,Kathangari,kathangari,448,Ngandori West,125,32,EST,1887,984,903,511,3.23,584.03
1322,Kithungururu,kithungururu,448,Ngandori West,125,32,EST,2626,1326,1300,658,3.48,755.23
1323,Mukangu,mukangu,448,Ngandori West,125,32,EST,2507,1239,1268,651,4.56,549.4
1324,Kiamwinja,kiamwinja,449,Ruguru,125,32,EST,1055,527,528,264,1.67,631.02
1325,Kiriari,kiriari,449,Ruguru,125,32,EST,3414,1623,1791,912,5.76,592.19
1326,Kithunguriri,kithunguriri,449,Ruguru,125,32,EST,2902,1390,1512,739,5.9,491.63
1327,Mukuria,mukuria,449,Ruguru,125,32,EST,2028,999,1029,489,3.48,582.22
1328,Mt. Kenya Forest,mt-kenya-forest,450,Mt. Kenya Forest,126,32,EST,0,0,0,0,202.81,0
1329,Ena East,ena-east,451,Gaturi South,127,32,EST,3301,1621,1680,801,5.65,583.91
1330,Gatunduri,gatunduri,451,Gaturi South,127,32,EST,5664,2865,2799,1476,9.04,626.75
1331,Nembure,nembure,451,Gaturi South,127,32,EST,4579,2233,2346,1189,7.42,617.49
1332,Ena West,ena-west,452,Kithimu,127,32,EST,2004,954,1050,507,3.59,558.89
1333,Kithegi,kithegi,452,Kithimu,127,32,EST,6650,3292,3358,1648,22.45,296.18
1334,Kithimu,kithimu,452,Kithimu,127,32,EST,10345,5083,5262,2614,20.56,503.15
1335,Kevote,kevote,453,Makengi,127,32,EST,6004,2932,3072,1568,11.06,542.82
1336,Makengi,makengi,453,Makengi,127,32,EST,5502,2748,2754,1400,7.89,697.42
1337,Gichera,gichera,454,Kagaari East,128,32,EST,5563,2739,2824,1478,14.15,393.08
1338,Kiringa,kiringa,454,Kagaari East,128,32,EST,3517,1800,1717,852,24.62,142.87
1339,Kamugere,kamugere,455,Kagaari N. West,128,32,EST,1108,534,574,283,2.84,390.06
1340,Kianjokoma,kianjokoma,455,Kagaari N. West,128,32,EST,4303,2126,2177,1164,6.99,615.36
1341,Mbuinjeru,mbuinjeru,455,Kagaari N. West,128,32,EST,4026,1915,2111,1039,6.69,602.23
1342,Mugui,mugui,455,Kagaari N. West,128,32,EST,4295,2121,2174,1145,7.19,597.07
1343,Kanja North,kanja-north,456,Kagaari N.East,128,32,EST,3473,1661,1812,935,5.3,655.23
1344,Kanja South,kanja-south,456,Kagaari N.East,128,32,EST,3217,1562,1655,882,5.77,557.67
1345,Mukuuri,mukuuri,456,Kagaari N.East,128,32,EST,1908,897,1011,502,3.38,564.6
1346,Nduuri,nduuri,456,Kagaari N.East,128,32,EST,2622,1310,1312,649,5.62,466.36
1347,Kawanjara,kawanjara,457,Kagaari S.West,128,32,EST,3837,1922,1915,981,7.32,524.01
1348,Maranga,maranga,457,Kagaari S.West,128,32,EST,1685,907,778,428,11.72,143.75
1349,Nthagayia,nthagayia,457,Kagaari S.West,128,32,EST,5824,2855,2969,1431,20.49,284.21
1350,Gichiche,gichiche,458,Runyenjes East,128,32,EST,5678,2700,2978,1569,8.6,660.22
1351,Kigaa,kigaa,458,Runyenjes East,128,32,EST,6549,3266,3283,1773,9.48,690.82
1352,Gikuuri,gikuuri,459,Runyenjes West,128,32,EST,5378,2639,2739,1387,5.49,979.46
1353,Gitare,gitare,459,Runyenjes West,128,32,EST,3212,1623,1589,870,4.3,746.21
1354,Mbiruri,mbiruri,459,Runyenjes West,128,32,EST,2783,1360,1423,799,3.48,800.56
1355,Garbatulla North,garbatulla-north,460,Garbatulla,129,33,EST,3733,1962,1771,806,604,6.18
1356,Garbatulla South,garbatulla-south,460,Garbatulla,129,33,EST,5066,2845,2221,1082,2283.96,2.22
1357,Garfasa,garfasa,461,Garfasa,129,33,EST,2947,1438,1509,651,206.25,14.29
1358,Muchuro,muchuro,461,Garfasa,129,33,EST,1440,708,732,314,280.26,5.14
1359,Malkadaka,malkadaka,462,Malkadaka,129,33,EST,3215,1718,1497,645,446.91,7.19
1360,Bibi-Duse,bibi-duse,463,Kinna,130,33,EST,1218,700,518,275,267.6,4.55
1361,Kinna,kinna,463,Kinna,130,33,EST,6171,3099,3072,1203,320.8,19.24
1362,Kula Mawe,kula-mawe,464,Kula Mawe,130,33,EST,3093,1588,1505,633,501.47,6.17
1363,Modoyaka,modoyaka,464,Kula Mawe,130,33,EST,1089,645,444,240,494.39,2.2
1364,Korbesa,korbesa,465,Rapsu,130,33,EST,1769,1316,453,330,512.56,3.45
1365,Rapsu,rapsu,465,Rapsu,130,33,EST,1278,776,502,236,84.29,15.16
1366,Eldera,eldera,466,Eldera,131,33,EST,653,377,276,135,452.75,1.44
1367,Quri,quri,466,Eldera,131,33,EST,719,463,256,134,410.47,1.75
1368,Badana Garadida,badana-garadida,467,Iresa Boru,131,33,EST,1021,621,400,255,389.61,2.62
1369,Iresa Boru,iresa-boru,467,Iresa Boru,131,33,EST,1971,1014,957,421,643.54,3.06
1370,Modogashe North,modogashe-north,468,Modogashe,131,33,EST,570,299,271,132,455.77,1.25
1371,Modogashe South,modogashe-south,468,Modogashe,131,33,EST,2382,1170,1212,472,868.03,2.74
1372,Gubatu,gubatu,469,Sericho,131,33,EST,1170,673,497,224,262.25,4.46
1373,Sericho,sericho,469,Sericho,131,33,EST,3613,1902,1711,675,333.99,10.82
1374,Anchenge,anchenge,470,Antubochiu,132,34,EST,3061,1509,1552,667,1.6,1918.76
1375,Buriemaria,buriemaria,470,Antubochiu,132,34,EST,3908,1943,1965,902,3.16,1235.5
1376,Itumi,itumi,471,Kanthiari,132,34,EST,5471,2664,2807,1167,4.77,1146.94
1377,Kinyanka,kinyanka,471,Kanthiari,132,34,EST,4828,2378,2450,1022,8.99,536.84
1378,Mboone,mboone,472,Kiegoi,132,34,EST,3185,1561,1624,642,4.25,748.94
1379,Ngundune,ngundune,472,Kiegoi,132,34,EST,3791,1847,1944,783,10.26,369.48
1380,Ankurani,ankurani,473,Kithetu,132,34,EST,1359,689,670,257,1.07,1265.36
1381,Kathima,kathima,473,Kithetu,132,34,EST,1527,766,761,334,2.38,642.16
1382,Kithaene,kithaene,473,Kithetu,132,34,EST,2510,1233,1277,550,1.41,1785.59
1383,Giteretu,giteretu,474,Luluma,132,34,EST,2536,1270,1266,556,1.64,1549.93
1384,Makiri,makiri,474,Luluma,132,34,EST,5505,2610,2895,1696,2.06,2670.26
1385,Amwathi,amwathi,475,Maua,132,34,EST,4064,1979,2085,1008,2.79,1456.32
1386,Gitura,gitura,475,Maua,132,34,EST,1690,814,876,337,1.6,1057.9
1387,Kaibu,kaibu,475,Maua,132,34,EST,11467,5474,5993,3362,2.08,5518.82
1388,A / Njuone,a-njuone,476,Kiengu,133,34,EST,4773,2434,2339,1040,3.43,1391.34
1389,Amaku,amaku,476,Kiengu,133,34,EST,5978,3011,2967,1283,4.28,1398.23
1390,Kalingene,kalingene,476,Kiengu,133,34,EST,5237,2600,2637,1225,9.6,545.69
1391,Andiala,andiala,477,Miori,133,34,EST,3330,1651,1679,698,2.57,1294.06
1392,Kaurine,kaurine,477,Miori,133,34,EST,4573,2225,2348,993,11.18,408.94
1393,Nthare,nthare,477,Miori,133,34,EST,2606,1341,1265,509,3.36,774.88
1394,Kanjoo,kanjoo,478,Nguyuyu,133,34,EST,6521,3425,3096,1629,20.28,321.49
1395,Kitheo,kitheo,478,Nguyuyu,133,34,EST,5209,2746,2463,1214,2.81,1854.46
1396,Nthambiro,nthambiro,478,Nguyuyu,133,34,EST,6262,3266,2996,1465,13.62,459.65
1397,Burieruri,burieruri,479,Antubeiga,134,34,EST,8940,4410,4530,1815,4.23,2113.58
1398,Rungu,rungu,479,Antubeiga,134,34,EST,3796,1882,1914,808,1.77,2143.42
1399,Kalimbene,kalimbene,480,Kangeta,134,34,EST,3429,1702,1727,705,6.85,500.34
1400,Kangeta,kangeta,480,Kangeta,134,34,EST,8634,4574,4060,1615,8.35,1033.49
1401,Meru North National Park,meru-north-national-park,481,Meru North National Park,134,34,EST,444,290,154,185,880.25,0.5
1402,Liburu,liburu,482,Mukululu,134,34,EST,5610,2722,2888,1096,4.93,1137.58
1403,Nturuba,nturuba,482,Mukululu,134,34,EST,5201,2511,2690,1071,4.96,1047.76
1404,Kithare,kithare,483,Muringene,134,34,EST,5693,2856,2837,1128,5.12,1111.5
1405,Thuuru,thuuru,483,Muringene,134,34,EST,5775,2833,2942,1037,4.55,1268.14
1406,Ituulu,ituulu,484,Njia,134,34,EST,6893,3292,3601,1268,5.71,1206.48
1407,K.K.Muuti,k-k-muuti,484,Njia,134,34,EST,3415,1646,1769,646,58.81,58.07
1408,Njia Cia Mwendwa,njia-cia-mwendwa,484,Njia,134,34,EST,8247,3943,4304,1540,92.39,89.27
1409,Laikumukumu,laikumukumu,485,Nkinyanga,134,34,EST,1738,861,877,341,67.39,25.79
1410,Liliaba,liliaba,485,Nkinyanga,134,34,EST,6031,2876,3155,1148,25.67,234.94
1411,Anjaru,anjaru,486,Athiru Gaiti,135,34,EST,4443,2204,2239,948,4.38,1014.45
1412,Antubakiru,antubakiru,486,Athiru Gaiti,135,34,EST,5979,2988,2991,1282,7.02,851.28
1413,Lakathi,lakathi,487,Kindani,135,34,EST,2480,1314,1166,547,16.13,153.71
1414,Thaicu,thaicu,487,Kindani,135,34,EST,4596,2380,2216,1072,19.53,235.35
1415,Bwethaa,bwethaa,488,Kirimampio,135,34,EST,5112,2565,2547,1111,10.35,494.07
1416,Thuuria,thuuria,488,Kirimampio,135,34,EST,4121,2040,2081,819,5.26,783.03
1417,Amwamba,amwamba,489,Akachiu,136,34,EST,3534,1714,1820,758,6.56,538.82
1418,Auki,auki,489,Akachiu,136,34,EST,4136,2101,2035,909,16.81,245.98
1419,Kirindine,kirindine,490,Athi,136,34,EST,5411,2649,2762,1199,5.72,945.75
1420,Nceme,nceme,490,Athi,136,34,EST,2855,1422,1433,634,11.42,250.11
1421,Marega,marega,491,Guka,136,34,EST,1753,864,889,383,14.88,117.82
1422,Ugoti,ugoti,491,Guka,136,34,EST,2337,1166,1171,491,12.93,180.8
1423,Amunju,amunju,492,Nduguto,136,34,EST,2018,1010,1008,416,2.33,865.39
1424,Tiira,tiira,492,Nduguto,136,34,EST,4624,2325,2299,966,6.14,752.9
1425,Amungenti,amungenti,493,Kabuline,137,34,EST,3988,1977,2011,829,8.38,475.98
1426,Antuanthama,antuanthama,493,Kabuline,137,34,EST,2940,1506,1434,652,2.07,1418.37
1427,Ikuu,ikuu,493,Kabuline,137,34,EST,1882,930,952,403,2.65,708.9
1428,Athimba,athimba,494,Kanuni,137,34,EST,4144,2098,2046,754,3.73,1110.13
1429,Kiunyene,kiunyene,494,Kanuni,137,34,EST,3826,1865,1961,838,3.07,1245.93
1430,Antuambui,antuambui,495,Kiguru,137,34,EST,2294,1102,1192,476,1.96,1171.72
1431,Kianda,kianda,495,Kiguru,137,34,EST,4705,2611,2094,1101,46.77,100.61
1432,Nkiene,nkiene,495,Kiguru,137,34,EST,2470,1250,1220,467,6.89,358.38
1433,Kathelwa,kathelwa,496,Akirangondu,138,34,EST,11055,5394,5661,2029,42.93,257.53
1434,Machungulu,machungulu,496,Akirangondu,138,34,EST,20371,9990,10381,3636,15.97,1275.21
1435,Antuambui,antuambui,497,Antuambui,138,34,EST,16118,7869,8249,3015,190.69,84.52
1436,Nkanda,nkanda,497,Antuambui,138,34,EST,13113,6555,6558,2381,11.28,1162.12
1437,Kirindara,kirindara,498,Ntunene,138,34,EST,11331,5629,5702,2708,7.27,1559.13
1438,Ntunene,ntunene,498,Ntunene,138,34,EST,8229,3962,4267,1449,137.87,59.69
1439,Amwathi I,amwathi-i,499,Kabachi,139,34,EST,25054,12270,12784,4930,114.26,219.28
1440,Amwathi Ii,amwathi-ii,499,Kabachi,139,34,EST,19210,9271,9939,3665,312.15,61.54
1441,Naathu,naathu,500,Naathu,139,34,EST,13182,6418,6764,2501,173,76.2
1442,Nkandone,nkandone,500,Naathu,139,34,EST,16373,7963,8410,2888,71.61,228.66
1443,Karichu,karichu,501,Antubetwe,140,34,EST,3251,1598,1653,560,2.75,1182.91
1444,Kiani,kiani,501,Antubetwe,140,34,EST,4613,2214,2399,894,5.07,909.36
1445,Ndoleli,ndoleli,501,Antubetwe,140,34,EST,2463,1338,1125,591,120.65,20.42
1446,Ruongo,ruongo,501,Antubetwe,140,34,EST,4996,2523,2473,897,2.44,2047.54
1447,Thitha,thitha,502,Athiru Ruunjine,140,34,EST,19278,9546,9732,3768,12.5,1542.33
1448,Baibariu,baibariu,503,Kawiru,140,34,EST,10275,5210,5065,2558,53.39,192.44
1449,Kaene,kaene,503,Kawiru,140,34,EST,14078,7027,7051,2929,24.47,575.34
1450,Anjalu,anjalu,504,Luguti,140,34,EST,4672,2289,2383,876,3.36,1389.36
1451,Kiromwathi,kiromwathi,504,Luguti,140,34,EST,6478,3177,3301,1177,6.19,1045.75
1452,Miriki,miriki,504,Luguti,140,34,EST,5731,2800,2931,1041,5.99,957.13
1453,Kiirua,kiirua,505,Kiirua,141,35,EST,4198,1952,2246,1287,13.54,309.98
1454,Kithima,kithima,505,Kiirua,141,35,EST,3661,1960,1701,1127,33.6,108.94
1455,Nkando,nkando,505,Kiirua,141,35,EST,3336,1680,1656,903,29.26,114.02
1456,Gitimene,gitimene,506,Naari,141,35,EST,3272,1608,1664,875,6.96,469.97
1457,Maitei,maitei,506,Naari,141,35,EST,5636,2806,2830,1480,18.36,307.05
1458,Michogomone,michogomone,506,Naari,141,35,EST,3885,1934,1951,1037,10.06,386.18
1459,Runkuru,runkuru,506,Naari,141,35,EST,3311,1633,1678,832,6.77,489.37
1460,Kamutune,kamutune,507,Ruiri,141,35,EST,3076,1466,1610,808,6.74,456.38
1461,Mutuma,mutuma,507,Ruiri,141,35,EST,4209,2063,2146,1087,20.61,204.18
1462,Ncoroiboro,ncoroiboro,507,Ruiri,141,35,EST,4469,2221,2248,1162,15.28,292.44
1463,Kirwiro,kirwiro,508,Rwarera,141,35,EST,949,489,460,264,20.28,46.79
1464,Kithwene,kithwene,508,Rwarera,141,35,EST,4505,2216,2289,1231,36.7,122.75
1465,Mugae,mugae,508,Rwarera,141,35,EST,1217,685,532,351,31.91,38.13
1466,Chungari,chungari,509,Chugu,142,35,EST,4264,2159,2105,1012,5.01,851.25
1467,Kithoka,kithoka,509,Chugu,142,35,EST,7265,3759,3506,1749,13.1,554.72
1468,Runogone,runogone,509,Chugu,142,35,EST,3922,1974,1948,1023,4.42,887.47
1469,Kambereu,kambereu,510,Giaki,142,35,EST,2685,1346,1339,666,9.95,269.83
1470,Kanjagi,kanjagi,510,Giaki,142,35,EST,1638,816,822,376,11.42,143.41
1471,Kirimaitune,kirimaitune,510,Giaki,142,35,EST,2839,1490,1349,734,13.5,210.33
1472,Mbeu,mbeu,510,Giaki,142,35,EST,1582,814,768,409,10.86,145.67
1473,Ciothirai,ciothirai,511,Kiburine,142,35,EST,2236,1115,1121,554,10.42,214.59
1474,Gachua,gachua,511,Kiburine,142,35,EST,3110,1568,1542,778,11.53,269.79
1475,Mbirikene,mbirikene,511,Kiburine,142,35,EST,2457,1249,1208,601,17.2,142.87
1476,Kaaga,kaaga,512,Mulathankari,142,35,EST,4633,2307,2326,1339,4.2,1104.36
1477,Mukua,mukua,512,Mulathankari,142,35,EST,2739,1405,1334,656,2.91,940.85
1478,Njoka,njoka,512,Mulathankari,142,35,EST,2263,1147,1116,551,2.57,881.71
1479,Gankere,gankere,513,Munithu,142,35,EST,3283,1653,1630,741,6.62,496.08
1480,Kambiti,kambiti,513,Munithu,142,35,EST,3771,1851,1920,873,5.09,740.7
1481,Kirimene,kirimene,513,Munithu,142,35,EST,3435,1742,1693,826,3.86,889.32
1482,Kanyuango,kanyuango,514,Nkabune,142,35,EST,1348,663,685,301,2.47,544.98
1483,Kathita,kathita,514,Nkabune,142,35,EST,2205,1054,1151,526,2.82,781.53
1484,Kiamwitari,kiamwitari,515,Thuura,142,35,EST,6397,3239,3158,1645,16.7,382.94
1485,Rwanyange,rwanyange,515,Thuura,142,35,EST,4463,2306,2157,1115,16.5,270.42
1486,Gachanka,gachanka,516,Igoki,143,35,EST,5562,2712,2850,2046,1.81,3079.56
1487,Lower Igoki,lower-igoki,516,Igoki,143,35,EST,1545,743,802,418,1.73,890.95
1488,Muringombugi,muringombugi,516,Igoki,143,35,EST,2418,1138,1280,553,2.32,1040.27
1489,Gakoromone,gakoromone,517,Municipality,143,35,EST,11458,5657,5801,3654,3.89,2944.06
1490,Kaaga,kaaga,517,Municipality,143,35,EST,11689,5690,5999,3462,3.94,2963.44
1491,Township,township,517,Municipality,143,35,EST,4156,2116,2040,1043,0.83,4979.63
1492,Gitugu,gitugu,518,Ntakira,143,35,EST,1863,936,927,485,3.25,573.57
1493,Kirugua,kirugua,518,Ntakira,143,35,EST,3781,1886,1895,958,3.18,1188.62
1494,Magundu,magundu,518,Ntakira,143,35,EST,8707,4208,4499,2969,2.07,4197.76
1495,Nchaure,nchaure,518,Ntakira,143,35,EST,3714,1763,1951,927,3.51,1057.16
1496,Ngonyi,ngonyi,518,Ntakira,143,35,EST,3775,1904,1871,964,5.11,738.56
1497,Kainginyo,kainginyo,519,Nthimbiri,143,35,EST,2714,1359,1355,719,3.86,702.87
1498,Mpuri,mpuri,519,Nthimbiri,143,35,EST,5761,2830,2931,1483,77.6,74.24
1499,Nthimbiri,nthimbiri,519,Nthimbiri,143,35,EST,3451,1768,1683,911,4.43,779.25
1500,Tuntu,tuntu,520,Ntima,143,35,EST,3497,1736,1761,1153,1.41,2472.6
1501,Upper Igoki,upper-igoki,520,Ntima,143,35,EST,8518,4217,4301,2687,3.04,2804.56
1502,Mt. Kenya Forest,mt-kenya-forest,521,Mt. Kenya Forest,144,35,EST,0,0,0,0,276.43,0
1503,Kiambogo,kiambogo,522,Kirimara,145,35,EST,10825,5553,5272,3613,18.41,587.85
1504,Kithithina,kithithina,522,Kirimara,145,35,EST,6589,3324,3265,1754,22.84,288.49
1505,Buuri,buuri,523,Kisima,145,35,EST,6983,3571,3412,2051,84.17,82.97
1506,Ngarendare,ngarendare,523,Kisima,145,35,EST,3814,1942,1872,1066,122.69,31.09
1507,Maritati,maritati,524,Ngusishi,145,35,EST,5611,2919,2692,2129,117.21,47.87
1508,Mutarakwa,mutarakwa,524,Ngusishi,145,35,EST,4878,2498,2380,1740,47.36,103
1509,Maranya,maranya,525,Ntirimiti,145,35,EST,1319,685,634,351,9.38,140.66
1510,Mutunyi,mutunyi,525,Ntirimiti,145,35,EST,2090,1175,915,695,98.65,21.19
1511,Ntirimiti,ntirimiti,525,Ntirimiti,145,35,EST,3010,1588,1422,841,29.43,102.27
1512,Subuiga,subuiga,525,Ntirimiti,145,35,EST,1980,1061,919,650,57.46,34.46
1513,Antu Ba Mwitu,antu-ba-mwitu,526,Ontulili,145,35,EST,7402,3758,3644,2273,66.19,111.84
1514,Kangaita,kangaita,526,Ontulili,145,35,EST,4130,2076,2054,1188,25.57,161.51
1515,Katheri,katheri,526,Ontulili,145,35,EST,5448,2732,2716,1598,21.69,251.21
1516,Upper Kiungone,upper-kiungone,527,Abogeta,146,36,EST,11819,5894,5925,3038,27.62,427.98
1517,Kothine,kothine,528,Igoki,146,36,EST,5815,2927,2888,1467,7.39,786.48
1518,Mwichiune,mwichiune,528,Igoki,146,36,EST,6142,3123,3019,1566,9.21,666.88
1519,Upper Chure,upper-chure,528,Igoki,146,36,EST,9923,4900,5023,2212,20.87,475.53
1520,Kanyakine,kanyakine,529,Kanyakine,146,36,EST,6277,3064,3213,1664,10.22,613.89
1521,Igokine,igokine,530,Kiringa,146,36,EST,2514,1271,1243,661,15.07,166.82
1522,Kairaa,kairaa,530,Kiringa,146,36,EST,1779,890,889,457,2.83,629.4
1523,Kithatu,kithatu,530,Kiringa,146,36,EST,2254,1121,1133,594,6.72,335.47
1524,Baranga,baranga,531,Kithangari,146,36,EST,1618,824,794,426,3.1,522.53
1525,Kithangari,kithangari,531,Kithangari,146,36,EST,8596,4246,4350,2194,20.22,425.22
1526,Ntharene,ntharene,531,Kithangari,146,36,EST,4063,2170,1893,979,7.33,553.98
1527,Kithakanaro,kithakanaro,532,Nkachie,146,36,EST,2000,988,1012,503,9.45,211.66
1528,Maraa,maraa,532,Nkachie,146,36,EST,1386,700,686,362,7.85,176.64
1529,Gakiiri,gakiiri,533,Igoji,147,36,EST,3225,1561,1664,868,6.29,513.04
1530,Gikui,gikui,533,Igoji,147,36,EST,7889,3976,3913,1992,14.45,545.83
1531,Kuiri,kuiri,533,Igoji,147,36,EST,3266,1602,1664,928,3.45,947.85
1532,Karia,karia,534,Karia,147,36,EST,5903,2985,2918,1568,11.83,499.18
1533,Kiangua,kiangua,534,Karia,147,36,EST,2174,1076,1098,665,4.01,541.6
1534,Nkunjumu,nkunjumu,534,Karia,147,36,EST,1838,905,933,516,4.5,408.74
1535,Kianjogu,kianjogu,535,Kianjogu,147,36,EST,2893,1394,1499,746,6.05,478.21
1536,Miruriiri,miruriiri,535,Kianjogu,147,36,EST,3317,1669,1648,897,6.29,527.6
1537,Mitune,mitune,535,Kianjogu,147,36,EST,2284,1137,1147,603,4.29,531.82
1538,Kiamweri,kiamweri,536,Kinoro,147,36,EST,1922,962,960,501,4.6,417.58
1539,Kinoro,kinoro,536,Kinoro,147,36,EST,3577,1740,1837,1012,6.51,549.69
1540,Kiroone,kiroone,536,Kinoro,147,36,EST,1773,855,918,497,5.72,309.98
1541,Kiathathi,kiathathi,537,Mweru,147,36,EST,4422,2245,2177,1124,8.8,502.45
1542,Mweru,mweru,537,Mweru,147,36,EST,3319,1676,1643,835,8.89,373.47
1543,Mworoga,mworoga,537,Mweru,147,36,EST,1525,850,675,394,15.89,95.99
1544,Mt. Kenya Forest,mt-kenya-forest,538,Mt. Kenya Forest,148,36,EST,0,0,0,0,267.91,0
1545,Kathera,kathera,539,Kathera,149,36,EST,4071,2040,2031,1105,6.86,593.09
1546,Marimba,marimba,539,Kathera,149,36,EST,4489,2185,2304,1297,8.88,505.34
1547,Taita,taita,539,Kathera,149,36,EST,10651,5393,5258,3172,4.42,2412.4
1548,Kigane,kigane,540,Mikumbune,149,36,EST,5205,2665,2540,1253,6.7,776.92
1549,Mikumbune,mikumbune,540,Mikumbune,149,36,EST,8094,4064,4030,2087,11.35,713.35
1550,Kirindene,kirindene,541,Mitunguu,149,36,EST,11318,5915,5403,3320,52.08,217.32
1551,Ngonyi,ngonyi,541,Mitunguu,149,36,EST,9517,4908,4609,2367,21.37,445.41
1552,Baitegetu,baitegetu,542,Uruku,149,36,EST,3896,2031,1865,1063,7.35,529.71
1553,Ukuu,ukuu,542,Uruku,149,36,EST,4631,2311,2320,1178,7.73,599.28
1554,Uruku,uruku,542,Uruku,149,36,EST,4219,2028,2191,1086,7.36,573.47
1555,Bulla Pesa,bulla-pesa,543,Central,150,37,EST,22722,11148,11574,6190,7.66,2965.93
1556,Odha,odha,543,Central,150,37,EST,5922,2860,3062,1236,5.67,1044.57
1557,Burat,burat,544,West,150,37,EST,8590,4580,4010,1640,345.51,24.86
1558,Isiolo West,isiolo-west,544,West,150,37,EST,4262,2162,2100,1004,396.86,10.74
1559,Bulto Bonsa,bulto-bonsa,545,Korbesa,151,37,EST,753,351,402,173,299.13,2.52
1560,Korbesa,korbesa,545,Korbesa,151,37,EST,1810,871,939,361,247.4,7.32
1561,Mata Arba,mata-arba,545,Korbesa,151,37,EST,503,237,266,108,121.97,4.12
1562,Malkagalla,malkagalla,546,Malkagalla,151,37,EST,2176,1105,1071,443,2812.81,0.77
1563,Duma,duma,547,Yamicha,151,37,EST,357,236,121,80,1652.59,0.22
1564,Urura,urura,547,Yamicha,151,37,EST,1057,587,470,243,1621.58,0.65
1565,Yamicha,yamicha,547,Yamicha,151,37,EST,1571,807,764,307,1552.1,1.01
1566,Kiwanjani,kiwanjani,548,East,152,37,EST,2996,1459,1537,651,4.41,680.03
1567,Wabera,wabera,548,East,152,37,EST,14435,7305,7130,3045,8.57,1683.76
1568,Gotu,gotu,549,Ngare Mara,152,37,EST,1927,1040,887,491,778.93,2.47
1569,Ngare Mara,ngare-mara,549,Ngare Mara,152,37,EST,3593,2071,1522,759,184.96,19.43
1570,Bisan Biliqu,bisan-biliqu,550,Bisan Biliqu,153,37,EST,1349,663,686,285,636.46,2.12
1571,Kom,kom,550,Bisan Biliqu,153,37,EST,528,276,252,127,2567.21,0.21
1572,Bulesa,bulesa,551,Bulesa,153,37,EST,1739,851,888,384,316.65,5.49
1573,Goda,goda,551,Bulesa,153,37,EST,1165,628,537,233,240.92,4.84
1574,Merti North,merti-north,552,Merti,153,37,EST,4823,2375,2448,998,312.92,15.41
1575,Merti South,merti-south,552,Merti,153,37,EST,2510,1221,1289,552,241.66,10.39
1576,Kipsing,kipsing,553,Kipsing,154,37,EST,3407,1666,1741,745,204.62,16.65
1577,Lenguruma,lenguruma,553,Kipsing,154,37,EST,2153,1031,1122,473,335.74,6.41
1578,Lonkopito,lonkopito,554,Oldonyiro,154,37,EST,2856,1406,1450,587,365.81,7.81
1579,Oldonyiro,oldonyiro,554,Oldonyiro,154,37,EST,6972,3444,3528,1348,255.06,27.34
1580,Kakuyuni,kakuyuni,555,Kakuyuni,155,38,EST,4142,1987,2155,1025,8.55,484.54
1581,Kathome,kathome,555,Kakuyuni,155,38,EST,3716,1819,1897,869,7.56,491.32
1582,Kavilinguni,kavilinguni,555,Kakuyuni,155,38,EST,3789,1843,1946,903,9.13,414.91
1583,Kyevaluki,kyevaluki,555,Kakuyuni,155,38,EST,5227,2613,2614,1212,12.14,430.49
1584,Kathaana,kathaana,556,Kawethei,155,38,EST,5301,2674,2627,1148,15.1,351.02
1585,Kawethei,kawethei,556,Kawethei,155,38,EST,3664,1777,1887,856,5.77,634.69
1586,Mbusyani,mbusyani,556,Kawethei,155,38,EST,3644,1722,1922,851,6.62,550.64
1587,Mukunike,mukunike,556,Kawethei,155,38,EST,3634,1756,1878,824,6.91,525.78
1588,Isinga,isinga,557,Kangundo,156,38,EST,6686,3344,3342,1642,8.62,775.34
1589,Maiuni,maiuni,557,Kangundo,156,38,EST,4721,2303,2418,1090,5.75,821.76
1590,Matetani,matetani,557,Kangundo,156,38,EST,7239,3496,3743,1664,11.39,635.58
1591,Muisuni,muisuni,557,Kangundo,156,38,EST,6204,3151,3053,1687,6.1,1016.88
1592,Ndunduni,ndunduni,557,Kangundo,156,38,EST,3913,1921,1992,871,6.17,633.89
1593,Kawauni,kawauni,558,Kanzalu,156,38,EST,3537,1717,1820,778,6.65,531.71
1594,Kikambuani,kikambuani,558,Kanzalu,156,38,EST,6071,2923,3148,1404,11.7,519.02
1595,Kitwii,kitwii,558,Kanzalu,156,38,EST,3960,1935,2025,927,5.72,692.88
1596,Mbilini,mbilini,558,Kanzalu,156,38,EST,4915,2414,2501,1151,7.03,699.16
1597,Iiaitune,iiaitune,559,Kivaani,156,38,EST,4523,2202,2321,1018,11.76,384.68
1598,Katitu,katitu,559,Kivaani,156,38,EST,2649,1279,1370,595,6.58,402.69
1599,Miu,miu,559,Kivaani,156,38,EST,2321,1119,1202,523,8.35,277.81
1600,Ngumuti,ngumuti,559,Kivaani,156,38,EST,4511,2207,2304,1057,9.58,471.04
1601,Kalandini,kalandini,560,Kalandini,157,38,EST,7454,3635,3819,1623,18.2,409.48
1602,Mbuni,mbuni,560,Kalandini,157,38,EST,2676,1290,1386,597,4.96,539.82
1603,Koma,koma,561,Komarock,157,38,EST,4130,2272,1858,1165,66.38,62.22
1604,Kwale,kwale,561,Komarock,157,38,EST,3682,1843,1839,728,24.99,147.37
1605,Matuu,matuu,561,Komarock,157,38,EST,4344,2183,2161,982,45.19,96.12
1606,Mungengesya,mungengesya,561,Komarock,157,38,EST,1960,1140,820,533,53.36,36.73
1607,Kayata,kayata,562,Kyanzavi,157,38,EST,4757,2438,2319,1064,25.56,186.11
1608,Kianzabe,kianzabe,562,Kyanzavi,157,38,EST,4423,2335,2088,1021,44.3,99.85
1609,Kiboko,kiboko,562,Kyanzavi,157,38,EST,9708,4741,4967,2471,48.36,200.75
1610,Kwa Kumbu,kwa-kumbu,562,Kyanzavi,157,38,EST,2085,1073,1012,482,22.05,94.54
1611,Uamani,uamani,562,Kyanzavi,157,38,EST,4068,2028,2040,860,28.32,143.65
1612,Kituluni,kituluni,563,Kyeleni,157,38,EST,1874,940,934,394,12.01,156.03
1613,Kwosau,kwosau,563,Kyeleni,157,38,EST,3393,1736,1657,686,10.76,315.21
1614,Kyeleni,kyeleni,563,Kyeleni,157,38,EST,6316,3115,3201,1302,32.22,196.03
1615,Nzanbani,nzanbani,563,Kyeleni,157,38,EST,2473,1217,1256,497,7.96,310.83
1616,Kambusu,kambusu,564,Matungulu,157,38,EST,4197,2026,2171,934,3.94,1065.47
1617,Katheka,katheka,564,Matungulu,157,38,EST,3139,1472,1667,718,10.53,298.03
1618,Kingoti,kingoti,564,Matungulu,157,38,EST,5768,2886,2882,1330,11.27,511.85
1619,Matheini,matheini,564,Matungulu,157,38,EST,5014,2433,2581,1208,10.55,475.39
1620,Mwatati,mwatati,564,Matungulu,157,38,EST,3607,1727,1880,824,3.74,964.83
1621,Kithimani,kithimani,565,Nguluni,157,38,EST,2868,1388,1480,647,10.93,262.46
1622,Kithuani,kithuani,565,Nguluni,157,38,EST,3918,1925,1993,870,18.4,212.96
1623,Kwangii,kwangii,565,Nguluni,157,38,EST,2154,1122,1032,470,18.82,114.47
1624,Nguluni,nguluni,565,Nguluni,157,38,EST,4431,2154,2277,954,10.62,417.4
1625,Katine,katine,566,Tala,157,38,EST,7932,3784,4148,1710,14.35,552.8
1626,Kyaume,kyaume,566,Tala,157,38,EST,8755,4377,4378,2287,6.04,1448.42
1627,Sengani,sengani,566,Tala,157,38,EST,9610,4750,4860,2370,13.75,699.11
1628,Chyulu G. R.,chyulu-g-r,567,Chyulu G. R.,158,39,EST,87,76,11,71,775.81,0.11
1629,Kalungu,kalungu,568,Kikumbulyu,159,39,EST,4669,2299,2370,936,22.93,203.62
1630,Kathyaka,kathyaka,568,Kikumbulyu,159,39,EST,8705,4267,4438,1719,104.55,83.26
1631,Mbui Nzau,mbui-nzau,568,Kikumbulyu,159,39,EST,3084,1536,1548,540,21.85,141.16
1632,Mikuyuni,mikuyuni,568,Kikumbulyu,159,39,EST,9470,4629,4841,2585,21.88,432.88
1633,Ndetani,ndetani,568,Kikumbulyu,159,39,EST,2768,1432,1336,486,17.97,154.07
1634,Ngandani,ngandani,568,Kikumbulyu,159,39,EST,8669,4400,4269,1827,52.58,164.88
1635,Ngulu,ngulu,568,Kikumbulyu,159,39,EST,8841,4306,4535,1604,162.03,54.56
1636,Kyanguli,kyanguli,569,Masongaleni,159,39,EST,1750,806,944,336,22.33,78.35
1637,Masimbani,masimbani,569,Masongaleni,159,39,EST,6586,3256,3330,1310,70.7,93.15
1638,Masongaleni,masongaleni,569,Masongaleni,159,39,EST,5982,2846,3136,1235,40.13,149.06
1639,Ulilinzi,ulilinzi,569,Masongaleni,159,39,EST,6742,3309,3433,1315,146.72,45.95
1640,Kinyambu,kinyambu,570,Kinyambu,160,39,EST,9946,5001,4945,2364,134.52,73.94
1641,Thange,thange,571,Utithi,160,39,EST,12146,6122,6024,2441,71.23,170.53
1642,Utithi,utithi,571,Utithi,160,39,EST,9981,4925,5056,1944,55.63,179.41
1643,Kaasuvi,kaasuvi,572,Kiboko,161,39,EST,3474,1830,1644,983,168.43,20.63
1644,Kyale,kyale,572,Kiboko,161,39,EST,3833,1876,1957,717,100.18,38.26
1645,Mulili,mulili,572,Kiboko,161,39,EST,3502,1820,1682,734,77.68,45.08
1646,Kai,kai,573,Makindu,161,39,EST,2853,1424,1429,730,29.91,95.38
1647,Kamboo,kamboo,573,Makindu,161,39,EST,2488,1222,1266,471,68.3,36.43
1648,Kisingo,kisingo,573,Makindu,161,39,EST,3592,1736,1856,696,32.29,111.24
1649,Kiu,kiu,573,Makindu,161,39,EST,5957,3044,2913,1307,27.93,213.26
1650,Manyatta,manyatta,573,Makindu,161,39,EST,9038,4227,4811,2593,11.33,797.85
1651,Kaunguni,kaunguni,574,Nguumo,161,39,EST,7779,3802,3977,1529,42.21,184.3
1652,Muuni,muuni,574,Nguumo,161,39,EST,10091,4931,5160,2199,64.68,156.02
1653,Ndovoini,ndovoini,574,Nguumo,161,39,EST,4279,2108,2171,936,32.52,131.57
1654,Syumile,syumile,574,Nguumo,161,39,EST,6059,2856,3203,1110,71.15,85.16
1655,Kalii,kalii,575,Twaandu,161,39,EST,2520,1255,1265,468,44.88,56.15
1656,Mitendeu,mitendeu,575,Twaandu,161,39,EST,2480,1181,1299,496,53.04,46.76
1657,Ngakaa,ngakaa,575,Twaandu,161,39,EST,2357,1094,1263,456,23.65,99.65
1658,Kambu,kambu,576,Kambu,162,39,EST,7665,3715,3950,1520,37.82,202.65
1659,Kitengei,kitengei,576,Kambu,162,39,EST,4260,2105,2155,838,62.97,67.65
1660,Kathekani,kathekani,577,Kathekani,162,39,EST,10287,5100,5187,2070,131,78.53
1661,Mtito Andei,mtito-andei,578,Mtito Andei,162,39,EST,12142,6138,6004,3077,212.53,57.13
1662,Mukaange,mukaange,579,Ngwata,162,39,EST,11210,5547,5663,2312,201.85,55.54
1663,Mangelete,mangelete,580,Nthongoni,162,39,EST,19550,9855,9695,3854,168.86,115.77
1664,Muthingiini,muthingiini,581,Nzambani,162,39,EST,13093,6402,6691,2741,125.98,103.93
1665,Tsavo W. N. P.,tsavo-w-n-p,582,Tsavo W. N. P.,163,39,EST,769,591,178,429,475.25,1.62
1666,Itoleka,itoleka,583,Itoleka,164,40,EST,5626,2671,2955,1297,33.29,169.01
1667,Kavuta,kavuta,583,Itoleka,164,40,EST,2913,1355,1558,634,30.94,94.15
1668,Katulani,katulani,584,Katulani,164,40,EST,5947,2760,3187,1260,38.02,156.41
1669,Kwa Muli,kwa-muli,584,Katulani,164,40,EST,2516,1181,1335,586,12.4,202.84
1670,Ivaini,ivaini,585,Kyangwithya East,164,40,EST,4487,2039,2448,994,18.61,241.1
1671,Kaveta,kaveta,585,Kyangwithya East,164,40,EST,4584,2311,2273,950,8.27,554.02
1672,Misewani,misewani,585,Kyangwithya East,164,40,EST,5719,2881,2838,1288,9.59,596.64
1673,Mulundi,mulundi,585,Kyangwithya East,164,40,EST,6899,3441,3458,1389,24.42,282.52
1674,Museve,museve,585,Kyangwithya East,164,40,EST,6374,2996,3378,1307,41.52,153.53
1675,Mutune,mutune,585,Kyangwithya East,164,40,EST,4778,2101,2677,910,10.84,440.84
1676,Mbusyani,mbusyani,586,Kyangwithya West,164,40,EST,1662,836,826,361,7.4,224.46
1677,Mulutu,mulutu,586,Kyangwithya West,164,40,EST,3848,1791,2057,815,28.45,135.24
1678,Ndumoni,ndumoni,586,Kyangwithya West,164,40,EST,2245,1094,1151,481,23.68,94.82
1679,Tungutu,tungutu,586,Kyangwithya West,164,40,EST,6778,3412,3366,1321,20.77,326.38
1680,Utooni,utooni,586,Kyangwithya West,164,40,EST,3633,1785,1848,842,28.87,125.82
1681,Kathungi,kathungi,587,Maliku,164,40,EST,3672,1725,1947,751,45.44,80.8
1682,Kavisuni,kavisuni,587,Maliku,164,40,EST,4403,2142,2261,847,48.82,90.19
1683,Maliku,maliku,587,Maliku,164,40,EST,3626,1631,1995,753,61.7,58.77
1684,Kamandio / Malili,kamandio-malili,588,Miambani,164,40,EST,5413,2476,2937,1152,62.05,87.23
1685,Munganga,munganga,588,Miambani,164,40,EST,4174,1958,2216,807,50.54,82.59
1686,Mutula,mutula,588,Miambani,164,40,EST,4564,2149,2415,895,37.72,121.01
1687,Nzaaya,nzaaya,588,Miambani,164,40,EST,3786,1706,2080,755,42.95,88.14
1688,Kyambiti,kyambiti,589,Mulango,164,40,EST,3068,1498,1570,642,11.61,264.18
1689,Kyangunga,kyangunga,589,Mulango,164,40,EST,3765,1841,1924,763,14.76,255.08
1690,Wii,wii,589,Mulango,164,40,EST,2011,951,1060,437,11.28,178.25
1691,Wikililye,wikililye,589,Mulango,164,40,EST,7594,3700,3894,1723,22.15,342.82
1692,Kalundu,kalundu,590,Township,164,40,EST,4180,2311,1869,1341,2.42,1730.28
1693,Manyengo,manyengo,590,Township,164,40,EST,3987,1991,1996,1123,2.98,1337.47
1694,Township,township,590,Township,164,40,EST,13265,6577,6688,3779,4.23,3138.6
1695,Kitungati,kitungati,591,Kisasi,165,40,EST,4858,2305,2553,1007,25.59,189.81
1696,Masimbini,masimbini,591,Kisasi,165,40,EST,5307,2655,2652,1140,36.74,144.43
1697,Ngangani,ngangani,591,Kisasi,165,40,EST,3733,1826,1907,763,11.15,334.7
1698,Kanzau,kanzau,592,Mbitini,165,40,EST,3297,1557,1740,669,20.77,158.74
1699,Katwala,katwala,592,Mbitini,165,40,EST,4902,2327,2575,910,26.98,181.72
1700,Mbitini,mbitini,592,Mbitini,165,40,EST,8068,3786,4282,1614,46.64,172.99
1701,Mosa,mosa,592,Mbitini,165,40,EST,3081,1481,1600,594,20.09,153.39
1702,Mbusyani,mbusyani,593,Mbusyani,165,40,EST,3581,1638,1943,712,25.75,139.06
1703,Mukameni,mukameni,593,Mbusyani,165,40,EST,3019,1433,1586,620,28.38,106.39
1704,Ngiluni,ngiluni,593,Mbusyani,165,40,EST,1844,818,1026,407,8.81,209.41
1705,Nguuni,nguuni,593,Mbusyani,165,40,EST,1898,916,982,386,23.38,81.19
1706,Ithumula,ithumula,594,Nzambani,165,40,EST,3810,1785,2025,787,22.07,172.65
1707,Kyanika,kyanika,594,Nzambani,165,40,EST,10335,5126,5209,2315,27.22,379.7
1708,Maluma,maluma,594,Nzambani,165,40,EST,7791,3707,4084,1632,36.73,212.12
1709,Kaluva,kaluva,595,Nzangathi,165,40,EST,9997,4848,5149,1968,87.96,113.65
1710,Kenze,kenze,596,Thua,165,40,EST,3961,1888,2073,765,57.93,68.37
1711,Ngungi,ngungi,596,Thua,165,40,EST,4278,2065,2213,854,67.23,63.63
1712,Kavuvuu,kavuvuu,597,Kalimani,166,40,EST,1708,831,877,411,6.51,262.27
1713,Kyambusya,kyambusya,597,Kalimani,166,40,EST,2081,1002,1079,452,10.67,195.12
1714,Nzakame,nzakame,597,Kalimani,166,40,EST,1403,715,688,301,4.06,345.31
1715,Kalindilo,kalindilo,598,Kathivo,166,40,EST,957,456,501,230,8.01,119.42
1716,Kathivo,kathivo,598,Kathivo,166,40,EST,1053,489,564,235,7.34,143.43
1717,Kauma,kauma,599,Kauma,166,40,EST,3033,1385,1648,653,9.11,332.77
1718,Musosya,musosya,599,Kauma,166,40,EST,2712,1259,1453,535,8.27,327.98
1719,Kasaini,kasaini,600,Kithumula,166,40,EST,1783,800,983,379,11.79,151.26
1720,Kithumula,kithumula,600,Kithumula,166,40,EST,5924,2823,3101,1295,38.92,152.2
1721,Kwa Mulungu,kwa-mulungu,601,Kwa Mulungu,166,40,EST,876,405,471,175,6.09,143.9
1722,Maselele,maselele,601,Kwa Mulungu,166,40,EST,1283,608,675,273,13.92,92.16
1723,Mithikwani,mithikwani,602,Kwa Mutonga,166,40,EST,2296,1060,1236,471,40.98,56.03
1724,Mutonga,mutonga,602,Kwa Mutonga,166,40,EST,3110,1468,1642,646,39.53,78.67
1725,Syokithumbi,syokithumbi,602,Kwa Mutonga,166,40,EST,1426,678,748,274,25.43,56.08
1726,Kalia,kalia,603,Matinyani,166,40,EST,2267,1202,1065,443,5.08,446.12
1727,Katheuni,katheuni,603,Matinyani,166,40,EST,1929,961,968,426,8.24,234.2
1728,Kyondoni,kyondoni,603,Matinyani,166,40,EST,3093,1500,1593,687,5.75,538.29
1729,Kathuma,kathuma,604,Mutulu,166,40,EST,3679,1750,1929,775,7.8,471.56
1730,Kitumbi,kitumbi,604,Mutulu,166,40,EST,468,215,253,101,1.86,251.92
1731,Maseki,maseki,604,Mutulu,166,40,EST,1708,802,906,358,4.74,360.14
1732,Kavutei,kavutei,605,Kaliku,167,40,EST,1999,945,1054,389,95.23,20.99
1733,Kawala,kawala,605,Kaliku,167,40,EST,2644,1278,1366,477,113.33,23.33
1734,Kyaimu,kyaimu,605,Kaliku,167,40,EST,1402,671,731,267,56.72,24.72
1735,Manyoeni,manyoeni,605,Kaliku,167,40,EST,2546,1185,1361,461,164.1,15.51
1736,Itiko,itiko,606,Mutito,167,40,EST,2010,992,1018,415,59.44,33.82
1737,Kitoo,kitoo,606,Mutito,167,40,EST,3796,1812,1984,908,37.01,102.57
1738,Masasini,masasini,606,Mutito,167,40,EST,1353,669,684,288,29.22,46.3
1739,Musukini,musukini,606,Mutito,167,40,EST,3348,1615,1733,768,41.57,80.53
1740,Kasungini,kasungini,607,Zombe,167,40,EST,2424,1154,1270,444,43.63,55.56
1741,Malatani,malatani,607,Zombe,167,40,EST,4607,2158,2449,935,100.88,45.67
1742,Ngungi,ngungi,607,Zombe,167,40,EST,1586,776,810,331,31.06,51.06
1743,Thua,thua,607,Zombe,167,40,EST,4342,2088,2254,924,84.11,51.62
1744,Kakeani,kakeani,608,Kakeani,168,40,EST,4723,2092,2631,1047,33.31,141.79
1745,Kangii,kangii,608,Kakeani,168,40,EST,3099,1411,1688,694,10.86,285.33
1746,Kasakini,kasakini,609,Katutu,168,40,EST,2242,1092,1150,481,29.76,75.33
1747,Katutu,katutu,609,Katutu,168,40,EST,1560,706,854,362,12.91,120.87
1748,Kisayani,kisayani,609,Katutu,168,40,EST,1079,513,566,221,15.68,68.81
1749,Kyenge,kyenge,609,Katutu,168,40,EST,1395,655,740,278,22.44,62.17
1750,Nzalae,nzalae,609,Katutu,168,40,EST,1962,898,1064,381,31.51,62.26
1751,Katheka,katheka,610,Kauwi,168,40,EST,2050,1095,955,414,12.99,157.81
1752,Kauwi,kauwi,610,Kauwi,168,40,EST,6274,2894,3380,1603,30.28,207.18
1753,Kiseveni,kiseveni,610,Kauwi,168,40,EST,1994,921,1073,380,22.35,89.24
1754,Kangungi,kangungi,611,Kivani,168,40,EST,1933,902,1031,434,15.25,126.72
1755,Kivani,kivani,611,Kivani,168,40,EST,2075,937,1138,438,22.92,90.54
1756,Kakumuti,kakumuti,612,Musengo,168,40,EST,1862,851,1011,427,9.13,203.88
1757,Musengo,musengo,612,Musengo,168,40,EST,9233,4373,4860,2105,36.91,250.15
1758,Mutanda,mutanda,613,Mutanda,168,40,EST,1792,838,954,398,18.24,98.27
1759,Sangala,sangala,613,Mutanda,168,40,EST,1029,481,548,233,10.98,93.68
1760,Kaimu,kaimu,614,Mutonguni,168,40,EST,8125,3691,4434,1773,28.28,287.35
1761,Mithini,mithini,614,Mutonguni,168,40,EST,5066,2318,2748,1133,21.89,231.45
1762,Usiani,usiani,615,Usiani,168,40,EST,4227,1980,2247,850,21.83,193.6
1763,Yalatani,yalatani,615,Usiani,168,40,EST,2032,945,1087,349,17.44,116.54
1764,Kathua,kathua,616,Endau,169,40,EST,1282,635,647,210,98.54,13.01
1765,Katumbi,katumbi,616,Endau,169,40,EST,1550,747,803,296,954.79,1.62
1766,Ndetani,ndetani,616,Endau,169,40,EST,3541,1732,1809,693,184.79,19.16
1767,Yiuku,yiuku,616,Endau,169,40,EST,2017,973,1044,359,60.46,33.36
1768,Kyamatu,kyamatu,617,Kyamatu,169,40,EST,3609,1710,1899,649,69.42,51.99
1769,Muthungue,muthungue,617,Kyamatu,169,40,EST,3916,1869,2047,637,580.59,6.74
1770,Nzanzu,nzanzu,617,Kyamatu,169,40,EST,1388,682,706,245,66.55,20.86
1771,Makuka,makuka,618,Malalani,169,40,EST,1743,787,956,315,229.96,7.58
1772,Malalani,malalani,618,Malalani,169,40,EST,1775,799,976,325,228.5,7.77
1773,Syou,syou,618,Malalani,169,40,EST,1634,800,834,283,118.89,13.74
1774,Twambui,twambui,618,Malalani,169,40,EST,1964,947,1017,347,652.05,3.01
1775,Katikoni,katikoni,619,Mwitika,169,40,EST,1464,713,751,278,56.97,25.7
1776,Kavingo,kavingo,619,Mwitika,169,40,EST,2515,1176,1339,468,49.92,50.38
1777,Kikuu,kikuu,619,Mwitika,169,40,EST,3439,1585,1854,639,63.77,53.92
1778,Kilaa,kilaa,619,Mwitika,169,40,EST,2455,1173,1282,522,35.49,69.18
1779,Makongo,makongo,619,Mwitika,169,40,EST,2620,1260,1360,438,114.71,22.84
1780,Mandongoi,mandongoi,620,Kanyangi,170,40,EST,4763,2254,2509,981,59.89,79.53
1781,Masimba,masimba,620,Kanyangi,170,40,EST,3786,1858,1928,785,66.12,57.26
1782,Syomunyu,syomunyu,620,Kanyangi,170,40,EST,5656,2758,2898,1137,88.23,64.11
1783,Kanyongonyo,kanyongonyo,621,Kanyongonyo,170,40,EST,2802,1416,1386,501,65.04,43.08
1784,Nzambia,nzambia,621,Kanyongonyo,170,40,EST,2096,1016,1080,401,31.27,67.03
1785,Kiseuni,kiseuni,622,Kiseuni,170,40,EST,1950,973,977,341,57.3,34.03
1786,Kithiani,kithiani,622,Kiseuni,170,40,EST,1041,529,512,182,50.88,20.46
1787,Kanyonyooni,kanyonyooni,623,Kwa Vonza,170,40,EST,3838,2115,1723,1070,309.34,12.41
1788,Mikuyuni,mikuyuni,623,Kwa Vonza,170,40,EST,7488,3674,3814,1710,148.05,50.58
1789,Kawango/ Kathome,kawango-kathome,624,Nthongoni,170,40,EST,4577,2178,2399,863,74.42,61.5
1790,Muvitha/Kathemboni,muvitha-kathemboni,624,Nthongoni,170,40,EST,2619,1223,1396,522,36.79,71.19
1791,Ilika,ilika,625,Yatta,170,40,EST,3512,1603,1909,663,58.89,59.64
1792,Makusya,makusya,625,Yatta,170,40,EST,4232,2110,2122,901,65.38,64.73
1793,Ndunguni,ndunguni,625,Yatta,170,40,EST,2068,978,1090,444,31.41,65.85
1794,Nyanyaa,nyanyaa,625,Yatta,170,40,EST,2398,1165,1233,501,33.1,72.45
1795,Itiva-Nzou,itiva-nzou,626,Kamuwongo,171,41,EST,4526,2029,2497,882,64.81,69.83
1796,Kamuwongo,kamuwongo,626,Kamuwongo,171,41,EST,3530,1647,1883,719,28.68,123.07
1797,Kimangao,kimangao,627,Kimangao,171,41,EST,3878,1790,2088,782,74.28,52.21
1798,Kimu,kimu,627,Kimangao,171,41,EST,4574,2144,2430,924,62.2,73.53
1799,Kiseuni,kiseuni,627,Kimangao,171,41,EST,1888,877,1011,361,69.02,27.35
1800,Maseki,maseki,627,Kimangao,171,41,EST,2415,1085,1330,460,51.9,46.53
1801,Gai,gai,628,Kyuso,171,41,EST,6032,2897,3135,1246,115.57,52.2
1802,Ngaie,ngaie,628,Kyuso,171,41,EST,4655,2106,2549,867,79.3,58.7
1803,Kamula,kamula,629,Mivukoni,171,41,EST,2351,1126,1225,411,75.24,31.24
1804,Katuka,katuka,629,Mivukoni,171,41,EST,2193,975,1218,420,63.99,34.27
1805,Mataka,mataka,629,Mivukoni,171,41,EST,1405,645,760,261,35.7,39.36
1806,Twimyua,twimyua,629,Mivukoni,171,41,EST,2928,1396,1532,562,82.67,35.42
1807,Kakuyu,kakuyu,630,Kakuyu,172,41,EST,2733,1258,1475,526,73.05,37.41
1808,Kyandali,kyandali,630,Kakuyu,172,41,EST,2444,1153,1291,477,58.71,41.63
1809,Ngungani,ngungani,630,Kakuyu,172,41,EST,4269,1957,2312,767,82.05,52.03
1810,Tyaa Kamuthale,tyaa-kamuthale,630,Kakuyu,172,41,EST,5402,2437,2965,1028,86.24,62.64
1811,Gatoroni,gatoroni,631,Kanthungu,172,41,EST,1334,612,722,279,37.03,36.02
1812,Kamaindi,kamaindi,631,Kanthungu,172,41,EST,2828,1345,1483,516,68.67,41.18
1813,Kanthungu,kanthungu,631,Kanthungu,172,41,EST,2083,960,1123,386,67.48,30.87
1814,Kamathitu,kamathitu,632,Katse,172,41,EST,1686,799,887,314,27.06,62.3
1815,Konyu,konyu,632,Katse,172,41,EST,2054,950,1104,411,48.35,42.48
1816,Mbarani,mbarani,632,Katse,172,41,EST,2789,1329,1460,615,35.18,79.27
1817,Ikongo,ikongo,633,Mukonga,172,41,EST,2640,1265,1375,492,101.28,26.07
1818,Mukonga,mukonga,633,Mukonga,172,41,EST,1828,843,985,429,71.79,25.46
1819,Kaliwa,kaliwa,634,Mutanda,172,41,EST,1574,712,862,323,22.54,69.84
1820,Mutanda,mutanda,634,Mutanda,172,41,EST,1083,472,611,211,16.47,65.77
1821,Wangutu,wangutu,634,Mutanda,172,41,EST,1347,630,717,261,25.2,53.45
1822,Kathiani/Nguuku,kathiani-nguuku,635,Nguuku,172,41,EST,865,389,476,161,16.55,52.27
1823,Katia,katia,635,Nguuku,172,41,EST,1624,752,872,274,20.05,80.98
1824,Musosya,musosya,635,Nguuku,172,41,EST,1887,885,1002,362,23.4,80.62
1825,Gacigongo,gacigongo,636,Tharaka,172,41,EST,2602,1218,1384,464,81.61,31.88
1826,Gacombe,gacombe,636,Tharaka,172,41,EST,3064,1438,1626,591,77.86,39.35
1827,Kanyengya,kanyengya,636,Tharaka,172,41,EST,1173,547,626,209,29.73,39.45
1828,Kamusiliu,kamusiliu,637,Mitamisyi,173,41,EST,1785,824,961,314,51.53,34.64
1829,Kimela,kimela,637,Mitamisyi,173,41,EST,2750,1294,1456,531,270.21,10.18
1830,Mitamyisi,mitamyisi,637,Mitamisyi,173,41,EST,2035,1001,1034,380,261.22,7.79
1831,Ndatani,ndatani,637,Mitamisyi,173,41,EST,1689,777,912,296,77.93,21.67
1832,Ikime,ikime,638,Ngomeni,173,41,EST,2598,1213,1385,472,368.4,7.05
1833,Kalwa,kalwa,638,Ngomeni,173,41,EST,2192,1059,1133,404,75.65,28.98
1834,Kavaani,kavaani,638,Ngomeni,173,41,EST,3287,1636,1651,618,460.51,7.14
1835,Kavuti,kavuti,638,Ngomeni,173,41,EST,2111,944,1167,440,53.93,39.15
1836,Kathiani,kathiani,639,Masyungwa,174,41,EST,3140,1490,1650,551,72.31,43.42
1837,Kitovoto,kitovoto,639,Masyungwa,174,41,EST,4363,1978,2385,790,494.62,8.82
1838,Kyandani,kyandani,639,Masyungwa,174,41,EST,3405,1591,1814,593,172.61,19.73
1839,Kaningo,kaningo,640,Musavani,174,41,EST,2940,1444,1496,552,113.84,25.82
1840,Kyenini,kyenini,640,Musavani,174,41,EST,3729,1750,1979,729,90.61,41.15
1841,Ngereni,ngereni,640,Musavani,174,41,EST,2099,940,1159,398,52.58,39.92
1842,Usueni,usueni,640,Musavani,174,41,EST,2934,1360,1574,569,70.17,41.81
1843,Kaivirya,kaivirya,641,Tseikuru,174,41,EST,1987,963,1024,376,54.13,36.71
1844,Kasyathyumi,kasyathyumi,641,Tseikuru,174,41,EST,1852,862,990,353,35.64,51.96
1845,Ngalange,ngalange,641,Tseikuru,174,41,EST,2588,1173,1415,462,66.99,38.63
1846,Ngongoni,ngongoni,641,Tseikuru,174,41,EST,1271,594,677,231,41.51,30.62
1847,Nziitu,nziitu,641,Tseikuru,174,41,EST,3528,1626,1902,798,63.37,55.67
1848,Hafare,hafare,642,Korr,175,42,EST,7093,3658,3435,1198,785.51,9.03
1849,Halisurwa,halisurwa,642,Korr,175,42,EST,2009,896,1113,421,600.77,3.34
1850,Korr,korr,642,Korr,175,42,EST,3910,1837,2073,837,183.61,21.3
1851,Illaut,illaut,643,Ngurun It,175,42,EST,2645,1224,1421,638,412.98,6.4
1852,Lonyori Pichau,lonyori-pichau,643,Ngurun It,175,42,EST,2612,1255,1357,598,348.57,7.49
1853,Ngurun It,ngurun-it,643,Ngurun It,175,42,EST,3036,1467,1569,682,449.5,6.75
1854,Koya,koya,644,Laisamis,176,42,EST,714,509,205,259,1482.5,0.48
1855,Laisamis,laisamis,644,Laisamis,176,42,EST,5709,2707,3002,1456,1368.11,4.17
1856,Gudas Soriadi,gudas-soriadi,645,Logologo,176,42,EST,749,329,420,158,897.6,0.83
1857,Kamboe,kamboe,645,Logologo,176,42,EST,1061,551,510,290,323.03,3.28
1858,Logologo,logologo,645,Logologo,176,42,EST,3334,1706,1628,745,673.25,4.95
1859,Lontolio,lontolio,646,Lontolio,176,42,EST,884,373,511,231,481.9,1.83
1860,Ndikir,ndikir,646,Lontolio,176,42,EST,1539,724,815,323,213.56,7.21
1861,Irir,irir,647,Merile,176,42,EST,1273,550,723,282,160.19,7.95
1862,Merile,merile,647,Merile,176,42,EST,2990,1524,1466,680,178.92,16.71
1863,Kambinye,kambinye,648,Kargi,177,42,EST,2279,1026,1253,641,1620.26,1.41
1864,Kargi,kargi,648,Kargi,177,42,EST,3325,1449,1876,876,2175.82,1.53
1865,Kurkum,kurkum,648,Kargi,177,42,EST,454,299,155,148,2489.49,0.18
1866,El-Molo Bay,el-molo-bay,649,Loiyangalani,177,42,EST,1975,1005,970,420,938.11,2.11
1867,Gas,gas,649,Loiyangalani,177,42,EST,482,384,98,118,629.34,0.77
1868,Loiyangalani,loiyangalani,649,Loiyangalani,177,42,EST,7251,3310,3941,1493,645.62,11.23
1869,Moite,moite,649,Loiyangalani,177,42,EST,1861,1097,764,365,435.24,4.28
1870,Arapal,arapal,650,Mt. Kulal,177,42,EST,975,538,437,248,428.13,2.28
1871,Larachi,larachi,650,Mt. Kulal,177,42,EST,360,172,188,79,272.23,1.32
1872,Mt. Kulal,mt-kulal,650,Mt. Kulal,177,42,EST,2595,1216,1379,579,714.88,3.63
1873,Olturot,olturot,650,Mt. Kulal,177,42,EST,859,485,374,181,138.95,6.18
1874,Arge,arge,651,South Horr,177,42,EST,1062,526,536,251,482.32,2.2
1875,Kurungu,kurungu,651,South Horr,177,42,EST,1177,727,450,217,726.05,1.62
1876,South Horr,south-horr,651,South Horr,177,42,EST,1456,654,802,328,34.01,42.81
1877,Mt. Kenya Forest,mt-kenya-forest,652,Mt. Kenya Forest,178,43,EST,27,21,6,18,183.78,0.15
1878,Chamunga,chamunga,653,Gitije,179,43,EST,5030,2469,2561,1274,8.89,565.72
1879,Kamwangu,kamwangu,653,Gitije,179,43,EST,1959,1012,947,494,11.57,169.28
1880,Kandungu,kandungu,653,Gitije,179,43,EST,3753,1868,1885,922,13.29,282.44
1881,Gatua,gatua,654,Mitheru,179,43,EST,4940,2404,2536,1302,10.07,490.61
1882,Karimba,karimba,654,Mitheru,179,43,EST,5046,2412,2634,1259,9.72,519.35
1883,Ndumbini,ndumbini,654,Mitheru,179,43,EST,2260,1167,1093,595,8.16,276.99
1884,Ruguta,ruguta,654,Mitheru,179,43,EST,3063,1603,1460,840,5.03,608.73
1885,Igamurathi,igamurathi,655,Muthambi,179,43,EST,4151,2073,2078,1126,6.98,594.93
1886,Iriga,iriga,655,Muthambi,179,43,EST,2055,1004,1051,607,5.7,360.45
1887,Weru,weru,655,Muthambi,179,43,EST,2425,1225,1200,661,4.24,571.37
1888,Chogoria,chogoria,656,Chogoria,180,43,EST,7812,3791,4021,2205,9.45,826.24
1889,Giachuku,giachuku,656,Chogoria,180,43,EST,2697,1370,1327,724,7.13,378.45
1890,Kiraro,kiraro,656,Chogoria,180,43,EST,3907,1964,1943,1036,5.5,710.29
1891,Mukwego,mukwego,656,Chogoria,180,43,EST,3208,1621,1587,807,5.58,574.65
1892,Kariakomo,kariakomo,657,Ganga,180,43,EST,3219,1584,1635,849,4.44,724.54
1893,Kirumi,kirumi,657,Ganga,180,43,EST,4969,2429,2540,1284,13.19,376.65
1894,Mugumango,mugumango,657,Ganga,180,43,EST,6186,3089,3097,1550,13.9,444.99
1895,Ndunguri,ndunguri,657,Ganga,180,43,EST,3113,1541,1572,825,5.21,597.69
1896,Kaare,kaare,658,Kiera,180,43,EST,4030,2079,1951,1018,30.94,130.25
1897,Karii,karii,658,Kiera,180,43,EST,1833,963,870,474,19.09,96.03
1898,Kathingithu,kathingithu,658,Kiera,180,43,EST,494,261,233,143,17.9,27.6
1899,Magutuni,magutuni,658,Kiera,180,43,EST,4474,2118,2356,1210,14.04,318.57
1900,Iruma,iruma,659,Maara,180,43,EST,6016,3006,3010,1508,8.55,703.55
1901,Kiroo,kiroo,659,Maara,180,43,EST,3437,1716,1721,853,8.64,397.58
1902,Thigaa,thigaa,659,Maara,180,43,EST,2651,1320,1331,697,5.24,506.11
1903,Gantaraki,gantaraki,660,Murugi,180,43,EST,2261,1127,1134,609,2.75,823.23
1904,Gitombani,gitombani,660,Murugi,180,43,EST,1210,623,587,327,3.74,323.11
1905,Kianjagi,kianjagi,660,Murugi,180,43,EST,4697,2424,2273,1249,11.96,392.62
1906,Kiriani,kiriani,660,Murugi,180,43,EST,2525,1260,1265,709,3.68,686.53
1907,Kithare,kithare,660,Murugi,180,43,EST,1392,705,687,367,2.96,469.7
1908,Munga,munga,660,Murugi,180,43,EST,2285,1138,1147,609,3.95,578.96
1909,Athi River Township,athi-river-township,661,Athi River,181,44,EST,49721,26448,23273,17596,39.46,1260.19
1910,Athii River North,athii-river-north,661,Athi River,181,44,EST,1572,790,782,353,38.33,41.01
1911,Katani,katani,662,Katani,181,44,EST,9983,5058,4925,2541,40.77,244.88
1912,Ngelani,ngelani,662,Katani,181,44,EST,3397,1921,1476,1046,94.96,35.77
1913,Syokimau,syokimau,662,Katani,181,44,EST,42154,23466,18688,14332,37.3,1130.02
1914,Kinanie,kinanie,663,Lukenya,181,44,EST,7069,4024,3045,2140,129.34,54.65
1915,Mathatani,mathatani,663,Lukenya,181,44,EST,10469,5983,4486,3247,282.6,37.04
1916,Muthwani,muthwani,663,Lukenya,181,44,EST,15137,8437,6700,4227,180.42,83.9
1917,Katelembo,katelembo,664,Kathekakai,182,44,EST,6414,3303,3111,1477,31.86,201.31
1918,Katheka-Kai,katheka-kai,664,Kathekakai,182,44,EST,3088,1578,1510,688,8.58,359.78
1919,Kitanga,kitanga,664,Kathekakai,182,44,EST,4225,2240,1985,938,37.52,112.61
1920,Mikuyu,mikuyu,664,Kathekakai,182,44,EST,4093,2216,1877,984,53.87,75.97
1921,Katoloni,katoloni,665,Kiime Kimwe,182,44,EST,6420,3038,3382,1780,4.54,1414.03
1922,Kiima Kimwe,kiima-kimwe,665,Kiime Kimwe,182,44,EST,2177,1078,1099,456,3.52,618.87
1923,Mbilini,mbilini,665,Kiime Kimwe,182,44,EST,2106,1043,1063,453,4.89,430.68
1924,Muthini,muthini,665,Kiime Kimwe,182,44,EST,10625,5285,5340,3616,1.4,7585.49
1925,Mwanyani,mwanyani,665,Kiime Kimwe,182,44,EST,1897,976,921,461,1.61,1176.14
1926,Kaathi,kaathi,666,Kimutwa,182,44,EST,3043,1427,1616,637,15.33,198.45
1927,Kimutwa,kimutwa,666,Kimutwa,182,44,EST,6535,3265,3270,1541,47.34,138.05
1928,Konza,konza,666,Kimutwa,182,44,EST,1451,793,658,422,255.65,5.68
1929,Kyanzasu,kyanzasu,666,Kimutwa,182,44,EST,2777,1386,1391,642,15.36,180.78
1930,Kyaani,kyaani,667,Mua Hills,182,44,EST,1471,724,747,338,13.82,106.47
1931,Kyanda,kyanda,667,Mua Hills,182,44,EST,2576,1264,1312,589,14.6,176.44
1932,Mua Hills,mua-hills,667,Mua Hills,182,44,EST,3706,1869,1837,829,21.9,169.25
1933,Kasinga,kasinga,668,Mumbuni,182,44,EST,8493,4169,4324,1934,12.58,675.19
1934,Lower Kiandani,lower-kiandani,668,Mumbuni,182,44,EST,11659,5639,6020,3418,9.72,1199.42
1935,Misakwani,misakwani,668,Mumbuni,182,44,EST,8187,4119,4068,1840,10.66,768.34
1936,Mungala,mungala,668,Mumbuni,182,44,EST,8167,4034,4133,1893,8.15,1002.59
1937,Upper Kiandani,upper-kiandani,668,Mumbuni,182,44,EST,9645,4771,4874,2567,6.99,1379.73
1938,Kivutini,kivutini,669,Mutituni,182,44,EST,4070,1939,2131,950,3.89,1045.22
1939,Mutituni,mutituni,669,Mutituni,182,44,EST,5134,2540,2594,1258,2.79,1839.42
1940,Nduu,nduu,669,Mutituni,182,44,EST,3766,1791,1975,880,4.89,770.79
1941,Kivandini,kivandini,670,Muvuti,182,44,EST,5454,2611,2843,1225,11.44,476.86
1942,Muvuti,muvuti,670,Muvuti,182,44,EST,3734,1871,1863,798,9.61,388.39
1943,Kamuthanga,kamuthanga,671,Ngelani,182,44,EST,3731,1729,2002,912,4.3,868.3
1944,Ngelani,ngelani,671,Ngelani,182,44,EST,3576,1716,1860,837,7.22,495.58
1945,Nzoweni,nzoweni,671,Ngelani,182,44,EST,3459,1652,1807,754,3.72,929.21
1946,Eastleigh,eastleigh,672,Township,182,44,EST,6284,3002,3282,1366,2.29,2746.5
1947,Mjini,mjini,672,Township,182,44,EST,8414,4184,4230,2961,2.71,3100.11
1948,Kiitini,kiitini,673,Kalama,183,44,EST,6285,2957,3328,1419,35.37,177.71
1949,Nziuni,nziuni,673,Kalama,183,44,EST,4870,2297,2573,1015,17.55,277.44
1950,Iiuni,iiuni,674,Kola,183,44,EST,4415,2072,2343,986,26.62,165.87
1951,Katanga,katanga,674,Kola,183,44,EST,7695,3616,4079,1643,34.18,225.13
1952,Kakuyuni,kakuyuni,675,Kyangala,183,44,EST,2454,1155,1299,568,7.84,312.98
1953,Kinoi,kinoi,675,Kyangala,183,44,EST,2342,1039,1303,543,11.89,197.04
1954,Kyangala,kyangala,675,Kyangala,183,44,EST,2298,1040,1258,541,10.46,219.69
1955,Muumandu,muumandu,676,Lumbwa,183,44,EST,12475,6021,6454,2820,148.63,83.93
1956,Iveti,iveti,677,Iveti,184,44,EST,3464,1688,1776,747,5.9,587.28
1957,Kaani,kaani,677,Iveti,184,44,EST,6723,3233,3490,1457,20.61,326.25
1958,Kaliluni,kaliluni,677,Iveti,184,44,EST,8782,4303,4479,1903,11.87,739.96
1959,Kitunduni,kitunduni,677,Iveti,184,44,EST,3875,1899,1976,821,7.47,518.42
1960,Kombu,kombu,677,Iveti,184,44,EST,4582,2190,2392,966,4.86,942.53
1961,Ithaeni,ithaeni,678,Kaewa,184,44,EST,4017,1869,2148,843,9.3,431.99
1962,Kaewa,kaewa,678,Kaewa,184,44,EST,5381,2577,2804,1162,7.14,753.95
1963,Kalunga,kalunga,678,Kaewa,184,44,EST,4654,2256,2398,1019,4.94,941.21
1964,Kauti,kauti,678,Kaewa,184,44,EST,4468,2118,2350,998,10.68,418.44
1965,Kithia,kithia,678,Kaewa,184,44,EST,3826,1803,2023,898,5.37,712.25
1966,Kaiani,kaiani,679,Kathiani,184,44,EST,4717,2252,2465,1108,10.99,429.17
1967,Kathiani,kathiani,679,Kathiani,184,44,EST,5723,2718,3005,1411,7.06,810.88
1968,Lita,lita,679,Kathiani,184,44,EST,3533,1685,1848,805,5.8,609.56
1969,Mbee,mbee,679,Kathiani,184,44,EST,5286,2505,2781,1161,7.48,706.57
1970,Ngoleni,ngoleni,679,Kathiani,184,44,EST,5131,2447,2684,1150,7.1,722.56
1971,Kinyau,kinyau,680,Mitaboni,184,44,EST,5141,2507,2634,1161,31.61,162.66
1972,Mathunya,mathunya,680,Mitaboni,184,44,EST,4053,1894,2159,934,7.06,574.23
1973,Mitaboni,mitaboni,680,Mitaboni,184,44,EST,6691,3304,3387,1602,14.72,454.41
1974,Miumbuni,miumbuni,680,Mitaboni,184,44,EST,4515,2199,2316,1021,11.48,393.39
1975,Ngiini,ngiini,680,Mitaboni,184,44,EST,4925,2311,2614,1102,8.1,608.13
1976,Thinu,thinu,680,Mitaboni,184,44,EST,4730,2187,2543,1143,7.55,626.75
1977,Iuani,iuani,681,Iuani,185,45,EST,6260,2997,3263,1185,33.15,188.86
1978,Kaumoni,kaumoni,682,Kilala,185,45,EST,3364,1656,1708,653,11.63,289.23
1979,Kilala,kilala,682,Kilala,185,45,EST,5933,2924,3009,1254,21.35,277.94
1980,Nthangu,nthangu,682,Kilala,185,45,EST,2506,1245,1261,495,22.44,111.67
1981,Kivani,kivani,683,Kivani,185,45,EST,3265,1565,1700,738,17.47,186.9
1982,Makongo,makongo,683,Kivani,185,45,EST,3351,1689,1662,623,17.3,193.72
1983,Kyuasini,kyuasini,684,Ukia,185,45,EST,3025,1436,1589,627,24.75,122.22
1984,Mukuyuni,mukuyuni,684,Ukia,185,45,EST,7407,3626,3781,1532,24.29,304.94
1985,Nzuuni,nzuuni,684,Ukia,185,45,EST,3234,1511,1723,632,7.11,455.11
1986,Utaati,utaati,684,Ukia,185,45,EST,6761,3341,3420,1397,39.47,171.28
1987,Ituka,ituka,685,Kathonzweni,186,45,EST,7239,3378,3861,1378,43.88,164.97
1988,Thavu,thavu,685,Kathonzweni,186,45,EST,5076,2508,2568,931,48.75,104.12
1989,Kavingoni,kavingoni,686,Kwakavisi,186,45,EST,5093,2456,2637,924,43.12,118.12
1990,Kwakavisi,kwakavisi,686,Kwakavisi,186,45,EST,4182,2025,2157,775,47.08,88.83
1991,Ikalyoni,ikalyoni,687,Kee,187,45,EST,3143,1429,1714,735,11.71,268.43
1992,Kyamwalye,kyamwalye,687,Kee,187,45,EST,3072,1445,1627,693,9.35,328.67
1993,Kasunguni,kasunguni,688,Watema,187,45,EST,2307,1039,1268,541,8.91,258.95
1994,Kitandi,kitandi,688,Watema,187,45,EST,1365,649,716,308,5.09,268.18
1995,Mutulani,mutulani,688,Watema,187,45,EST,2121,990,1131,493,4.61,460.16
1996,Nguluni,nguluni,688,Watema,187,45,EST,2401,1115,1286,523,7.17,334.99
1997,Kyamuoso,kyamuoso,689,Ilima,188,45,EST,9688,4560,5128,1899,30.02,322.67
1998,Ndolo,ndolo,689,Ilima,188,45,EST,5514,2572,2942,1042,12.88,427.99
1999,Wautu,wautu,689,Ilima,188,45,EST,4543,2174,2369,952,19.12,237.65
2000,Kalongo,kalongo,690,Kikoko,188,45,EST,10110,4753,5357,2053,17.61,573.96
2001,Kisekini,kisekini,690,Kikoko,188,45,EST,5903,2786,3117,1145,10.36,569.84
2002,Kithangathini,kithangathini,690,Kikoko,188,45,EST,3392,1570,1822,756,6.6,513.56
2003,Kauti,kauti,691,Kithembe,188,45,EST,3473,1630,1843,798,12.58,276.12
2004,Ndiani,ndiani,691,Kithembe,188,45,EST,5023,2366,2657,1116,11.63,431.81
2005,Nduu,nduu,691,Kithembe,188,45,EST,6051,2913,3138,1326,14.46,418.48
2006,Musalala,musalala,692,Musalal,188,45,EST,6904,3195,3709,1437,21.92,315.02
2007,Kimundi,kimundi,693,Kanzokea,189,45,EST,3082,1469,1613,576,25.88,119.07
2008,Yinthungu,yinthungu,693,Kanzokea,189,45,EST,3089,1460,1629,584,40.52,76.23
2009,Kithuki,kithuki,694,Kithuki,189,45,EST,5741,2750,2991,1064,82.85,69.29
2010,Kitise,kitise,695,Kitise,190,45,EST,6903,3363,3540,1338,111.03,62.17
2011,Mwania,mwania,695,Kitise,190,45,EST,3239,1569,1670,599,62.87,51.52
2012,Kiangini,kiangini,696,Mbuvo,190,45,EST,4675,2249,2426,857,58.73,79.6
2013,Kituluni,kituluni,696,Mbuvo,190,45,EST,5012,2392,2620,915,59.41,84.36
2014,Ivinganzia,ivinganzia,697,Kanthuni,191,45,EST,2870,1353,1517,553,34.85,82.35
2015,Kanthuni,kanthuni,697,Kanthuni,191,45,EST,3053,1407,1646,557,43.34,70.44
2016,Yekanga,yekanga,697,Kanthuni,191,45,EST,2902,1419,1483,523,34.93,83.09
2017,Katithi,katithi,698,Mavindini,191,45,EST,2904,1364,1540,576,38.93,74.59
2018,Mavindini,mavindini,698,Mavindini,191,45,EST,5828,2806,3022,1152,53.95,108.02
2019,Kiumoni,kiumoni,699,Muusini,191,45,EST,1686,828,858,299,17.35,97.18
2020,Muusini,muusini,699,Muusini,191,45,EST,4031,1988,2043,713,35.29,114.22
2021,Kako,kako,700,Kako,192,45,EST,6792,3348,3444,1410,54.52,124.59
2022,Kambi Mawe,kambi-mawe,701,Kikumini,192,45,EST,3152,1578,1574,614,30.07,104.83
2023,Kikumini,kikumini,701,Kikumini,192,45,EST,5290,2679,2611,995,58.26,90.79
2024,Kitonyoni,kitonyoni,702,Muvau,192,45,EST,2590,1284,1306,462,27.06,95.72
2025,Muvau,muvau,702,Muvau,192,45,EST,6208,3121,3087,1182,56.51,109.86
2026,Nziu,nziu,703,Nziu,192,45,EST,6538,3274,3264,1358,40.86,160.02
2027,Itaa,itaa,704,Wote,192,45,EST,2195,1066,1129,400,19.34,113.49
2028,Kamunyolo,kamunyolo,704,Wote,192,45,EST,8246,4138,4108,2506,23.47,351.34
2029,Mumbuni,mumbuni,704,Wote,192,45,EST,5042,2475,2567,1005,39.84,126.54
2030,Unoa,unoa,704,Wote,192,45,EST,10542,5520,5022,2805,54.57,193.17
2031,Dakabaricha,dakabaricha,705,Dakabaricha,193,46,EST,3053,1497,1556,584,7.64,399.62
2032,Mataarba,mataarba,705,Dakabaricha,193,46,EST,1187,605,582,272,6.38,186.13
2033,Hula Hula,hula-hula,706,Hula Hula,193,46,EST,1835,872,963,417,197.27,9.3
2034,Ogicho,ogicho,706,Hula Hula,193,46,EST,1045,542,503,244,175.04,5.97
2035,Jirime,jirime,707,Jirime,193,46,EST,188,96,92,36,65.17,2.88
2036,Milima Tatu,milima-tatu,707,Jirime,193,46,EST,1606,834,772,306,14.35,111.91
2037,Karare,karare,708,Karare,193,46,EST,2119,980,1139,442,233.8,9.06
2038,Scheme,scheme,708,Karare,193,46,EST,1246,620,626,241,133.89,9.31
2039,Township,township,709,Moutain,193,46,EST,2447,1399,1048,581,1.32,1849.44
2040,Wabera,wabera,709,Moutain,193,46,EST,4204,2099,2105,1093,0.93,4523.35
2041,Majengo,majengo,710,Nagayo,193,46,EST,5645,2762,2883,1258,339.23,16.64
2042,Nyayo Road,nyayo-road,710,Nagayo,193,46,EST,2328,1123,1205,490,0.42,5493.16
2043,Kituruni,kituruni,711,Songa,193,46,EST,1268,679,589,266,93.57,13.55
2044,Leyyai,leyyai,711,Songa,193,46,EST,364,180,184,82,35.54,10.24
2045,Songa,songa,711,Songa,193,46,EST,1447,728,719,315,43.73,33.09
2046,Gar - Qarsa,gar-qarsa,712,Qilta,194,46,EST,1156,566,590,233,214.02,5.4
2047,Qilta,qilta,712,Qilta,194,46,EST,2829,1414,1415,541,68.46,41.32
2048,Rukesa,rukesa,713,Sagante,194,46,EST,4220,2122,2098,895,52.32,80.65
2049,Sagante,sagante,713,Sagante,194,46,EST,0,0,0,0,32.02,0
2050,Dirib Gombo,dirib-gombo,714,Dirib Gombo,195,46,EST,2236,1103,1133,452,45.69,48.94
2051,Qachacha,qachacha,714,Dirib Gombo,195,46,EST,2501,1251,1250,528,51.33,48.72
2052,Badasa,badasa,715,Jaldesa,195,46,EST,1850,976,874,355,51.2,36.14
2053,Jaldesa,jaldesa,715,Jaldesa,195,46,EST,1602,774,828,322,74.16,21.6
2054,Marsabit,marsabit,716,M.G.Reserve,196,46,EST,126,83,43,52,114.45,1.1
2055,Evurore,evurore,717,Ishiara,197,47,EST,8775,4072,4703,1983,45.41,193.24
2056,Kamarandi,kamarandi,717,Ishiara,197,47,EST,5841,2653,3188,1205,88.2,66.22
2057,Ngura,ngura,718,Kanyuambora,197,47,EST,5617,2671,2946,1434,21.66,259.27
2058,Nguthi,nguthi,718,Kanyuambora,197,47,EST,6239,3037,3202,1530,26.22,237.95
2059,Kariru,kariru,719,Kiangombe,197,47,EST,2830,1359,1471,627,24.79,114.17
2060,Kathera,kathera,719,Kiangombe,197,47,EST,5575,2560,3015,1237,38.48,144.87
2061,Iria Itune,iria-itune,720,Ndurumori,197,47,EST,5726,2703,3023,1199,98.95,57.86
2062,Nthambu,nthambu,720,Ndurumori,197,47,EST,4979,2272,2707,1102,66.08,75.35
2063,Kirima,kirima,721,Kianjiru,198,47,EST,6858,3477,3381,1522,60.6,113.17
2064,Nyangwa,nyangwa,721,Kianjiru,198,47,EST,3596,1910,1686,778,19.58,183.63
2065,Gachoka,gachoka,722,Mbeti South,198,47,EST,7302,3745,3557,1754,57.67,126.62
2066,Gachuriri,gachuriri,722,Mbeti South,198,47,EST,5762,2989,2773,1721,69.44,82.98
2067,Kiamuringa,kiamuringa,722,Mbeti South,198,47,EST,4973,2622,2351,1238,43.11,115.35
2068,Gikiiro,gikiiro,723,Mbita,198,47,EST,6627,3463,3164,1463,22.82,290.36
2069,Mbita,mbita,723,Mbita,198,47,EST,4684,2436,2248,1073,24.41,191.86
2070,Gichiche,gichiche,724,Gichiche,199,47,EST,2926,1408,1518,672,21.51,136.04
2071,Njigo,njigo,724,Gichiche,199,47,EST,3850,1924,1926,881,65.88,58.44
2072,Kiambere,kiambere,725,Kiambere,199,47,EST,4983,2369,2614,1159,68.18,73.08
2073,Ntharawe,ntharawe,725,Kiambere,199,47,EST,1571,798,773,347,31.26,50.25
2074,Gacegethiuri,gacegethiuri,726,Kithunthiri,199,47,EST,3079,1589,1490,668,14.73,209.05
2075,Kithunthiri,kithunthiri,726,Kithunthiri,199,47,EST,5394,2687,2707,1252,27.79,194.11
2076,Kombo Munyiri,kombo-munyiri,727,Mavuria,199,47,EST,4684,2244,2440,1021,31.05,150.84
2077,Mavuria,mavuria,727,Mavuria,199,47,EST,3983,2017,1966,902,60.99,65.31
2078,Gacabari,gacabari,728,Mutuobare,199,47,EST,2585,1223,1362,545,66.94,38.62
2079,Kindaruma,kindaruma,728,Mutuobare,199,47,EST,5920,2878,3042,1355,120.61,49.08
2080,Makima,makima,729,Makima,200,47,EST,4245,2135,2110,1044,42.05,100.96
2081,Mbondoni,mbondoni,729,Makima,200,47,EST,7677,3929,3748,1740,129.49,59.28
2082,Mwea Grazing,mwea-grazing,729,Makima,200,47,EST,9343,4763,4580,2098,115.4,80.96
2083,Mwea N. Reserve,mwea-n-reserve,729,Makima,200,47,EST,26,14,12,14,55.25,0.47
2084,Karaba,karaba,730,Karaba,201,47,EST,8679,4285,4394,2082,49.9,173.93
2085,Wachoro,wachoro,730,Karaba,201,47,EST,9883,4988,4895,2582,34.1,289.79
2086,Gategi,gategi,731,Riakanau,201,47,EST,4882,2396,2486,1112,25.02,195.1
2087,Riakanau,riakanau,731,Riakanau,201,47,EST,6673,3235,3438,1558,63.67,104.81
2088,Gitiburi,gitiburi,732,Gitiburi,202,47,EST,6213,3216,2997,1460,39.04,159.13
2089,Thura,thura,732,Gitiburi,202,47,EST,2951,1487,1464,729,9.94,296.74
2090,Gangara,gangara,733,Muminji,202,47,EST,5361,2496,2865,1183,61.31,87.44
2091,Karambari,karambari,733,Muminji,202,47,EST,3671,1782,1889,858,41.66,88.11
2092,Kirie,kirie,734,Mutitu,202,47,EST,1600,727,873,374,28.19,56.76
2093,Mutitu,mutitu,734,Mutitu,202,47,EST,3718,1847,1871,948,64.99,57.21
2094,Nguthi,nguthi,734,Mutitu,202,47,EST,2378,1090,1288,529,28.58,83.2
2095,Riandu,riandu,735,Nthawa,202,47,EST,9345,4695,4650,2296,61.42,152.14
2096,Siakago,siakago,735,Nthawa,202,47,EST,8216,4069,4147,2270,26.1,314.79
2097,Kavumbu,kavumbu,736,Athi,203,48,EST,1320,625,695,249,18.71,70.56
2098,Kinze,kinze,736,Athi,203,48,EST,1971,934,1037,364,28.23,69.81
2099,Miangeni,miangeni,736,Athi,203,48,EST,1579,729,850,319,20.97,75.31
2100,Kalawa,kalawa,737,Kalawa,203,48,EST,1599,755,844,351,21.85,73.18
2101,Kimeeni,kimeeni,737,Kalawa,203,48,EST,1956,920,1036,382,29.6,66.08
2102,Malunda,malunda,737,Kalawa,203,48,EST,2602,1278,1324,583,27.41,94.93
2103,Mbukoni,mbukoni,737,Kalawa,203,48,EST,2494,1211,1283,567,15.98,156.05
2104,Ititu,ititu,738,Katangini,203,48,EST,1807,866,941,347,18.61,97.11
2105,Kathongo,kathongo,738,Katangini,203,48,EST,1576,749,827,309,21.14,74.54
2106,Ndauni,ndauni,738,Katangini,203,48,EST,2102,989,1113,412,15.83,132.78
2107,Thwake,thwake,738,Katangini,203,48,EST,1948,935,1013,391,20.31,95.9
2108,Kathulumbi,kathulumbi,739,Kathulumbi,203,48,EST,1877,896,981,386,30.92,60.71
2109,Mutembuku,mutembuku,739,Kathulumbi,203,48,EST,1915,940,975,385,21.42,89.41
2110,Syotuvali,syotuvali,739,Kathulumbi,203,48,EST,2428,1126,1302,480,39.09,62.11
2111,Mangani,mangani,740,Kisau,204,48,EST,3301,1591,1710,707,23.43,140.9
2112,Mukimwani,mukimwani,740,Kisau,204,48,EST,4443,1973,2470,911,21.48,206.86
2113,Muthwani,muthwani,740,Kisau,204,48,EST,4596,2169,2427,979,26.53,173.25
2114,Ngoni,ngoni,740,Kisau,204,48,EST,4312,2140,2172,878,20.78,207.55
2115,Kakuswi,kakuswi,741,Kiteta,204,48,EST,4613,2197,2416,1070,20.06,229.99
2116,Kiambwa,kiambwa,741,Kiteta,204,48,EST,5915,2756,3159,1393,19.23,307.54
2117,Ndituni,ndituni,741,Kiteta,204,48,EST,3559,1693,1866,733,13.8,257.92
2118,Ngiluni,ngiluni,741,Kiteta,204,48,EST,6320,2975,3345,1333,30.25,208.94
2119,Kako,kako,742,Waia,204,48,EST,3205,1509,1696,651,29.6,108.29
2120,Nduluku,nduluku,742,Waia,204,48,EST,4206,2027,2179,871,34.59,121.61
2121,Sakai,sakai,742,Waia,204,48,EST,3624,1770,1854,772,22.6,160.38
2122,Usalala,usalala,742,Waia,204,48,EST,5255,2600,2655,1162,34.73,151.31
2123,Kaliani,kaliani,743,Kithungo,205,48,EST,5049,2399,2650,994,21.07,239.67
2124,Ngai,ngai,743,Kithungo,205,48,EST,5515,2629,2886,1077,17.15,321.65
2125,Uvuu,uvuu,743,Kithungo,205,48,EST,1737,842,895,371,1.69,1029.15
2126,Kitundu,kitundu,744,Kitundu,205,48,EST,6843,3208,3635,1340,16.59,412.37
2127,Mataa,mataa,744,Kitundu,205,48,EST,2133,1046,1087,414,5.41,394.34
2128,Kyuu,kyuu,745,Mbooni,205,48,EST,9377,4481,4896,2004,17.38,539.62
2129,Mutitu,mutitu,745,Mbooni,205,48,EST,9972,4828,5144,2189,20.44,487.78
2130,Nzeveni,nzeveni,745,Mbooni,205,48,EST,9932,4641,5291,2075,16.65,596.49
2131,Uthiuni,uthiuni,745,Mbooni,205,48,EST,4493,2163,2330,994,9.52,471.73
2132,Kavumbu,kavumbu,746,Utangwa,205,48,EST,2290,1060,1230,446,7.82,292.66
2133,Utangwa,utangwa,746,Utangwa,205,48,EST,4618,2225,2393,845,7.93,582.49
2134,Itetani,itetani,747,Itetani,206,48,EST,5142,2453,2689,1123,20.74,247.89
2135,Kalawani,kalawani,748,Kalawani,206,48,EST,9392,4631,4761,2036,36.87,254.75
2136,Mavindu,mavindu,748,Kalawani,206,48,EST,6201,2894,3307,1327,14.82,418.33
2137,Iiani,iiani,749,Tulimani,206,48,EST,7402,3620,3782,1544,36.71,201.62
2138,Mbanya,mbanya,750,Yandue,206,48,EST,3391,1547,1844,731,8.92,380.25
2139,Yandue,yandue,750,Yandue,206,48,EST,3822,1768,2054,807,7.75,492.91
2140,Baragu,baragu,751,Gatimbi,207,49,EST,2225,1122,1103,587,3.9,571.13
2141,Kangi,kangi,751,Gatimbi,207,49,EST,1607,800,807,422,5.33,301.43
2142,Ruiga,ruiga,751,Gatimbi,207,49,EST,2816,1377,1439,721,5.36,525
2143,Gitauga,gitauga,752,Kariene,207,49,EST,2075,1033,1042,571,2.6,798.32
2144,Kariene,kariene,752,Kariene,207,49,EST,3710,1829,1881,965,3.4,1092.43
2145,Karindine,karindine,753,Kiria,207,49,EST,1195,622,573,308,1.93,619.33
2146,Kinugu,kinugu,753,Kiria,207,49,EST,1472,753,719,366,1.72,854.37
2147,Kiria,kiria,753,Kiria,207,49,EST,1885,964,921,468,1.94,970.2
2148,Kirirwa,kirirwa,753,Kiria,207,49,EST,1653,833,820,432,2.57,642.72
2149,Kirigara,kirigara,754,Kirigara,207,49,EST,2178,1049,1129,580,2.98,731.07
2150,Rwanderi,rwanderi,754,Kirigara,207,49,EST,2044,972,1072,589,2.72,750.64
2151,Mariene,mariene,755,Mariene,207,49,EST,2692,1299,1393,720,4.06,662.47
2152,Mugabone,mugabone,755,Mariene,207,49,EST,1133,559,574,280,1.34,845.46
2153,Nkuene,nkuene,756,Nkuene,207,49,EST,2106,1109,997,566,6.25,336.9
2154,Nkuene ya Kioro,nkuene-ya-kioro,756,Nkuene,207,49,EST,1852,931,921,520,4.96,373.12
2155,Nyweri,nyweri,757,Nyweri,207,49,EST,1545,784,761,326,2.06,750.73
2156,Ruguti,ruguti,757,Nyweri,207,49,EST,1793,870,923,460,3.12,574.35
2157,Mbajone,mbajone,758,Gaitu East,208,49,EST,4442,2200,2242,1143,19.35,229.55
2158,Gaitu,gaitu,759,Gaitu West,208,49,EST,4688,2292,2396,1161,16.77,279.52
2159,Gatuune,gatuune,760,Mwanganthia,208,49,EST,3386,1699,1687,853,5.34,634.15
2160,Igane,igane,760,Mwanganthia,208,49,EST,3826,1905,1921,950,19,201.33
2161,Kaongo,kaongo,761,Nduruma,208,49,EST,4330,2148,2182,1170,9.94,435.48
2162,Nkandone,nkandone,761,Nduruma,208,49,EST,4121,2072,2049,1034,23.68,173.99
2163,Kathita,kathita,762,Katheri Central,209,49,EST,1791,893,898,508,3.87,462.65
2164,Mwirangombe,mwirangombe,762,Katheri Central,209,49,EST,1087,557,530,297,1.52,715.6
2165,Nkiriri North,nkiriri-north,762,Katheri Central,209,49,EST,1668,803,865,452,2.63,633.43
2166,Nkiriri South,nkiriri-south,762,Katheri Central,209,49,EST,3080,1493,1587,886,3.79,812.66
2167,Kiathumbi,kiathumbi,763,Katheri East,209,49,EST,1134,599,535,302,2.13,531.62
2168,Kinjo North,kinjo-north,763,Katheri East,209,49,EST,1002,493,509,279,2.28,440.17
2169,Kinjo South,kinjo-south,763,Katheri East,209,49,EST,900,436,464,247,1.67,540.09
2170,Kirima Kiathi,kirima-kiathi,763,Katheri East,209,49,EST,1678,811,867,450,2.91,577.29
2171,Kathiranga C.,kathiranga-c,764,Katheri West,209,49,EST,1049,532,517,279,1.4,748.91
2172,Kathiranga E.,kathiranga-e,764,Katheri West,209,49,EST,1015,496,519,280,1.82,558.74
2173,Kathiranga N.,kathiranga-n,764,Katheri West,209,49,EST,1318,666,652,356,2.78,474.7
2174,Kathiranga W.,kathiranga-w,764,Katheri West,209,49,EST,1122,571,551,284,2.15,522.05
2175,Gikuune,gikuune,765,Kibaranyaki,209,49,EST,2335,1123,1212,692,3.3,708.31
2176,Kaugu,kaugu,765,Kibaranyaki,209,49,EST,1544,758,786,406,2.29,673.53
2177,Kibaranyaki,kibaranyaki,765,Kibaranyaki,209,49,EST,1244,596,648,333,2.42,513.9
2178,Kaguma,kaguma,766,Kithirune East,209,49,EST,991,499,492,284,2.74,362.08
2179,Kiarago,kiarago,766,Kithirune East,209,49,EST,826,413,413,189,1.22,676.49
2180,Mbwinjeru,mbwinjeru,766,Kithirune East,209,49,EST,1241,620,621,330,2.18,568.61
2181,Nduruma,nduruma,766,Kithirune East,209,49,EST,1558,792,766,457,2.3,676.36
2182,Nkandone,nkandone,766,Kithirune East,209,49,EST,1006,501,505,285,1.57,640.52
2183,Kioru,kioru,767,Kithirune West,209,49,EST,1995,990,1005,542,4.06,491.86
2184,Murugi,murugi,767,Kithirune West,209,49,EST,2492,1181,1311,648,4.04,616.3
2185,Gakurwene,gakurwene,768,Marathi,209,49,EST,1634,804,830,556,1.32,1237.32
2186,Karugwa,karugwa,768,Marathi,209,49,EST,1116,537,579,306,2.5,445.97
2187,Marathi,marathi,768,Marathi,209,49,EST,1004,496,508,266,2.51,400.77
2188,Kathwene,kathwene,769,Kiagu,210,49,EST,5618,2812,2806,1247,39.31,142.93
2189,Kiamuri,kiamuri,769,Kiagu,210,49,EST,3461,1704,1757,741,23,150.5
2190,Gitie,gitie,770,Kiija,210,49,EST,3475,1770,1705,842,6.33,549.27
2191,Kiija,kiija,770,Kiija,210,49,EST,5139,2549,2590,1325,23.54,218.29
2192,Kanywee,kanywee,771,Makandune,210,49,EST,968,528,440,236,6.1,158.81
2193,Makandune,makandune,771,Makandune,210,49,EST,2160,1060,1100,546,10.84,199.25
2194,Matetu,matetu,771,Makandune,210,49,EST,1422,733,689,376,11.96,118.87
2195,Kiamiogo,kiamiogo,772,Kiamiogo,211,49,EST,3181,1567,1614,846,12.96,245.4
2196,Mburugiti,mburugiti,772,Kiamiogo,211,49,EST,3932,1911,2021,1265,3.44,1143.95
2197,Gathuine,gathuine,773,Kibirichia,211,49,EST,645,342,303,174,19.79,32.59
2198,Kimbo,kimbo,773,Kibirichia,211,49,EST,4149,2101,2048,1042,9.22,450.22
2199,Mboroga,mboroga,774,Ntugi,211,49,EST,3347,1636,1711,877,12.97,258.05
2200,Murinya,murinya,774,Ntugi,211,49,EST,4562,2268,2294,1202,6.62,689.09
2201,Barier,barier,775,Ntumburi,211,49,EST,2187,1035,1152,594,17.1,127.93
2202,Ntumburi,ntumburi,775,Ntumburi,211,49,EST,2847,1370,1477,760,23.74,119.9
2203,Mt. Kenya Forest,mt-kenya-forest,776,Mt. Kenya Forest,212,49,EST,71,47,24,30,351.5,0.2
2204,Gitareni,gitareni,777,Gitareni,213,50,EST,3143,1482,1661,884,4.33,726.12
2205,Kaarani,kaarani,777,Gitareni,213,50,EST,2327,1135,1192,590,5.11,455.58
2206,Kiamucii,kiamucii,777,Gitareni,213,50,EST,3120,1485,1635,803,11.44,272.64
2207,Karongoni,karongoni,778,Karingani,213,50,EST,4734,2358,2376,1207,13.76,343.96
2208,Mariani,mariani,778,Karingani,213,50,EST,5007,2457,2550,1374,42.6,117.54
2209,Ndagani,ndagani,778,Karingani,213,50,EST,4529,2265,2264,1225,8.95,506.25
2210,Njaini,njaini,778,Karingani,213,50,EST,990,494,496,239,1.76,561.16
2211,Rukindu,rukindu,778,Karingani,213,50,EST,2934,1448,1486,775,5.39,544.51
2212,Kiangondu,kiangondu,779,Kiangondu,213,50,EST,3830,1917,1913,1024,5.89,650.12
2213,Mucwa,mucwa,779,Kiangondu,213,50,EST,2732,1357,1375,755,3.51,778.95
2214,Township,township,779,Kiangondu,213,50,EST,8126,3767,4359,2916,3.39,2395.5
2215,Kithangani,kithangani,780,Kithangani,213,50,EST,1180,585,595,319,7.07,166.86
2216,Marembo,marembo,780,Kithangani,213,50,EST,1291,628,663,327,18.13,71.22
2217,Rianthiga,rianthiga,780,Kithangani,213,50,EST,733,367,366,178,7.83,93.67
2218,Weru,weru,780,Kithangani,213,50,EST,1178,572,606,292,7.1,165.85
2219,Kirege,kirege,781,Mugwe,213,50,EST,5194,2559,2635,1280,7.46,695.93
2220,Mugirirwa,mugirirwa,781,Mugwe,213,50,EST,5341,2614,2727,1369,6.76,789.66
2221,Muiru,muiru,782,Muiru,213,50,EST,2915,1433,1482,771,4.21,693.21
2222,Nkuthika,nkuthika,782,Muiru,213,50,EST,2145,1054,1091,541,4.93,434.82
2223,Igamatundu,igamatundu,783,Itugururu,214,50,EST,2099,1069,1030,548,13.15,159.58
2224,Mbogoni,mbogoni,783,Itugururu,214,50,EST,1563,782,781,457,8.93,175
2225,Kajuki,kajuki,784,Kajuki,214,50,EST,2635,1220,1415,666,16.44,160.24
2226,Kamutiria,kamutiria,784,Kajuki,214,50,EST,2878,1341,1537,677,11.97,240.4
2227,Makanyanga,makanyanga,784,Kajuki,214,50,EST,2601,1208,1393,585,21.23,122.54
2228,Igambangombe,igambangombe,785,Kamaindi,214,50,EST,1561,736,825,343,11.21,139.27
2229,Kamaindi,kamaindi,785,Kamaindi,214,50,EST,1862,832,1030,443,18.5,100.65
2230,Kamwimbi,kamwimbi,786,Kamwimbi,214,50,EST,2275,1095,1180,571,17.53,129.81
2231,Kiaritha,kiaritha,786,Kamwimbi,214,50,EST,3136,1532,1604,734,25.56,122.69
2232,Kamonka,kamonka,787,Mutino,214,50,EST,2249,1088,1161,530,16.98,132.41
2233,Kathanje,kathanje,787,Mutino,214,50,EST,3979,1901,2078,810,23.24,171.18
2234,Mutino,mutino,787,Mutino,214,50,EST,3322,1570,1752,775,26.53,125.22
2235,Kabuboni,kabuboni,788,Kabuboni,215,50,EST,2753,1313,1440,713,3.4,810.21
2236,Kanyakini,kanyakini,788,Kabuboni,215,50,EST,1811,857,954,482,2.55,709.78
2237,Njuri,njuri,789,Magumoni,215,50,EST,2261,1082,1179,539,3.21,703.73
2238,Nthambo,nthambo,789,Magumoni,215,50,EST,3922,1938,1984,962,6.98,561.59
2239,Karamani,karamani,790,Mukuuni,215,50,EST,4255,2002,2253,1068,10.69,397.92
2240,Kinoru,kinoru,790,Mukuuni,215,50,EST,2529,1257,1272,648,7.23,349.59
2241,Mukuuni,mukuuni,790,Mukuuni,215,50,EST,1752,861,891,455,3.59,488
2242,Kagumo,kagumo,791,Mwonge,215,50,EST,1385,678,707,373,2.54,546.11
2243,Kangoro(Karamani),kangoro-karamani,791,Mwonge,215,50,EST,2544,1379,1165,546,3.24,786.3
2244,Mwonge,mwonge,791,Mwonge,215,50,EST,2796,1334,1462,700,3.72,752.26
2245,Kanthiri,kanthiri,792,Rubate,215,50,EST,1598,768,830,415,4.62,345.89
2246,Rubate,rubate,792,Rubate,215,50,EST,2488,1211,1277,662,4.35,571.74
2247,Kathatwa,kathatwa,793,Thuita,215,50,EST,3310,1657,1653,803,4.01,826.43
2248,Thuita,thuita,793,Thuita,215,50,EST,3094,1489,1605,885,4,774.43
2249,Mt. Kenya Forest,mt-kenya-forest,794,Mt. Kenya Forest,216,50,EST,0,0,0,0,178.97,0
2250,Bori,bori,795,Bori,217,51,EST,4895,2701,2194,753,129.1,37.92
2251,Kate,kate,795,Bori,217,51,EST,2025,1163,862,310,169.21,11.97
2252,Butiye,butiye,796,Butiye,217,51,EST,4797,2440,2357,752,2.85,1683.34
2253,Goromuda,goromuda,796,Butiye,217,51,EST,3863,1862,2001,612,2.51,1537.76
2254,Heilu,heilu,797,Heilu,217,51,EST,8536,4708,3828,1115,4.47,1908.34
2255,Mansile,mansile,797,Heilu,217,51,EST,2043,1132,911,262,13.7,149.15
2256,Kinisa,kinisa,798,Kinisa,217,51,EST,3076,1627,1449,467,29.06,105.85
2257,Lami,lami,799,Lami,217,51,EST,4604,2194,2410,712,0.78,5916.22
2258,Manyatta,manyatta,800,Manyatta,217,51,EST,2893,1416,1477,479,2.7,1071.24
2259,Somare,somare,801,Somare,217,51,EST,1358,745,613,238,21,64.66
2260,Tesso,tesso,801,Somare,217,51,EST,604,369,235,168,17.03,35.48
2261,Gurumesa,gurumesa,802,Township,217,51,EST,3778,1856,1922,613,1.03,3680.11
2262,Sessi,sessi,802,Township,217,51,EST,2528,1308,1220,532,1.71,1479.49
2263,Township,township,802,Township,217,51,EST,6389,3132,3257,1139,0.98,6548.79
2264,Dabel,dabel,803,Dabel,218,51,EST,4315,2365,1950,612,315.86,13.66
2265,Dirdima,dirdima,803,Dabel,218,51,EST,2635,1297,1338,372,298.57,8.83
2266,Gola,gola,803,Dabel,218,51,EST,3162,1624,1538,396,181.71,17.4
2267,Guyo Timor,guyo-timor,803,Dabel,218,51,EST,3126,1632,1494,465,1016.07,3.08
2268,Didiqo,didiqo,804,Godoma,218,51,EST,2142,1199,943,318,69.94,30.63
2269,Godoma,godoma,804,Godoma,218,51,EST,3327,1746,1581,495,54.52,61.02
2270,Nana,nana,805,Nana,218,51,EST,3504,1839,1665,584,62.53,56.04
2271,Yabalo,yabalo,805,Nana,218,51,EST,2548,1331,1217,424,84.92,30
2272,Funanyatta,funanyatta,806,Odda,218,51,EST,1453,747,706,241,127.35,11.41
2273,Odda,odda,806,Odda,218,51,EST,2949,1585,1364,540,162.53,18.14
2274,Amballo,amballo,807,Amballo,219,51,EST,1389,793,596,209,892.88,1.56
2275,Bododha,bododha,807,Amballo,219,51,EST,823,452,371,148,597.46,1.38
2276,Anona,anona,808,Anona,219,51,EST,1445,778,667,247,14.81,97.58
2277,D/Fachana,d-fachana,809,D/Fachana,219,51,EST,1300,685,615,250,344.8,3.77
2278,Garba,garba,809,D/Fachana,219,51,EST,416,218,198,70,674.43,0.62
2279,Sololo Makutano,sololo-makutano,810,Sololo Makutano,219,51,EST,1267,630,637,226,737.53,1.72
2280,Ramata,ramata,811,Sololo,219,51,EST,5104,2543,2561,902,43.42,117.56
2281,Mado Adhi,mado-adhi,812,Waye,219,51,EST,1093,571,522,196,55.85,19.57
2282,Waye Godha,waye-godha,812,Waye,219,51,EST,658,318,340,124,12.56,52.37
2283,Golole,golole,813,Golole,220,51,EST,2152,1183,969,293,26.09,82.47
2284,Karbururi,karbururi,813,Golole,220,51,EST,1338,712,626,205,48.92,27.35
2285,Banale,banale,814,Rawana,220,51,EST,312,224,88,75,182.84,1.71
2286,Rawana,rawana,814,Rawana,220,51,EST,996,498,498,197,1988.61,0.5
2287,Lataka,lataka,815,Uran,220,51,EST,1388,768,620,220,177.98,7.8
2288,Uran,uran,815,Uran,220,51,EST,1789,947,842,292,24.57,72.82
2289,Walda,walda,816,Walda,220,51,EST,1779,953,826,355,777.87,2.29
2290,Kilawa,kilawa,817,Athi,221,52,EST,3550,1702,1848,731,61.54,57.68
2291,Kisiio,kisiio,817,Athi,221,52,EST,3089,1545,1544,586,77.55,39.83
2292,Kituti,kituti,817,Athi,221,52,EST,8662,4253,4409,1648,235.38,36.8
2293,Kalivu,kalivu,818,Kalivu,221,52,EST,3684,1713,1971,665,118.4,31.12
2294,Katilini,katilini,818,Kalivu,221,52,EST,3182,1493,1689,509,100.03,31.81
2295,Makaie,makaie,818,Kalivu,221,52,EST,3702,1793,1909,638,82.35,44.95
2296,Maluma,maluma,819,Maluma,221,52,EST,4970,2421,2549,901,145.54,34.15
2297,Monguni,monguni,819,Maluma,221,52,EST,2059,984,1075,376,54.24,37.96
2298,Muambani,muambani,819,Maluma,221,52,EST,2539,1229,1310,457,77.3,32.85
2299,Ilusya,ilusya,820,Ikanga,222,52,EST,1633,783,850,339,16.09,101.5
2300,Ithumula,ithumula,820,Ikanga,222,52,EST,4027,1919,2108,782,50,80.54
2301,Kathungu,kathungu,820,Ikanga,222,52,EST,5842,2825,3017,1146,43.96,132.89
2302,Kiangwa,kiangwa,820,Ikanga,222,52,EST,3980,1921,2059,782,38.61,103.09
2303,Makele,makele,820,Ikanga,222,52,EST,2428,1141,1287,487,33.79,71.85
2304,Nduundune,nduundune,820,Ikanga,222,52,EST,2833,1350,1483,555,36.26,78.13
2305,Kyatune,kyatune,821,Kyatune,222,52,EST,4272,2028,2244,812,58.84,72.6
2306,Ndatani,ndatani,821,Kyatune,222,52,EST,2353,1131,1222,433,81.17,28.99
2307,Ngwani,ngwani,821,Kyatune,222,52,EST,3942,1840,2102,746,52.46,75.15
2308,Vote,vote,821,Kyatune,222,52,EST,2120,1022,1098,414,49.22,43.07
2309,Yongela,yongela,821,Kyatune,222,52,EST,2755,1309,1446,547,31.2,88.3
2310,Kiangu,kiangu,822,Ikutha,223,52,EST,3949,1880,2069,651,71.22,55.45
2311,Kyoani,kyoani,822,Ikutha,223,52,EST,2919,1378,1541,514,50.49,57.81
2312,Maaini,maaini,822,Ikutha,223,52,EST,908,559,349,149,18.27,49.7
2313,Ndili,ndili,822,Ikutha,223,52,EST,3380,1648,1732,782,57.2,59.09
2314,Ngawuni,ngawuni,822,Ikutha,223,52,EST,1515,697,818,259,26.1,58.06
2315,Kasaala,kasaala,823,Kasaala,223,52,EST,3293,1621,1672,564,42.11,78.2
2316,Ngwate,ngwate,823,Kasaala,223,52,EST,3368,1615,1753,570,55.03,61.2
2317,Nzamba,nzamba,823,Kasaala,223,52,EST,3572,1798,1774,544,47.06,75.9
2318,Uiini,uiini,823,Kasaala,223,52,EST,3272,1559,1713,535,66.39,49.28
2319,Keitunda,keitunda,824,Kanziko,224,52,EST,1844,883,961,335,37.35,49.38
2320,Kituvwi,kituvwi,824,Kanziko,224,52,EST,1945,920,1025,294,94.16,20.66
2321,Kivandeni,kivandeni,824,Kanziko,224,52,EST,1971,932,1039,328,30.61,64.39
2322,Kyanyaa,kyanyaa,824,Kanziko,224,52,EST,1232,580,652,221,17.82,69.12
2323,Mwanianga,mwanianga,824,Kanziko,224,52,EST,1814,860,954,316,25.49,71.17
2324,Ekani,ekani,825,Simisi,224,52,EST,3260,1511,1749,570,58.76,55.48
2325,Ilamba,ilamba,825,Simisi,224,52,EST,1285,625,660,223,98,13.11
2326,Simisi,simisi,825,Simisi,224,52,EST,2546,1201,1345,475,58.82,43.28
2327,Kengo,kengo,826,Mathima,225,52,EST,2031,965,1066,367,55.19,36.8
2328,Kiatu,kiatu,826,Mathima,225,52,EST,2059,941,1118,348,42.82,48.09
2329,Kiimani,kiimani,826,Mathima,225,52,EST,1811,852,959,311,51.7,35.03
2330,Kivyuni,kivyuni,826,Mathima,225,52,EST,2382,1151,1231,398,41.83,56.94
2331,Mivune,mivune,826,Mathima,225,52,EST,1385,634,751,283,13.01,106.43
2332,Ndilili,ndilili,826,Mathima,225,52,EST,1382,676,706,220,19.39,71.28
2333,Kaatene,kaatene,827,Mutha,225,52,EST,2274,1104,1170,395,77.3,29.42
2334,Kalambani,kalambani,827,Mutha,225,52,EST,2028,982,1046,349,373.13,5.44
2335,Ngaani,ngaani,827,Mutha,225,52,EST,4180,2026,2154,785,1863.93,2.24
2336,Isaa,isaa,828,Ndakani,225,52,EST,2199,1027,1172,379,32.39,67.89
2337,Kalia Katune,kalia-katune,828,Ndakani,225,52,EST,2596,1211,1385,445,752.32,3.45
2338,Ndakani,ndakani,828,Ndakani,225,52,EST,3578,1712,1866,634,186.48,19.19
2339,Imale,imale,829,Voo,225,52,EST,1674,797,877,312,42.03,39.83
2340,Kasasi,kasasi,829,Voo,225,52,EST,3224,1536,1688,563,91.94,35.07
2341,Kyangini,kyangini,829,Voo,225,52,EST,1816,848,968,323,59.94,30.3
2342,Kyango,kyango,829,Voo,225,52,EST,3324,1570,1754,566,63.97,51.96
2343,Nzunguni,nzunguni,829,Voo,225,52,EST,4060,1920,2140,670,140.37,28.92
2344,Kawelu,kawelu,830,Kibwea,226,52,EST,6016,2836,3180,1233,90.9,66.18
2345,Kibwea,kibwea,830,Kibwea,226,52,EST,3367,1610,1757,584,48.02,70.11
2346,Uae,uae,830,Kibwea,226,52,EST,3225,1554,1671,572,48.76,66.14
2347,Kandae,kandae,831,Mutomo,226,52,EST,2618,1196,1422,639,17.38,150.63
2348,Kitoo,kitoo,831,Mutomo,226,52,EST,4899,2311,2588,880,77.07,63.56
2349,Mwala,mwala,831,Mutomo,226,52,EST,4325,2042,2283,756,43.29,99.91
2350,Tsavo East National Park,tsavo-east-national-park,832,Tsavo East National Park,227,52,EST,0,0,0,0,6302.71,0
2351,Kamuthwa,kamuthwa,833,Ikalaasa,228,53,EST,2705,1293,1412,564,19.3,140.13
2352,Matulani,matulani,833,Ikalaasa,228,53,EST,1426,640,786,287,28.03,50.87
2353,Ndithini,ndithini,833,Ikalaasa,228,53,EST,1752,801,951,366,22.66,77.31
2354,Ngungi,ngungi,833,Ikalaasa,228,53,EST,2551,1203,1348,535,14.62,174.48
2355,Itumbule,itumbule,834,Kibauni,228,53,EST,1787,850,937,404,14.56,122.76
2356,Kitile,kitile,834,Kibauni,228,53,EST,1627,756,871,306,16.93,96.11
2357,Mukaa,mukaa,834,Kibauni,228,53,EST,1548,721,827,349,16.42,94.3
2358,Kilala,kilala,835,Ngomano,228,53,EST,2993,1461,1532,599,38.09,78.58
2359,Kiunduani,kiunduani,835,Ngomano,228,53,EST,1538,774,764,305,14.17,108.51
2360,Kyamutwii,kyamutwii,836,Makutano,229,53,EST,2193,1095,1098,485,9.14,239.88
2361,Mathunthini,mathunthini,836,Makutano,229,53,EST,2464,1211,1253,512,11.5,214.24
2362,Maweli,maweli,836,Makutano,229,53,EST,3450,1659,1791,781,24.82,139
2363,Kyanganga,kyanganga,837,Mango,229,53,EST,2750,1377,1373,640,11.74,234.3
2364,Wetaa,wetaa,837,Mango,229,53,EST,2157,1102,1055,492,12.04,179.09
2365,Kavumbu,kavumbu,838,Masii,229,53,EST,2647,1229,1418,566,17.19,153.96
2366,Kithangaini,kithangaini,838,Masii,229,53,EST,3365,1620,1745,694,16.62,202.46
2367,Mbaani,mbaani,838,Masii,229,53,EST,2662,1223,1439,553,16.29,163.38
2368,Mithini,mithini,838,Masii,229,53,EST,4359,2193,2166,973,24.94,174.79
2369,Utithini,utithini,838,Masii,229,53,EST,5806,2851,2955,1522,22.51,257.88
2370,Embui,embui,839,Muthetheni,229,53,EST,3895,1967,1928,877,28.32,137.51
2371,Kalyambeu,kalyambeu,839,Muthetheni,229,53,EST,2477,1155,1322,538,14.42,171.83
2372,Kangethe,kangethe,839,Muthetheni,229,53,EST,1940,935,1005,447,10.28,188.68
2373,Kionyweni,kionyweni,839,Muthetheni,229,53,EST,2036,958,1078,434,13.94,146.01
2374,Kyethivo,kyethivo,839,Muthetheni,229,53,EST,3456,1619,1837,766,17.82,193.94
2375,Nthaani,nthaani,839,Muthetheni,229,53,EST,1816,861,955,373,8.63,210.37
2376,Mithanga,mithanga,840,Vyulya,229,53,EST,2449,1133,1316,517,8.67,282.58
2377,Muusini,muusini,840,Vyulya,229,53,EST,2256,1100,1156,495,7.17,314.55
2378,Uuni,uuni,840,Vyulya,229,53,EST,4928,2466,2462,1058,19.07,258.36
2379,Itikoni,itikoni,841,Kathama,230,53,EST,2008,996,1012,442,13.68,146.83
2380,Katitu,katitu,841,Kathama,230,53,EST,1828,891,937,415,7.22,253.02
2381,Kwa Mutula,kwa-mutula,841,Kathama,230,53,EST,2545,1214,1331,580,14,181.84
2382,Muthwani,muthwani,841,Kathama,230,53,EST,2790,1312,1478,664,11.62,240.16
2383,Ulaani,ulaani,841,Kathama,230,53,EST,2149,1048,1101,498,8.86,242.6
2384,Kabaa,kabaa,842,Mbiuni,230,53,EST,3416,1719,1697,727,20.13,169.69
2385,Makiliva,makiliva,842,Mbiuni,230,53,EST,3331,1584,1747,700,10.54,315.96
2386,Mbiuni,mbiuni,842,Mbiuni,230,53,EST,4005,1999,2006,870,14.44,277.43
2387,Mumbuni,mumbuni,842,Mbiuni,230,53,EST,5766,2789,2977,1202,30.87,186.81
2388,Nyanyaa,nyanyaa,842,Mbiuni,230,53,EST,4304,2009,2295,918,15.38,279.85
2389,Kamwala,kamwala,843,Mwala,230,53,EST,4742,2341,2401,976,16.63,285.11
2390,Kangii,kangii,843,Mwala,230,53,EST,1376,677,699,327,20.54,67
2391,Kibau,kibau,843,Mwala,230,53,EST,4479,2245,2234,1043,14.02,319.38
2392,Kivandini,kivandini,843,Mwala,230,53,EST,1770,876,894,381,8.97,197.23
2393,Kyawango,kyawango,843,Mwala,230,53,EST,1449,699,750,337,16.27,89.09
2394,Myanyani,myanyani,843,Mwala,230,53,EST,2731,1336,1395,559,13.73,198.95
2395,Ngulini,ngulini,843,Mwala,230,53,EST,2566,1250,1316,506,17.78,144.36
2396,Kalamba,kalamba,844,Miu,231,53,EST,2242,1019,1223,474,16.69,134.36
2397,Kikulumi,kikulumi,844,Miu,231,53,EST,1641,851,790,347,11.37,144.38
2398,Kyawikyo,kyawikyo,844,Miu,231,53,EST,1561,748,813,361,10.31,151.48
2399,Ngamba,ngamba,844,Miu,231,53,EST,2121,953,1168,440,11.59,182.95
2400,Utithini,utithini,844,Miu,231,53,EST,3515,1682,1833,808,21.52,163.35
2401,Kaitha,kaitha,845,Wamunyu,231,53,EST,3152,1540,1612,651,26.49,119.01
2402,Kambiti,kambiti,845,Wamunyu,231,53,EST,3158,1555,1603,784,28.21,111.93
2403,Kilembwa,kilembwa,845,Wamunyu,231,53,EST,2127,1036,1091,439,24.06,88.4
2404,Kyawango,kyawango,845,Wamunyu,231,53,EST,3750,1861,1889,868,17.76,211.15
2405,Nyaani,nyaani,845,Wamunyu,231,53,EST,2874,1384,1490,543,19.44,147.87
2406,Kwa-Kala,kwa-kala,846,Yathui,231,53,EST,2566,1225,1341,522,34.35,74.7
2407,Kyamatula,kyamatula,846,Yathui,231,53,EST,3877,1844,2033,856,28.91,134.11
2408,Kyangulumi,kyangulumi,846,Yathui,231,53,EST,4160,2006,2154,917,32.63,127.51
2409,Kathoka,kathoka,847,Endui,232,54,EST,3866,1791,2075,805,71.98,53.71
2410,Katitika,katitika,847,Endui,232,54,EST,3025,1459,1566,628,62.81,48.16
2411,Nyanyaa,nyanyaa,847,Endui,232,54,EST,1718,786,932,332,41.72,41.18
2412,Kalisasi,kalisasi,848,Kanzanzu,232,54,EST,1817,832,985,358,16.41,110.73
2413,Kanzanzu,kanzanzu,848,Kanzanzu,232,54,EST,2279,1073,1206,498,24.04,94.8
2414,Maithyakani,maithyakani,848,Kanzanzu,232,54,EST,2110,1006,1104,428,18.54,113.81
2415,Kairungu,kairungu,849,Kiomo,232,54,EST,5488,2620,2868,997,136.25,40.28
2416,Kiomo,kiomo,849,Kiomo,232,54,EST,4122,1976,2146,806,37.38,110.27
2417,Mbondoni,mbondoni,849,Kiomo,232,54,EST,2285,1084,1201,461,23.76,96.16
2418,Karura,karura,850,Kyethani,232,54,EST,2362,1170,1192,444,46.03,51.32
2419,Kyethani,kyethani,850,Kyethani,232,54,EST,4047,1916,2131,827,64.5,62.74
2420,Wikithuki,wikithuki,850,Kyethani,232,54,EST,2696,1273,1423,484,50.44,53.45
2421,Katalwa,katalwa,851,Mumbuni,232,54,EST,2227,1063,1164,472,24.85,89.62
2422,Kisovo,kisovo,851,Mumbuni,232,54,EST,3282,1511,1771,636,31.92,102.83
2423,Kwanungu,kwanungu,851,Mumbuni,232,54,EST,2240,1039,1201,485,8.41,266.46
2424,Enziu,enziu,852,Mwingi,232,54,EST,6551,3127,3424,1311,98.08,66.79
2425,Ithumbi,ithumbi,852,Mwingi,232,54,EST,4061,1974,2087,850,47.02,86.36
2426,Kanzui,kanzui,852,Mwingi,232,54,EST,2250,1025,1225,432,39.61,56.8
2427,Kavuvwani,kavuvwani,852,Mwingi,232,54,EST,4897,2330,2567,913,39.51,123.96
2428,Kivou,kivou,852,Mwingi,232,54,EST,4348,2098,2250,785,33.85,128.45
2429,Kyanika,kyanika,852,Mwingi,232,54,EST,7676,3799,3877,2165,24.36,315.15
2430,Mwingi,mwingi,852,Mwingi,232,54,EST,12640,6359,6281,3924,9.25,1365.95
2431,Ilalambyu,ilalambyu,853,Nzeluni,232,54,EST,1474,701,773,340,7.5,196.51
2432,Nzatani,nzatani,853,Nzeluni,232,54,EST,2854,1379,1475,653,22.63,126.13
2433,Nzeluni,nzeluni,853,Nzeluni,232,54,EST,2230,942,1288,489,18.81,118.54
2434,Ikuusya,ikuusya,854,Waita,232,54,EST,2762,1267,1495,529,40.57,68.08
2435,Mwmbui,mwmbui,854,Waita,232,54,EST,2511,1192,1319,535,47.56,52.8
2436,Thonoa,thonoa,854,Waita,232,54,EST,3328,1568,1760,645,60.86,54.68
2437,Waita,waita,854,Waita,232,54,EST,3680,1903,1777,723,51.78,71.07
2438,Kasevi,kasevi,855,Kyome,233,54,EST,2080,930,1150,459,12.72,163.53
2439,Kyome,kyome,855,Kyome,233,54,EST,3831,1868,1963,841,23.1,165.85
2440,Musuani,musuani,855,Kyome,233,54,EST,2118,971,1147,445,15.66,135.26
2441,Thokoa,thokoa,855,Kyome,233,54,EST,2448,1105,1343,524,15.17,161.39
2442,Itoloni,itoloni,856,Migwani,233,54,EST,3554,1689,1865,791,17.81,199.53
2443,Kaliluni,kaliluni,856,Migwani,233,54,EST,2276,999,1277,493,19.87,114.56
2444,Kyamboo,kyamboo,856,Migwani,233,54,EST,1859,857,1002,421,8.27,224.7
2445,Migwani,migwani,856,Migwani,233,54,EST,2342,1205,1137,592,7.39,316.77
2446,Kakululo,kakululo,857,Ngutani,233,54,EST,3635,1706,1929,675,42.84,84.84
2447,Kavoloi,kavoloi,857,Ngutani,233,54,EST,2992,1324,1668,637,15.49,193.2
2448,Ngongoni,ngongoni,857,Ngutani,233,54,EST,2553,1155,1398,487,19.6,130.27
2449,Nzalae,nzalae,857,Ngutani,233,54,EST,2761,1297,1464,563,30.77,89.74
2450,Nzawa,nzawa,857,Ngutani,233,54,EST,5998,2590,3408,1211,44.52,134.74
2451,Kikiini,kikiini,858,Nzauni,233,54,EST,2840,1257,1583,581,12.96,219.21
2452,Muivu,muivu,858,Nzauni,233,54,EST,3517,1630,1887,695,29.13,120.75
2453,Nzauni,nzauni,858,Nzauni,233,54,EST,2969,1354,1615,652,14.4,206.16
2454,Kyusyani,kyusyani,859,Thaana Nzau,233,54,EST,1523,688,835,273,36.72,41.48
2455,Thaana Nzau,thaana-nzau,859,Thaana Nzau,233,54,EST,1421,682,739,276,24.99,56.86
2456,Winzyeei,winzyeei,859,Thaana Nzau,233,54,EST,2860,1361,1499,533,58.66,48.76
2457,Yenzuva,yenzuva,859,Thaana Nzau,233,54,EST,2259,1059,1200,428,42.72,52.88
2458,Kanyaa,kanyaa,860,Thitani,233,54,EST,2023,946,1077,456,8.95,226.09
2459,Kasanga,kasanga,860,Thitani,233,54,EST,2658,1231,1427,567,30.32,87.67
2460,Kavaini,kavaini,860,Thitani,233,54,EST,1562,711,851,347,33.46,46.68
2461,Kitulani,kitulani,860,Thitani,233,54,EST,1491,655,836,340,5.53,269.77
2462,Itiko,itiko,861,Kalitini,234,54,EST,2651,1212,1439,529,57.53,46.08
2463,Kitise,kitise,861,Kalitini,234,54,EST,3285,1593,1692,690,59.03,55.65
2464,Yumbu,yumbu,861,Kalitini,234,54,EST,2526,1231,1295,503,63.14,40.01
2465,Ngiluni,ngiluni,862,Mui,234,54,EST,4073,2011,2062,859,83.96,48.51
2466,Ngoo,ngoo,862,Mui,234,54,EST,4611,2160,2451,932,66.67,69.16
2467,Ngungi,ngungi,862,Mui,234,54,EST,2482,1165,1317,528,39.1,63.47
2468,Kalanga,kalanga,863,Mbuvu,235,54,EST,1664,814,850,304,45.12,36.88
2469,Mbuvu,mbuvu,863,Mbuvu,235,54,EST,4785,2218,2567,892,184.81,25.89
2470,Kyavuka,kyavuka,864,Nguni,235,54,EST,5070,2382,2688,928,140.53,36.08
2471,Mathyakani,mathyakani,864,Nguni,235,54,EST,2757,1298,1459,507,57.47,47.97
2472,Mwasuma,mwasuma,864,Nguni,235,54,EST,5156,2464,2692,1043,79.19,65.11
2473,Kamutiu,kamutiu,865,Ukasi,235,54,EST,2327,1083,1244,432,72.74,31.99
2474,Mwalali,mwalali,865,Ukasi,235,54,EST,3476,1671,1805,638,773.74,4.49
2475,Ukasi,ukasi,865,Ukasi,235,54,EST,4078,1888,2190,770,405.1,10.07
2476,Mwangeni,mwangeni,866,Mutyangombe,236,54,EST,3216,1525,1691,590,81.65,39.39
2477,Ngieni,ngieni,866,Mutyangombe,236,54,EST,3268,1514,1754,606,64.23,50.88
2478,Mwambiu,mwambiu,867,Nuu,236,54,EST,3171,1511,1660,577,87.22,36.36
2479,Ngaani,ngaani,867,Nuu,236,54,EST,3498,1664,1834,718,91.37,38.28
2480,Nyaani,nyaani,867,Nuu,236,54,EST,3130,1502,1628,591,106.79,29.31
2481,Kyangati,kyangati,868,Wingemi,236,54,EST,5736,2634,3102,1036,134.7,42.58
2482,Malawa,malawa,868,Wingemi,236,54,EST,5625,2598,3027,1052,758.81,7.41
2483,Ikangavya,ikangavya,869,Ikangavya,237,55,EST,5198,2454,2744,1081,25.78,201.66
2484,Kalamba,kalamba,870,Kalamba,237,55,EST,7190,3523,3667,1487,31.39,229.04
2485,Kithumba,kithumba,871,Kithumba,237,55,EST,3994,1960,2034,786,21.15,188.84
2486,Nzeeni,nzeeni,871,Kithumba,237,55,EST,2036,989,1047,416,10.83,187.93
2487,Kasikeu,kasikeu,872,Kasikeu,238,55,EST,7300,3571,3729,1526,30.86,236.56
2488,Uvaleni,uvaleni,872,Kasikeu,238,55,EST,3471,1668,1803,749,15.21,228.23
2489,Wathini,wathini,872,Kasikeu,238,55,EST,6196,2938,3258,1220,38.99,158.92
2490,Mumela,mumela,873,Mumela,238,55,EST,5671,2764,2907,1259,22.15,256.07
2491,Kiongwani,kiongwani,874,Kitaingo,239,55,EST,4391,2121,2270,900,28.42,154.49
2492,Kitaingo,kitaingo,874,Kitaingo,239,55,EST,7441,3541,3900,1631,19.81,375.67
2493,Kilome,kilome,875,Mukaa,239,55,EST,9095,4349,4746,2074,32.88,276.61
2494,Maiani,maiani,875,Mukaa,239,55,EST,5598,2659,2939,1293,19.69,284.36
2495,Kiou,kiou,876,Kwale,240,55,EST,2137,1067,1070,444,5.7,374.87
2496,Kwale,kwale,876,Kwale,240,55,EST,2803,1472,1331,658,44.87,62.47
2497,Lumu,lumu,877,Muani,240,55,EST,2940,1379,1561,587,17.08,172.15
2498,Muani,muani,877,Muani,240,55,EST,3682,1792,1890,706,16.28,226.21
2499,Sultan Hamud,sultan-hamud,877,Muani,240,55,EST,4148,2336,1812,1241,77.27,53.68
2500,Kavuko,kavuko,878,Kiima Kiu,241,55,EST,1044,550,494,198,7.82,133.58
2501,Kiimakiu,kiimakiu,878,Kiima Kiu,241,55,EST,4969,2533,2436,1114,38.78,128.13
2502,Malili,malili,879,Malili,241,55,EST,796,545,251,352,25.78,30.88
2503,Mavivye,mavivye,879,Malili,241,55,EST,5172,2433,2739,1141,31.2,165.78
2504,Itumbule,itumbule,880,Ngaamba,241,55,EST,4269,2125,2144,905,40.96,104.23
2505,Ngaamba,ngaamba,880,Ngaamba,241,55,EST,6741,3488,3253,1633,127.53,52.86
2506,Kathatu,kathatu,881,Kilili,242,55,EST,2015,986,1029,382,16.34,123.34
2507,Kilili,kilili,881,Kilili,242,55,EST,1903,919,984,378,8.98,211.95
2508,Mulenyu,mulenyu,881,Kilili,242,55,EST,1140,565,575,251,12.25,93.07
2509,Wee,wee,881,Kilili,242,55,EST,1300,616,684,248,12.36,105.18
2510,Kawala,kawala,882,Nzaui,242,55,EST,7011,3406,3605,1327,35.41,197.98
2511,Matiliku,matiliku,882,Nzaui,242,55,EST,5255,2536,2719,1204,23.14,227.12
2512,Kithumani,kithumani,883,Kakutha,243,55,EST,1332,640,692,259,8.38,159.04
2513,Manooni,manooni,883,Kakutha,243,55,EST,1570,755,815,300,4.75,330.74
2514,Mungyani,mungyani,883,Kakutha,243,55,EST,2113,970,1143,425,4.8,440.13
2515,Mwambwani,mwambwani,883,Kakutha,243,55,EST,1769,862,907,319,7.21,245.5
2516,Kavuthu,kavuthu,884,Kavuthu,243,55,EST,1457,709,748,283,8.14,178.99
2517,Masue,masue,884,Kavuthu,243,55,EST,3521,1686,1835,670,9.41,374.1
2518,Vulueni,vulueni,884,Kavuthu,243,55,EST,2155,1042,1113,422,9.93,216.92
2519,Katani,katani,885,Mutyambua,243,55,EST,2366,1105,1261,459,12.09,195.66
2520,Mutiswa,mutiswa,885,Mutyambua,243,55,EST,2682,1251,1431,514,4.92,545.13
2521,Mutyambua,mutyambua,885,Mutyambua,243,55,EST,4301,2091,2210,835,14.02,306.89
2522,Emali,emali,886,Emali,244,55,EST,7552,3947,3605,2691,29.63,254.87
2523,Kwakakulu,kwakakulu,886,Emali,244,55,EST,1998,1041,957,365,5.6,356.49
2524,Tutini,tutini,886,Emali,244,55,EST,2340,1157,1183,479,18.63,125.63
2525,Kaliini,kaliini,887,Kyemundu,244,55,EST,1999,982,1017,421,10.25,195.05
2526,Kyemundu,kyemundu,887,Kyemundu,244,55,EST,1531,746,785,310,6.01,254.75
2527,Mbeletu,mbeletu,887,Kyemundu,244,55,EST,1131,559,572,225,5.21,217.28
2528,Mwasangombe,mwasangombe,887,Kyemundu,244,55,EST,828,399,429,178,3.54,233.85
2529,Yumbani,yumbani,887,Kyemundu,244,55,EST,1593,751,842,320,7.01,227.39
2530,Iteta,iteta,888,Mulala,244,55,EST,2754,1267,1487,533,7.99,344.72
2531,Katune,katune,888,Mulala,244,55,EST,2918,1421,1497,558,7.94,367.64
2532,Maatha,maatha,888,Mulala,244,55,EST,2742,1354,1388,561,20.03,136.87
2533,Matiku,matiku,888,Mulala,244,55,EST,2493,1187,1306,484,9.73,256.3
2534,Ngetha,ngetha,888,Mulala,244,55,EST,2860,1385,1475,601,15.45,185.12
2535,Kakili,kakili,889,Ithumba,245,55,EST,1669,796,873,337,15.55,107.34
2536,Masumba,masumba,889,Ithumba,245,55,EST,1678,810,868,345,20.41,82.23
2537,Mii,mii,889,Ithumba,245,55,EST,2514,1234,1280,465,37.55,66.95
2538,Mithumoni,mithumoni,889,Ithumba,245,55,EST,2200,1067,1133,425,21.65,101.62
2539,Mweini,mweini,890,Mweini,245,55,EST,1700,827,873,304,29.75,57.14
2540,Vololo,vololo,890,Mweini,245,55,EST,2008,978,1030,391,34.35,58.45
2541,Yikivumbu,yikivumbu,890,Mweini,245,55,EST,1436,693,743,263,22.13,64.88
2542,Kikumini,kikumini,891,Nguu,245,55,EST,1347,683,664,283,19.79,68.08
2543,Masamukye,masamukye,891,Nguu,245,55,EST,1084,538,546,230,22.04,49.17
2544,Mukamembeu,mukamembeu,891,Nguu,245,55,EST,2144,1093,1051,460,34.84,61.54
2545,Ndungui,ndungui,891,Nguu,245,55,EST,1088,536,552,212,8.66,125.69
2546,Nthungui,nthungui,891,Nguu,245,55,EST,2093,1011,1082,409,31.8,65.81
2547,Makasa,makasa,892,Wolwa,245,55,EST,582,364,218,157,23.13,25.16
2548,Thithi,thithi,892,Wolwa,245,55,EST,1361,740,621,323,15.38,88.5
2549,Wolwa,wolwa,892,Wolwa,245,55,EST,860,448,412,186,12.04,71.43
2550,Gituma,gituma,893,Gituma,246,56,EST,1633,779,854,307,33.2,49.19
2551,Kaguma,kaguma,893,Gituma,246,56,EST,1694,840,854,351,38.11,44.45
2552,Ibote,ibote,894,Karocho,246,56,EST,3130,1498,1632,677,22.12,141.51
2553,Karocho,karocho,894,Karocho,246,56,EST,4189,2014,2175,856,22.87,183.17
2554,Kamatungu,kamatungu,895,Marimanti,246,56,EST,2673,1294,1379,745,24.75,108.01
2555,Kirangare,kirangare,895,Marimanti,246,56,EST,1368,682,686,308,20.62,66.33
2556,Kithigiri,kithigiri,895,Marimanti,246,56,EST,2682,1333,1349,712,22.67,118.28
2557,Marimanti,marimanti,895,Marimanti,246,56,EST,1812,887,925,401,19.33,93.72
2558,Kereria,kereria,896,Matakiri,246,56,EST,2319,1096,1223,491,15.69,147.82
2559,Matakiri,matakiri,896,Matakiri,246,56,EST,2639,1233,1406,550,18.93,139.39
2560,Mwanyani,mwanyani,897,Mwanyani,246,56,EST,2968,1441,1527,636,14.32,207.25
2561,Tumbura,tumbura,897,Mwanyani,246,56,EST,2390,1149,1241,535,16.55,144.37
2562,Nkondi,nkondi,898,Nkondi,246,56,EST,3104,1492,1612,657,21.63,143.5
2563,Rukurini,rukurini,898,Nkondi,246,56,EST,2154,1086,1068,463,16.7,128.99
2564,Kanyuru,kanyuru,899,Ntugi,246,56,EST,2452,1191,1261,540,18.46,132.85
2565,Rukenya,rukenya,899,Ntugi,246,56,EST,2482,1189,1293,458,33.79,73.45
2566,Kathuura,kathuura,900,Turima,246,56,EST,1749,887,862,356,16.52,105.86
2567,Turima,turima,900,Turima,246,56,EST,4005,1891,2114,840,25.88,154.74
2568,Gatunga,gatunga,901,Gatue,247,56,EST,6790,3256,3534,1382,91.32,74.35
2569,Irunduni,irunduni,902,Gikingo,247,56,EST,6313,3023,3290,1230,32.63,193.47
2570,Mukothima,mukothima,902,Gikingo,247,56,EST,4722,2260,2462,1018,24.72,191.01
2571,Kanjoro,kanjoro,903,Kanjoro,247,56,EST,4282,2069,2213,852,67.35,63.58
2572,Mauthini,mauthini,903,Kanjoro,247,56,EST,3010,1461,1549,667,84.68,35.54
2573,Kathangachini,kathangachini,904,Kathangachini,247,56,EST,3808,1929,1879,852,168.33,22.62
2574,Twanthanju,twanthanju,904,Kathangachini,247,56,EST,3850,1941,1909,808,100.3,38.38
2575,Kamaguna,kamaguna,905,Maragwa,247,56,EST,3202,1490,1712,624,140.89,22.73
2576,Kamwathu,kamwathu,905,Maragwa,247,56,EST,3771,1824,1947,767,81.28,46.4
2577,Ntoroni,ntoroni,906,Ntoroni,247,56,EST,4351,2138,2213,917,19,229.06
2578,Kirundi,kirundi,907,Thiiti,247,56,EST,2696,1307,1389,536,13.44,200.6
2579,Thiiti,thiiti,907,Thiiti,247,56,EST,3181,1540,1641,629,20,159.05
2580,Chiakariga,chiakariga,908,Chiakariga,248,56,EST,3960,1791,2169,836,39.87,99.32
2581,Matiri,matiri,908,Chiakariga,248,56,EST,2470,1150,1320,488,14.1,175.13
2582,Gakurungu,gakurungu,909,Gakurungu,248,56,EST,1761,876,885,378,13.87,126.94
2583,Murinda,murinda,909,Gakurungu,248,56,EST,3080,1459,1621,662,7.29,422.55
2584,Mwerera,mwerera,909,Gakurungu,248,56,EST,1449,693,756,291,10.95,132.31
2585,Kamanyaki,kamanyaki,910,Kamanyaki,248,56,EST,1502,734,768,282,25.98,57.81
2586,Kirukuma,kirukuma,910,Kamanyaki,248,56,EST,1265,604,661,290,19.35,65.39
2587,Kamarandi,kamarandi,911,Kamarandi,248,56,EST,2724,1300,1424,513,34.78,78.32
2588,Uturini,uturini,911,Kamarandi,248,56,EST,1546,738,808,275,38.01,40.67
2589,Gaceraka,gaceraka,912,Nkarini,248,56,EST,2297,1113,1184,476,19.9,115.4
2590,Nkarini,nkarini,912,Nkarini,248,56,EST,3496,1715,1781,669,18.99,184.07
2591,Gakirwe,gakirwe,913,Tunyai,248,56,EST,1642,824,818,345,6.85,239.63
2592,Kithino,kithino,913,Tunyai,248,56,EST,1953,949,1004,488,12.25,159.45
2593,Tubui,tubui,913,Tunyai,248,56,EST,1490,764,726,292,8.54,174.5
2594,Tunyai,tunyai,913,Tunyai,248,56,EST,4044,1957,2087,943,32.7,123.66
2595,Kuani,kuani,914,Athwana,249,57,EST,3896,1711,2185,859,4.54,858.77
2596,Laciathurio,laciathurio,914,Athwana,249,57,EST,2685,1251,1434,562,30.68,87.51
2597,Matiru,matiru,914,Athwana,249,57,EST,4258,1831,2427,918,9.37,454.27
2598,Kaliati,kaliati,915,Kitheo,249,57,EST,2166,1024,1142,463,3.21,674.81
2599,Kitheo,kitheo,915,Kitheo,249,57,EST,4457,2100,2357,970,5.18,860.71
2600,Muchune,muchune,915,Kitheo,249,57,EST,4171,1988,2183,865,4.9,851.94
2601,Ntiba,ntiba,915,Kitheo,249,57,EST,1669,786,883,321,4,417.29
2602,Karii,karii,916,Nchooro,249,57,EST,3867,1837,2030,802,5.17,747.78
2603,Maanthi,maanthi,916,Nchooro,249,57,EST,3341,1562,1779,729,4.74,705.52
2604,Mwili,mwili,916,Nchooro,249,57,EST,3978,1840,2138,857,4.26,932.84
2605,Kadebene,kadebene,917,Rwanda,249,57,EST,1057,493,564,226,18.04,58.58
2606,Kibiru,kibiru,917,Rwanda,249,57,EST,2707,1325,1382,597,43.19,62.68
2607,Ntulili,ntulili,917,Rwanda,249,57,EST,3524,1828,1696,673,43.73,80.59
2608,Limbine,limbine,918,Thinyaine,249,57,EST,5097,2237,2860,1048,6.34,804.25
2609,Mweronkanga,mweronkanga,918,Thinyaine,249,57,EST,3323,1557,1766,717,26.4,125.85
2610,Twale,twale,918,Thinyaine,249,57,EST,3577,1637,1940,753,9.89,361.77
2611,Antuanduru,antuanduru,919,Antuanduru,250,57,EST,3629,1759,1870,799,16.01,226.67
2612,Gitundu,gitundu,919,Antuanduru,250,57,EST,3237,1598,1639,616,8.97,361.02
2613,Ametho,ametho,920,Karama,250,57,EST,5749,2814,2935,1103,18.3,314.11
2614,Baranga,baranga,920,Karama,250,57,EST,6193,3013,3180,1277,7.28,850.41
2615,Urru,urru,920,Karama,250,57,EST,4601,2240,2361,869,3.77,1219.03
2616,Kalothera,kalothera,921,Mula,250,57,EST,599,317,282,140,44.73,13.39
2617,Kamberia,kamberia,921,Mula,250,57,EST,1052,544,508,197,31.46,33.44
2618,Kailithiria,kailithiria,922,Mituntu,251,57,EST,1478,688,790,335,8.63,171.25
2619,Mituntu,mituntu,922,Mituntu,251,57,EST,1146,560,586,260,2.82,406.22
2620,Lairangi,lairangi,923,Mumui,251,57,EST,1785,861,924,418,20.85,85.61
2621,Mumui,mumui,923,Mumui,251,57,EST,1737,844,893,412,19.71,88.14
2622,Rei,rei,923,Mumui,251,57,EST,1764,921,843,434,10.92,161.51
2623,Muthiru,muthiru,924,Thau,251,57,EST,2068,1002,1066,479,10.01,206.68
2624,Thau,thau,924,Thau,251,57,EST,2030,945,1085,491,5.71,355.56
2625,Lailuba,lailuba,925,Buuri,252,57,EST,4041,1837,2204,821,36.03,112.16
2626,Lanyiru,lanyiru,925,Buuri,252,57,EST,3075,1423,1652,653,83.8,36.7
2627,Maburwa,maburwa,925,Buuri,252,57,EST,2967,1363,1604,601,57.31,51.77
2628,Athanja,athanja,926,Muthara,252,57,EST,4232,1960,2272,887,7.23,585.02
2629,Athinga,athinga,926,Muthara,252,57,EST,3996,1826,2170,848,4.61,867.7
2630,Irotia,irotia,926,Muthara,252,57,EST,3915,1751,2164,794,3.43,1140.97
2631,Ketharene,ketharene,926,Muthara,252,57,EST,5545,2563,2982,1219,6.82,813.32
2632,Thumbuku,thumbuku,926,Muthara,252,57,EST,8056,3838,4218,1672,11.41,705.94
2633,Tiringwii,tiringwii,927,Ngaremara,252,57,EST,3201,1555,1646,683,95.09,33.66
2634,Abondii,abondii,928,Kiguchwa,253,57,EST,3701,1810,1891,746,7.1,521.44
2635,Kiguchwa,kiguchwa,928,Kiguchwa,253,57,EST,6061,2936,3125,1227,9.6,631.2
2636,Ametho,ametho,929,Micii Mikuru,253,57,EST,2210,1084,1126,427,1.46,1511.42
2637,Micii Mikuru,micii-mikuru,929,Micii Mikuru,253,57,EST,7200,3455,3745,1556,20.3,354.74
2638,Akaiga,akaiga,930,Mikinduri E.,253,57,EST,11087,5478,5609,2204,36.84,300.91
2639,Athwana,athwana,930,Mikinduri E.,253,57,EST,4999,2378,2621,992,10.05,497.65
2640,Anjuki,anjuki,931,Mikinduri W.,253,57,EST,8680,4317,4363,2013,8.72,995.64
2641,Kiguru,kiguru,931,Mikinduri W.,253,57,EST,3615,1792,1823,860,12.06,299.86
2642,Marega,marega,931,Mikinduri W.,253,57,EST,5415,2681,2734,1169,14.28,379.27
2643,Ithamare,ithamare,932,Kiandiu,254,57,EST,1837,896,941,383,6.3,291.61
2644,Kiandiu,kiandiu,932,Kiandiu,254,57,EST,1991,955,1036,431,6.77,294.13
2645,Kianjai,kianjai,933,Kianjai,254,57,EST,4764,2288,2476,1102,6.36,749.28
2646,Machaku,machaku,933,Kianjai,254,57,EST,1525,751,774,337,3.99,381.83
2647,Mutuonjuari,mutuonjuari,933,Kianjai,254,57,EST,4690,2197,2493,1056,5.49,853.57
2648,Nairiri,nairiri,933,Kianjai,254,57,EST,1866,836,1030,398,6.14,303.8
2649,Miathene,miathene,934,Miathene,254,57,EST,5056,2423,2633,1130,7.59,665.82
2650,Urru,urru,934,Miathene,254,57,EST,3137,1515,1622,713,5.21,602.37
2651,Amugaa,amugaa,935,Amugaa,255,57,EST,3522,1701,1821,763,7.34,479.88
2652,Churiu,churiu,935,Amugaa,255,57,EST,3128,1517,1611,640,13.95,224.28
2653,Nkwila,nkwila,935,Amugaa,255,57,EST,2295,1130,1165,475,4.11,558.45
2654,Ankamia,ankamia,936,Ankamia,255,57,EST,6348,3093,3255,1351,7.35,863.79
2655,Igurune,igurune,936,Ankamia,255,57,EST,2042,1028,1014,398,3.93,519.51
2656,Igarii,igarii,937,Igarii,255,57,EST,4639,2325,2314,895,13.53,342.97
2657,Nkandi,nkandi,937,Igarii,255,57,EST,1906,950,956,394,9.9,192.57
2658,Giithu,giithu,938,Thangatha,255,57,EST,5225,2600,2625,1103,8.58,608.88
2659,Katithini,katithini,938,Thangatha,255,57,EST,2385,1237,1148,593,10.19,233.97
2660,Kunati,kunati,938,Thangatha,255,57,EST,7121,3483,3638,1483,29.06,245.07
2661,Ngutu,ngutu,938,Thangatha,255,57,EST,1579,800,779,342,5.41,291.96
2662,Amwari,amwari,939,Kimachia,256,57,EST,3940,1908,2032,856,12.34,319.17
2663,Kamaroo,kamaroo,939,Kimachia,256,57,EST,3635,1782,1853,808,6.98,521.01
2664,Ntoombo,ntoombo,939,Kimachia,256,57,EST,3865,1891,1974,836,9.4,410.99
2665,Kaboto,kaboto,940,Kiorimba,256,57,EST,812,415,397,168,4.5,180.42
2666,Kiorimba,kiorimba,940,Kiorimba,256,57,EST,1950,1004,946,450,4.71,413.76
2667,Machegene,machegene,940,Kiorimba,256,57,EST,1718,867,851,397,3.99,431.02
2668,Kibuline,kibuline,941,Mbeu,256,57,EST,3362,1634,1728,759,8.18,411.18
2669,Kieru,kieru,941,Mbeu,256,57,EST,4462,2219,2243,972,7.35,606.71
2670,Kimerei,kimerei,941,Mbeu,256,57,EST,4650,2287,2363,1019,8.77,530.09
2671,Mbeu,mbeu,941,Mbeu,256,57,EST,4018,1921,2097,847,13.44,298.87
2672,Kilenchune,kilenchune,942,Nkomo,256,57,EST,2811,1345,1466,680,9.4,298.94
2673,Kunene,kunene,942,Nkomo,256,57,EST,7194,3582,3612,1644,7.77,926.45
2674,Limauru,limauru,942,Nkomo,256,57,EST,2916,1437,1479,635,7.97,365.7
2675,Ikombe,ikombe,943,Ikombe,257,58,EST,7972,3656,4316,1660,76.63,104.03
2676,Kitheuni,kitheuni,943,Ikombe,257,58,EST,5267,2493,2774,1035,34.24,153.85
2677,Kyasioni,kyasioni,943,Ikombe,257,58,EST,3732,1849,1883,781,27.1,137.71
2678,Kinyaata,kinyaata,944,Kinyaata,257,58,EST,5559,2637,2922,1125,60.31,92.18
2679,Makutano,makutano,944,Kinyaata,257,58,EST,5480,2604,2876,1067,54.11,101.28
2680,Mathingau,mathingau,944,Kinyaata,257,58,EST,6673,3115,3558,1381,79.01,84.46
2681,Katangi,katangi,945,Katangi,258,58,EST,5322,2524,2798,1402,37.84,140.63
2682,Mekilingi,mekilingi,945,Katangi,258,58,EST,5157,2376,2781,1047,56.17,91.82
2683,Kyua,kyua,946,Kyua,258,58,EST,6452,3124,3328,1314,84.04,76.78
2684,Syokisinga,syokisinga,946,Kyua,258,58,EST,4850,2250,2600,930,56.85,85.31
2685,Ekalakala,ekalakala,947,Ekalakala,259,58,EST,7934,3904,4030,1769,73.27,108.28
2686,Nzukini,nzukini,947,Ekalakala,259,58,EST,4049,1958,2091,860,43.03,94.1
2687,Ikaatini,ikaatini,948,Ikaatini,259,58,EST,2807,1358,1449,594,18.34,153.06
2688,Itunduimuni,itunduimuni,948,Ikaatini,259,58,EST,4223,2066,2157,930,42.78,98.72
2689,Kangonde,kangonde,949,Kangonde,259,58,EST,4133,2040,2093,826,67.28,61.43
2690,Kikumini,kikumini,949,Kangonde,259,58,EST,4514,2158,2356,947,51.71,87.29
2691,Mikuyuni,mikuyuni,949,Kangonde,259,58,EST,2846,1366,1480,569,25.38,112.15
2692,Musingini,musingini,949,Kangonde,259,58,EST,3965,1869,2096,795,53.31,74.38
2693,Eendei,eendei,950,Kithyoko,259,58,EST,3182,1460,1722,618,54.27,58.64
2694,Kithyoko,kithyoko,950,Kithyoko,259,58,EST,4811,2291,2520,1127,57.24,84.04
2695,Miangeni,miangeni,950,Kithyoko,259,58,EST,3973,1869,2104,787,68.04,58.39
2696,Thatha,thatha,950,Kithyoko,259,58,EST,4920,2317,2603,963,75.05,65.56
2697,Iiani,iiani,951,Kivaa,259,58,EST,3190,1554,1636,666,58.12,54.88
2698,Kaewa,kaewa,951,Kivaa,259,58,EST,4276,1981,2295,912,44.67,95.72
2699,Kivaa,kivaa,951,Kivaa,259,58,EST,7203,3569,3634,1730,112.66,63.94
2700,Kyondoni,kyondoni,951,Kivaa,259,58,EST,2537,1178,1359,528,52.43,48.39
2701,Katulye,katulye,952,Masinga,259,58,EST,4906,2323,2583,989,59.61,82.3
2702,Masinga,masinga,952,Masinga,259,58,EST,4912,2370,2542,1145,47.97,102.39
2703,Mukusu,mukusu,952,Masinga,259,58,EST,4729,2336,2393,973,50,94.57
2704,Musumaa,musumaa,952,Masinga,259,58,EST,2958,1390,1568,583,33.24,88.99
2705,Kasuvilo,kasuvilo,953,Mananja,260,58,EST,5187,2709,2478,1169,38.71,133.99
2706,Mananja,mananja,953,Mananja,260,58,EST,6888,3398,3490,1520,24.1,285.84
2707,Kathukini,kathukini,954,Muthesya,260,58,EST,4991,2368,2623,1104,27.44,181.89
2708,Kikule,kikule,954,Muthesya,260,58,EST,3876,1934,1942,829,50.16,77.28
2709,Muthesya,muthesya,954,Muthesya,260,58,EST,5043,2351,2692,1079,24.27,207.81
2710,Kiatineni,kiatineni,955,Ndithini,260,58,EST,5207,2662,2545,1156,44.08,118.12
2711,Milaani,milaani,955,Ndithini,260,58,EST,3243,1745,1498,699,88.11,36.81
2712,Ndithini,ndithini,955,Ndithini,260,58,EST,5437,2582,2855,1183,17.56,309.68
2713,Kambi ya Ndeke,kambi-ya-ndeke,956,Kithimani,261,58,EST,6804,3272,3532,1426,47.86,142.15
2714,Kithendu,kithendu,956,Kithimani,261,58,EST,10972,5384,5588,2406,38.11,287.91
2715,Kithimani,kithimani,956,Kithimani,261,58,EST,8267,4200,4067,2103,64.32,128.52
2716,Kakumini,kakumini,957,Matuu,261,58,EST,5801,2819,2982,1229,34.78,166.81
2717,Kaluluini,kaluluini,957,Matuu,261,58,EST,6486,3220,3266,1353,46.15,140.54
2718,Katulani,katulani,957,Matuu,261,58,EST,3975,1889,2086,881,31.41,126.56
2719,Matuu,matuu,957,Matuu,261,58,EST,10883,5461,5422,3557,14.04,775.01
2720,Kisiiki,kisiiki,958,Mavoloni,261,58,EST,4276,2012,2264,976,16.17,264.38
2721,Kwa Ndolo,kwa-ndolo,958,Mavoloni,261,58,EST,6441,3094,3347,1456,32.52,198.05
2722,Mavoloni,mavoloni,958,Mavoloni,261,58,EST,5562,2753,2809,1272,34.84,159.65
2723,Kivingoni,kivingoni,959,Ndalani,261,58,EST,7788,3700,4088,1727,55.81,139.56
2724,Mamba,mamba,959,Ndalani,261,58,EST,7671,3872,3799,1809,46.6,164.62
2725,Ndalani,ndalani,959,Ndalani,261,58,EST,6189,3034,3155,1225,28.36,218.25
2726,Dandora A,dandora-a,960,Dandora,262,59,NBI,56477,28362,28115,20163,1.97,28672.89
2727,Dandora B,dandora-b,960,Dandora,262,59,NBI,85569,43090,42479,27645,1.95,43917.57
2728,Embakasi,embakasi,961,Embakasi,262,59,NBI,65034,32674,32360,19815,45.03,1444.17
2729,Mihango,mihango,961,Embakasi,262,59,NBI,22936,12680,10256,6167,14.92,1537
2730,Kariobangi South,kariobangi-south,962,Kariobangi South,262,59,NBI,33036,15363,17673,9869,1.41,23479.74
2731,Mowlem,mowlem,962,Kariobangi South,262,59,NBI,22953,11632,11321,7250,3.41,6722.41
2732,Kayole,kayole,963,Kayole,262,59,NBI,140321,69665,70656,45672,2.39,58655.27
2733,Koma Rock,koma-rock,963,Kayole,262,59,NBI,35628,16195,19433,8039,3.08,11582.2
2734,Imara Daima,imara-daima,964,Mukuru kwa Njenga,262,59,NBI,70641,39466,31175,26222,3.92,18042.3
2735,Mukuru kwa Njenga,mukuru-kwa-njenga,964,Mukuru kwa Njenga,262,59,NBI,130401,71619,58782,49198,8.11,16082.01
2736,Njiru,njiru,965,Njiru,262,59,NBI,22482,11847,10635,7496,5.18,4338.81
2737,Saika,saika,965,Njiru,262,59,NBI,26971,13530,13441,7945,3.88,6955.23
2738,Ngundu,ngundu,966,Ruai,262,59,NBI,9513,4870,4643,2532,51.52,184.63
2739,Ruai,ruai,966,Ruai,262,59,NBI,26448,13316,13132,7316,48.95,540.25
2740,Savannah,savannah,967,Umoja,262,59,NBI,75888,38064,37824,23516,4.78,15859.56
2741,Umoja Ii,umoja-ii,967,Umoja,262,59,NBI,101477,45724,55753,28097,3.13,32472.64
2742,Hamza,hamza,968,Makadara,263,59,NBI,16251,8023,8228,5348,0.89,18232.92
2743,Harambee,harambee,968,Makadara,263,59,NBI,26259,11513,14746,6561,2.19,11994.24
2744,Lumumba/Jericho,lumumba-jericho,968,Makadara,263,59,NBI,5979,2824,3155,1607,0.38,15746.64
2745,Kaloleni,kaloleni,969,Makongeni,263,59,NBI,7761,4153,3608,2536,0.61,12796.37
2746,Makongeni,makongeni,969,Makongeni,263,59,NBI,12302,6568,5734,3744,0.68,18203.61
2747,Mbotela,mbotela,970,Maringo,263,59,NBI,10959,5601,5358,3304,0.46,23654.22
2748,Ofafa Maringo,ofafa-maringo,970,Maringo,263,59,NBI,14437,7241,7196,4727,0.65,22341.38
2749,Hazina,hazina,971,Mukuru Nyayo,263,59,NBI,20885,10492,10393,6445,4.38,4773.06
2750,Nairobi South,nairobi-south,971,Mukuru Nyayo,263,59,NBI,32418,16785,15633,10912,1.56,20802.1
2751,Landi Mawe,landi-mawe,972,Viwandani,263,59,NBI,26509,15434,11075,9814,5.55,4772.1
2752,Viwandani,viwandani,972,Viwandani,263,59,NBI,44881,25823,19058,17926,5.71,7858.83
2753,Huruma,huruma,973,Huruma,264,60,NBI,72495,37734,34761,23800,0.7,103431.3
2754,Kiamaiko,kiamaiko,973,Huruma,264,60,NBI,33824,17053,16771,10217,0.67,50619.57
2755,Pangani,pangani,974,Kariokor,264,60,NBI,37062,17702,19360,9343,1.68,22001.78
2756,Ziwani,ziwani,974,Kariokor,264,60,NBI,8918,4576,4342,2618,0.83,10764.03
2757,Mabatini,mabatini,975,Mathare,264,60,NBI,28260,15286,12974,9809,0.35,79740.41
2758,Mathare,mathare,975,Mathare,264,60,NBI,20463,11205,9258,6617,0.82,25040.38
2759,Mlango Kubwa,mlango-kubwa,975,Mathare,264,60,NBI,38374,20622,17752,15000,0.41,93005.33
2760,Ngara East,ngara-east,976,Ngara,264,60,NBI,15583,7507,8076,5067,1.31,11930.94
2761,Ngara West,ngara-west,976,Ngara,264,60,NBI,9771,4818,4953,2682,1.28,7622.87
2762,City Centre,city-centre,977,Starehe,264,60,NBI,9611,5450,4161,2331,1.34,7183.65
2763,City Square,city-square,977,Starehe,264,60,NBI,246,144,102,35,1.32,186.66
2764,Githurai,githurai,978,Githurai,265,60,NBI,51610,24893,26717,17966,1.96,26357.18
2765,Kamuthi,kamuthi,978,Githurai,265,60,NBI,4400,2087,2313,1190,1.17,3764.54
2766,Zimmerman,zimmerman,978,Githurai,265,60,NBI,31565,14483,17082,10309,1.83,17290.21
2767,Kahawa West,kahawa-west,979,Kahawa,265,60,NBI,23038,13066,9972,6074,5.13,4486.99
2768,Kiwanja,kiwanja,979,Kahawa,265,60,NBI,16956,9035,7921,3813,8.75,1937.32
2769,Kongo Soweto,kongo-soweto,979,Kahawa,265,60,NBI,16443,7765,8678,5063,1.2,13649.04
2770,Kariobangi North,kariobangi-north,980,Kariobangi,265,60,NBI,39342,19902,19440,12802,1.1,35778.46
2771,Kasarani,kasarani,981,Kasarani,265,60,NBI,61316,28637,32679,17712,11.67,5254.29
2772,Mwiki,mwiki,981,Kasarani,265,60,NBI,39156,19450,19706,12213,18.79,2084.24
2773,Gitathuru,gitathuru,982,Korogocho,265,60,NBI,21735,11379,10356,6480,0.48,45262.39
2774,Korogocho,korogocho,982,Korogocho,265,60,NBI,10376,5376,5000,3129,0.22,46136.06
2775,Nyayo,nyayo,982,Korogocho,265,60,NBI,9835,5203,4632,3300,0.19,52286.02
2776,Garden,garden,983,Roysambu,265,60,NBI,12324,6516,5808,3653,12.59,979.04
2777,Njathaini,njathaini,983,Roysambu,265,60,NBI,7347,3901,3446,2348,5.3,1385.47
2778,Roysambu,roysambu,983,Roysambu,265,60,NBI,28007,14119,13888,9002,9.78,2863.85
2779,Mathare 4A,mathare-4a,984,Ruaraka,265,60,NBI,18776,10211,8565,5627,0.22,87208.55
2780,Mathare North,mathare-north,984,Ruaraka,265,60,NBI,55158,29597,25561,18450,0.46,119054.61
2781,Ruaraka,ruaraka,984,Ruaraka,265,60,NBI,60741,31395,29346,18651,3.9,15580.61
2782,Utalii,utalii,984,Ruaraka,265,60,NBI,17499,9669,7830,6572,1.69,10361.8
2783,Kimathi,kimathi,985,Bahati,266,60,NBI,21605,10701,10904,6989,1.3,16614.12
2784,Uhuru,uhuru,985,Bahati,266,60,NBI,23218,10617,12601,6450,1.51,15347.7
2785,Air Base,air-base,986,Eastleigh North,266,60,NBI,43168,23261,19907,10317,5.03,8579.89
2786,Eastleigh North,eastleigh-north,986,Eastleigh North,266,60,NBI,43258,23034,20224,9408,0.88,49285.63
2787,California,california,987,Eastleigh South,266,60,NBI,21699,11065,10634,6662,0.48,45253.39
2788,Eastleigh South /Kiambio,eastleigh-south-kiambio,987,Eastleigh South,266,60,NBI,66264,34711,31553,21433,1.04,63776.71
2789,Kamukunji,kamukunji,988,Kamukunji,266,60,NBI,1188,863,325,113,0.24,4886.88
2790,Muthurwa,muthurwa,988,Kamukunji,266,60,NBI,3471,1948,1523,1304,0.49,7049.15
2791,S. Moyo,s-moyo,988,Kamukunji,266,60,NBI,14932,8082,6850,5340,0.62,24072.22
2792,Gikomba,gikomba,989,Pumwani,266,60,NBI,1570,788,782,420,0.06,26342.28
2793,Gorofani/ Bondeni,gorofani-bondeni,989,Pumwani,266,60,NBI,5195,2905,2290,1824,0.17,30594.82
2794,Majengo,majengo,989,Pumwani,266,60,NBI,16287,8945,7342,5295,0.29,55322.69
2795,Gatina,gatina,990,Kawangware,267,61,NBI,45872,24747,21125,15987,1.51,30411.03
2796,Kawangware,kawangware,990,Kawangware,267,61,NBI,67414,34683,32731,22262,2.39,28257.53
2797,Kenyatta /Golf Course,kenyatta-golf-course,991,Kenyatta /Golf Course,267,61,NBI,22816,10876,11940,5987,5.1,4474.69
2798,Woodley,woodley,991,Kenyatta /Golf Course,267,61,NBI,12539,5834,6705,3414,4.42,2837.01
2799,Kirigu,kirigu,992,Mutuini,267,61,NBI,12208,6097,6111,3694,1.74,7027.4
2800,Mutuini,mutuini,992,Mutuini,267,61,NBI,5765,2918,2847,1760,3.28,1758.1
2801,Ngando,ngando,993,Riruta,267,61,NBI,34014,17615,16399,11162,3.16,10757.12
2802,Riruta,riruta,993,Riruta,267,61,NBI,65320,32370,32950,20245,4.16,15717.41
2803,Ruthimitu,ruthimitu,994,Uthiru-Ruthimitu,267,61,NBI,15269,7493,7776,4434,4.84,3155.73
2804,Uthiru,uthiru,994,Uthiru-Ruthimitu,267,61,NBI,17306,8435,8871,5434,3.06,5656.29
2805,Kabiria,kabiria,995,Waithaka,267,61,NBI,9113,4859,4254,2948,2.69,3385.84
2806,Waithaka,waithaka,995,Waithaka,267,61,NBI,21941,10464,11477,6491,2.28,9609.76
2807,Karen,karen,996,Karen,268,61,NBI,8796,4768,4028,2861,23.04,381.78
2808,Lenana,lenana,996,Karen,268,61,NBI,4992,2682,2310,1362,16.59,300.88
2809,Kibera,kibera,997,Kibera,268,61,NBI,9786,5293,4493,3237,0.15,65196.54
2810,Lindi,lindi,997,Kibera,268,61,NBI,35158,19545,15613,11551,0.5,70301.94
2811,Makina,makina,997,Kibera,268,61,NBI,25242,12965,12277,7926,0.66,38508.01
2812,Siranga,siranga,997,Kibera,268,61,NBI,17363,10198,7165,6164,0.24,71072.45
2813,Laini Saba,laini-saba,998,Laini Saba,268,61,NBI,28182,15688,12494,9927,0.37,75941.79
2814,Nyayo Highrise,nyayo-highrise,998,Laini Saba,268,61,NBI,24191,12859,11332,8414,0.39,61980.53
2815,Hardy,hardy,999,Langata,268,61,NBI,9114,4848,4266,2568,14.28,638.09
2816,Langata,langata,999,Langata,268,61,NBI,10401,6019,4382,2866,17.48,595.07
2817,Bomas,bomas,1000,Mugumo-Ini,268,61,NBI,16646,7912,8734,4601,123.43,134.86
2818,Mugumo-Ini,mugumo-ini,1000,Mugumo-Ini,268,61,NBI,30391,14410,15981,8478,2.98,10186.36
2819,Nairobi West,nairobi-west,1001,Nairobi West,268,61,NBI,33377,15812,17565,9166,6.91,4833.11
2820,South C,south-c,1001,Nairobi West,268,61,NBI,47202,24028,23174,13759,15.1,3126.13
2821,Gatwikira,gatwikira,1002,Serangombe,268,61,NBI,24991,13580,11411,7270,0.29,85322.64
2822,Olympic/Kyanda,olympic-kyanda,1002,Serangombe,268,61,NBI,29356,15229,14127,8327,0.74,39478.21
2823,Highridge,highridge,1003,Highridge,269,62,NBI,27267,13903,13364,8075,3.74,7292.98
2824,Karura,karura,1003,Highridge,269,62,NBI,15638,8452,7186,4721,19.36,807.93
2825,Muthaiga,muthaiga,1003,Highridge,269,62,NBI,10815,5624,5191,3225,18.79,575.73
2826,Gichagi,gichagi,1004,Kangemi,269,62,NBI,19454,10164,9290,6409,0.87,22243.31
2827,Kangemi,kangemi,1004,Kangemi,269,62,NBI,44564,23142,21422,15256,1.57,28298.2
2828,Mt. View,mt-view,1004,Kangemi,269,62,NBI,16681,8439,8242,5194,2.2,7574.01
2829,Kileleshwa,kileleshwa,1005,Kileleshwa,269,62,NBI,16802,7389,9413,4592,5.23,3209.61
2830,Muthangari,muthangari,1005,Kileleshwa,269,62,NBI,10400,4818,5582,3151,3.8,2733.6
2831,Kilimani,kilimani,1006,Kilimani,269,62,NBI,28932,14020,14912,7419,8.97,3226.64
2832,Maziwa,maziwa,1006,Kilimani,269,62,NBI,14190,6470,7720,3931,7.09,2000.08
2833,Kitisuru,kitisuru,1007,Kitisuru,269,62,NBI,6193,3432,2761,2105,8.61,719.51
2834,Kyuna,kyuna,1007,Kitisuru,269,62,NBI,7039,3746,3293,2130,3.4,2071.57
2835,Loresho,loresho,1007,Kitisuru,269,62,NBI,18010,9449,8561,5907,9.3,1936.64
2836,Spring Valley,spring-valley,1008,Parklands,269,62,NBI,5079,2685,2394,1378,2.06,2462.31
2837,Upper Parklands,upper-parklands,1008,Parklands,269,62,NBI,6038,3015,3023,1934,2.38,2537.08
2838,Bura,bura,1009,Bura,270,63,NEA,2797,1478,1319,569,2617.36,1.07
2839,Kamuthe,kamuthe,1010,Kamuthe,270,63,NEA,3445,1891,1554,548,318.48,10.82
2840,Garasweino,garasweino,1011,Mansabubu,270,63,NEA,878,445,433,183,626.95,1.4
2841,Mansabubu,mansabubu,1011,Mansabubu,270,63,NEA,1641,824,817,318,479.44,3.42
2842,Nanighi,nanighi,1012,Nanighi,270,63,NEA,3884,2101,1783,650,1203.95,3.23
2843,Bulagolol,bulagolol,1013,Bulagolol,271,63,NEA,2063,1018,1045,444,353.42,5.84
2844,Galmagala,galmagala,1014,Galmagala,271,63,NEA,3566,1985,1581,541,411.71,8.66
2845,Gubis,gubis,1015,Gubis,271,63,NEA,3893,2235,1658,592,581.51,6.69
2846,Amuma,amuma,1016,Amuma,272,63,NEA,2309,1303,1006,437,2558.81,0.9
2847,Fafi,fafi,1017,Fafi,272,63,NEA,3908,2004,1904,703,4488.7,0.87
2848,Welmerer,welmerer,1018,Welmerer,272,63,NEA,65628,34423,31205,10699,710.1,92.42
2849,Yumbis,yumbis,1019,Yumbis,272,63,NEA,1200,701,499,225,1118.55,1.07
2850,Ashadin,ashadin,1020,Balambala,273,64,NEA,4080,2275,1805,686,384.38,10.61
2851,Balambala,balambala,1020,Balambala,273,64,NEA,7035,4108,2927,937,345.73,20.35
2852,Kasha,kasha,1020,Balambala,273,64,NEA,2970,1647,1323,450,290.59,10.22
2853,Dujis,dujis,1021,Dujis,273,64,NEA,3243,1791,1452,539,384.44,8.44
2854,Shidley,shidley,1021,Dujis,273,64,NEA,5971,3323,2648,722,225.74,26.45
2855,Jarajara,jarajara,1022,Jarajara,273,64,NEA,3313,1803,1510,577,49.42,67.04
2856,Kone,kone,1022,Jarajara,273,64,NEA,4043,2225,1818,592,229,17.65
2857,Bour-Algi,bour-algi,1023,Bour-Algi,274,64,NEA,2908,1629,1279,531,201.41,14.44
2858,Iftin,iftin,1024,Iftin,274,64,NEA,24600,12782,11818,4469,16.96,1450.27
2859,Kora-Kora,kora-kora,1025,Kora-Kora,274,64,NEA,3235,1749,1486,567,256.34,12.62
2860,Galbet,galbet,1026,Township,274,64,NEA,26942,13958,12984,5046,9.07,2971.11
2861,Medina,medina,1026,Township,274,64,NEA,16302,8413,7889,2678,31.04,525.26
2862,Township,township,1026,Township,274,64,NEA,22349,11596,10753,4242,2.32,9633.19
2863,Waberi,waberi,1027,Waberi,274,64,NEA,20617,10342,10275,3396,169.95,121.31
2864,Danyere,danyere,1028,Danyere,275,64,NEA,5428,3069,2359,590,166.84,32.53
2865,Urqaad,urqaad,1028,Danyere,275,64,NEA,1582,884,698,251,153.27,10.32
2866,Dagoob,dagoob,1029,Libahilow,275,64,NEA,2439,1413,1026,340,212.15,11.5
2867,Libahilow,libahilow,1029,Libahilow,275,64,NEA,5951,3317,2634,839,386.3,15.41
2868,Mudey,mudey,1030,Sikley,275,64,NEA,3975,2266,1709,555,67.77,58.65
2869,Sikley,sikley,1030,Sikley,275,64,NEA,5445,3107,2338,596,153.56,35.46
2870,Atheleley,atheleley,1031,Raya,276,64,NEA,947,526,421,175,174.34,5.43
2871,Raya,raya,1031,Raya,276,64,NEA,2170,1105,1065,429,105.48,20.57
2872,Daley,daley,1032,Saka,276,64,NEA,1904,1036,868,342,216.18,8.81
2873,Saka,saka,1032,Saka,276,64,NEA,5011,2673,2338,913,531.91,9.42
2874,Balich,balich,1033,Sankuri,276,64,NEA,1546,826,720,359,153.02,10.1
2875,Sankuri,sankuri,1033,Sankuri,276,64,NEA,3671,2062,1609,907,366.31,10.02
2876,Shimbir,shimbir,1034,Shimbir,276,64,NEA,2385,1277,1108,390,305.14,7.82
2877,Bodhai,bodhai,1035,Bodhai,277,65,NEA,1159,667,492,187,536.99,2.16
2878,Dololo,dololo,1035,Bodhai,277,65,NEA,886,502,384,139,152.07,5.83
2879,Jalish,jalish,1035,Bodhai,277,65,NEA,2536,1307,1229,387,200.73,12.63
2880,Hadi,hadi,1036,Hadi,278,65,NEA,3634,1906,1728,468,2601.91,1.4
2881,Koranhindi,koranhindi,1036,Hadi,278,65,NEA,2735,1443,1292,406,349.86,7.82
2882,Elkambere,elkambere,1037,Hulugho,278,65,NEA,5457,2847,2610,759,373.93,14.59
2883,Garabe,garabe,1037,Hulugho,278,65,NEA,4027,2264,1763,562,249.17,16.16
2884,Hulugho,hulugho,1037,Hulugho,278,65,NEA,5100,2771,2329,700,154.54,33
2885,Bulagolol,bulagolol,1038,Bulagolol,279,65,NEA,1362,762,600,188,94.34,14.44
2886,Gerille,gerille,1039,Gerille,279,65,NEA,1447,775,672,187,115.61,12.52
2887,Ijara,ijara,1040,Ijara,279,65,NEA,3248,1750,1498,525,96.28,33.73
2888,Ruqa,ruqa,1041,Ruqa,279,65,NEA,1404,758,646,194,209.59,6.7
2889,Warsame,warsame,1041,Ruqa,279,65,NEA,1938,986,952,258,375.9,5.16
2890,Bulawacha,bulawacha,1042,Sangole,279,65,NEA,803,451,352,121,267.77,3
2891,Sangole,sangole,1042,Sangole,279,65,NEA,1272,714,558,196,270.64,4.7
2892,Hara,hara,1043,Hara,280,65,NEA,3660,1913,1747,420,352.96,10.37
2893,Quramadha,quramadha,1043,Hara,280,65,NEA,1906,1001,905,300,289.53,6.58
2894,Korisa,korisa,1044,Korisa,280,65,NEA,1158,631,527,146,107.12,10.81
2895,Abaratiro,abaratiro,1045,Kotile,280,65,NEA,1263,701,562,173,27.74,45.54
2896,Bulla Warde,bulla-warde,1045,Kotile,280,65,NEA,792,454,338,115,51.3,15.44
2897,Kotile,kotile,1045,Kotile,280,65,NEA,1546,875,671,208,70.88,21.81
2898,Gababa,gababa,1046,Masalani,280,65,NEA,2733,1371,1362,389,302.54,9.03
2899,M. Dahir,m-dahir,1046,Masalani,280,65,NEA,8868,4641,4227,1331,200.39,44.25
2900,Masalani,masalani,1046,Masalani,280,65,NEA,10449,5432,5017,1673,147.55,70.82
2901,Gediluuni,gediluuni,1047,Handaro,281,65,NEA,1149,651,498,175,351.59,3.27
2902,Handaro,handaro,1047,Handaro,281,65,NEA,4831,2726,2105,600,530.42,9.11
2903,Mata-Arba,mata-arba,1048,Sangailu,281,65,NEA,2498,1362,1136,300,648.83,3.85
2904,Sangailu,sangailu,1048,Sangailu,281,65,NEA,2807,1510,1297,417,14.64,191.7
2905,Wakabharey,wakabharey,1048,Sangailu,281,65,NEA,11995,6994,5001,1656,672.54,17.84
2906,Banane,banane,1049,Banane,282,66,NEA,9630,5304,4326,1342,142.78,67.45
2907,Eldere,eldere,1050,Eldere,282,66,NEA,7098,3728,3370,1038,486.48,14.59
2908,Tokojo,tokojo,1051,Tokojo,282,66,NEA,3503,1973,1530,509,212.78,16.46
2909,Abakaile,abakaile,1052,Abakaile,283,66,NEA,6302,3600,2702,890,396.85,15.88
2910,Alango-Arba,alango-arba,1053,Alango-Arba,283,66,NEA,3618,2026,1592,616,771.46,4.69
2911,Dadaab,dadaab,1054,Dadaab,283,66,NEA,60390,31726,28664,10064,160.14,377.11
2912,Dagahaley,dagahaley,1055,Dagahaley,283,66,NEA,2826,1494,1332,467,79.18,35.69
2913,Dertu,dertu,1056,Dertu,283,66,NEA,11395,6318,5077,1463,824.26,13.82
2914,Kumahumato,kumahumato,1057,Kumahumato,283,66,NEA,6132,3450,2682,940,987.5,6.21
2915,Labisigale,labisigale,1058,Labisigale,283,66,NEA,43741,23137,20604,7241,316.41,138.24
2916,Damajale,damajale,1059,Damajale,284,66,NEA,4281,2333,1948,781,1159.57,3.69
2917,Kokar,kokar,1059,Damajale,284,66,NEA,2362,1268,1094,459,905.62,2.61
2918,Kulan,kulan,1060,Kulan,284,66,NEA,3120,1668,1452,526,442.43,7.05
2919,Hare-Hare,hare-hare,1061,Liboi,284,66,NEA,3001,1657,1344,584,50.86,59
2920,Liboi,liboi,1061,Liboi,284,66,NEA,5319,2711,2608,870,687.08,7.74
2921,Ilan,ilan,1062,Ilan,285,66,NEA,8818,5144,3674,1070,390.83,22.56
2922,Dihiley,dihiley,1063,Maalim,285,66,NEA,6365,3676,2689,908,308.57,20.63
2923,Maalim,maalim,1063,Maalim,285,66,NEA,4412,2370,2042,574,622.69,7.09
2924,Modogashe,modogashe,1064,Modogashe,285,66,NEA,21779,12025,9754,3062,704.46,30.92
2925,Baraki,baraki,1065,Baraki,286,66,NEA,5346,2939,2407,694,692.23,7.72
2926,Cheron,cheron,1066,Garufa,286,66,NEA,3335,1843,1492,410,363.01,9.19
2927,Garufa,garufa,1066,Garufa,286,66,NEA,7686,4213,3473,1048,462.34,16.62
2928,Afweine,afweine,1067,Goreale,286,66,NEA,4432,2472,1960,599,664.99,6.66
2929,Goreale,goreale,1067,Goreale,286,66,NEA,10232,6089,4143,1228,1467.48,6.97
2930,Ashabito,ashabito,1068,Ashabito,287,67,NEA,10464,5858,4606,1272,546.6,19.14
2931,Guticha,guticha,1069,Guticha,287,67,NEA,12419,6753,5666,1518,1527.98,8.13
2932,Kajaja,kajaja,1070,Kubionile,287,67,NEA,7203,4014,3189,913,394.23,18.27
2933,Marothile,marothile,1071,Marothile,287,67,NEA,6347,3636,2711,757,249.35,25.45
2934,Olla,olla,1072,Olla,287,67,NEA,7211,4210,3001,948,295.75,24.38
2935,Ogorwein,ogorwein,1073,Orgurueini,287,67,NEA,4320,2663,1657,565,178.66,24.18
2936,Sarman,sarman,1074,Sarman,287,67,NEA,6400,3841,2559,774,163.56,39.13
2937,Shirshir,shirshir,1075,Shirshir,287,67,NEA,7628,4174,3454,973,1095.38,6.96
2938,Bulla Affya,bulla-affya,1076,Bulla Affya,288,67,NEA,13191,6663,6528,1649,5.55,2378.43
2939,Elwak South,elwak-south,1077,Elwak South,288,67,NEA,33636,17884,15752,3845,124.04,271.18
2940,El-Adi,el-adi,1078,Elwak Town,288,67,NEA,14074,7802,6272,1659,275.98,51
2941,Elwak Town,elwak-town,1078,Elwak Town,288,67,NEA,27560,14523,13037,3205,54.28,507.72
2942,Dasheng Wante,dasheng-wante,1079,Wante,288,67,NEA,5817,3029,2788,890,102.83,56.57
2943,Wante,wante,1079,Wante,288,67,NEA,8339,4478,3861,1029,251.43,33.17
2944,Borehole 11,borehole-11,1080,Borehole 11,289,67,NEA,16412,7820,8592,1687,373.66,43.92
2945,Dabasiti,dabasiti,1081,Dabasiti,289,67,NEA,10203,5392,4811,1249,111.29,91.68
2946,El-Ramu,el-ramu,1082,El-Ramu,289,67,NEA,8293,4380,3913,1067,482.03,17.2
2947,Garsesala,garsesala,1083,Garsesala,289,67,NEA,9566,5157,4409,1128,281.26,34.01
2948,Kotulo,kotulo,1084,Kotulo,289,67,NEA,11231,5322,5909,1340,459.73,24.43
2949,Lehele,lehele,1084,Kotulo,289,67,NEA,2343,1161,1182,273,129.2,18.13
2950,Boj Garse,boj-garse,1085,Kutayu,289,67,NEA,3225,1953,1272,359,244.51,13.19
2951,Kutayu,kutayu,1085,Kutayu,289,67,NEA,9056,5069,3987,1040,388.25,23.33
2952,Garsey,garsey,1086,Garsey,290,67,NEA,7160,4068,3092,909,509.27,14.06
2953,Kalicha,kalicha,1087,Mado,290,67,NEA,5102,2842,2260,651,30.31,168.3
2954,Mado,mado,1087,Mado,290,67,NEA,3717,2257,1460,473,35.35,105.14
2955,Rhamu Dimtu,rhamu-dimtu,1088,Rhamu Dimtu,290,67,NEA,14140,7319,6821,1763,147.87,95.62
2956,Yabicho,yabicho,1089,Yabicho,290,67,NEA,6477,3466,3011,720,212.41,30.49
2957,Girissa,girissa,1090,Girissa,291,67,NEA,7502,3986,3516,896,15.79,474.96
2958,Jabi Bar,jabi-bar,1090,Girissa,291,67,NEA,4842,2827,2015,590,77.97,62.1
2959,Rhamu,rhamu,1091,Rhamu,291,67,NEA,15442,8778,6664,1770,48.33,319.5
2960,Shantoley,shantoley,1092,Shantoley,291,67,NEA,14636,8812,5824,1670,5.2,2812.94
2961,Burmayo N.,burmayo-n,1093,Burmayo N.,292,67,NEA,5657,2692,2965,682,299.42,18.89
2962,Burmayo S,burmayo-s,1094,Burmayo S,292,67,NEA,5129,2432,2697,592,211.07,24.3
2963,Fincharo,fincharo,1095,Fincharo,292,67,NEA,6351,3547,2804,780,67.67,93.85
2964,Qalanqalesa,qalanqalesa,1095,Fincharo,292,67,NEA,7547,4057,3490,985,344.4,21.91
2965,Shimbir Fatuma,shimbir-fatuma,1096,Shimbir Fatuma,292,67,NEA,19590,10786,8804,2145,814.27,24.06
2966,Quramathow,quramathow,1097,Quramathow,293,67,NEA,9275,4950,4325,1242,66.28,139.95
2967,Sukela Tifna,sukela-tifna,1097,Quramathow,293,67,NEA,2018,1057,961,296,94.91,21.26
2968,Wargadud E.,wargadud-e,1098,Wargadud E.,293,67,NEA,17372,9461,7911,2147,241.4,71.96
2969,Elele,elele,1099,Wargadud,293,67,NEA,6969,3710,3259,884,243.97,28.56
2970,Wargadud,wargadud,1099,Wargadud,293,67,NEA,23430,12750,10680,2891,481.21,48.69
2971,Barwako,barwako,1100,Barwako,294,68,NEA,1648,833,815,233,0.32,5193.82
2972,Bokolow,bokolow,1100,Barwako,294,68,NEA,2430,1224,1206,325,45.22,53.73
2973,Bp1,bp1,1101,Bp1,294,68,NEA,4902,2609,2293,722,10.79,454.19
2974,Bulla Jamhuria,bulla-jamhuria,1102,Bulla Jamhuria,294,68,NEA,6325,3268,3057,800,0.42,15138.82
2975,Bulla Nguvu,bulla-nguvu,1102,Bulla Jamhuria,294,68,NEA,2901,1489,1412,429,0.24,12256.02
2976,Bulla Power,bulla-power,1102,Bulla Jamhuria,294,68,NEA,7596,4138,3458,1005,1.82,4177.76
2977,Bulla Mpya,bulla-mpya,1103,Bulla Mpya,294,68,NEA,9368,4800,4568,1362,1.38,6769.76
2978,Central,central,1104,Central,294,68,NEA,14750,7887,6863,2307,2.56,5751.16
2979,Kamor,kamor,1105,Kamor,294,68,NEA,7848,4161,3687,931,5.72,1370.9
2980,Neboi,neboi,1106,Neboi,294,68,NEA,7436,3877,3559,1250,19.92,373.31
2981,Shafshefy,shafshefy,1107,Shafshefy,294,68,NEA,13604,7219,6385,1964,12.01,1133.02
2982,Township,township,1108,Township,294,68,NEA,8884,4517,4367,1252,4.58,1940.92
2983,Arabia,arabia,1109,Arabia,295,68,NEA,17571,9765,7806,2328,766.03,22.94
2984,Fino,fino,1110,Fino,295,68,NEA,9137,5098,4039,1215,814.42,11.22
2985,Hareri-Tur,hareri-tur,1110,Fino,295,68,NEA,7495,4270,3225,944,132.64,56.5
2986,Omar Jillow,omar-jillow,1111,Omar Jillow,295,68,NEA,4416,2495,1921,593,172.07,25.66
2987,Aresa,aresa,1112,Aresa,296,68,NEA,7635,4583,3052,808,62.26,122.64
2988,Hareri,hareri,1113,Hareri,296,68,NEA,4999,2837,2162,628,126.72,39.45
2989,Qumbiso,qumbiso,1113,Hareri,296,68,NEA,4152,2305,1847,510,390.63,10.63
2990,Jabi East,jabi-east,1114,Sala,296,68,NEA,3255,1869,1386,456,584.4,5.57
2991,Sala,sala,1114,Sala,296,68,NEA,2553,1442,1111,397,33.72,75.7
2992,Bella,bella,1115,Bella,297,68,NEA,1053,592,461,165,25.19,41.8
2993,Matasafara,matasafara,1115,Bella,297,68,NEA,829,451,378,118,19.68,42.13
2994,Bulla Haji,bulla-haji,1116,Bulla Haji,297,68,NEA,373,213,160,63,3.36,111.08
2995,Floow,floow,1116,Bulla Haji,297,68,NEA,916,539,377,135,7.42,123.48
2996,Burabor,burabor,1117,Burabor,297,68,NEA,3078,1557,1521,382,9.07,339.42
2997,Sharif,sharif,1117,Burabor,297,68,NEA,495,264,231,95,10.46,47.31
2998,Garbagoley,garbagoley,1118,Garbagoley,297,68,NEA,2741,1546,1195,360,59.22,46.28
2999,Gedudiye,gedudiye,1119,Gedudiye,297,68,NEA,1849,964,885,269,21.45,86.2
3000,Darika,darika,1120,Gingo,297,68,NEA,1529,841,688,184,30.2,50.62
3001,Gingo,gingo,1120,Gingo,297,68,NEA,977,487,490,128,67.07,14.57
3002,Benda,benda,1121,Hareri Hosle,297,68,NEA,394,214,180,61,29.2,13.49
3003,Hareri Hosle,hareri-hosle,1121,Hareri Hosle,297,68,NEA,761,433,328,98,100.78,7.55
3004,Kamoro-Ele,kamoro-ele,1121,Hareri Hosle,297,68,NEA,741,372,369,135,24.55,30.18
3005,Karow,karow,1122,Karow,297,68,NEA,1730,908,822,233,26.76,64.66
3006,Sedajiro,sedajiro,1122,Karow,297,68,NEA,906,559,347,125,36.24,25
3007,Khalalio,khalalio,1123,Khalalio,297,68,NEA,1113,575,538,175,12.48,89.16
3008,Lamandid,lamandid,1123,Khalalio,297,68,NEA,1095,595,500,128,11.1,98.67
3009,Alango Gof,alango-gof,1124,Alango,298,68,NEA,14138,8909,5229,1480,263.66,53.62
3010,Damasa,damasa,1125,Damasa,298,68,NEA,13236,7067,6169,1371,130.89,101.12
3011,Kabo,kabo,1126,Kabo,298,68,NEA,10596,6074,4522,1289,36.03,294.12
3012,Kamora Liban,kamora-liban,1127,Kamora Liban,298,68,NEA,2838,1498,1340,392,104.94,27.04
3013,Laffey,laffey,1128,Laffeey,298,68,NEA,21989,12383,9606,2534,320.73,68.56
3014,Farey,farey,1129,Farey,299,68,NEA,2885,1562,1323,465,74.35,38.8
3015,Libehia,libehia,1130,Libehia,299,68,NEA,12058,6756,5302,1871,152.61,79.01
3016,Qurader,qurader,1130,Libehia,299,68,NEA,10725,5669,5056,1575,226.24,47.4
3017,Bambo,bambo,1131,Oda,299,68,NEA,828,484,344,137,90.63,9.14
3018,Oda,oda,1131,Oda,299,68,NEA,1359,844,515,196,65.29,20.82
3019,Harar,harar,1132,Sarohindi,299,68,NEA,1534,925,609,213,22.1,69.41
3020,Sarohindi,sarohindi,1132,Sarohindi,299,68,NEA,2397,1557,840,312,47.54,50.42
3021,Bambo,bambo,1133,Bambo,300,68,NEA,1686,933,753,212,136.46,12.36
3022,Barmilla,barmilla,1133,Bambo,300,68,NEA,3135,1786,1349,434,152.88,20.51
3023,Gari,gari,1134,Gari,300,68,NEA,8572,4836,3736,1280,116.25,73.74
3024,Safo,safo,1135,Warankara,300,68,NEA,2732,1734,998,320,113.07,24.16
3025,Warankara,warankara,1135,Warankara,300,68,NEA,8494,4744,3750,1078,438.38,19.38
3026,Banisa,banisa,1136,Banisa,301,69,NEA,27946,15193,12753,3217,440.43,63.45
3027,Derkale,derkale,1137,Derkale,301,69,NEA,24128,13666,10462,2935,433.61,55.64
3028,Eymole,eymole,1138,Eymole,301,69,NEA,19048,10341,8707,2212,128.27,148.5
3029,Goljo,goljo,1139,Kiliwehiri,301,69,NEA,7950,4110,3840,875,151.01,52.64
3030,Kiliwehiri,kiliwehiri,1139,Kiliwehiri,301,69,NEA,14777,8259,6518,1701,161.26,91.63
3031,Lulis,lulis,1140,Lulis,301,69,NEA,16555,8716,7839,1965,177.23,93.41
3032,Dandu,dandu,1141,Dandu,302,69,NEA,27087,15117,11970,3081,271.28,99.85
3033,El-Danaba,el-danaba,1141,Dandu,302,69,NEA,5588,3089,2499,647,242.81,23.01
3034,Burduras,burduras,1142,Gither,302,69,NEA,10390,5408,4982,1147,191.39,54.29
3035,Gither,gither,1142,Gither,302,69,NEA,11555,6143,5412,1432,445.66,25.93
3036,Sake,sake,1142,Gither,302,69,NEA,11326,6108,5218,1340,206.33,54.89
3037,Kubihalo,kubihalo,1143,Kubihalo,302,69,NEA,4819,2565,2254,520,277.68,17.35
3038,Choroko,choroko,1144,Guba,303,69,NEA,9138,5277,3861,1034,247.21,36.96
3039,Guba,guba,1144,Guba,303,69,NEA,10930,6195,4735,1469,313.59,34.85
3040,Hullow,hullow,1145,Hullow,303,69,NEA,6153,3491,2662,869,492,12.51
3041,Malkamari,malkamari,1146,Malkamari,303,69,NEA,13011,7540,5471,1644,382.8,33.99
3042,Malkaruka,malkaruka,1147,Malkaruka,303,69,NEA,8438,4770,3668,1126,428.73,19.68
3043,Didkuro,didkuro,1148,Didkuro,304,69,NEA,15956,9181,6775,1754,619.95,25.74
3044,Duduble,duduble,1149,Duduble,304,69,NEA,13116,6628,6488,1341,426.13,30.78
3045,Lagsure,lagsure,1150,Lagsure,304,69,NEA,14837,7735,7102,1522,982.47,15.1
3046,Kubdishen,kubdishen,1151,Takaba,304,69,NEA,9417,5088,4329,1024,421.12,22.36
3047,Takaba,takaba,1151,Takaba,304,69,NEA,24125,13179,10946,2526,14.63,1648.74
3048,Wangai Dahan,wangai-dahan,1152,Wangai Dahan,304,69,NEA,13485,7008,6477,1418,679.09,19.86
3049,Barwaqo,barwaqo,1153,Barwaqo,305,70,NEA,8386,4339,4047,1231,11.86,707.21
3050,Holidhan,holidhan,1154,Holidhan,305,70,NEA,8800,4510,4290,1394,48.69,180.74
3051,Godade,godade,1155,Jogbaru,305,70,NEA,13483,6915,6568,2098,13.54,996.14
3052,Jogoo,jogoo,1155,Jogbaru,305,70,NEA,8703,4394,4309,1387,1.46,5976.1
3053,Makor,makor,1155,Jogbaru,305,70,NEA,8201,4475,3726,1362,13.77,595.6
3054,Alemao,alemao,1156,Township,305,70,NEA,5325,2880,2445,683,8.89,598.86
3055,Township,township,1156,Township,305,70,NEA,6521,3693,2828,1174,1.57,4149.54
3056,Wagberi,wagberi,1157,Wagberi,305,70,NEA,23381,12478,10903,3360,39.48,592.17
3057,Desheg,desheg,1158,Desheg,306,70,NEA,5736,3433,2303,644,412.39,13.91
3058,El - Kutulo,el-kutulo,1159,Kutulo,306,70,NEA,6231,3140,3091,897,543.28,11.47
3059,Kutulo,kutulo,1159,Kutulo,306,70,NEA,8992,5118,3874,1101,588.23,15.29
3060,Jowhar,jowhar,1160,Lafaley,306,70,NEA,3363,1878,1485,460,148.88,22.59
3061,Lafaley,lafaley,1160,Lafaley,306,70,NEA,3677,2143,1534,553,515.37,7.13
3062,Ausmudule/Kajaja,ausmudule-kajaja,1161,Wargdud,306,70,NEA,4566,2533,2033,585,594.47,7.68
3063,Hungai,hungai,1161,Wargdud,306,70,NEA,6459,3613,2846,687,125.99,51.27
3064,Wargdud,wargdud,1161,Wargdud,306,70,NEA,3701,2042,1659,500,461.14,8.03
3065,Dambas,dambas,1162,Dambas,307,70,NEA,10033,5488,4545,1295,701.07,14.31
3066,Dunto,dunto,1163,Dunto,307,70,NEA,8741,4966,3775,1077,1128.89,7.74
3067,El - Ben,el-ben,1164,E - Ben,307,70,NEA,12182,6727,5455,1389,204.56,59.55
3068,Mansa,mansa,1165,Mansa,307,70,NEA,10177,5662,4515,1112,824.38,12.35
3069,Burmayo,burmayo,1166,Orgoralle,307,70,NEA,2343,1317,1026,286,353.22,6.63
3070,Orgoralle,orgoralle,1166,Orgoralle,307,70,NEA,2312,1223,1089,315,802.45,2.88
3071,Sarman,sarman,1167,Sarman,307,70,NEA,7290,4155,3135,911,859.93,8.48
3072,Tarbaj,tarbaj,1168,Tarbaj,307,70,NEA,16043,8664,7379,2289,1175.07,13.65
3073,Dowyare,dowyare,1169,Khorof -Harar,308,70,NEA,2906,1596,1310,373,306.11,9.49
3074,Khorof -Harar,khorof-harar,1169,Khorof -Harar,308,70,NEA,4929,2561,2368,670,1153.84,4.27
3075,Konton,konton,1169,Khorof -Harar,308,70,NEA,3601,1947,1654,578,365.13,9.86
3076,Riba,riba,1170,Riba,308,70,NEA,9176,4920,4256,1228,1063.72,8.63
3077,Wajir - Bor,wajir-bor,1171,Wajir - Bor,308,70,NEA,9160,5273,3887,1464,979.66,9.35
3078,Batalu,batalu,1172,Batalu,309,71,NEA,5684,3100,2584,862,703.14,8.08
3079,Kurow,kurow,1172,Batalu,309,71,NEA,2548,1390,1158,372,450.53,5.66
3080,Buna,buna,1173,Buna,309,71,NEA,9102,4875,4227,1432,817.13,11.14
3081,Ingirir,ingirir,1174,Ingirir,309,71,NEA,2788,1494,1294,393,512.49,5.44
3082,Korondile,korondile,1175,Korondile,309,71,NEA,12135,6386,5749,1534,457.2,26.54
3083,Lakole North,lakole-north,1176,Lakole North,309,71,NEA,2638,1451,1187,388,838.03,3.15
3084,Leinsayu,leinsayu,1177,Leinsayu,309,71,NEA,6194,3486,2708,722,743.13,8.34
3085,Malkaguf,malkaguf,1178,Malkaguf,309,71,NEA,3098,1678,1420,423,443.31,6.99
3086,Bute,bute,1179,Bute,310,71,NEA,19723,11106,8617,2461,137.58,143.36
3087,Dugow,dugow,1180,Dugow,310,71,NEA,6643,3706,2937,846,156.71,42.39
3088,Godoma,godoma,1181,Godoma,310,71,NEA,7069,3946,3123,936,107.46,65.78
3089,Adadijore,adadijore,1182,Olgoji,310,71,NEA,3618,2006,1612,477,146.25,24.74
3090,Olgoji,olgoji,1182,Olgoji,310,71,NEA,3396,1923,1473,399,243.77,13.93
3091,Ajawa,ajawa,1183,Ajawa,311,71,NEA,8215,4301,3914,1070,776.72,10.58
3092,Danaba,danaba,1184,Danaba,311,71,NEA,14241,7708,6533,1634,348.06,40.92
3093,Garse Sare,garse-sare,1185,Gurar,311,71,NEA,3635,1823,1812,471,250.84,14.49
3094,Gurar,gurar,1185,Gurar,311,71,NEA,12637,6563,6074,1659,543.37,23.26
3095,Sake Gamantha,sake-gamantha,1185,Gurar,311,71,NEA,4162,2375,1787,594,237.81,17.5
3096,Quadama,quadama,1186,Quadama,311,71,NEA,7979,4311,3668,919,641.05,12.45
3097,Burder,burder,1187,Burder,312,72,NEA,4707,2474,2233,677,1564.19,3.01
3098,Gulletdeer,gulletdeer,1187,Burder,312,72,NEA,2341,1240,1101,318,524.37,4.46
3099,Diff,diff,1188,Diff,312,72,NEA,9420,5355,4065,1162,405.73,23.22
3100,Hambalash,hambalash,1188,Diff,312,72,NEA,0,0,0,0,713.17,0
3101,Salalma,salalma,1188,Diff,312,72,NEA,4144,2482,1662,556,869.5,4.77
3102,Gerille,gerille,1189,Gerille,312,72,NEA,2128,1221,907,269,629.07,3.38
3103,Handaki,handaki,1189,Gerille,312,72,NEA,1944,1080,864,282,595.28,3.27
3104,Ibrahim - Ure,ibrahim-ure,1190,Ibrahim - Ure,312,72,NEA,4026,2287,1739,676,1369.94,2.94
3105,Abakore,abakore,1191,Abakore,313,72,NEA,7129,3843,3286,930,357.05,19.97
3106,Meer,meer,1191,Abakore,313,72,NEA,4400,2277,2123,577,563.75,7.8
3107,Dilmanyaley,dilmanyaley,1192,Dilmanyaley,313,72,NEA,3356,1747,1609,522,764.38,4.39
3108,Dulbug,dulbug,1192,Dilmanyaley,313,72,NEA,713,389,324,105,356.97,2
3109,Habaswein C.,habaswein-c,1193,Habaswein,313,72,NEA,2698,1518,1180,475,0.56,4810.98
3110,Kibilay,kibilay,1194,Kibilay,313,72,NEA,4033,2114,1919,625,60.52,66.64
3111,Kanjara,kanjara,1195,Kiwanja Ndege,313,72,NEA,1664,948,716,275,394.32,4.22
3112,Kiwanja Ndege,kiwanja-ndege,1195,Kiwanja Ndege,313,72,NEA,3975,2160,1815,714,112.02,35.48
3113,Lagbogol South,lagbogol-south,1196,Lagbogol South,313,72,NEA,3781,2156,1625,450,230.05,16.44
3114,Tesorie,tesorie,1197,Tesorie,313,72,NEA,4225,2260,1965,787,1511.91,2.79
3115,El -Adow,el-adow,1198,Kulaaley,314,72,NEA,3346,1803,1543,523,49.84,67.13
3116,Eyrib,eyrib,1198,Kulaaley,314,72,NEA,2795,1587,1208,381,869.31,3.22
3117,Kulaaley,kulaaley,1198,Kulaaley,314,72,NEA,10610,5951,4659,1275,729.43,14.55
3118,Leheley,leheley,1198,Kulaaley,314,72,NEA,7709,4236,3473,1129,645.07,11.95
3119,Banane,banane,1199,Banane,315,72,NEA,3494,1863,1631,581,795.74,4.39
3120,Sala,sala,1199,Banane,315,72,NEA,1700,881,819,279,663.37,2.56
3121,Dadajabula,dadajabula,1200,Dadajabula,315,72,NEA,8693,4823,3870,1111,1064.21,8.17
3122,Dagahley,dagahley,1201,Dagahley,315,72,NEA,5569,3041,2528,758,801.09,6.95
3123,Arablow,arablow,1202,Kursin,315,72,NEA,933,506,427,151,585.81,1.59
3124,Kursin,kursin,1202,Kursin,315,72,NEA,3570,1981,1589,551,690.42,5.17
3125,Macheza,macheza,1203,Macheza,315,72,NEA,4121,2268,1853,565,404.93,10.18
3126,Sarif,sarif,1204,Sarif,315,72,NEA,5833,3068,2765,881,999.02,5.84
3127,Finni,finni,1205,Sebule,315,72,NEA,817,438,379,109,353.95,2.31
3128,Sebule,sebule,1205,Sebule,315,72,NEA,3849,2120,1729,534,475.79,8.09
3129,Shimbir,shimbir,1206,Shimbir,315,72,NEA,2347,1319,1028,276,1444.96,1.62
3130,Ademasajida,ademasajida,1207,Ademasajida,316,73,NEA,11184,6199,4985,1364,117.28,95.36
3131,Hadado South,hadado-south,1208,Hadado South,316,73,NEA,10369,5774,4595,1177,558.59,18.56
3132,Lolikuta South,lolikuta-south,1209,Lolikuta South,316,73,NEA,4663,2588,2075,657,341.42,13.66
3133,Anole,anole,1210,Anole,317,73,NEA,8714,5174,3540,920,294.14,29.63
3134,Abdiwako,abdiwako,1211,Dela,317,73,NEA,3916,2256,1660,449,114.68,34.15
3135,Dela,dela,1211,Dela,317,73,NEA,8450,5081,3369,987,299.16,28.25
3136,Eldas,eldas,1212,Eldas,317,73,NEA,15243,8669,6574,1370,571.04,26.69
3137,Kilkiley,kilkiley,1213,Kilkiley,317,73,NEA,4079,2250,1829,472,196.29,20.78
3138,Lakoley South,lakoley-south,1214,Lakoley South,317,73,NEA,7458,4418,3040,829,880.42,8.47
3139,Arbajahan,arbajahan,1215,Arbajahan,318,73,NEA,9113,5160,3953,1087,1240.89,7.34
3140,Basir,basir,1216,Basir,318,73,NEA,3915,2110,1805,511,411.66,9.51
3141,Bojiheri,bojiheri,1217,Bojiheri,318,73,NEA,2723,1439,1284,507,501.69,5.43
3142,Dotha,dotha,1218,Elnur,318,73,NEA,1010,561,449,120,104.64,9.65
3143,Elnur,elnur,1218,Elnur,318,73,NEA,4840,2650,2190,647,172.99,27.98
3144,Barmish,barmish,1219,Ganyure,318,73,NEA,2503,1481,1022,359,597,4.19
3145,Ganyure,ganyure,1219,Ganyure,318,73,NEA,5954,3174,2780,857,332.85,17.89
3146,Garsekoftu,garsekoftu,1220,Garsekoftu,318,73,NEA,9091,5187,3904,1068,1104.4,8.23
3147,Griftu,griftu,1221,Griftu,318,73,NEA,6004,3219,2785,962,298.62,20.11
3148,Jagaher,jagaher,1221,Griftu,318,73,NEA,3546,2004,1542,487,718.99,4.93
3149,Kukala,kukala,1222,Kukala,318,73,NEA,3662,1978,1684,522,152.98,23.94
3150,Matho,matho,1223,Matho,318,73,NEA,8942,4993,3949,1094,557.1,16.05
3151,Tulatula,tulatula,1224,Tulatula,318,73,NEA,8234,4524,3710,981,177.09,46.5
3152,Wagalla,wagalla,1225,Wagalla,318,73,NEA,9071,4847,4224,1303,491.17,18.47
3153,Athibohol,athibohol,1226,Athibohol,319,73,NEA,3592,2029,1563,580,1333.55,2.69
3154,Hadado North,hadado-north,1227,Hadado North,319,73,NEA,9295,5288,4007,1223,866,10.73
3155,Logbogol North,logbogol-north,1228,Logbogol North,319,73,NEA,4511,2482,2029,590,373.33,12.08
3156,Lolikuta North,lolikuta-north,1229,Lolikuta North,319,73,NEA,1866,1084,782,252,280.53,6.65
3157,Ajigo,ajigo,1230,Bondo Township,320,74,NYZ,5756,2745,3011,1376,25.27,227.74
3158,Bar Kowino,bar-kowino,1230,Bondo Township,320,74,NYZ,18306,8802,9504,4460,42.71,428.58
3159,Nyawita,nyawita,1230,Bondo Township,320,74,NYZ,15280,7245,8035,3338,39.61,385.8
3160,Abom,abom,1231,North Sakwa,320,74,NYZ,4357,2092,2265,1015,16.25,268.13
3161,Barchando,barchando,1231,North Sakwa,320,74,NYZ,4745,2234,2511,1102,11.81,401.77
3162,Kapiyo,kapiyo,1232,South West Sakwa,320,74,NYZ,2937,1457,1480,670,22.04,133.25
3163,Utonga,utonga,1232,South West Sakwa,320,74,NYZ,2107,995,1112,469,17.01,123.9
3164,Maranda,maranda,1233,West Sakwa,320,74,NYZ,1869,894,975,402,7.5,249.34
3165,Usire,usire,1233,West Sakwa,320,74,NYZ,3120,1570,1550,720,23.68,131.75
3166,Ndeda/Oyamo,ndeda-oyamo,1234,Central Sakwa,321,74,NYZ,3042,1594,1448,813,1.71,1782.49
3167,Nyangoma,nyangoma,1234,Central Sakwa,321,74,NYZ,8996,4391,4605,2098,49.07,183.33
3168,Uyawi,uyawi,1234,Central Sakwa,321,74,NYZ,8055,3901,4154,1736,34.46,233.77
3169,West Migwena,west-migwena,1234,Central Sakwa,321,74,NYZ,5518,2631,2887,1306,30.11,183.23
3170,East Migwena,east-migwena,1235,South Sakwa,321,74,NYZ,3619,1775,1844,865,24.63,146.95
3171,Got Abiero,got-abiero,1235,South Sakwa,321,74,NYZ,5001,2353,2648,1252,25.98,192.46
3172,Nyaguda,nyaguda,1235,South Sakwa,321,74,NYZ,9122,4425,4697,2290,21.95,415.59
3173,Got Ramogi,got-ramogi,1236,Central Yimbo,322,74,NYZ,3431,1658,1773,791,30.93,110.94
3174,Usigu,usigu,1236,Central Yimbo,322,74,NYZ,4786,2326,2460,1100,24.55,194.94
3175,Othach,othach,1237,East Yimbo,322,74,NYZ,5082,2437,2645,1136,30.24,168.07
3176,Pala,pala,1237,East Yimbo,322,74,NYZ,4277,2098,2179,955,21.07,203.02
3177,Mahanga,mahanga,1238,Mageta Island,322,74,NYZ,4623,2433,2190,1211,5.76,802.9
3178,Mitundu,mitundu,1238,Mageta Island,322,74,NYZ,2174,1069,1105,532,1.26,1722.94
3179,Barkanyango,barkanyango,1239,North Yimbo,322,74,NYZ,2352,1211,1141,536,17,138.32
3180,Nyamonye,nyamonye,1239,North Yimbo,322,74,NYZ,7261,3442,3819,1643,35.16,206.52
3181,Got Agulu,got-agulu,1240,West Yimbo,322,74,NYZ,5505,2726,2779,1338,13.5,407.78
3182,Usenge,usenge,1240,West Yimbo,322,74,NYZ,16201,7964,8237,4142,19.76,819.72
3183,Ekerubo,ekerubo,1241,Esise,323,75,NYZ,4100,2080,2020,892,19.74,207.68
3184,Manga/Lietego,manga-lietego,1241,Esise,323,75,NYZ,12735,6331,6404,2718,36.39,349.98
3185,Kitaru,kitaru,1242,Kiangeni,323,75,NYZ,4633,2475,2158,1443,29.43,157.42
3186,Nyankono,nyankono,1242,Kiangeni,323,75,NYZ,4414,2399,2015,1228,25.26,174.72
3187,Matutu,matutu,1243,Mekenene,323,75,NYZ,6652,3302,3350,1498,25.3,262.9
3188,Mogusi,mogusi,1243,Mekenene,323,75,NYZ,3653,1791,1862,813,9.04,404.13
3189,Mwongori,mwongori,1243,Mekenene,323,75,NYZ,6276,3173,3103,1386,13.57,462.39
3190,Isoge/Kineni,isoge-kineni,1244,Nyansiongo,323,75,NYZ,10120,5091,5029,2112,40.35,250.79
3191,Nyansiongo/Gesima,nyansiongo-gesima,1244,Nyansiongo,323,75,NYZ,20843,10437,10406,5061,49.17,423.94
3192,Amakara,amakara,1245,Chitago,324,76,NYZ,8424,4065,4359,1704,13.4,628.82
3193,Boige,boige,1245,Chitago,324,76,NYZ,3416,1645,1771,733,3.8,898.95
3194,Bosaga,bosaga,1246,Getenga,324,76,NYZ,1344,611,733,263,2.72,493.74
3195,Muma,muma,1246,Getenga,324,76,NYZ,6542,3105,3437,1233,9.79,667.95
3196,Nyaramba,nyaramba,1246,Getenga,324,76,NYZ,7019,3307,3712,1409,8.72,805.05
3197,Eburi,eburi,1247,Nyansakia,324,76,NYZ,4388,2145,2243,813,8.14,539.21
3198,Nyatario,nyatario,1247,Nyansakia,324,76,NYZ,6097,2969,3128,1177,9.96,612.38
3199,Ndonyo,ndonyo,1248,Otendo,324,76,NYZ,6710,3322,3388,1124,9.19,729.84
3200,Nyabera,nyabera,1248,Otendo,324,76,NYZ,9416,4649,4767,1752,15.39,611.65
3201,Botabori,botabori,1249,S/ Mugirago Borabu,324,76,NYZ,7369,3556,3813,1286,7.98,923.48
3202,Kiagware,kiagware,1249,S/ Mugirago Borabu,324,76,NYZ,5259,2601,2658,1017,5.07,1036.62
3203,Monianku,monianku,1249,S/ Mugirago Borabu,324,76,NYZ,4789,2290,2499,1010,3.03,1581.94
3204,Nyamondo,nyamondo,1249,S/ Mugirago Borabu,324,76,NYZ,10156,4826,5330,1989,11.11,914.17
3205,Boikanga,boikanga,1250,Nyakembene,325,76,NYZ,10304,4929,5375,2145,15.47,665.95
3206,Ikoro,ikoro,1250,Nyakembene,325,76,NYZ,6253,2966,3287,1344,8.53,732.78
3207,Nyakorere,nyakorere,1250,Nyakembene,325,76,NYZ,3309,1594,1715,639,5.05,655.12
3208,Bogetenga,bogetenga,1251,S / Mugirango Central,325,76,NYZ,10945,5221,5724,2320,13.58,805.84
3209,Bomonyama,bomonyama,1251,S / Mugirango Central,325,76,NYZ,9887,4777,5110,1934,14.51,681.53
3210,Nyansore,nyansore,1251,S / Mugirango Central,325,76,NYZ,5307,2543,2764,1094,5.78,918.18
3211,Bomonyara,bomonyara,1252,S/ Mugirago Chache,325,76,NYZ,8176,3951,4225,1719,10.01,817.02
3212,Bosinange,bosinange,1252,S/ Mugirago Chache,325,76,NYZ,11197,5386,5811,2327,11.73,954.81
3213,Tabaka,tabaka,1252,S/ Mugirago Chache,325,76,NYZ,12742,6108,6634,2814,11.26,1131.35
3214,Emesa,emesa,1253,Boochi Borabu,326,77,NYZ,9471,4542,4929,1882,8.44,1122.6
3215,Ritembu,ritembu,1253,Boochi Borabu,326,77,NYZ,6802,3317,3485,1322,7.22,941.45
3216,Magenche,magenche,1254,Magenche,326,77,NYZ,12307,5922,6385,2553,10.44,1179.27
3217,Mokubo,mokubo,1254,Magenche,326,77,NYZ,13827,6515,7312,2956,14.8,934.53
3218,Nyamecheo,nyamecheo,1254,Magenche,326,77,NYZ,7569,3633,3936,1483,9.3,813.49
3219,Igorera,igorera,1255,Majoge Borabu,326,77,NYZ,15322,7378,7944,3231,17.46,877.4
3220,Kianjo,kianjo,1255,Majoge Borabu,326,77,NYZ,8402,4044,4358,1814,8.34,1008.01
3221,Bokimonge,bokimonge,1256,Majoge Masaba,326,77,NYZ,6269,3010,3259,1214,9.22,679.81
3222,Kenyenya,kenyenya,1256,Majoge Masaba,326,77,NYZ,18433,8667,9766,3797,19.19,960.42
3223,Nyabitunwa,nyabitunwa,1256,Majoge Masaba,326,77,NYZ,8797,4261,4536,1777,10.73,819.73
3224,Nyachogochogo,nyachogochogo,1257,Bassi Bogetario,327,77,NYZ,4329,2038,2291,922,6.33,683.42
3225,Nyangusu,nyangusu,1257,Bassi Bogetario,327,77,NYZ,8056,3757,4299,1684,8.25,976.38
3226,Bosansa,bosansa,1258,Bassi Borabu,327,77,NYZ,7952,3681,4271,1665,9.7,819.53
3227,Riosugo,riosugo,1258,Bassi Borabu,327,77,NYZ,9574,4496,5078,2069,10.52,910.27
3228,Nyantira,nyantira,1259,Gionsaria,327,77,NYZ,6446,3033,3413,1432,6.73,957.63
3229,Riontweka,riontweka,1259,Gionsaria,327,77,NYZ,3279,1541,1738,697,3.13,1047.5
3230,Borangi,borangi,1260,Nyacheki,327,77,NYZ,2971,1397,1574,610,5.14,577.77
3231,Isena,isena,1260,Nyacheki,327,77,NYZ,6107,2830,3277,1186,9.43,647.67
3232,Riomoro,riomoro,1260,Nyacheki,327,77,NYZ,4484,2127,2357,926,6.47,693
3233,Ritumbe,ritumbe,1261,Rigena,327,77,NYZ,7060,3250,3810,1401,8.04,878.47
3234,Rogongo,rogongo,1261,Rigena,327,77,NYZ,4996,2338,2658,1088,6.93,721.24
3235,Emenwa,emenwa,1262,Bassi Central,328,77,NYZ,7103,3387,3716,1470,10.08,704.51
3236,Kegochi,kegochi,1262,Bassi Central,328,77,NYZ,6807,3215,3592,1468,10.42,653.07
3237,Maji-Mazuri,maji-mazuri,1262,Bassi Central,328,77,NYZ,4685,2232,2453,950,7.28,643.8
3238,Nyoera,nyoera,1262,Bassi Central,328,77,NYZ,4751,2308,2443,1035,5.36,886.66
3239,Kiobegi,kiobegi,1263,Bassi Masige East,328,77,NYZ,2956,1439,1517,655,4.87,606.65
3240,Masisi / Igoma,masisi-igoma,1263,Bassi Masige East,328,77,NYZ,5852,2781,3071,1278,3.3,1771.88
3241,Omokonge,omokonge,1263,Bassi Masige East,328,77,NYZ,4960,2316,2644,1021,5.46,909.07
3242,Turwa,turwa,1263,Bassi Masige East,328,77,NYZ,5402,2516,2886,1146,7.46,723.89
3243,Gionseri,gionseri,1264,Bassi Masige West,328,77,NYZ,4234,1949,2285,884,8.69,487.38
3244,Mosora,mosora,1264,Bassi Masige West,328,77,NYZ,2054,1013,1041,405,3.72,551.93
3245,Nyabisa,nyabisa,1264,Bassi Masige West,328,77,NYZ,2550,1215,1335,539,2.97,859.71
3246,Nyachenge,nyachenge,1264,Bassi Masige West,328,77,NYZ,2885,1385,1500,554,3.25,887.23
3247,Omusaria,omusaria,1264,Bassi Masige West,328,77,NYZ,3808,1798,2010,766,3.83,993.66
3248,Orogare,orogare,1264,Bassi Masige West,328,77,NYZ,2961,1408,1553,607,5.09,581.75
3249,Kanyimbo,kanyimbo,1265,Majoge Chache,329,77,NYZ,10535,5112,5423,2214,11.49,916.51
3250,Misesi,misesi,1265,Majoge Chache,329,77,NYZ,12947,6025,6922,2740,16.3,794.47
3251,Bosoti,bosoti,1266,Sengera,329,77,NYZ,18374,8816,9558,3670,23.43,784.26
3252,Nyaisero,nyaisero,1266,Sengera,329,77,NYZ,18477,8910,9567,3689,24.11,766.38
3253,Boochi,boochi,1267,Tendere,329,77,NYZ,13838,6641,7197,2997,15.21,909.82
3254,Karagia,karagia,1267,Tendere,329,77,NYZ,6014,2865,3149,1217,6.6,911.75
3255,Mangere,mangere,1267,Tendere,329,77,NYZ,7938,3843,4095,1909,4.91,1617.92
3256,Nyansakia,nyansakia,1267,Tendere,329,77,NYZ,5407,2586,2821,1209,4.24,1273.97
3257,Igare,igare,1268,Bassi Boitangare,330,77,NYZ,7420,3626,3794,1600,10.56,702.7
3258,Nyamagwa,nyamagwa,1268,Bassi Boitangare,330,77,NYZ,6813,3209,3604,1438,8.24,826.49
3259,Bogetaorio Ii,bogetaorio-ii,1269,Bassi Chache,330,77,NYZ,4517,2149,2368,906,5.79,780.17
3260,Etora,etora,1269,Bassi Chache,330,77,NYZ,6057,2854,3203,1281,8.73,694.17
3261,Giasaiga,giasaiga,1269,Bassi Chache,330,77,NYZ,8722,4137,4585,1893,8.74,997.72
3262,Sameta,sameta,1269,Bassi Chache,330,77,NYZ,6350,3327,3023,1462,6.46,983.38
3263,Kenyerere,kenyerere,1270,Mokwerero,330,77,NYZ,8839,4222,4617,1860,11.69,756.06
3264,Kiongongi,kiongongi,1270,Mokwerero,330,77,NYZ,6329,3056,3273,1198,6.99,904.84
3265,Gesure,gesure,1271,Nyangiti,330,77,NYZ,4124,1953,2171,832,5.5,750.16
3266,Getenga,getenga,1271,Nyangiti,330,77,NYZ,4641,2190,2451,974,5.27,880.81
3267,Kalanya Kanyango,kalanya-kanyango,1272,East Kanyada,331,78,NYZ,14527,6965,7562,3188,30.24,480.41
3268,Kanyach-Kachar,kanyach-kachar,1272,East Kanyada,331,78,NYZ,7738,3609,4129,1662,25.6,302.27
3269,Kobwola Kogwang,kobwola-kogwang,1272,East Kanyada,331,78,NYZ,6733,3204,3529,1444,17.9,376.19
3270,Kothidha,kothidha,1272,East Kanyada,331,78,NYZ,8902,4200,4702,1945,30.34,293.4
3271,Arujo,arujo,1273,Homa Bay Town,331,78,NYZ,19768,9431,10337,4997,13.26,1490.93
3272,Asego,asego,1273,Homa Bay Town,331,78,NYZ,9114,4394,4720,2096,5.42,1682.64
3273,Homa Bay Town,homa-bay-town,1273,Homa Bay Town,331,78,NYZ,6934,3430,3504,1761,2.6,2670.52
3274,Katuma,katuma,1274,West Kanyada,331,78,NYZ,4542,2142,2400,897,15.5,293
3275,Kotieno,kotieno,1274,West Kanyada,331,78,NYZ,2195,1054,1141,446,8.29,264.87
3276,North Kanyabala,north-kanyabala,1274,West Kanyada,331,78,NYZ,6704,3167,3537,1430,25.82,259.67
3277,South Kanyabala,south-kanyabala,1274,West Kanyada,331,78,NYZ,3285,1525,1760,738,10.37,316.87
3278,Kachuth,kachuth,1275,East Kwabwai,332,78,NYZ,3252,1532,1720,633,13.61,238.89
3279,Kamdar Kanyolo,kamdar-kanyolo,1275,East Kwabwai,332,78,NYZ,4397,2052,2345,981,13.79,318.94
3280,Kamdar Kawanga,kamdar-kawanga,1275,East Kwabwai,332,78,NYZ,3921,1875,2046,784,19.38,202.27
3281,Kamdar Kodondo,kamdar-kodondo,1275,East Kwabwai,332,78,NYZ,4679,2246,2433,1015,26.2,178.57
3282,Kadhola,kadhola,1276,West Kwabwai,332,78,NYZ,4165,1972,2193,880,18.92,220.1
3283,Kasirime,kasirime,1276,West Kwabwai,332,78,NYZ,5620,2661,2959,1163,24,234.12
3284,Kasirime Kawanga,kasirime-kawanga,1276,West Kwabwai,332,78,NYZ,2748,1321,1427,409,8.25,333.19
3285,Rachar,rachar,1276,West Kwabwai,332,78,NYZ,2814,1359,1455,511,16.18,173.9
3286,Kabonyo,kabonyo,1277,Central Kanyamwa,333,78,NYZ,9970,4693,5277,2043,46.11,216.22
3287,Kwandiku,kwandiku,1277,Central Kanyamwa,333,78,NYZ,5274,2536,2738,1136,17.99,293.12
3288,Kakaeta,kakaeta,1278,North Kanyamwa,333,78,NYZ,2238,1101,1137,466,9.13,245.24
3289,Kochieng East.,kochieng-east,1278,North Kanyamwa,333,78,NYZ,1940,960,980,428,9.05,214.37
3290,Kochieng West,kochieng-west,1278,North Kanyamwa,333,78,NYZ,2316,1117,1199,485,9.52,243.38
3291,Komungu,komungu,1278,North Kanyamwa,333,78,NYZ,2792,1333,1459,591,10.86,257.16
3292,Kachola,kachola,1279,South Kanyamwa,333,78,NYZ,4323,2041,2282,919,16.75,258.05
3293,Kadwet,kadwet,1279,South Kanyamwa,333,78,NYZ,2988,1388,1600,684,11.22,266.3
3294,Kajwang,kajwang,1279,South Kanyamwa,333,78,NYZ,6845,3237,3608,1472,33.99,201.41
3295,Kayambo,kayambo,1280,West Kanyamwa,333,78,NYZ,13370,6334,7036,3018,52.16,256.35
3296,Kwamo,kwamo,1280,West Kanyamwa,333,78,NYZ,4344,2103,2241,941,20.3,214.02
3297,Kaganda North,kaganda-north,1281,Central Kanyidoto,334,78,NYZ,4091,2018,2073,680,7.7,531.08
3298,Kaganda South,kaganda-south,1281,Central Kanyidoto,334,78,NYZ,2012,933,1079,462,9.22,218.26
3299,North Kanyikela,north-kanyikela,1282,North Kanyikela,334,78,NYZ,3103,1455,1648,695,13.1,236.83
3300,South Kanyikela,south-kanyikela,1283,South Kanyikela,334,78,NYZ,3180,1544,1636,670,16.55,192.11
3301,North Kabura,north-kabura,1284,West .Kanyidoto,334,78,NYZ,5462,2563,2899,1215,20.48,266.71
3302,South Kabura,south-kabura,1284,West .Kanyidoto,334,78,NYZ,4766,2304,2462,975,29.93,159.25
3303,Genga,genga,1285,Central Gem,335,78,NYZ,10736,5177,5559,2246,27.42,391.49
3304,Kajulu,kajulu,1285,Central Gem,335,78,NYZ,11311,5345,5966,2232,22.31,506.89
3305,Korayo,korayo,1286,Central Kochia,335,78,NYZ,4866,2260,2606,1098,12.9,377.21
3306,Kowili,kowili,1286,Central Kochia,335,78,NYZ,6223,2962,3261,1353,18.23,341.35
3307,Kotieno,kotieno,1287,East Gem,335,78,NYZ,6652,3178,3474,1446,23.44,283.82
3308,Koyolo,koyolo,1287,East Gem,335,78,NYZ,4967,2339,2628,1121,14.02,354.4
3309,Kanyarwanda,kanyarwanda,1288,East Kagan,335,78,NYZ,4920,2274,2646,1038,14.04,350.41
3310,Komenya,komenya,1288,East Kagan,335,78,NYZ,7092,3307,3785,1411,18.1,391.78
3311,Kamenya,kamenya,1289,East Kochia,335,78,NYZ,9051,4271,4780,2002,25.73,351.83
3312,Gongo,gongo,1290,Gongo,335,78,NYZ,9569,4722,4847,1523,16.8,569.46
3313,Kamagawi,kamagawi,1291,West Gem,335,78,NYZ,3321,1550,1771,728,10.19,325.93
3314,Kanyanjwa,kanyanjwa,1291,West Gem,335,78,NYZ,5654,2679,2975,1283,17.26,327.55
3315,Komolo,komolo,1291,West Gem,335,78,NYZ,4218,1989,2229,880,13.27,317.93
3316,Kanyiriema,kanyiriema,1292,West Kagan,335,78,NYZ,5248,2469,2779,1178,15.94,329.17
3317,Kokoko,kokoko,1292,West Kagan,335,78,NYZ,3724,1684,2040,855,11.45,325.37
3318,Kanam,kanam,1293,West Kochia,335,78,NYZ,2973,1409,1564,679,6.19,480.59
3319,Kaura,kaura,1293,West Kochia,335,78,NYZ,3441,1619,1822,740,5.86,587.14
3320,Karading,karading,1294,Central Kabuoch,336,78,NYZ,7512,3540,3972,1630,24.53,306.25
3321,Kawere Kawuor,kawere-kawuor,1294,Central Kabuoch,336,78,NYZ,7132,3433,3699,1626,29.46,242.12
3322,Konyango,konyango,1294,Central Kabuoch,336,78,NYZ,4845,2307,2538,1076,14.83,326.79
3323,Kachwanya,kachwanya,1295,North Kabuoch,336,78,NYZ,2852,1348,1504,616,9.35,305.17
3324,Konyango,konyango,1295,North Kabuoch,336,78,NYZ,2236,1033,1203,508,8.13,275.2
3325,Kaguria/Kamenya,kaguria-kamenya,1296,South Kabuoch,336,78,NYZ,10406,4910,5496,2363,34.29,303.43
3326,Kobita,kobita,1296,South Kabuoch,336,78,NYZ,7803,3728,4075,1837,31.57,247.17
3327,Koguta,koguta,1296,South Kabuoch,336,78,NYZ,8123,3869,4254,1832,33.74,240.77
3328,Kachieng East.,kachieng-east,1297,West Kabuoch,336,78,NYZ,5752,2741,3011,1276,21.88,262.86
3329,Kachieng West.,kachieng-west,1297,West Kabuoch,336,78,NYZ,4941,2364,2577,1103,29.25,168.94
3330,Chirichiro,chirichiro,1298,Ibeno,337,79,NYZ,4232,2007,2225,879,6.67,634.2
3331,Kabosi,kabosi,1298,Ibeno,337,79,NYZ,5173,2426,2747,1170,8.23,628.45
3332,Kerera,kerera,1298,Ibeno,337,79,NYZ,4130,2033,2097,875,7.16,576.86
3333,Kirwa,kirwa,1298,Ibeno,337,79,NYZ,3408,1639,1769,742,5.24,650.67
3334,Nyamagwa,nyamagwa,1298,Ibeno,337,79,NYZ,3767,1805,1962,802,5.08,741.54
3335,Birongo,birongo,1299,Keumbu,337,79,NYZ,5552,2605,2947,1216,7.57,733.57
3336,Bomwagi,bomwagi,1299,Keumbu,337,79,NYZ,4547,2111,2436,1002,3.29,1381.14
3337,Nyamware,nyamware,1299,Keumbu,337,79,NYZ,10477,5102,5375,2219,12,873
3338,Taracha,taracha,1299,Keumbu,337,79,NYZ,13816,6498,7318,2859,15.65,882.95
3339,Bobaracho,bobaracho,1300,Bosongo,338,79,NYZ,9094,4459,4635,2076,5.21,1744.62
3340,Nyanchwa,nyanchwa,1300,Bosongo,338,79,NYZ,5415,2686,2729,1387,2.19,2467.64
3341,Nyaura,nyaura,1300,Bosongo,338,79,NYZ,17756,8806,8950,4587,4.13,4303.44
3342,Kegati,kegati,1301,Kegati,338,79,NYZ,6932,3393,3539,1490,7.8,888.42
3343,Nyamemiso,nyamemiso,1301,Kegati,338,79,NYZ,4109,1934,2175,844,4.52,908.57
3344,Nyanguru,nyanguru,1301,Kegati,338,79,NYZ,9203,4506,4697,1873,12.02,765.81
3345,Boronyi,boronyi,1302,Kiogoro,338,79,NYZ,5690,2694,2996,1240,6,948.21
3346,Masongo,masongo,1302,Kiogoro,338,79,NYZ,9032,4335,4697,1828,11.5,785.49
3347,Matunwa,matunwa,1302,Kiogoro,338,79,NYZ,3519,1697,1822,780,5.17,681.15
3348,Nyaguta,nyaguta,1302,Kiogoro,338,79,NYZ,3893,1832,2061,818,4.89,796.31
3349,Metembe,metembe,1303,Kegogi,339,79,NYZ,9951,4688,5263,2155,12.91,771.01
3350,Ngokoro,ngokoro,1303,Kegogi,339,79,NYZ,10607,4942,5665,2260,9.34,1136.1
3351,Igemo,igemo,1304,Mwagichana,339,79,NYZ,10484,4949,5535,2416,10.3,1018
3352,Kiomooncha,kiomooncha,1304,Mwagichana,339,79,NYZ,6380,2985,3395,1386,5.8,1099.62
3353,Nyamage,nyamage,1305,Mwakibagendi,339,79,NYZ,5449,2548,2901,1135,7.15,761.96
3354,Onywere,onywere,1305,Mwakibagendi,339,79,NYZ,5848,2755,3093,1295,6.89,848.77
3355,Nyakeiri,nyakeiri,1306,Mwamonari,339,79,NYZ,6887,3227,3660,1478,7.64,901.24
3356,Rioma,rioma,1306,Mwamonari,339,79,NYZ,10130,4729,5401,2199,11.61,872.34
3357,Gesangero,gesangero,1307,Ngenyi,339,79,NYZ,8449,4064,4385,1846,13.79,612.56
3358,Ikuruma,ikuruma,1307,Ngenyi,339,79,NYZ,11473,5424,6049,2485,15.01,764.22
3359,Matongo,matongo,1307,Ngenyi,339,79,NYZ,7689,3504,4185,1768,9.58,802.24
3360,Kionganyo,kionganyo,1308,Sensi,339,79,NYZ,4572,2098,2474,1050,5.72,799.97
3361,Sensi,sensi,1308,Sensi,339,79,NYZ,5950,2736,3214,1336,8.05,739.27
3362,Gesoni,gesoni,1309,Bogeka,340,79,NYZ,7502,3627,3875,1576,7.53,996.35
3363,Mogusi,mogusi,1309,Bogeka,340,79,NYZ,5752,2707,3045,1212,6.78,848.13
3364,Bigege,bigege,1310,Etora,340,79,NYZ,6065,2868,3197,1300,6.56,924.04
3365,Raganga,raganga,1310,Etora,340,79,NYZ,6485,3020,3465,1338,9.71,667.6
3366,Bonyagatanyi,bonyagatanyi,1311,Nyakoe,340,79,NYZ,8692,4024,4668,1791,8.3,1047.78
3367,Iranda,iranda,1311,Nyakoe,340,79,NYZ,9766,4684,5082,2027,9.93,983.41
3368,Matieko,matieko,1312,Nyamachemange,340,79,NYZ,7894,3724,4170,1660,10.94,721.48
3369,Santa,santa,1312,Nyamachemange,340,79,NYZ,4428,2085,2343,957,5.53,801.2
3370,Nyagisai,nyagisai,1313,Nyanguru,340,79,NYZ,2132,1007,1125,477,2.68,796.8
3371,Rieteba,rieteba,1313,Nyanguru,340,79,NYZ,2506,1170,1336,560,3.05,821.75
3372,Mwamanwa,mwamanwa,1314,Nyatieko,340,79,NYZ,10033,4650,5383,2179,9.99,1004.25
3373,Mwamosioma,mwamosioma,1314,Nyatieko,340,79,NYZ,10513,5051,5462,2216,7.93,1325.46
3374,Mwamosioma,mwamosioma,1315,Township,340,79,NYZ,44715,22458,22257,11513,14.42,3101.96
3375,Township,township,1315,Township,340,79,NYZ,5648,3111,2537,1124,1.05,5373.42
3376,Bogiakumu,bogiakumu,1316,Bogiakumu,341,80,NYZ,9616,4656,4960,2026,7.69,1250.5
3377,Bomwanda,bomwanda,1316,Bogiakumu,341,80,NYZ,10322,5010,5312,2192,6.86,1505.65
3378,Bonyando,bonyando,1316,Bogiakumu,341,80,NYZ,7756,3796,3960,1661,7.27,1067.13
3379,Bomariba,bomariba,1317,Bomariba,341,80,NYZ,5165,2420,2745,1053,6.93,744.78
3380,Boroko,boroko,1317,Bomariba,341,80,NYZ,7316,3421,3895,1564,6.9,1059.8
3381,Keboye,keboye,1317,Bomariba,341,80,NYZ,8137,3835,4302,1642,14.49,561.66
3382,Bomakombi,bomakombi,1318,Bomorenda,341,80,NYZ,7425,3399,4026,1504,6.01,1234.82
3383,Bomwancha,bomwancha,1318,Bomorenda,341,80,NYZ,3367,1599,1768,693,2.52,1334.42
3384,Bonyanchaire,bonyanchaire,1318,Bomorenda,341,80,NYZ,7731,3697,4034,1759,4.43,1746.29
3385,Bonyaoro,bonyaoro,1318,Bomorenda,341,80,NYZ,6526,3160,3366,1398,5.39,1209.84
3386,Bokeire,bokeire,1319,Iyabe,341,80,NYZ,6903,3292,3611,1461,8.41,820.51
3387,Bomokora,bomokora,1319,Iyabe,341,80,NYZ,13588,6508,7080,2814,18.82,721.81
3388,Bogitaa,bogitaa,1320,Riana,341,80,NYZ,10374,4888,5486,2203,16.35,634.65
3389,Nyamwari,nyamwari,1320,Riana,341,80,NYZ,10389,4901,5488,2079,14.93,695.98
3390,Central Bwanda,central-bwanda,1321,Bwanda,342,81,NYZ,2304,1111,1193,467,6.55,351.93
3391,Upper Bwanda,upper-bwanda,1321,Bwanda,342,81,NYZ,3606,1710,1896,793,5.66,637.52
3392,Okana,okana,1322,East Kochieng,342,81,NYZ,3891,1860,2031,856,13.35,291.55
3393,Rabuor (Kochieng),rabuor-kochieng,1322,East Kochieng,342,81,NYZ,7135,3399,3736,1521,14.96,476.82
3394,Anyuro,anyuro,1323,Kanyagwal,342,81,NYZ,1371,680,691,289,6.67,205.58
3395,Ogenya,ogenya,1323,Kanyagwal,342,81,NYZ,2552,1231,1321,531,16.65,153.27
3396,Kamayoga,kamayoga,1324,Katho,342,81,NYZ,2546,1227,1319,543,5.26,484.37
3397,Kotieno,kotieno,1324,Katho,342,81,NYZ,3407,1599,1808,745,7.68,443.6
3398,Kabonyo Irrigation,kabonyo-irrigation,1325,Kawino North,342,81,NYZ,2529,1248,1281,532,18.44,137.16
3399,Kapiyo,kapiyo,1325,Kawino North,342,81,NYZ,2648,1294,1354,561,2.9,914.33
3400,Kolal,kolal,1325,Kawino North,342,81,NYZ,3416,1638,1778,728,6.35,538.34
3401,Kadhiambo,kadhiambo,1326,Kawino South,342,81,NYZ,1916,949,967,362,7.05,271.86
3402,Kwakungu,kwakungu,1326,Kawino South,342,81,NYZ,2320,1131,1189,512,2.85,812.75
3403,Nduuru,nduuru,1326,Kawino South,342,81,NYZ,836,375,461,171,6.48,129.07
3404,Ugwe,ugwe,1326,Kawino South,342,81,NYZ,1567,763,804,336,7.39,212.15
3405,Lela,lela,1327,Kombura,342,81,NYZ,4863,2278,2585,1023,11.68,416.42
3406,Masogo,masogo,1327,Kombura,342,81,NYZ,3253,1565,1688,744,8.46,384.72
3407,Nyamware North,nyamware-north,1328,West Kochieng,342,81,NYZ,6190,2955,3235,1309,10.31,600.33
3408,Nyamware South,nyamware-south,1328,West Kochieng,342,81,NYZ,4976,2239,2737,971,6.17,807.12
3409,Got Nyabondo,got-nyabondo,1329,Kajulu East,343,81,NYZ,4050,1934,2116,853,4.65,871.62
3410,Kadero,kadero,1329,Kajulu East,343,81,NYZ,6790,3270,3520,1505,7.27,934.48
3411,Okok,okok,1329,Kajulu East,343,81,NYZ,3938,1881,2057,887,3.64,1080.71
3412,Konya,konya,1330,Kajulu West,343,81,NYZ,14275,6933,7342,3357,13.7,1042.2
3413,Wathorego,wathorego,1330,Kajulu West,343,81,NYZ,11823,5794,6029,2849,8.97,1318.72
3414,K0Rando A,k0rando-a,1331,Kisumu Central,343,81,NYZ,12057,7366,4691,2406,10.47,1151.87
3415,Korandob,korandob,1331,Kisumu Central,343,81,NYZ,6446,3116,3330,1367,8.05,800.3
3416,Dago,dago,1332,Kisumu East,343,81,NYZ,5724,2803,2921,1275,9.76,586.72
3417,Kanyakwar,kanyakwar,1332,Kisumu East,343,81,NYZ,12554,6447,6107,3553,6.56,1913.25
3418,Kogony,kogony,1332,Kisumu East,343,81,NYZ,19625,10041,9584,5164,11.77,1666.98
3419,Mkendwa,mkendwa,1332,Kisumu East,343,81,NYZ,1032,515,517,219,1.33,775.82
3420,Bar A,bar-a,1333,Kisumu North,343,81,NYZ,4319,2094,2225,957,6.36,679.34
3421,Bar B,bar-b,1333,Kisumu North,343,81,NYZ,4065,1944,2121,898,6.7,606.54
3422,Nyahera,nyahera,1333,Kisumu North,343,81,NYZ,9750,4796,4954,2041,16.39,594.93
3423,Kanyawegi,kanyawegi,1334,Kisumu South West,343,81,NYZ,6529,3237,3292,1454,17.44,374.31
3424,Ojola,ojola,1334,Kisumu South West,343,81,NYZ,8323,4001,4322,1823,16.67,499.13
3425,Osiri,osiri,1334,Kisumu South West,343,81,NYZ,7274,3428,3846,1681,16.31,445.9
3426,Kasule,kasule,1335,Kolwa Central,343,81,NYZ,19252,9550,9702,4880,17.49,1101.03
3427,Nyalunya,nyalunya,1335,Kolwa Central,343,81,NYZ,12487,6082,6405,2731,16.63,751.02
3428,Buoye,buoye,1336,Kolwa East,343,81,NYZ,5789,2746,3043,1230,23.74,243.86
3429,Chiga,chiga,1336,Kolwa East,343,81,NYZ,9876,4841,5035,2168,22.09,447.02
3430,Mayenya,mayenya,1336,Kolwa East,343,81,NYZ,5623,2720,2903,1205,11.92,471.76
3431,Manyatta B,manyatta-b,1337,Kolwa West,343,81,NYZ,27952,14219,13733,7808,2.54,10998.23
3432,Nyalenda A,nyalenda-a,1337,Kolwa West,343,81,NYZ,28269,14829,13440,8070,3.16,8952.69
3433,Nyalenda B,nyalenda-b,1337,Kolwa West,343,81,NYZ,32430,16189,16241,8561,4.71,6886.37
3434,Manyatta A,manyatta-a,1338,Kondele,343,81,NYZ,48004,23503,24501,12525,2.36,20333.79
3435,Migosi,migosi,1338,Kondele,343,81,NYZ,19826,9182,10644,4795,1.93,10291.2
3436,Nyawita,nyawita,1338,Kondele,343,81,NYZ,14747,7526,7221,4099,1.31,11281.36
3437,Miwani Central,miwani-central,1339,Miwani,343,81,NYZ,867,521,346,304,28.74,30.17
3438,Miwani East,miwani-east,1339,Miwani,343,81,NYZ,1560,826,734,390,32.85,47.49
3439,Miwani North,miwani-north,1339,Miwani,343,81,NYZ,1005,540,465,275,16.31,61.63
3440,Miwani West,miwani-west,1339,Miwani,343,81,NYZ,4731,3206,1525,1016,26.73,176.99
3441,Bandari,bandari,1340,Town,343,81,NYZ,7623,3878,3745,1921,7.23,1055.07
3442,Kaloleni,kaloleni,1340,Town,343,81,NYZ,14806,6933,7873,3658,2.1,7036.07
3443,Northern,northern,1340,Town,343,81,NYZ,9739,4804,4935,2107,1.31,7439.46
3444,Southern,southern,1340,Town,343,81,NYZ,9163,4729,4434,2476,5.21,1759.81
3445,Kadero,kadero,1341,North Central Seme,344,82,NYZ,3405,1587,1818,812,11.58,294.17
3446,Katieno East,katieno-east,1341,North Central Seme,344,82,NYZ,3382,1547,1835,744,7.82,432.71
3447,Katieno West,katieno-west,1341,North Central Seme,344,82,NYZ,3844,1861,1983,931,11.27,341.18
3448,Kowe North,kowe-north,1341,North Central Seme,344,82,NYZ,2461,1129,1332,577,7.3,337.14
3449,Kowe South,kowe-south,1341,North Central Seme,344,82,NYZ,2592,1235,1357,586,9.89,262.08
3450,E. Kanyadwera,e-kanyadwera,1342,South Central Seme,344,82,NYZ,3113,1402,1711,776,9.14,340.76
3451,E. Othany,e-othany,1342,South Central Seme,344,82,NYZ,3859,1896,1963,829,12.44,310.24
3452,Lower Kombewa,lower-kombewa,1342,South Central Seme,344,82,NYZ,3606,1695,1911,835,10.3,350.03
3453,Upper Kombewa,upper-kombewa,1342,South Central Seme,344,82,NYZ,4799,2248,2551,1148,11.61,413.23
3454,W. Kanyadwera,w-kanyadwera,1342,South Central Seme,344,82,NYZ,3819,1778,2041,895,13.43,284.42
3455,W. Othany,w-othany,1342,South Central Seme,344,82,NYZ,4017,1869,2148,936,6.69,600.48
3456,Alwala,alwala,1343,South West Seme,344,82,NYZ,1947,880,1067,493,2.76,705.9
3457,Angoga,angoga,1343,South West Seme,344,82,NYZ,1903,891,1012,479,6.62,287.34
3458,E. Kadinga,e-kadinga,1343,South West Seme,344,82,NYZ,3162,1469,1693,818,9.99,316.38
3459,N. Alungo,n-alungo,1343,South West Seme,344,82,NYZ,1584,746,838,386,8.15,194.25
3460,S. Alungo,s-alungo,1343,South West Seme,344,82,NYZ,2759,1357,1402,651,7.15,385.65
3461,W.Kadinga,w-kadinga,1343,South West Seme,344,82,NYZ,4076,1947,2129,997,12.02,339.1
3462,East Reru,east-reru,1344,West Seme,344,82,NYZ,5296,2443,2853,1155,9.5,557.54
3463,Ngere East,ngere-east,1344,West Seme,344,82,NYZ,1854,901,953,441,3.07,604.11
3464,West Ngere,west-ngere,1344,West Seme,344,82,NYZ,1448,688,760,339,2.86,506.28
3465,West Reru,west-reru,1344,West Seme,344,82,NYZ,4427,1997,2430,1036,14.93,296.55
3466,Kaila,kaila,1345,East Seme,345,82,NYZ,3524,1669,1855,839,11.1,317.62
3467,Kit-Mikaye,kit-mikaye,1345,East Seme,345,82,NYZ,5662,2644,3018,1305,15,377.35
3468,Koker Kajulu,koker-kajulu,1345,East Seme,345,82,NYZ,5290,2491,2799,1185,16,330.69
3469,E. Karateng,e-karateng,1346,Kisumu North West,345,82,NYZ,5269,2545,2724,1136,9.64,546.32
3470,Marera,marera,1346,Kisumu North West,345,82,NYZ,5923,3001,2922,1282,7.45,795.45
3471,Sunga,sunga,1346,Kisumu North West,345,82,NYZ,5278,2519,2759,1100,9.14,577.49
3472,W. Karateng,w-karateng,1346,Kisumu North West,345,82,NYZ,7485,3722,3763,1511,8.92,839.49
3473,E. Kolunje,e-kolunje,1347,Otwenya,345,82,NYZ,3864,1823,2041,897,6.22,620.97
3474,N. Ratta,n-ratta,1347,Otwenya,345,82,NYZ,7214,3475,3739,1602,13.89,519.19
3475,S. Ratta,s-ratta,1347,Otwenya,345,82,NYZ,2550,1186,1364,587,9.13,279.42
3476,W. Kolunje,w-kolunje,1347,Otwenya,345,82,NYZ,3348,1564,1784,748,7.34,456.37
3477,Lower Kadongo,lower-kadongo,1348,West Kisumu,345,82,NYZ,4633,2187,2446,1124,8.47,546.88
3478,N. Kapunoja,n-kapunoja,1348,West Kisumu,345,82,NYZ,5640,2743,2897,1172,13.15,428.73
3479,Newa,newa,1348,West Kisumu,345,82,NYZ,3421,1612,1809,778,15.48,221.05
3480,S. Kapuonja,s-kapuonja,1348,West Kisumu,345,82,NYZ,4137,1991,2146,896,8.48,487.57
3481,Upper Kadongo,upper-kadongo,1348,West Kisumu,345,82,NYZ,4316,2076,2240,966,10.77,400.9
3482,Kebaroti,kebaroti,1349,Kebaroti,346,83,NYZ,3332,1669,1663,499,8.27,402.85
3483,Tebesi,tebesi,1349,Kebaroti,346,83,NYZ,5761,2850,2911,936,12.53,459.95
3484,Nyaitara,nyaitara,1350,Maeta,346,83,NYZ,3601,1774,1827,638,16.5,218.25
3485,Sanchawa,sanchawa,1350,Maeta,346,83,NYZ,3102,1544,1558,541,11.11,279.29
3486,Getongoroma,getongoroma,1351,Nguruna,346,83,NYZ,2897,1419,1478,461,9.79,295.98
3487,Girigiri,girigiri,1351,Nguruna,346,83,NYZ,3065,1577,1488,442,11.61,263.9
3488,Kegonga,kegonga,1352,Nyabasi East,346,83,NYZ,4823,2321,2502,733,8.13,592.98
3489,Sakuri,sakuri,1352,Nyabasi East,346,83,NYZ,4052,2025,2027,584,9.38,432.13
3490,Kugitimo,kugitimo,1353,Nyabasi North,346,83,NYZ,2877,1379,1498,471,7,410.77
3491,Nyamagenga,nyamagenga,1353,Nyabasi North,346,83,NYZ,4579,2255,2324,632,11.1,412.54
3492,Nyabikongori,nyabikongori,1354,Nyabasi West,346,83,NYZ,8275,4225,4050,1181,18.73,441.87
3493,Nyaroha,nyaroha,1354,Nyabasi West,346,83,NYZ,3300,1643,1657,533,9.77,337.68
3494,Gwitembe,gwitembe,1355,Bwirege East,347,83,NYZ,4115,2028,2087,770,4.12,999.73
3495,Masangora,masangora,1355,Bwirege East,347,83,NYZ,2897,1369,1528,554,3.49,829.14
3496,Makararangwe,makararangwe,1356,Bwirege West,347,83,NYZ,6838,3326,3512,1147,15.81,432.51
3497,Ntimaru,ntimaru,1356,Bwirege West,347,83,NYZ,6589,3224,3365,1242,10.38,634.79
3498,Siabai,siabai,1357,Siabai,347,83,NYZ,5294,2511,2783,980,8.01,661.01
3499,Itongo,itongo,1358,Wangirabose,347,83,NYZ,1465,707,758,267,3.84,381.97
3500,Wangirabose,wangirabose,1358,Wangirabose,347,83,NYZ,4971,2402,2569,902,8.46,587.35
3501,Gwikonge,gwikonge,1359,Bukira Central,348,84,NYZ,6435,3191,3244,988,20.03,321.23
3502,Komomange,komomange,1359,Bukira Central,348,84,NYZ,3797,1843,1954,598,12.77,297.4
3503,Igena,igena,1360,Bukira East,348,84,NYZ,14435,6956,7479,2857,23.4,616.89
3504,Taranganya,taranganya,1360,Bukira East,348,84,NYZ,5041,2559,2482,760,10.79,467.4
3505,Ikerege,ikerege,1361,Bukira North,348,84,NYZ,7908,3850,4058,1294,24.02,329.23
3506,Kurutiyange,kurutiyange,1361,Bukira North,348,84,NYZ,4656,2253,2403,796,21.6,215.58
3507,Masangora,masangora,1362,Bukira South,348,84,NYZ,4202,2046,2156,700,14.23,295.24
3508,Nyamo Tambe,nyamo-tambe,1362,Bukira South,348,84,NYZ,4231,2077,2154,664,8.96,472.28
3509,Nyabikaye,nyabikaye,1363,Bukira West,348,84,NYZ,11062,5635,5427,1271,15.19,728.08
3510,Nyamaharaga,nyamaharaga,1363,Bukira West,348,84,NYZ,23556,11968,11588,3929,5.33,4422.08
3511,Nyame Taburo,nyame-taburo,1363,Bukira West,348,84,NYZ,5325,2683,2642,630,8.78,606.72
3512,Nyangiti,nyangiti,1363,Bukira West,348,84,NYZ,4595,2268,2327,655,6.58,698.2
3513,Ihore,ihore,1364,Gokehara,348,84,NYZ,7179,3479,3700,1099,16.11,445.55
3514,Nyamaranya,nyamaranya,1364,Gokehara,348,84,NYZ,4700,2281,2419,692,13.18,356.61
3515,Isibania,isibania,1365,Bugumbe South,349,84,NYZ,7197,3704,3493,1037,9.81,733.68
3516,Komasoko,komasoko,1365,Bugumbe South,349,84,NYZ,5856,2988,2868,838,13.6,430.62
3517,Moheto,moheto,1366,Bugumbe West,349,84,NYZ,5313,2581,2732,976,22.25,238.83
3518,Ngochoni,ngochoni,1366,Bugumbe West,349,84,NYZ,8176,3918,4258,1528,26.83,304.69
3519,Mabera,mabera,1367,Tagare,349,84,NYZ,6809,3185,3624,1279,11.65,584.46
3520,Ngisiru,ngisiru,1367,Tagare,349,84,NYZ,4472,2108,2364,785,12.94,345.62
3521,Getonganya,getonganya,1368,Bugumbe Central,350,84,NYZ,4163,2050,2113,716,13.53,307.78
3522,Nyanchabo,nyanchabo,1368,Bugumbe Central,350,84,NYZ,2749,1304,1445,480,11.96,229.78
3523,Nyangoge,nyangoge,1369,Bugumbe East,350,84,NYZ,3187,1513,1674,469,10.45,304.98
3524,Nyankore,nyankore,1369,Bugumbe East,350,84,NYZ,8094,3908,4186,1215,19.02,425.59
3525,Masaba,masaba,1370,Bugumbe North,350,84,NYZ,4375,2130,2245,800,16.28,268.81
3526,Nyamagagana,nyamagagana,1370,Bugumbe North,350,84,NYZ,3813,1842,1971,688,15.27,249.64
3527,Kombe,kombe,1371,Kombe,350,84,NYZ,1749,807,942,317,5.05,346.18
3528,Sasegi,sasegi,1371,Kombe,350,84,NYZ,1178,563,615,226,5.06,232.68
3529,Kiogutwa,kiogutwa,1372,Central Kitutu,351,85,NYZ,8655,4094,4561,1911,12.22,708.53
3530,Morako,morako,1372,Central Kitutu,351,85,NYZ,6426,2994,3432,1470,8.04,798.8
3531,Mwabosire,mwabosire,1372,Central Kitutu,351,85,NYZ,6119,2959,3160,1360,9.26,660.46
3532,Nyakongo,nyakongo,1372,Central Kitutu,351,85,NYZ,9089,4323,4766,1936,11.39,797.69
3533,Irianyi,irianyi,1373,Kemera,351,85,NYZ,4110,1965,2145,950,4.57,899.68
3534,Kiabiraa,kiabiraa,1373,Kemera,351,85,NYZ,9081,4405,4676,1984,6.38,1422.8
3535,Kiangoso,kiangoso,1373,Kemera,351,85,NYZ,5068,2374,2694,1114,7.12,711.91
3536,Moitunya,moitunya,1373,Kemera,351,85,NYZ,6473,2995,3478,1389,7.64,847.07
3537,Nyachichi,nyachichi,1373,Kemera,351,85,NYZ,4810,2316,2494,1045,5.99,802.75
3538,Nyangena,nyangena,1373,Kemera,351,85,NYZ,5765,2753,3012,1279,7.26,794.49
3539,Bogwendo,bogwendo,1374,North Kitutu,351,85,NYZ,5196,2436,2760,1161,8.69,597.77
3540,Gekano,gekano,1374,North Kitutu,351,85,NYZ,3419,1607,1812,712,3.88,881.96
3541,Nyaguku,nyaguku,1374,North Kitutu,351,85,NYZ,4973,2326,2647,1050,6.73,739.16
3542,Nyambaria,nyambaria,1374,North Kitutu,351,85,NYZ,5248,2552,2696,1213,7.4,709.1
3543,Sirate,sirate,1374,North Kitutu,351,85,NYZ,3427,1579,1848,721,4.74,722.46
3544,Masaba,masaba,1375,Mogonga,352,86,NYZ,2536,1202,1334,581,5.66,448.41
3545,Mogweko,mogweko,1375,Mogonga,352,86,NYZ,6746,3311,3435,1334,4.77,1413.49
3546,Amabuko,amabuko,1376,N/Irianyi,352,86,NYZ,4762,2285,2477,1045,3.91,1219.31
3547,Bogeche,bogeche,1376,N/Irianyi,352,86,NYZ,8173,3791,4382,1744,11.64,702.02
3548,Emeroka,emeroka,1376,N/Irianyi,352,86,NYZ,2004,943,1061,421,3.14,637.24
3549,Gesabakwa,gesabakwa,1377,Nyamagesa,352,86,NYZ,5125,2419,2706,1110,5.7,899.15
3550,Giensembe,giensembe,1377,Nyamagesa,352,86,NYZ,3697,1758,1939,792,5.11,723.2
3551,Ichuni,ichuni,1377,Nyamagesa,352,86,NYZ,5967,2720,3247,1364,4.78,1247.1
3552,Kegogi,kegogi,1377,Nyamagesa,352,86,NYZ,2726,1284,1442,603,2.64,1032.3
3553,Nyankononi,nyankononi,1377,Nyamagesa,352,86,NYZ,6248,2981,3267,1244,11.33,551.36
3554,Chironge,chironge,1378,Nyaribari C,352,86,NYZ,2542,1184,1358,562,3.6,706.68
3555,Getare,getare,1378,Nyaribari C,352,86,NYZ,2812,1344,1468,688,2.91,966.16
3556,Ibacho,ibacho,1378,Nyaribari C,352,86,NYZ,2811,1273,1538,683,3.27,860.03
3557,Mobamba,mobamba,1378,Nyaribari C,352,86,NYZ,3177,1502,1675,696,3.4,934.85
3558,Chibwobi,chibwobi,1379,Gesusu,353,86,NYZ,767,360,407,168,1.8,425.76
3559,Getacho,getacho,1379,Gesusu,353,86,NYZ,2163,1088,1075,485,2.94,735.26
3560,Geteri,geteri,1379,Gesusu,353,86,NYZ,4381,2050,2331,915,4.9,893.39
3561,Ikenye,ikenye,1379,Gesusu,353,86,NYZ,4715,2264,2451,1032,5.5,857.37
3562,Nyamesocho,nyamesocho,1379,Gesusu,353,86,NYZ,3179,1477,1702,641,4.86,654.32
3563,Bongonta,bongonta,1380,Ikorongo,353,86,NYZ,4341,2103,2238,867,5.14,844.82
3564,Gekonge,gekonge,1380,Ikorongo,353,86,NYZ,2917,1348,1569,598,4.87,598.8
3565,Nyasike,nyasike,1380,Ikorongo,353,86,NYZ,1623,781,842,333,2.67,606.77
3566,Sosera,sosera,1380,Ikorongo,353,86,NYZ,4483,2138,2345,960,6.76,663.13
3567,Ekware,ekware,1381,North Masaba,353,86,NYZ,5101,2403,2698,1086,7.13,715.16
3568,Engorwa,engorwa,1381,North Masaba,353,86,NYZ,3200,1462,1738,648,4.59,696.96
3569,Ibanchore,ibanchore,1381,North Masaba,353,86,NYZ,4038,1938,2100,876,3.91,1032.92
3570,Kerema,kerema,1381,North Masaba,353,86,NYZ,2149,977,1172,424,3.69,581.68
3571,Nyamasibi,nyamasibi,1381,North Masaba,353,86,NYZ,5978,2787,3191,1347,8.75,683
3572,Riuri,riuri,1381,North Masaba,353,86,NYZ,3678,1736,1942,787,4.91,748.72
3573,Metembe,metembe,1382,Ramasha,353,86,NYZ,3462,1656,1806,740,5.91,585.44
3574,Riamichoki,riamichoki,1382,Ramasha,353,86,NYZ,1860,886,974,387,3.75,496
3575,Suguta,suguta,1382,Ramasha,353,86,NYZ,4709,2202,2507,971,7.96,591.43
3576,Biticha,biticha,1383,East Kitutu,354,86,NYZ,7717,3624,4093,1677,11.3,682.79
3577,Bocharia,bocharia,1383,East Kitutu,354,86,NYZ,16267,7825,8442,3881,10.8,1506.25
3578,Embaro,embaro,1383,East Kitutu,354,86,NYZ,11047,5277,5770,2395,15.62,707.05
3579,Nyankoba,nyankoba,1383,East Kitutu,354,86,NYZ,8269,3910,4359,1832,9.58,862.99
3580,Girango,girango,1384,Gachuba,354,86,NYZ,11439,5411,6028,2476,13.09,873.99
3581,Miriri,miriri,1384,Gachuba,354,86,NYZ,9238,4286,4952,2001,12.61,732.69
3582,Rigena,rigena,1384,Gachuba,354,86,NYZ,11628,5349,6279,2581,13.73,847.2
3583,Nyatieno,nyatieno,1385,Gesima,354,86,NYZ,7193,3399,3794,1625,10.6,678.46
3584,Riamoni,riamoni,1385,Gesima,354,86,NYZ,14250,6721,7529,3140,18.87,755
3585,Karantini,karantini,1386,Mochenwa,354,86,NYZ,2354,1126,1228,500,4.81,489.5
3586,Nyabiosi,nyabiosi,1386,Mochenwa,354,86,NYZ,9165,4303,4862,1941,15.86,577.73
3587,Nyamakoroto,nyamakoroto,1386,Mochenwa,354,86,NYZ,2710,1252,1458,605,4.62,586.63
3588,Otati,otati,1387,Central Karungu,355,87,NYZ,2688,1294,1394,554,15.24,176.41
3589,Raga,raga,1387,Central Karungu,355,87,NYZ,4433,2113,2320,1019,13.19,336.12
3590,Alendo,alendo,1388,East Karungu,355,87,NYZ,2285,1100,1185,501,16.15,141.49
3591,Misiwi,misiwi,1388,East Karungu,355,87,NYZ,2718,1263,1455,585,13.05,208.25
3592,Ngira,ngira,1389,S.E. Karungu,355,87,NYZ,3853,1844,2009,810,21.53,178.92
3593,Okayo,okayo,1389,S.E. Karungu,355,87,NYZ,2787,1313,1474,617,17.25,161.54
3594,Gunga,gunga,1390,West Karungu,355,87,NYZ,7225,3494,3731,1511,27.54,262.31
3595,Sori,sori,1390,West Karungu,355,87,NYZ,10117,5051,5066,2271,15.21,664.98
3596,Nyabomo,nyabomo,1391,Central Muhuru,356,87,NYZ,4493,2155,2338,945,4.52,992.95
3597,Sumba,sumba,1391,Central Muhuru,356,87,NYZ,6070,2945,3125,1353,5.18,1171.61
3598,Tagache,tagache,1392,East Muhuru,356,87,NYZ,3198,1587,1611,669,8.72,366.75
3599,Winjo,winjo,1392,East Muhuru,356,87,NYZ,1452,673,779,300,6.39,227.16
3600,Ibencho,ibencho,1393,South East Muhuru,356,87,NYZ,1147,523,624,253,6.99,164.05
3601,Nyakondo,nyakondo,1393,South East Muhuru,356,87,NYZ,1710,806,904,368,6.95,246.19
3602,Kithi,kithi,1394,West Muhuru,356,87,NYZ,2696,1330,1366,538,4.24,635.43
3603,Nyancha,nyancha,1394,West Muhuru,356,87,NYZ,2252,1108,1144,405,1.81,1244.06
3604,East Kanyuor,east-kanyuor,1395,Central Kadem,357,87,NYZ,3446,1692,1754,720,28.41,121.29
3605,Kakelo Kakoth,kakelo-kakoth,1395,Central Kadem,357,87,NYZ,4414,2056,2358,927,19.52,226.09
3606,Karapolo,karapolo,1395,Central Kadem,357,87,NYZ,5443,2609,2834,1178,38.47,141.5
3607,West Kanyuor,west-kanyuor,1395,Central Kadem,357,87,NYZ,2237,1054,1183,442,14.38,155.62
3608,Bande,bande,1396,East Kadem,357,87,NYZ,3949,1892,2057,818,27.93,141.41
3609,Nyandago,nyandago,1396,East Kadem,357,87,NYZ,3751,1824,1927,737,20.29,184.82
3610,Kiasa,kiasa,1397,Kaler,357,87,NYZ,5359,2474,2885,1100,32.34,165.71
3611,Olasi,olasi,1397,Kaler,357,87,NYZ,4416,2128,2288,870,26.31,167.84
3612,Kiwiro,kiwiro,1398,North East Kadem,357,87,NYZ,2993,1388,1605,657,24.98,119.8
3613,Okenge,okenge,1398,North East Kadem,357,87,NYZ,3706,1700,2006,797,27.29,135.81
3614,Bala,bala,1399,North Kadem,357,87,NYZ,3735,1849,1886,738,18.77,198.99
3615,Magungu,magungu,1399,North Kadem,357,87,NYZ,4723,2223,2500,1041,32.88,143.65
3616,Mikei,mikei,1400,South East Kadem,357,87,NYZ,5399,2549,2850,1128,23.13,233.46
3617,Nyatike,nyatike,1400,South East Kadem,357,87,NYZ,3205,1573,1632,680,27.38,117.06
3618,Owich,owich,1400,South East Kadem,357,87,NYZ,3332,1566,1766,716,21.98,151.62
3619,C. Kanyaruanda,c-kanyaruanda,1401,South Kadem,357,87,NYZ,2495,1183,1312,512,19.11,130.57
3620,E.Kanyaruanda,e-kanyaruanda,1401,South Kadem,357,87,NYZ,3929,1857,2072,806,19.6,200.49
3621,W.Kanyaruanda,w-kanyaruanda,1401,South Kadem,357,87,NYZ,4331,2072,2259,848,25.23,171.66
3622,Amoyo,amoyo,1402,West Kadem,357,87,NYZ,4056,1855,2201,871,16.53,245.44
3623,Aneko,aneko,1402,West Kadem,357,87,NYZ,3294,1577,1717,625,7.75,424.81
3624,Winam,winam,1402,West Kadem,357,87,NYZ,7288,3489,3799,1513,21.43,340.03
3625,Ngege,ngege,1403,Central Suna,358,87,NYZ,7123,3507,3616,1452,17.53,406.38
3626,Wasweta I,wasweta-i,1403,Central Suna,358,87,NYZ,20522,10050,10472,4884,10.13,2025.9
3627,North Osingo,north-osingo,1404,East Suna,358,87,NYZ,3961,1903,2058,801,10.44,379.34
3628,South Osingo,south-osingo,1404,East Suna,358,87,NYZ,4387,2057,2330,917,10.17,431.38
3629,Manyatta,manyatta,1405,God Jope,358,87,NYZ,5929,2815,3114,1180,12.62,469.86
3630,Wasio,wasio,1405,God Jope,358,87,NYZ,4290,2097,2193,823,9.28,462.15
3631,Kakrao,kakrao,1406,North Suna,358,87,NYZ,13816,6640,7176,2710,29.41,469.74
3632,Otacho,otacho,1406,North Suna,358,87,NYZ,9382,4551,4831,1785,36.09,259.94
3633,Kwa,kwa,1407,Suna Rabuor,358,87,NYZ,6850,3313,3537,1382,15.5,441.92
3634,Onguo,onguo,1407,Suna Rabuor,358,87,NYZ,3348,1590,1758,646,9.07,369.01
3635,Marindi,marindi,1408,Suna Ragana,358,87,NYZ,13441,6486,6955,2898,20.3,662.12
3636,Oruba,oruba,1408,Suna Ragana,358,87,NYZ,19406,9191,10215,4473,9.98,1944.06
3637,Ogwedhi,ogwedhi,1409,Upper Suna,358,87,NYZ,3258,1600,1658,721,4.73,688.26
3638,Sagegi,sagegi,1409,Upper Suna,358,87,NYZ,3811,1885,1926,748,12.97,293.9
3639,Mukuro,mukuro,1410,Lower Suna,359,87,NYZ,6005,2860,3145,1183,27.16,221.07
3640,Nyasoko,nyasoko,1410,Lower Suna,359,87,NYZ,8345,4047,4298,1672,26.66,313.06
3641,Sagero,sagero,1411,South Suna,359,87,NYZ,6021,2894,3127,1208,15.49,388.61
3642,Wasweta Ii,wasweta-ii,1411,South Suna,359,87,NYZ,11931,5670,6261,2498,39.27,303.85
3643,Kirengo,kirengo,1412,Suna Nyabisawa,359,87,NYZ,5085,2435,2650,1009,19.78,257.06
3644,Nyamanga,nyamanga,1412,Suna Nyabisawa,359,87,NYZ,5359,2442,2917,1000,9.52,562.99
3645,God Kwer,god-kwer,1413,Suna Raha,359,87,NYZ,5120,2406,2714,1132,23.86,214.62
3646,Wiga,wiga,1413,Suna Raha,359,87,NYZ,4626,2216,2410,1055,25.94,178.34
3647,Mubachi,mubachi,1414,Suna Wasimbete,359,87,NYZ,5723,2784,2939,1116,27.73,206.36
3648,Nyamaranga,nyamaranga,1414,Suna Wasimbete,359,87,NYZ,4479,2138,2341,879,24.52,182.7
3649,Giribe,giribe,1415,West Suna,359,87,NYZ,4316,1999,2317,917,18.48,233.54
3650,Kopanga,kopanga,1415,West Suna,359,87,NYZ,4714,2298,2416,1004,23.34,201.96
3651,Boisanga Ii,boisanga-ii,1416,Itibo,360,88,NYZ,9580,4665,4915,1930,9.66,992.03
3652,Bokurati 2,bokurati-2,1416,Itibo,360,88,NYZ,6020,2800,3220,1321,7.17,840
3653,Bonyakoni,bonyakoni,1416,Itibo,360,88,NYZ,11998,5826,6172,2548,16.07,746.47
3654,Mokomoni,mokomoni,1417,Kiabonyoru,360,88,NYZ,14380,6869,7511,3089,19.51,736.96
3655,Nyangoge,nyangoge,1417,Kiabonyoru,360,88,NYZ,11185,5389,5796,2427,11.22,996.9
3656,Nyaramba,nyaramba,1417,Kiabonyoru,360,88,NYZ,6231,3024,3207,1460,4.51,1380.19
3657,Omonon0,omonon0,1417,Kiabonyoru,360,88,NYZ,11868,5720,6148,2434,14.13,840
3658,Boisanga 1,boisanga-1,1418,Obwari,360,88,NYZ,10228,4932,5296,2221,17.72,577.07
3659,Bokurati 1,bokurati-1,1418,Obwari,360,88,NYZ,8241,3949,4292,1786,11.76,700.75
3660,Ikonge,ikonge,1418,Obwari,360,88,NYZ,8190,3980,4210,1964,7.05,1162.08
3661,Charachani,charachani,1419,Keera,361,88,NYZ,8555,4039,4516,1908,9.62,889.07
3662,Nyameru,nyameru,1419,Keera,361,88,NYZ,4586,2209,2377,952,4.96,923.96
3663,Timi,timi,1419,Keera,361,88,NYZ,8182,3861,4321,1798,10.57,773.96
3664,Bokiambori,bokiambori,1420,W.Mugirango,361,88,NYZ,7168,3370,3798,1528,10.42,687.69
3665,Bomabacho,bomabacho,1420,W.Mugirango,361,88,NYZ,7631,3601,4030,1667,9.96,766.48
3666,Bomanyanya,bomanyanya,1420,W.Mugirango,361,88,NYZ,6014,2879,3135,1370,7.56,795.1
3667,Bonyaiguba,bonyaiguba,1420,W.Mugirango,361,88,NYZ,6864,3140,3724,1417,6.39,1074.25
3668,Miruka,miruka,1420,W.Mugirango,361,88,NYZ,4999,2363,2636,1088,6.53,766
3669,Bundo,bundo,1421,Bogichora,362,88,NYZ,5348,2616,2732,1185,6.61,808.88
3670,Ibucha,ibucha,1421,Bogichora,362,88,NYZ,5102,2152,2950,991,5.07,1006.67
3671,Mongorisi,mongorisi,1421,Bogichora,362,88,NYZ,10053,4840,5213,2025,11.36,884.91
3672,Siamani,siamani,1422,Bonyamatuta Chache,362,88,NYZ,5899,2840,3059,1244,8.21,718.64
3673,Township,township,1422,Bonyamatuta Chache,362,88,NYZ,19577,9532,10045,4591,12.89,1519.17
3674,Kebirigo,kebirigo,1423,Bonyamatuta Masaba,362,88,NYZ,13541,6640,6901,2907,13.33,1015.81
3675,Nyambisiba,nyambisiba,1423,Bonyamatuta Masaba,362,88,NYZ,6396,3098,3298,1303,8.59,744.73
3676,Bigege,bigege,1424,Bosamaro Chache,362,88,NYZ,10928,5036,5892,2397,12.51,873.53
3677,Ikobe,ikobe,1424,Bosamaro Chache,362,88,NYZ,8433,3984,4449,1893,12.19,691.87
3678,Enchoro,enchoro,1425,Bosamaro Masaba,362,88,NYZ,12977,6312,6665,2557,13.95,930.44
3679,Kegogi,kegogi,1425,Bosamaro Masaba,362,88,NYZ,7420,3510,3910,1444,8.26,898.46
3680,Egetonto,egetonto,1426,Bokeira,363,88,NYZ,3480,1628,1852,757,7.92,439.33
3681,Matongo,matongo,1426,Bokeira,363,88,NYZ,12852,6191,6661,2714,18.18,706.82
3682,Nyakenimo,nyakenimo,1426,Bokeira,363,88,NYZ,11157,5337,5820,2364,13.06,854.26
3683,Mageri,mageri,1427,Bomwagamo,363,88,NYZ,8564,4050,4514,1849,11.41,750.83
3684,Nyagwekoa,nyagwekoa,1427,Bomwagamo,363,88,NYZ,4969,2353,2616,1046,8.3,598.37
3685,Nyambiri,nyambiri,1427,Bomwagamo,363,88,NYZ,3719,1744,1975,782,5.92,628.29
3686,Bonyengwe 1,bonyengwe-1,1428,Borangi,363,88,NYZ,7603,3678,3925,1636,11.14,682.45
3687,Bonyengwe 2,bonyengwe-2,1428,Borangi,363,88,NYZ,4993,2467,2526,983,6.43,776.52
3688,Magwagwa,magwagwa,1428,Borangi,363,88,NYZ,10759,5184,5575,2363,18.11,594.09
3689,Lisana,lisana,1429,Asao,364,89,NYZ,353,180,173,78,4.56,77.43
3690,Rarieda,rarieda,1429,Asao,364,89,NYZ,1856,841,1015,424,5.89,315.14
3691,Jimo West,jimo-west,1430,Central Nyakach,364,89,NYZ,7023,3326,3697,1543,8.51,825.44
3692,Olwalo,olwalo,1430,Central Nyakach,364,89,NYZ,1196,548,648,275,2.27,526.66
3693,Jimo East,jimo-east,1431,E. Nyakach,364,89,NYZ,4075,1883,2192,917,12.41,328.28
3694,Kandaria,kandaria,1431,E. Nyakach,364,89,NYZ,1678,846,832,354,3.49,481.08
3695,Gem Nam,gem-nam,1432,N. Nyakach,364,89,NYZ,2001,978,1023,429,6.48,308.6
3696,Gem Rae,gem-rae,1432,N. Nyakach,364,89,NYZ,4204,1999,2205,910,17.38,241.92
3697,Agoro East,agoro-east,1433,N.E. Nyakach,364,89,NYZ,3066,1442,1624,724,9.33,328.57
3698,Agoro West,agoro-west,1433,N.E. Nyakach,364,89,NYZ,7892,3717,4175,1852,13.27,594.65
3699,Awach,awach,1433,N.E. Nyakach,364,89,NYZ,3610,1680,1930,774,7.76,465.08
3700,N. Kabodho,n-kabodho,1434,Nyalunya,364,89,NYZ,2807,1297,1510,620,17.21,163.12
3701,W. Kabodho,w-kabodho,1434,Nyalunya,364,89,NYZ,5039,2385,2654,1072,22.43,224.67
3702,Kabodho East,kabodho-east,1435,Pap-Onditi,364,89,NYZ,6009,2916,3093,1374,16.67,360.55
3703,Moro,moro,1435,Pap-Onditi,364,89,NYZ,3208,1453,1755,734,8.87,361.54
3704,Jimo Middle,jimo-middle,1436,Rangul,364,89,NYZ,3632,1765,1867,776,27.83,130.5
3705,Kasaye,kasaye,1436,Rangul,364,89,NYZ,1140,555,585,225,1.92,593.56
3706,Central Kabar,central-kabar,1437,N.E. Kano,365,89,NYZ,2814,1340,1474,654,6.03,466.56
3707,East Kabar,east-kabar,1437,N.E. Kano,365,89,NYZ,5348,2553,2795,1218,16.92,316.14
3708,Kamswa North,kamswa-north,1437,N.E. Kano,365,89,NYZ,2137,1037,1100,477,6.44,331.91
3709,Sidho I,sidho-i,1437,N.E. Kano,365,89,NYZ,2807,1358,1449,620,9.04,310.64
3710,Wangaya Ii,wangaya-ii,1437,N.E. Kano,365,89,NYZ,5349,2578,2771,1202,14.73,363.26
3711,West Kabar,west-kabar,1437,N.E. Kano,365,89,NYZ,3101,1496,1605,720,4.76,650.99
3712,Kamswa South,kamswa-south,1438,Nyangoma,365,89,NYZ,5796,2804,2992,1252,25.74,225.21
3713,Sidho East Ii,sidho-east-ii,1438,Nyangoma,365,89,NYZ,6840,3403,3437,1564,18.19,375.99
3714,Wangaya I,wangaya-i,1438,Nyangoma,365,89,NYZ,9567,4560,5007,1990,31.95,299.42
3715,Ahero Irrig. Scheme,ahero-irrig-scheme,1439,Ombeyi,365,89,NYZ,4424,2132,2292,945,14.77,299.46
3716,Kango,kango,1439,Ombeyi,365,89,NYZ,4583,2259,2324,1014,17.87,256.44
3717,Kore,kore,1439,Ombeyi,365,89,NYZ,6551,3144,3407,1446,13.54,483.76
3718,Obumba,obumba,1439,Ombeyi,365,89,NYZ,4691,2301,2390,1036,26.99,173.8
3719,Ramula,ramula,1439,Ombeyi,365,89,NYZ,6058,2916,3142,1291,19.3,313.95
3720,Chemelil,chemelil,1440,Chemelil,366,89,NYZ,6398,3528,2870,1765,11.62,550.51
3721,Kibigori,kibigori,1440,Chemelil,366,89,NYZ,5340,2652,2688,1163,16.4,325.55
3722,Nyangore,nyangore,1440,Chemelil,366,89,NYZ,1740,933,807,453,54.19,32.11
3723,W. Songhor,w-songhor,1440,Chemelil,366,89,NYZ,4173,2042,2131,994,26.22,159.17
3724,Fort Ternan,fort-ternan,1441,Fort Ternan,366,89,NYZ,2127,1142,985,400,19.94,106.68
3725,Ochoria,ochoria,1441,Fort Ternan,366,89,NYZ,2940,1551,1389,574,28,105.01
3726,Orego,orego,1442,God Nyithindo,366,89,NYZ,4738,2643,2095,1372,16.19,292.7
3727,Tonde,tonde,1442,God Nyithindo,366,89,NYZ,2700,1394,1306,594,14.27,189.21
3728,Homaline,homaline,1443,Koru,366,89,NYZ,3488,1815,1673,792,23.75,146.86
3729,Koru,koru,1443,Koru,366,89,NYZ,5467,2704,2763,1274,11.46,477.19
3730,Nyando,nyando,1443,Koru,366,89,NYZ,2495,1277,1218,480,14.6,170.86
3731,Muhoroni East,muhoroni-east,1444,Muhoroni,366,89,NYZ,7556,3880,3676,2242,3.2,2360.59
3732,Owaga,owaga,1444,Muhoroni,366,89,NYZ,2946,1486,1460,651,19.08,154.36
3733,E. Songhor,e-songhor,1445,Tamu,366,89,NYZ,4830,2481,2349,1029,20.63,234.09
3734,God Abuoro,god-abuoro,1445,Tamu,366,89,NYZ,3897,1954,1943,836,24.26,160.61
3735,Lower Tamu,lower-tamu,1445,Tamu,366,89,NYZ,4466,2200,2266,970,19.48,229.22
3736,Upper Tamu,upper-tamu,1445,Tamu,366,89,NYZ,2234,1151,1083,548,13.11,170.43
3737,Ayucha,ayucha,1446,Awasi,367,89,NYZ,4878,2342,2536,1147,8.32,586.14
3738,Border I,border-i,1446,Awasi,367,89,NYZ,5246,2467,2779,1162,24.54,213.75
3739,Border Ii,border-ii,1446,Awasi,367,89,NYZ,6986,3431,3555,1524,18.54,376.87
3740,Wanganga,wanganga,1446,Awasi,367,89,NYZ,2698,1281,1417,591,19.99,134.95
3741,Kakola -Ombaka,kakola-ombaka,1447,Kakola,367,89,NYZ,3370,1644,1726,710,4.79,703.8
3742,Kakola-Ahero,kakola-ahero,1447,Kakola,367,89,NYZ,9766,4513,5253,2283,10.73,910.08
3743,Tura,tura,1447,Kakola,367,89,NYZ,8543,4198,4345,1885,6.56,1302.98
3744,Achego,achego,1448,Kikolo (East Kano),367,89,NYZ,2630,1223,1407,615,10.53,249.71
3745,Katolo,katolo,1448,Kikolo (East Kano),367,89,NYZ,5212,2461,2751,1139,39.26,132.77
3746,Kochogo Central,kochogo-central,1449,Kochogo,367,89,NYZ,1534,768,766,297,1.5,1020.22
3747,Kochogo North,kochogo-north,1449,Kochogo,367,89,NYZ,4365,2095,2270,872,7.01,622.34
3748,Kochogo South,kochogo-south,1449,Kochogo,367,89,NYZ,3862,1879,1983,802,9.16,421.58
3749,Kakmie,kakmie,1450,Onjiko,367,89,NYZ,6263,2974,3289,1327,23.1,271.1
3750,Kobongo,kobongo,1450,Onjiko,367,89,NYZ,4866,2372,2494,1055,12.07,403.1
3751,Ayweyo,ayweyo,1451,Wawidhi,367,89,NYZ,5236,2512,2724,1129,33.08,158.29
3752,Magina,magina,1451,Wawidhi,367,89,NYZ,2738,1326,1412,564,9.75,280.96
3753,Nyakongo,nyakongo,1451,Wawidhi,367,89,NYZ,1518,725,793,343,9.25,164.13
3754,Gari,gari,1452,Oboch,368,89,NYZ,2860,1328,1532,606,5.88,486.11
3755,Kajimbo,kajimbo,1452,Oboch,368,89,NYZ,7717,3635,4082,1675,18.79,410.77
3756,East Koguta,east-koguta,1453,Sigoti,368,89,NYZ,7360,3547,3813,1534,13.11,561.49
3757,Ramogi,ramogi,1453,Sigoti,368,89,NYZ,3330,1576,1754,716,9.44,352.69
3758,East Kadianga,east-kadianga,1454,South Nyakach,368,89,NYZ,19837,9696,10141,4087,28.45,697.26
3759,West Kadianga,west-kadianga,1454,South Nyakach,368,89,NYZ,6745,3132,3613,1544,26.2,257.47
3760,Andingo Opanga,andingo-opanga,1455,Thurdibuoro,368,89,NYZ,4074,1950,2124,880,20.88,195.14
3761,Upper Kadianga,upper-kadianga,1455,Thurdibuoro,368,89,NYZ,4390,2034,2356,1058,10.5,418.11
3762,West Koguta,west-koguta,1455,Thurdibuoro,368,89,NYZ,10869,5232,5637,2486,22.96,473.36
3763,Lower Kadianga,lower-kadianga,1456,West Nyakach,368,89,NYZ,3470,1683,1787,741,6.42,540.81
3764,Nyokongo,nyokongo,1456,West Nyakach,368,89,NYZ,3600,1721,1879,806,8.27,435.06
3765,Kogembo,kogembo,1457,C. Karachounyo,369,90,NYZ,3159,1484,1675,648,5.68,556.16
3766,Kogweno Kawour,kogweno-kawour,1457,C. Karachounyo,369,90,NYZ,4017,1939,2078,867,11.42,351.7
3767,Kamser A,kamser-a,1458,Kamser Nyakongo,369,90,NYZ,3236,1602,1634,716,7.79,415.48
3768,Kamser B,kamser-b,1458,Kamser Nyakongo,369,90,NYZ,1593,779,814,345,6.94,229.61
3769,Kodondi,kodondi,1458,Kamser Nyakongo,369,90,NYZ,1404,641,763,290,5.52,254.57
3770,Kowuor East,kowuor-east,1459,Kanyaluo East,369,90,NYZ,2685,1305,1380,550,7.21,372.26
3771,Kowuor West,kowuor-west,1459,Kanyaluo East,369,90,NYZ,982,477,505,222,3.61,271.71
3772,Kamenya Central,kamenya-central,1460,Kanyaluo South,369,90,NYZ,2629,1251,1378,598,9.31,282.48
3773,Kamenya North,kamenya-north,1460,Kanyaluo South,369,90,NYZ,3472,1634,1838,772,12.03,288.67
3774,Kamenya South,kamenya-south,1460,Kanyaluo South,369,90,NYZ,2590,1299,1291,611,13.89,186.5
3775,Kobila,kobila,1461,Kanyaluo West,369,90,NYZ,3576,1732,1844,700,6.09,586.81
3776,Komwoyo,komwoyo,1461,Kanyaluo West,369,90,NYZ,2750,1280,1470,612,7.23,380.4
3777,Kobuya East,kobuya-east,1462,Kobuya,369,90,NYZ,4585,2166,2419,979,19.52,234.9
3778,Kobuya West,kobuya-west,1462,Kobuya,369,90,NYZ,2338,1039,1299,479,5.1,458.64
3779,Kogweno Oriang E,kogweno-oriang-e,1463,Kogweno Oriang,369,90,NYZ,3766,1776,1990,773,9.14,412.04
3780,Kogweno Oriang W,kogweno-oriang-w,1463,Kogweno Oriang,369,90,NYZ,3300,1574,1726,726,10,330.01
3781,Konyango,konyango,1464,N.E. Karachuonyo,369,90,NYZ,4083,1967,2116,991,6.38,640.08
3782,Konyango Majier,konyango-majier,1464,N.E. Karachuonyo,369,90,NYZ,3490,1704,1786,739,8.92,391.32
3783,Kotieno Gumba,kotieno-gumba,1464,N.E. Karachuonyo,369,90,NYZ,3578,1688,1890,791,11.42,313.19
3784,Kanyadhiang,kanyadhiang,1465,North Karachuoyo,369,90,NYZ,2784,1378,1406,634,7.59,366.91
3785,Lower Kakwajuok,lower-kakwajuok,1465,North Karachuoyo,369,90,NYZ,2967,1508,1459,658,2.36,1256.46
3786,Upper Kakwajuok,upper-kakwajuok,1465,North Karachuoyo,369,90,NYZ,3469,1656,1813,757,9.28,373.65
3787,Kagwa,kagwa,1466,Rambira,369,90,NYZ,2573,1257,1316,573,5.76,446.38
3788,Kamser Seka,kamser-seka,1466,Rambira,369,90,NYZ,4221,1978,2243,934,9.88,427.23
3789,Karabondi,karabondi,1466,Rambira,369,90,NYZ,5015,2387,2628,1095,15.65,320.38
3790,Kajiei,kajiei,1467,Wangchieng,369,90,NYZ,4182,1971,2211,905,14.77,283.05
3791,Kamwala,kamwala,1467,Wangchieng,369,90,NYZ,2895,1379,1516,651,3.72,777.95
3792,Kobala,kobala,1467,Wangchieng,369,90,NYZ,4006,1919,2087,870,15.38,260.54
3793,Rakwaro,rakwaro,1467,Wangchieng,369,90,NYZ,3521,1691,1830,820,5.63,625.31
3794,Kodumo East,kodumo-east,1468,Atela,370,90,NYZ,5961,2823,3138,1257,9.99,596.91
3795,Kasewe `B`,kasewe-b,1469,Kasewe,370,90,NYZ,6782,3272,3510,1440,13.89,488.25
3796,Kasewe A`,kasewe-a,1469,Kasewe,370,90,NYZ,6692,3297,3395,1381,14.93,448.37
3797,Kodhoch East,kodhoch-east,1470,Kawour,370,90,NYZ,3456,1681,1775,721,7.59,455.37
3798,Kowidi,kowidi,1470,Kawour,370,90,NYZ,4458,2120,2338,915,7.57,589.19
3799,Miriu,miriu,1470,Kawour,370,90,NYZ,6030,2911,3119,1250,16.56,364.02
3800,Lower Kodhoch,lower-kodhoch,1471,Kodhoch West,370,90,NYZ,2429,1148,1281,521,7.04,345.25
3801,Upper Kodhoch,upper-kodhoch,1471,Kodhoch West,370,90,NYZ,3030,1458,1572,632,9.65,314.12
3802,Kilusi,kilusi,1472,Ramba,370,90,NYZ,2093,1019,1074,396,5.22,401.28
3803,Kodumo West,kodumo-west,1472,Ramba,370,90,NYZ,3902,1825,2077,849,9.25,422.03
3804,West Kakangutu,west-kakangutu,1472,Ramba,370,90,NYZ,4704,2210,2494,957,15.91,295.75
3805,Kakumu,kakumu,1473,Ramula,370,90,NYZ,1499,696,803,287,4.09,366.69
3806,East Kakangutu,east-kakangutu,1474,Wangchieng,370,90,NYZ,5385,2570,2815,1135,12.93,416.59
3807,Rongo Pala,rongo-pala,1474,Wangchieng,370,90,NYZ,6672,3213,3459,1294,8.53,781.82
3808,Kachieng,kachieng,1475,East Kamagak,371,90,NYZ,10088,4862,5226,2065,22.56,447.15
3809,Sino Kagola,sino-kagola,1475,East Kamagak,371,90,NYZ,4500,2124,2376,959,17.81,252.71
3810,North Kachien,north-kachien,1476,Kachien,371,90,NYZ,5736,2721,3015,1233,16.95,338.32
3811,South Kachien,south-kachien,1476,Kachien,371,90,NYZ,3886,1877,2009,793,9.37,414.82
3812,Kakelo Dudi,kakelo-dudi,1477,Kakelo,371,90,NYZ,7624,3665,3959,1572,16.27,468.65
3813,Kakelo Kamroth,kakelo-kamroth,1477,Kakelo,371,90,NYZ,8826,4164,4662,1926,26.94,327.67
3814,Kamuma,kamuma,1478,Kamagak West,371,90,NYZ,12585,5857,6728,2827,13.61,924.65
3815,Obisa,obisa,1478,Kamagak West,371,90,NYZ,8430,3971,4459,1930,13.49,624.87
3816,Kadel Kamidigo,kadel-kamidigo,1479,Kodera,371,90,NYZ,5691,2668,3023,1230,25.65,221.84
3817,Kamiyawa,kamiyawa,1479,Kodera,371,90,NYZ,4458,2112,2346,1030,22.42,198.87
3818,Kodera Karabach,kodera-karabach,1479,Kodera,371,90,NYZ,5490,2601,2889,1116,13.92,394.32
3819,Kojwach Kamioro,kojwach-kamioro,1480,Kojwach,371,90,NYZ,6955,3388,3567,1429,15.07,461.42
3820,Kojwach Kamuga,kojwach-kamuga,1480,Kojwach,371,90,NYZ,6047,2909,3138,1246,11.75,514.7
3821,Kojwach Kawere,kojwach-kawere,1480,Kojwach,371,90,NYZ,4922,2346,2576,1041,8.49,579.41
3822,Kasimba,kasimba,1481,Kokech,371,90,NYZ,3885,1867,2018,808,5.26,738.23
3823,Kawino,kawino,1481,Kokech,371,90,NYZ,6367,3028,3339,1317,16.97,375.19
3824,Kokwanyo East,kokwanyo-east,1482,Kokwanyo,371,90,NYZ,5396,2450,2946,1153,14.53,371.47
3825,Kokwanyo West,kokwanyo-west,1482,Kokwanyo,371,90,NYZ,4686,2249,2437,993,13.53,346.29
3826,Kochich,kochich,1483,Konuonga,371,90,NYZ,4985,2297,2688,1082,10.03,497
3827,Kotieno Konuonga,kotieno-konuonga,1483,Konuonga,371,90,NYZ,5183,2482,2701,1066,12.44,416.64
3828,Kanyango,kanyango,1484,Kowidi,371,90,NYZ,6768,3142,3626,1411,10.81,626.3
3829,Kokal,kokal,1484,Kowidi,371,90,NYZ,8671,4165,4506,2014,6.07,1429.21
3830,Kawere East,kawere-east,1485,North Kamagak,371,90,NYZ,3835,1793,2042,836,14.96,256.29
3831,Kawere West,kawere-west,1485,North Kamagak,371,90,NYZ,5118,2358,2760,1123,11.73,436.48
3832,Nyalenda,nyalenda,1485,North Kamagak,371,90,NYZ,7441,3580,3861,1626,15.78,471.61
3833,Kayoo Central,kayoo-central,1486,Kakdhim West,372,90,NYZ,963,468,495,176,3.58,269
3834,Kayoo East,kayoo-east,1486,Kakdhim West,372,90,NYZ,1324,672,652,290,3.33,398.18
3835,Kayoo West,kayoo-west,1486,Kakdhim West,372,90,NYZ,3509,1728,1781,667,3.31,1059.42
3836,Kalwal,kalwal,1487,Kakdhimu East,372,90,NYZ,373,180,193,91,6.62,56.31
3837,Kamuga,kamuga,1487,Kakdhimu East,372,90,NYZ,2500,1281,1219,480,5.68,440
3838,Kowiti,kowiti,1487,Kakdhimu East,372,90,NYZ,2475,1257,1218,458,4.56,542.88
3839,Kakoth B,kakoth-b,1488,Kakoth Kataa,372,90,NYZ,4209,2058,2151,928,12.89,326.56
3840,Kodedo,kodedo,1488,Kakoth Kataa,372,90,NYZ,3138,1590,1548,583,6.2,505.8
3841,Kakoko,kakoko,1489,Kakoth Kateng,372,90,NYZ,2196,1047,1149,444,5.1,430.83
3842,Koyumbre,koyumbre,1489,Kakoth Kateng,372,90,NYZ,1448,694,754,305,4.75,304.77
3843,Kanyadenda,kanyadenda,1490,Kanam A,372,90,NYZ,971,478,493,194,4.67,207.99
3844,Koguta,koguta,1490,Kanam A,372,90,NYZ,2373,1129,1244,482,8.41,282.16
3845,Kowuor,kowuor,1490,Kanam A,372,90,NYZ,3328,1656,1672,603,10.01,332.46
3846,Kanyango,kanyango,1491,Kanam B,372,90,NYZ,3711,1786,1925,716,7.81,475.15
3847,Rabuor,rabuor,1491,Kanam B,372,90,NYZ,4542,2189,2353,936,20.98,216.53
3848,Kadiki,kadiki,1492,Kanjira,372,90,NYZ,2195,1032,1163,500,5.44,403.69
3849,Kamwania,kamwania,1492,Kanjira,372,90,NYZ,1562,707,855,334,4.51,346.4
3850,Kochola,kochola,1492,Kanjira,372,90,NYZ,2605,1234,1371,542,5.86,444.36
3851,Kokidi,kokidi,1492,Kanjira,372,90,NYZ,1723,838,885,382,3.58,481.31
3852,Kodero,kodero,1493,Kanyipir,372,90,NYZ,4710,2330,2380,999,9.66,487.77
3853,Kowili,kowili,1493,Kanyipir,372,90,NYZ,1416,685,731,289,3.71,382.08
3854,Kanyongo,kanyongo,1494,Kawadhgone Nyongo,372,90,NYZ,1500,722,778,299,5.89,254.87
3855,Kawadhgone,kawadhgone,1494,Kawadhgone Nyongo,372,90,NYZ,2583,1241,1342,524,6.91,373.67
3856,North Wagwe,north-wagwe,1495,Kobiero,372,90,NYZ,2011,999,1012,461,5.29,380.29
3857,South Wagwe,south-wagwe,1495,Kobiero,372,90,NYZ,2527,1213,1314,556,4.67,541.09
3858,Kamuga,kamuga,1496,Koyugi,372,90,NYZ,2444,1189,1255,542,6.94,352.15
3859,Katonde,katonde,1496,Koyugi,372,90,NYZ,1522,705,817,322,4.12,369.05
3860,Kojwang,kojwang,1496,Koyugi,372,90,NYZ,4334,2034,2300,914,7.49,578.78
3861,Ouko Ondege,ouko-ondege,1496,Koyugi,372,90,NYZ,987,445,542,211,2.03,485.66
3862,Kobong,kobong,1497,Central Uyoma,373,91,NYZ,4764,2271,2493,1070,12.92,368.81
3863,Masala,masala,1497,Central Uyoma,373,91,NYZ,5964,2845,3119,1376,19.29,309.23
3864,Rachar,rachar,1497,Central Uyoma,373,91,NYZ,3102,1524,1578,699,13.11,236.52
3865,East Katwenga,east-katwenga,1498,East Uyoma,373,91,NYZ,4103,2013,2090,907,16.84,243.59
3866,Ochienga,ochienga,1498,East Uyoma,373,91,NYZ,4362,2213,2149,921,16.44,265.27
3867,Ragengni,ragengni,1498,East Uyoma,373,91,NYZ,3303,1644,1659,752,8.21,402.17
3868,West Katwenga,west-katwenga,1498,East Uyoma,373,91,NYZ,3513,1692,1821,771,13.15,267.21
3869,Lieta,lieta,1499,South Uyoma,373,91,NYZ,5888,2768,3120,1315,22.67,259.75
3870,Naya,naya,1499,South Uyoma,373,91,NYZ,8009,3818,4191,1972,16.06,498.61
3871,Ndigwa,ndigwa,1499,South Uyoma,373,91,NYZ,5639,2751,2888,1284,19.09,295.32
3872,Kagwa,kagwa,1500,West Uyoma,373,91,NYZ,6653,3214,3439,1501,13.57,490.31
3873,Kokwiri,kokwiri,1500,West Uyoma,373,91,NYZ,6522,3120,3402,1472,20.06,325.07
3874,Nyabera,nyabera,1500,West Uyoma,373,91,NYZ,6778,3311,3467,1643,32.47,208.73
3875,Memba,memba,1501,Central Asembo,374,91,NYZ,8480,3840,4640,1848,19.85,427.19
3876,Ramba North,ramba-north,1501,Central Asembo,374,91,NYZ,9251,4445,4806,2282,19.52,473.95
3877,Ramba South,ramba-south,1501,Central Asembo,374,91,NYZ,4889,2262,2627,1103,13.03,375.19
3878,Omia Diere,omia-diere,1502,East Asembo,374,91,NYZ,6315,3022,3293,1544,13.55,466.07
3879,Omia Malo,omia-malo,1502,East Asembo,374,91,NYZ,7598,3578,4020,1792,19.7,385.67
3880,Omia Mwalo,omia-mwalo,1502,East Asembo,374,91,NYZ,4833,2329,2504,1149,12.69,380.73
3881,Akom,akom,1503,South Asembo,374,91,NYZ,3370,1600,1770,770,14.34,234.94
3882,Nyagoko,nyagoko,1503,South Asembo,374,91,NYZ,7296,3545,3751,1637,25.24,289.07
3883,Mahaya,mahaya,1504,West Asembo,374,91,NYZ,4139,1991,2148,940,12.01,344.76
3884,Siger,siger,1504,West Asembo,374,91,NYZ,9787,4677,5110,2285,29.52,331.55
3885,Kanyagwala,kanyagwala,1505,Central Sakwa,375,92,NYZ,8038,3846,4192,1620,18.08,444.53
3886,Kombok,kombok,1505,Central Sakwa,375,92,NYZ,19523,9671,9852,4843,26.76,729.42
3887,E. Kogelo,e-kogelo,1506,East Sakwa,375,92,NYZ,2795,1309,1486,552,10.31,271.01
3888,S. Kogelo,s-kogelo,1506,East Sakwa,375,92,NYZ,2558,1266,1292,528,9.96,256.77
3889,W. Kogelo,w-kogelo,1506,East Sakwa,375,92,NYZ,5372,2612,2760,1101,17.15,313.2
3890,Waware,waware,1506,East Sakwa,375,92,NYZ,14229,7079,7150,3439,22.64,628.49
3891,Kadera Kwuoyo,kadera-kwuoyo,1507,North Sakwa,375,92,NYZ,6592,3178,3414,1351,17.01,387.45
3892,Kadera Lwala,kadera-lwala,1507,North Sakwa,375,92,NYZ,8009,3813,4196,1715,12.05,664.88
3893,Kakmasia,kakmasia,1507,North Sakwa,375,92,NYZ,4732,2219,2513,1032,16.15,293.02
3894,Kanyasrega,kanyasrega,1507,North Sakwa,375,92,NYZ,3541,1722,1819,688,8.72,405.98
3895,Central Alego,central-alego,1508,South Sakwa,375,92,NYZ,2271,1148,1123,453,5.96,381.17
3896,East Alego,east-alego,1508,South Sakwa,375,92,NYZ,3060,1474,1586,587,8.87,344.84
3897,Waudha,waudha,1508,South Sakwa,375,92,NYZ,3246,1604,1642,692,20.84,155.79
3898,West Alego,west-alego,1508,South Sakwa,375,92,NYZ,2669,1301,1368,542,8.14,327.9
3899,Kamresi,kamresi,1509,West Sakwa,375,92,NYZ,6305,2976,3329,1292,17.49,360.43
3900,Kanyamgony,kanyamgony,1509,West Sakwa,375,92,NYZ,11487,5393,6094,2413,26.26,437.36
3901,Rabondo,rabondo,1509,West Sakwa,375,92,NYZ,4486,2134,2352,1012,10.55,425.41
3902,Kanyingombe,kanyingombe,1510,C.Kamagambo,376,92,NYZ,3753,1822,1931,759,4.58,819.38
3903,Karabuor,karabuor,1510,C.Kamagambo,376,92,NYZ,14041,6683,7358,3195,9.93,1414.67
3904,Kodera Bara,kodera-bara,1510,C.Kamagambo,376,92,NYZ,9962,4714,5248,2142,14.61,681.86
3905,Kambija,kambija,1511,E. Kamagambo,376,92,NYZ,2972,1427,1545,659,11.47,259.16
3906,Kanyadieto,kanyadieto,1511,E. Kamagambo,376,92,NYZ,5592,2670,2922,1227,10.2,548.3
3907,Koluoch,koluoch,1511,E. Kamagambo,376,92,NYZ,2181,1064,1117,468,8.5,256.73
3908,Kongoma,kongoma,1511,E. Kamagambo,376,92,NYZ,4077,1914,2163,772,9.28,439.16
3909,Kongudi,kongudi,1511,E. Kamagambo,376,92,NYZ,3518,1656,1862,714,9.2,382.2
3910,Kameji,kameji,1512,N. Kamagambo,376,92,NYZ,4255,2024,2231,841,8.57,496.77
3911,N. Kamwango,n-kamwango,1512,N. Kamagambo,376,92,NYZ,6066,2907,3159,1289,17.48,346.95
3912,S. Kamwango,s-kamwango,1512,N. Kamagambo,376,92,NYZ,6253,2922,3331,1236,11.89,526.11
3913,Kamreri,kamreri,1513,S.Kamagambo,376,92,NYZ,2891,1421,1470,609,7.39,391.04
3914,N.Kanyajuok,n-kanyajuok,1513,S.Kamagambo,376,92,NYZ,8776,4282,4494,1739,19.72,445.11
3915,S. Kanyajuok,s-kanyajuok,1513,S.Kamagambo,376,92,NYZ,4228,2035,2193,881,12.37,341.79
3916,Kangeso,kangeso,1514,W.Kamagambo,376,92,NYZ,3163,1547,1616,667,8.07,392
3917,Kanyamach,kanyamach,1514,W.Kamagambo,376,92,NYZ,5610,2729,2881,1116,16.82,333.57
3918,Kanyawanga,kanyawanga,1514,W.Kamagambo,376,92,NYZ,5674,2707,2967,1148,12.71,446.5
3919,Kanyimamba,kanyimamba,1514,W.Kamagambo,376,92,NYZ,7535,3718,3817,1447,15.72,479.46
3920,C. Kawere Rateng,c-kawere-rateng,1515,Central Kanyamkago,377,92,NYZ,3350,1598,1752,671,9.15,366.12
3921,E.Kawere Rateng,e-kawere-rateng,1515,Central Kanyamkago,377,92,NYZ,3157,1564,1593,646,8.56,368.95
3922,Kawere Ii B,kawere-ii-b,1515,Central Kanyamkago,377,92,NYZ,6495,3199,3296,1307,17.98,361.27
3923,Nyaobe,nyaobe,1515,Central Kanyamkago,377,92,NYZ,3145,1472,1673,670,11.91,264.16
3924,West Kawere Rateng,west-kawere-rateng,1515,Central Kanyamkago,377,92,NYZ,1667,813,854,369,9.77,170.56
3925,Arambe,arambe,1516,East Kanyamkago,377,92,NYZ,7734,3742,3992,1489,18.56,416.67
3926,Thim Jope,thim-jope,1516,East Kanyamkago,377,92,NYZ,5302,2596,2706,1015,17.1,310.14
3927,Kamgundho I,kamgundho-i,1517,Kamgundho,377,92,NYZ,6062,2905,3157,1267,17.98,337.06
3928,Kamgundho Ii,kamgundho-ii,1517,Kamgundho,377,92,NYZ,5121,2469,2652,990,9.76,524.57
3929,Katieno I,katieno-i,1518,North Kanyamkago,377,92,NYZ,7381,3708,3673,1470,19.97,369.55
3930,Katieno Ii,katieno-ii,1518,North Kanyamkago,377,92,NYZ,8980,4289,4691,1933,42.9,209.32
3931,Komenya Masogo,komenya-masogo,1518,North Kanyamkago,377,92,NYZ,2852,1342,1510,586,19.71,144.66
3932,Bware,bware,1519,South Kanyamkago,377,92,NYZ,8634,4302,4332,1684,24.65,350.24
3933,Got Uriri,got-uriri,1519,South Kanyamkago,377,92,NYZ,5836,3023,2813,1075,11.91,489.87
3934,Kamsaki,kamsaki,1519,South Kanyamkago,377,92,NYZ,6251,3077,3174,1216,15.21,411.11
3935,Lwala,lwala,1519,South Kanyamkago,377,92,NYZ,6998,3325,3673,1326,17.94,389.99
3936,Kajulu I,kajulu-i,1520,West Kanyamkago,377,92,NYZ,8491,4153,4338,1630,27.96,303.73
3937,Kajulu I B,kajulu-i-b,1520,West Kanyamkago,377,92,NYZ,7405,3559,3846,1503,24.35,304.05
3938,Kajulu Ii,kajulu-ii,1520,West Kanyamkago,377,92,NYZ,10890,5212,5678,2279,55.27,197.03
3939,Kakumu/Kombewa,kakumu-kombewa,1521,Central Alego,378,93,NYZ,3803,1781,2022,932,12.32,308.64
3940,Kochieng A,kochieng-a,1521,Central Alego,378,93,NYZ,3086,1395,1691,766,8.18,377.28
3941,Kochieng B,kochieng-b,1521,Central Alego,378,93,NYZ,2602,1210,1392,594,7.37,352.99
3942,Koyeyo,koyeyo,1521,Central Alego,378,93,NYZ,5472,2534,2938,1320,17.85,306.52
3943,Ojwando A,ojwando-a,1521,Central Alego,378,93,NYZ,4982,2325,2657,1276,29.06,171.44
3944,Ojwando B,ojwando-b,1521,Central Alego,378,93,NYZ,3523,1608,1915,886,12.29,286.59
3945,Hono,hono,1522,North Alego,378,93,NYZ,6984,3375,3609,1634,13.28,525.9
3946,Komolo,komolo,1522,North Alego,378,93,NYZ,6347,2926,3421,1513,17.69,358.71
3947,Nyalgunga,nyalgunga,1522,North Alego,378,93,NYZ,3992,1911,2081,932,12.04,331.64
3948,Nyamila,nyamila,1522,North Alego,378,93,NYZ,4387,2067,2320,1020,13.81,317.66
3949,Kadenge,kadenge,1523,South Central Alego,378,93,NYZ,4190,2023,2167,1124,18.53,226.09
3950,Obambo,obambo,1523,South Central Alego,378,93,NYZ,3335,1557,1778,851,19.47,171.27
3951,Olwa,olwa,1524,East Alego,379,93,NYZ,3602,1736,1866,835,5.67,634.96
3952,Ulafu,ulafu,1524,East Alego,379,93,NYZ,3165,1463,1702,735,13.14,240.89
3953,Umala,umala,1524,East Alego,379,93,NYZ,3300,1534,1766,811,10.24,322.41
3954,Karapul,karapul,1525,Siaya Township,379,93,NYZ,15079,7095,7984,3795,13.79,1093.34
3955,Mulaha,mulaha,1525,Siaya Township,379,93,NYZ,8926,4275,4651,2220,13.72,650.73
3956,Nyandiwa,nyandiwa,1525,Siaya Township,379,93,NYZ,8247,4063,4184,2028,17.76,464.32
3957,Bar Olengo,bar-olengo,1526,South Alego,379,93,NYZ,2945,1384,1561,682,21.65,136.01
3958,Bar Osimbo,bar-osimbo,1526,South Alego,379,93,NYZ,2016,962,1054,502,10.61,190.08
3959,Barding,barding,1526,South Alego,379,93,NYZ,3884,1742,2142,801,6.97,557.32
3960,Mur Malanga,mur-malanga,1526,South Alego,379,93,NYZ,3418,1598,1820,815,23.58,144.97
3961,Nyajuok,nyajuok,1526,South Alego,379,93,NYZ,5538,2593,2945,1333,23.26,238.12
3962,Pap Oriang,pap-oriang,1526,South Alego,379,93,NYZ,4173,1946,2227,1038,13.84,301.55
3963,Randago,randago,1526,South Alego,379,93,NYZ,3389,1579,1810,815,12.23,277.2
3964,Bar Agulu,bar-agulu,1527,South East Alego,379,93,NYZ,5246,2488,2758,1249,12.57,417.26
3965,Masumbi,masumbi,1527,South East Alego,379,93,NYZ,5544,2590,2954,1259,17.76,312.23
3966,Mur Ngiya,mur-ngiya,1527,South East Alego,379,93,NYZ,5764,2576,3188,1187,6.8,848.23
3967,Nyangoma,nyangoma,1527,South East Alego,379,93,NYZ,4469,2132,2337,1045,16.22,275.47
3968,Ambira,ambira,1528,Central Ugenya,380,93,NYZ,5818,2834,2984,1352,9.59,606.69
3969,Ngunya,ngunya,1528,Central Ugenya,380,93,NYZ,5206,2378,2828,1294,11.48,453.67
3970,Umala,umala,1528,Central Ugenya,380,93,NYZ,6246,2887,3359,1607,16.58,376.61
3971,Got Osimbo,got-osimbo,1529,East Uholo,380,93,NYZ,3953,1821,2132,891,11.49,344.13
3972,Madungu,madungu,1529,East Uholo,380,93,NYZ,4172,1952,2220,948,8.94,466.89
3973,Mungao,mungao,1529,East Uholo,380,93,NYZ,3645,1686,1959,853,8.32,438.09
3974,Sigomere,sigomere,1529,East Uholo,380,93,NYZ,4084,1865,2219,946,7.51,544.16
3975,East Asango,east-asango,1530,North Uholo,380,93,NYZ,1822,834,988,421,4.37,417.27
3976,East Tingare,east-tingare,1530,North Uholo,380,93,NYZ,5168,2353,2815,1227,11.5,449.39
3977,West Asango,west-asango,1530,North Uholo,380,93,NYZ,2873,1364,1509,688,8.01,358.87
3978,West Tingare,west-tingare,1530,North Uholo,380,93,NYZ,3915,1772,2143,900,12.29,318.44
3979,Rangala,rangala,1531,South Ugenya,380,93,NYZ,6355,2748,3607,1426,11.99,529.86
3980,Ruwe,ruwe,1531,South Ugenya,380,93,NYZ,2006,933,1073,512,5.11,392.73
3981,Simenya,simenya,1531,South Ugenya,380,93,NYZ,2783,1309,1474,692,6.64,419.42
3982,Uhuyi,uhuyi,1531,South Ugenya,380,93,NYZ,2022,971,1051,466,2.67,758.18
3983,West Yiro,west-yiro,1531,South Ugenya,380,93,NYZ,6125,2931,3194,1424,15.94,384.28
3984,Yiro East,yiro-east,1531,South Ugenya,380,93,NYZ,5236,2519,2717,1219,13.88,377.14
3985,Magoya,magoya,1532,West Uholo,380,93,NYZ,3303,1499,1804,850,10.42,317.01
3986,North Rambula,north-rambula,1532,West Uholo,380,93,NYZ,1918,896,1022,489,4.52,424.51
3987,South Rambula,south-rambula,1532,West Uholo,380,93,NYZ,2354,1088,1266,547,6.23,378.07
3988,Ugunja,ugunja,1532,West Uholo,380,93,NYZ,9454,4374,5080,2398,13.5,700.25
3989,Kathieno A,kathieno-a,1533,East Ugenya,381,93,NYZ,5942,2721,3221,1417,15.2,390.91
3990,Kathieno B,kathieno-b,1533,East Ugenya,381,93,NYZ,5302,2511,2791,1229,19.95,265.79
3991,Kathieno C,kathieno-c,1533,East Ugenya,381,93,NYZ,4935,2302,2633,1089,15.48,318.88
3992,Anyiko,anyiko,1534,North East Ugenya,381,93,NYZ,4085,1878,2207,931,9.81,416.3
3993,Jera,jera,1534,North East Ugenya,381,93,NYZ,5097,2371,2726,1163,13.86,367.84
3994,Ligala North,ligala-north,1534,North East Ugenya,381,93,NYZ,3711,1696,2015,880,10.79,343.84
3995,Ligega,ligega,1534,North East Ugenya,381,93,NYZ,4914,2227,2687,1159,11.97,410.42
3996,Nyamsenda,nyamsenda,1534,North East Ugenya,381,93,NYZ,3385,1596,1789,791,9.05,374.09
3997,Ramunde,ramunde,1534,North East Ugenya,381,93,NYZ,6540,3014,3526,1524,21.38,305.86
3998,Sihay,sihay,1534,North East Ugenya,381,93,NYZ,3454,1583,1871,836,12.46,277.11
3999,Kagonya,kagonya,1535,North Ugenya,381,93,NYZ,7052,3196,3856,1701,15.92,442.91
4000,Nyalenya,nyalenya,1535,North Ugenya,381,93,NYZ,3728,1719,2009,908,8.98,415.06
4001,Sega,sega,1535,North Ugenya,381,93,NYZ,7836,3832,4004,1768,15.52,505.01
4002,Uyundo,uyundo,1535,North Ugenya,381,93,NYZ,3594,1691,1903,840,11.94,300.93
4003,Karadolo East,karadolo-east,1536,North West Ugenya,381,93,NYZ,2920,1351,1569,703,9.17,318.6
4004,Karadolo West,karadolo-west,1536,North West Ugenya,381,93,NYZ,4887,2264,2623,1166,19.78,247.09
4005,Ndenga,ndenga,1536,North West Ugenya,381,93,NYZ,5840,2670,3170,1347,18.12,322.36
4006,Doho East,doho-east,1537,Ukwala,381,93,NYZ,3875,1832,2043,970,7.54,514.25
4007,Doho West,doho-west,1537,Ukwala,381,93,NYZ,1594,718,876,400,5.21,305.76
4008,Simur,simur,1537,Ukwala,381,93,NYZ,2221,1037,1184,548,6.09,364.92
4009,Simur East,simur-east,1537,Ukwala,381,93,NYZ,1837,837,1000,439,4.35,421.98
4010,Simur Kondiek,simur-kondiek,1537,Ukwala,381,93,NYZ,2732,1241,1491,658,7.49,364.75
4011,Siranga,siranga,1537,Ukwala,381,93,NYZ,3449,1531,1918,820,7.39,466.53
4012,Yenga,yenga,1537,Ukwala,381,93,NYZ,5562,2527,3035,1368,14.84,374.72
4013,Masat East,masat-east,1538,West Ugenya,381,93,NYZ,3669,1740,1929,847,16.05,228.65
4014,Masat West,masat-west,1538,West Ugenya,381,93,NYZ,2629,1205,1424,659,6.87,382.91
4015,Sifuyo East,sifuyo-east,1538,West Ugenya,381,93,NYZ,1802,810,992,479,4.29,420.14
4016,Sifuyo West,sifuyo-west,1538,West Ugenya,381,93,NYZ,1256,568,688,315,2.8,448.83
4017,Gangu,gangu,1539,South Wst Alego,382,93,NYZ,3891,1771,2120,940,13.91,279.83
4018,Kabura Uhuyi,kabura-uhuyi,1539,South Wst Alego,382,93,NYZ,2366,1083,1283,596,8.55,276.63
4019,Kaugagi//Hawinga,kaugagi-hawinga,1539,South Wst Alego,382,93,NYZ,3949,1786,2163,967,12.62,312.98
4020,Kaugagi/Udenda,kaugagi-udenda,1539,South Wst Alego,382,93,NYZ,3402,1562,1840,834,13.36,254.56
4021,Uranga Sigoma,uranga-sigoma,1539,South Wst Alego,382,93,NYZ,4256,1977,2279,994,12.09,352.03
4022,Nyandorera A,nyandorera-a,1540,Usonga,382,93,NYZ,5214,2349,2865,1413,20.37,256.02
4023,Nyandorera B,nyandorera-b,1540,Usonga,382,93,NYZ,4378,2037,2341,1144,26.52,165.08
4024,Sumba,sumba,1540,Usonga,382,93,NYZ,4009,1882,2127,985,35.28,113.63
4025,Kaikada Uradi,kaikada-uradi,1541,West Alego,382,93,NYZ,2659,1172,1487,678,7.55,352.36
4026,Kodiere,kodiere,1541,West Alego,382,93,NYZ,2696,1272,1424,645,6.73,400.61
4027,Komenya Kalaka,komenya-kalaka,1541,West Alego,382,93,NYZ,3355,1536,1819,797,10.85,309.08
4028,Komenya Kowala,komenya-kowala,1541,West Alego,382,93,NYZ,3421,1591,1830,857,10.12,337.88
4029,Mahola Ulawe,mahola-ulawe,1541,West Alego,382,93,NYZ,2239,1016,1223,550,6.12,365.9
4030,Ulamba,ulamba,1542,North East Gem,383,93,NYZ,4038,1909,2129,973,8.85,456.06
4031,Uriri,uriri,1542,North East Gem,383,93,NYZ,2330,1158,1172,525,10.59,219.99
4032,Wagai East,wagai-east,1542,North East Gem,383,93,NYZ,2165,991,1174,510,5.86,369.51
4033,Wagai West,wagai-west,1542,North East Gem,383,93,NYZ,1870,904,966,465,3.12,599.32
4034,Asayi,asayi,1543,North West Gem,383,93,NYZ,3811,1783,2028,934,13.89,274.33
4035,Malunga Central,malunga-central,1543,North West Gem,383,93,NYZ,1924,942,982,449,6.91,278.34
4036,Malunga East,malunga-east,1543,North West Gem,383,93,NYZ,1647,783,864,396,3.41,482.82
4037,Malunga West,malunga-west,1543,North West Gem,383,93,NYZ,2933,1379,1554,671,7.62,384.95
4038,Sirembe,sirembe,1543,North West Gem,383,93,NYZ,4600,2202,2398,1026,11.19,411.22
4039,Gombe,gombe,1544,South Gem,383,93,NYZ,3735,1771,1964,861,14,266.85
4040,Kambare,kambare,1544,South Gem,383,93,NYZ,4827,2157,2670,1069,12.17,396.59
4041,Ndori,ndori,1544,South Gem,383,93,NYZ,5463,2606,2857,1322,15.63,349.42
4042,Onyinyore,onyinyore,1544,South Gem,383,93,NYZ,3122,1523,1599,719,10.71,291.6
4043,Rera,rera,1544,South Gem,383,93,NYZ,3544,1739,1805,846,10.79,328.48
4044,Kanyadet,kanyadet,1545,South West Gem,383,93,NYZ,4165,1953,2212,986,11.44,363.92
4045,Kaudha East,kaudha-east,1545,South West Gem,383,93,NYZ,3286,1575,1711,783,13.22,248.49
4046,Kaudha West,kaudha-west,1545,South West Gem,383,93,NYZ,2279,1074,1205,563,7.83,291
4047,Dienya East,dienya-east,1546,West Gem,383,93,NYZ,2991,1433,1558,674,12.15,246.27
4048,Dienya West,dienya-west,1546,West Gem,383,93,NYZ,2396,1140,1256,608,10.49,228.4
4049,Nguge,nguge,1546,West Gem,383,93,NYZ,1187,554,633,275,5.66,209.88
4050,Gongo,gongo,1547,Central Gem,384,93,NYZ,3951,1878,2073,871,9.15,431.91
4051,Kagilo,kagilo,1547,Central Gem,384,93,NYZ,6807,3304,3503,1508,15.93,427.23
4052,Nyandiwa,nyandiwa,1547,Central Gem,384,93,NYZ,5059,2493,2566,1156,13.36,378.7
4053,Nyawara,nyawara,1547,Central Gem,384,93,NYZ,3669,1720,1949,858,5.43,675.98
4054,Siriwo,siriwo,1547,Central Gem,384,93,NYZ,4368,2081,2287,990,8.58,509.06
4055,Lihanda,lihanda,1548,East Gem,384,93,NYZ,5612,2655,2957,1273,15.28,367.27
4056,Ramula,ramula,1548,East Gem,384,93,NYZ,6841,3254,3587,1580,15.54,440.17
4057,Uranga,uranga,1548,East Gem,384,93,NYZ,4381,2108,2273,1010,17.16,255.25
4058,Got Regea,got-regea,1549,North Gem,384,93,NYZ,4020,1941,2079,946,10.62,378.37
4059,Lundha,lundha,1549,North Gem,384,93,NYZ,4460,2071,2389,1058,11.52,387.15
4060,Malanga,malanga,1549,North Gem,384,93,NYZ,6523,3054,3469,1517,14.6,446.69
4061,Maliera,maliera,1549,North Gem,384,93,NYZ,6048,2961,3087,1363,7.42,814.76
4062,Ndere,ndere,1549,North Gem,384,93,NYZ,3512,1772,1740,795,10.33,340.04
4063,Nyabeda,nyabeda,1549,North Gem,384,93,NYZ,2030,987,1043,447,6.58,308.74
4064,Anyiko,anyiko,1550,Yala Township,384,93,NYZ,4351,2114,2237,1015,7.36,591.17
4065,Bar Sauri,bar-sauri,1550,Yala Township,384,93,NYZ,5696,2677,3019,1316,7.44,765.38
4066,Jina,jina,1550,Yala Township,384,93,NYZ,5381,2631,2750,1263,9.55,563.69
4067,Marenyo,marenyo,1550,Yala Township,384,93,NYZ,7930,3660,4270,1811,13.91,569.91
4068,Nyamninia,nyamninia,1550,Yala Township,384,93,NYZ,7723,3590,4133,1770,9.7,795.91
4069,Nyamarandi,nyamarandi,1551,Kaksingri Centrl,385,94,NYZ,2204,1082,1122,457,11.38,193.67
4070,Sindo,sindo,1551,Kaksingri Centrl,385,94,NYZ,6594,3096,3498,1624,14.77,446.55
4071,Suba East,suba-east,1552,Kaksingri East,385,94,NYZ,2960,1433,1527,587,25.49,116.12
4072,Suba West,suba-west,1552,Kaksingri East,385,94,NYZ,4069,1917,2152,817,25.46,159.84
4073,Nyamrisra,nyamrisra,1553,Kaksingri West,385,94,NYZ,5535,2789,2746,1168,18.72,295.75
4074,Rangwe East,rangwe-east,1553,Kaksingri West,385,94,NYZ,8135,3930,4205,1777,43.93,185.18
4075,Rangwe West,rangwe-west,1553,Kaksingri West,385,94,NYZ,3553,1787,1766,713,15.38,231
4076,Nyadenda,nyadenda,1554,Ruma,385,94,NYZ,1368,779,589,246,131.49,10.4
4077,Nyatoto,nyatoto,1554,Ruma,385,94,NYZ,3475,1664,1811,676,23.1,150.43
4078,Kiabuya,kiabuya,1555,Gwassi Central,386,94,NYZ,3977,1886,2091,798,21.21,187.54
4079,Magunga,magunga,1555,Gwassi Central,386,94,NYZ,2363,1178,1185,532,11.26,209.95
4080,Nyancha,nyancha,1555,Gwassi Central,386,94,NYZ,4222,1996,2226,841,12.77,330.67
4081,Samba,samba,1555,Gwassi Central,386,94,NYZ,4689,2343,2346,900,23.83,196.77
4082,Kibwer,kibwer,1556,Gwassi East,386,94,NYZ,4927,2370,2557,1001,36.58,134.7
4083,Seka,seka,1556,Gwassi East,386,94,NYZ,5105,2494,2611,934,41.33,123.52
4084,Kisaku,kisaku,1557,Gwassi North,386,94,NYZ,3087,1476,1611,625,13.75,224.58
4085,Kitawa,kitawa,1557,Gwassi North,386,94,NYZ,3888,1852,2036,716,21.29,182.66
4086,Malongo,malongo,1557,Gwassi North,386,94,NYZ,1594,802,792,344,15.07,105.77
4087,Nyagwethe,nyagwethe,1557,Gwassi North,386,94,NYZ,3471,1679,1792,718,19.32,179.69
4088,Uterere,uterere,1557,Gwassi North,386,94,NYZ,3516,1786,1730,791,14.55,241.67
4089,Lwala,lwala,1558,Gwassi South,386,94,NYZ,5536,2706,2830,1163,46.92,117.98
4090,Owich,owich,1558,Gwassi South,386,94,NYZ,3744,1760,1984,766,13.04,287.04
4091,Nyandiwa,nyandiwa,1559,Gwassi West,386,94,NYZ,9232,4521,4711,2065,16.36,564.37
4092,Tonga,tonga,1559,Gwassi West,386,94,NYZ,5810,2913,2897,1157,24.84,233.86
4093,Nyama.Nji West,nyama-nji-west,1560,Lambwe East,387,94,NYZ,2893,1427,1466,552,19.55,148
4094,Nyamaji East,nyamaji-east,1560,Lambwe East,387,94,NYZ,2976,1446,1530,603,15.77,188.69
4095,Ruri East,ruri-east,1560,Lambwe East,387,94,NYZ,3896,1890,2006,806,24.67,157.94
4096,Ruri West,ruri-west,1560,Lambwe East,387,94,NYZ,3427,1617,1810,716,22.33,153.44
4097,God Jope,god-jope,1561,Lambwe West,387,94,NYZ,4959,2411,2548,972,32.3,153.51
4098,Ogongo,ogongo,1561,Lambwe West,387,94,NYZ,4164,2082,2082,893,27.62,150.78
4099,Kamreri East,kamreri-east,1562,Gembe Central,388,94,NYZ,3016,1481,1535,564,21.72,138.88
4100,Kamreri West,kamreri-west,1562,Gembe Central,388,94,NYZ,2740,1323,1417,459,26.2,104.57
4101,Kayanja,kayanja,1563,Gembe East,388,94,NYZ,4634,2184,2450,955,15.12,306.51
4102,Ngodhe,ngodhe,1563,Gembe East,388,94,NYZ,2175,1046,1129,418,7.87,276.47
4103,Usao,usao,1563,Gembe East,388,94,NYZ,3489,1691,1798,716,10.42,334.99
4104,Waondo,waondo,1563,Gembe East,388,94,NYZ,2992,1385,1607,609,12.78,234.15
4105,Kasgunga Central,kasgunga-central,1564,Gembe West,388,94,NYZ,3248,1529,1719,720,34.47,94.22
4106,Kasgunga East,kasgunga-east,1564,Gembe West,388,94,NYZ,3594,1691,1903,796,16.87,213.04
4107,Mbita Township,mbita-township,1564,Gembe West,388,94,NYZ,12811,6350,6461,3038,23.32,549.4
4108,Waware North,waware-north,1565,Rusinga East,388,94,NYZ,9194,4406,4788,2172,11.03,833.82
4109,Waware South,waware-south,1565,Rusinga East,388,94,NYZ,2341,1142,1199,531,7.72,303.34
4110,Kamasengre East,kamasengre-east,1566,Rusinga West,388,94,NYZ,2460,1189,1271,546,5.96,412.74
4111,Kamasengre West,kamasengre-west,1566,Rusinga West,388,94,NYZ,4002,2013,1989,893,5.11,782.99
4112,Kaswanga,kaswanga,1566,Rusinga West,388,94,NYZ,2200,1083,1117,457,6.95,316.65
4113,Wanyama,wanyama,1566,Rusinga West,388,94,NYZ,4078,2046,2032,915,7.07,576.71
4114,Wakinga,wakinga,1567,Mfangano East,389,94,NYZ,5729,2902,2827,1086,8.82,649.37
4115,Soklo North,soklo-north,1568,Mfangano North,389,94,NYZ,400,206,194,79,3.24,123.37
4116,Waware,waware,1568,Mfangano North,389,94,NYZ,6147,3065,3082,1194,13.7,448.78
4117,Wakula South,wakula-south,1569,Mfangano South,389,94,NYZ,5516,3008,2508,1342,11.49,480.07
4118,Soklo South,soklo-south,1570,Mfangano West,389,94,NYZ,977,471,506,176,12.65,77.25
4119,Wakula North,wakula-north,1570,Mfangano West,389,94,NYZ,7351,3858,3493,1696,16.13,455.79
4120,Atiar,atiar,1571,Kaboskei,390,95,RFT,1771,850,921,351,61.35,28.87
4121,Terik,terik,1571,Kaboskei,390,95,RFT,2824,1337,1487,550,26.91,104.95
4122,Bartabwa,bartabwa,1572,Kinyach,390,95,RFT,1179,556,623,244,20.38,57.84
4123,Kalabata,kalabata,1572,Kinyach,390,95,RFT,1237,614,623,238,85.31,14.5
4124,Kinyach,kinyach,1572,Kinyach,390,95,RFT,1009,530,479,209,85.58,11.79
4125,Kapturo,kapturo,1573,Ngoroba,390,95,RFT,1033,551,482,213,72.62,14.22
4126,Kesumet,kesumet,1573,Ngoroba,390,95,RFT,1429,739,690,301,54.61,26.17
4127,Tuluk,tuluk,1573,Ngoroba,390,95,RFT,1369,686,683,281,66.76,20.51
4128,Ayatia,ayatia,1574,Kaboskei Kerio,391,95,RFT,636,316,320,119,25.1,25.34
4129,Kuikui,kuikui,1574,Kaboskei Kerio,391,95,RFT,4063,1997,2066,836,103.11,39.4
4130,Maregut,maregut,1574,Kaboskei Kerio,391,95,RFT,1407,688,719,271,45.61,30.85
4131,Kapluk,kapluk,1575,Kabutiei,391,95,RFT,2753,1381,1372,630,29.52,93.25
4132,Katibel,katibel,1575,Kabutiei,391,95,RFT,2559,1226,1333,553,33.96,75.36
4133,Muchukwo,muchukwo,1575,Kabutiei,391,95,RFT,2043,1003,1040,455,35.89,56.93
4134,Barwessa,barwessa,1576,Lawan,391,95,RFT,3047,1460,1587,603,35.21,86.53
4135,Kaptilimwo,kaptilimwo,1576,Lawan,391,95,RFT,1655,845,810,334,37.96,43.6
4136,Keturwo,keturwo,1576,Lawan,391,95,RFT,3096,1529,1567,681,62.84,49.26
4137,Konoo,konoo,1576,Lawan,391,95,RFT,2727,1403,1324,626,66.49,41.01
4138,Akorian,akorian,1577,Bartum,392,95,RFT,2950,1474,1476,714,118.43,24.91
4139,Kipcherere,kipcherere,1577,Bartum,392,95,RFT,1568,753,815,425,36.54,42.92
4140,Koroto,koroto,1577,Bartum,392,95,RFT,708,351,357,167,30.25,23.41
4141,Taimon,taimon,1577,Bartum,392,95,RFT,1220,589,631,284,32.91,37.07
4142,Kapkirwok,kapkirwok,1578,Katiorin,392,95,RFT,1031,497,534,205,15,68.75
4143,Lelian,lelian,1578,Katiorin,392,95,RFT,949,477,472,201,11.63,81.62
4144,Sumeiyon,sumeiyon,1578,Katiorin,392,95,RFT,1044,519,525,193,6.47,161.37
4145,Kapkiamo,kapkiamo,1579,Kelyo,392,95,RFT,2026,1023,1003,389,13.04,155.41
4146,Kasaka,kasaka,1579,Kelyo,392,95,RFT,1350,690,660,255,10.53,128.21
4147,Kelyo Mosop,kelyo-mosop,1579,Kelyo,392,95,RFT,2526,1263,1263,619,9.99,252.9
4148,Kaimugul,kaimugul,1580,Ossen,392,95,RFT,2059,1020,1039,399,10.39,198.14
4149,Kaptum,kaptum,1580,Ossen,392,95,RFT,3521,1750,1771,693,12.18,288.98
4150,Tiloi,tiloi,1580,Ossen,392,95,RFT,745,383,362,159,13.44,55.44
4151,Tiriondonin,tiriondonin,1580,Ossen,392,95,RFT,3841,1937,1904,785,24.14,159.14
4152,Kapchepkor,kapchepkor,1581,Saimo,392,95,RFT,2593,1279,1314,492,8.38,309.57
4153,Kapkombe,kapkombe,1581,Saimo,392,95,RFT,1111,559,552,236,3.98,278.89
4154,Kaptere,kaptere,1581,Saimo,392,95,RFT,2379,1154,1225,502,6.16,386.31
4155,Kasisit,kasisit,1581,Saimo,392,95,RFT,2256,1066,1190,454,7.12,316.78
4156,Tirimionin,tirimionin,1581,Saimo,392,95,RFT,2242,1105,1137,432,7.79,287.91
4157,Barketeiw,barketeiw,1582,Kapkata,393,95,RFT,3285,1658,1627,699,97.99,33.52
4158,Kapkoiwo,kapkoiwo,1582,Kapkata,393,95,RFT,4245,2072,2173,824,30.59,138.76
4159,Bartolimo,bartolimo,1583,Kapteberewo,393,95,RFT,4033,1903,2130,819,12.35,326.54
4160,Issas,issas,1583,Kapteberewo,393,95,RFT,2187,1063,1124,431,9.07,241.09
4161,Loruk,loruk,1584,Sibilo,393,95,RFT,2732,1294,1438,578,131.12,20.84
4162,Rondonin,rondonin,1584,Sibilo,393,95,RFT,1179,599,580,294,27.04,43.61
4163,Sibilo,sibilo,1584,Sibilo,393,95,RFT,4172,2039,2133,990,67.77,61.57
4164,Morop,morop,1585,Ewalel,394,96,RFT,2100,1061,1039,435,20.98,100.11
4165,Riwo,riwo,1585,Ewalel,394,96,RFT,1657,802,855,325,8.61,192.5
4166,Seretunin,seretunin,1585,Ewalel,394,96,RFT,4092,1968,2124,730,19.63,208.49
4167,Kapcherebet/ Turkwo,kapcherebet-turkwo,1586,Kabarnet Mosop,394,96,RFT,319,177,142,87,9.21,34.65
4168,Kaprogonya,kaprogonya,1586,Kabarnet Mosop,394,96,RFT,6498,2874,3624,1602,5.99,1085.24
4169,Kewamoi,kewamoi,1586,Kabarnet Mosop,394,96,RFT,6189,3093,3096,1615,3.15,1963.95
4170,Seguton,seguton,1586,Kabarnet Mosop,394,96,RFT,4488,2124,2364,1132,13.79,325.49
4171,Chebano,chebano,1587,Kapropita,394,96,RFT,1622,772,850,331,4.32,375.89
4172,Kapsoo / Borowoni,kapsoo-borowoni,1587,Kapropita,394,96,RFT,1968,990,978,393,12.91,152.45
4173,Kinyo,kinyo,1587,Kapropita,394,96,RFT,3008,1323,1685,573,5.9,509.99
4174,Kaptorokwo/Kitumbi,kaptorokwo-kitumbi,1588,Kituro,394,96,RFT,1778,875,903,361,5.45,326.21
4175,Kipkaech,kipkaech,1588,Kituro,394,96,RFT,1561,741,820,330,12.75,122.41
4176,Kituro,kituro,1588,Kituro,394,96,RFT,2351,1068,1283,427,5.31,443.12
4177,Chebunyur,chebunyur,1589,Ngetimoi,394,96,RFT,868,407,461,213,7.88,110.19
4178,Kapkiai,kapkiai,1589,Ngetimoi,394,96,RFT,974,456,518,188,4.09,238.4
4179,Tiriony,tiriony,1589,Ngetimoi,394,96,RFT,1399,654,745,348,11.68,119.83
4180,Kapchepterit,kapchepterit,1590,Orokwo,394,96,RFT,2041,1005,1036,436,28.96,70.47
4181,Moloi,moloi,1590,Orokwo,394,96,RFT,3107,1499,1608,624,12.34,251.78
4182,Kaptumo,kaptumo,1591,Talai,394,96,RFT,1898,943,955,382,8.8,215.8
4183,Moigutwo,moigutwo,1591,Talai,394,96,RFT,1059,516,543,232,6.93,152.74
4184,Sogon,sogon,1591,Talai,394,96,RFT,723,360,363,175,11.77,61.44
4185,Kabusa,kabusa,1592,Ewalel Soi,395,96,RFT,794,407,387,189,40.44,19.63
4186,Koitilion,koitilion,1592,Ewalel Soi,395,96,RFT,572,292,280,133,31.6,18.1
4187,Eldume,eldume,1593,Ilchamus,395,96,RFT,2638,1284,1354,546,25.89,101.9
4188,Kailer,kailer,1593,Ilchamus,395,96,RFT,709,329,380,123,15.42,45.98
4189,Ilngaarua,ilngaarua,1594,Ilngaarua,395,96,RFT,1321,653,668,238,2.01,656.3
4190,Longewan,longewan,1594,Ilngaarua,395,96,RFT,1242,629,613,235,5.97,207.89
4191,Kapkuikui,kapkuikui,1595,Kapkuikui,395,96,RFT,499,247,252,97,49.97,9.99
4192,Kaptombes,kaptombes,1595,Kapkuikui,395,96,RFT,581,300,281,118,26.01,22.34
4193,Kimalel,kimalel,1596,Kimalel,395,96,RFT,969,495,474,207,37.76,25.66
4194,Koriema,koriema,1596,Kimalel,395,96,RFT,1927,943,984,483,40.72,47.32
4195,Sabor,sabor,1596,Kimalel,395,96,RFT,1366,703,663,356,74.26,18.39
4196,Ketemwa,ketemwa,1597,Kimondis,395,96,RFT,662,343,319,169,19.25,34.39
4197,Kibingor,kibingor,1597,Kimondis,395,96,RFT,695,346,349,163,14.63,47.52
4198,Chelaba,chelaba,1598,Loboi,395,96,RFT,1086,546,540,209,25.38,42.79
4199,Maji Ndege,maji-ndege,1598,Loboi,395,96,RFT,1059,541,518,237,47.8,22.15
4200,Endao,endao,1599,Marigat,395,96,RFT,1146,593,553,258,41.93,27.33
4201,Perkerra,perkerra,1599,Marigat,395,96,RFT,7451,3706,3745,1822,22.21,335.5
4202,Yatoi,yatoi,1599,Marigat,395,96,RFT,4393,2171,2222,1209,87.35,50.29
4203,Ngambo,ngambo,1600,Ngambo,395,96,RFT,3347,1704,1643,588,37.38,89.53
4204,Sintaan,sintaan,1600,Ngambo,395,96,RFT,1979,990,989,361,14.01,141.29
4205,Meisori,meisori,1601,Salaban,395,96,RFT,2849,1398,1451,618,65.31,43.62
4206,Salaban,salaban,1601,Salaban,395,96,RFT,1915,944,971,345,14.67,130.5
4207,Mbechot,mbechot,1602,Sandai,395,96,RFT,1374,672,702,230,29.28,46.92
4208,Sandai,sandai,1602,Sandai,395,96,RFT,1206,590,616,226,19.65,61.37
4209,Arabal,arabal,1603,Arabal,396,96,RFT,2853,1424,1429,507,98.94,28.83
4210,Ngelecha,ngelecha,1603,Arabal,396,96,RFT,990,517,473,179,32.09,30.85
4211,Chebinyinyi,chebinyinyi,1604,Chebinyinyi,396,96,RFT,1942,985,957,349,80.19,24.22
4212,Kasiela,kasiela,1604,Chebinyinyi,396,96,RFT,1110,573,537,206,25.24,43.98
4213,Kamailel,kamailel,1605,Kimoriot,396,96,RFT,3537,1846,1691,822,46.14,76.66
4214,Kimoriot,kimoriot,1605,Kimoriot,396,96,RFT,4945,2597,2348,1140,86.35,57.27
4215,Kapkechir,kapkechir,1606,Mochongoi,396,96,RFT,4260,2102,2158,864,54.63,77.98
4216,Kapnarok,kapnarok,1606,Mochongoi,396,96,RFT,3794,1905,1889,774,18.77,202.15
4217,Mochongoi,mochongoi,1606,Mochongoi,396,96,RFT,2306,1110,1196,479,42.29,54.53
4218,Kiserian,kiserian,1607,Kiserian,397,96,RFT,2256,1131,1125,406,75.92,29.71
4219,Logumgum,logumgum,1607,Kiserian,397,96,RFT,1279,625,654,246,54.48,23.47
4220,Mukutani,mukutani,1608,Mukutani,397,96,RFT,1188,578,610,229,153.04,7.76
4221,Rugus,rugus,1608,Mukutani,397,96,RFT,937,495,442,184,120.53,7.77
4222,Kibei,kibei,1609,Chepkerwo,398,96,RFT,705,361,344,140,10.29,68.54
4223,Koibarak,koibarak,1609,Chepkerwo,398,96,RFT,860,404,456,188,22.2,38.74
4224,Ochii,ochii,1609,Chepkerwo,398,96,RFT,615,292,323,129,8.77,70.1
4225,Kabasis,kabasis,1610,Kabasis,398,96,RFT,4027,1904,2123,796,7.14,563.92
4226,Kaptiriony,kaptiriony,1610,Kabasis,398,96,RFT,2020,1000,1020,482,18.49,109.27
4227,Timboiywo,timboiywo,1610,Kabasis,398,96,RFT,3929,1887,2042,815,8.36,469.88
4228,Kaptich,kaptich,1611,Kibonjos,398,96,RFT,489,245,244,108,6.56,74.55
4229,Sirwet,sirwet,1611,Kibonjos,398,96,RFT,377,202,175,105,13.56,27.8
4230,Sosion,sosion,1611,Kibonjos,398,96,RFT,450,223,227,108,16.45,27.36
4231,Kabarak,kabarak,1612,Sacho Mosop,398,96,RFT,1285,684,601,204,7.22,177.87
4232,Kaplel,kaplel,1612,Sacho Mosop,398,96,RFT,1238,625,613,268,11.59,106.8
4233,Kasetan,kasetan,1612,Sacho Mosop,398,96,RFT,1065,523,542,197,8.17,130.38
4234,Kapkelelwa,kapkelelwa,1613,Sacho-Soi,398,96,RFT,776,390,386,180,16.01,48.48
4235,Katunoi,katunoi,1613,Sacho-Soi,398,96,RFT,493,243,250,95,18.22,27.06
4236,Saimet,saimet,1613,Sacho-Soi,398,96,RFT,397,217,180,88,10.78,36.83
4237,Kimoso,kimoso,1614,Kabarnet Soi,399,96,RFT,935,454,481,220,12.5,74.83
4238,Salawa,salawa,1614,Kabarnet Soi,399,96,RFT,1440,717,723,356,18.44,78.11
4239,Kurumbompsoo,kurumbompsoo,1615,Kapropita Soi,399,96,RFT,745,364,381,168,32.55,22.89
4240,Sagasak,sagasak,1615,Kapropita Soi,399,96,RFT,415,218,197,120,16.86,24.62
4241,Kiboino,kiboino,1616,Kiboino,399,96,RFT,1343,660,683,303,23.61,56.88
4242,Sironoi,sironoi,1616,Kiboino,399,96,RFT,745,372,373,154,7.59,98.12
4243,Kapyemit,kapyemit,1617,Lelmen,399,96,RFT,1552,768,784,394,26.63,58.27
4244,Lelmen,lelmen,1617,Lelmen,399,96,RFT,1590,774,816,355,28.7,55.4
4245,Bekibon,bekibon,1618,Bekibon,400,96,RFT,940,458,482,213,49.29,19.07
4246,Tinomoi,tinomoi,1618,Bekibon,400,96,RFT,1248,621,627,240,49.95,24.99
4247,Cheplambus,cheplambus,1619,Emom,400,96,RFT,1531,780,751,326,27.09,56.52
4248,Sorok,sorok,1619,Emom,400,96,RFT,1362,707,655,240,17.2,79.19
4249,Eitui,eitui,1620,Kisonei,400,96,RFT,716,349,367,136,9.91,72.25
4250,Kisonei,kisonei,1620,Kisonei,400,96,RFT,1221,601,620,238,14.97,81.57
4251,Tabarin,tabarin,1621,Tenges,400,96,RFT,1191,579,612,240,7.45,159.96
4252,Tenges,tenges,1621,Tenges,400,96,RFT,1366,683,683,351,6.06,225.51
4253,Tebei,tebei,1622,Tuluongoi,400,96,RFT,907,468,439,193,30.93,29.32
4254,Tuluongoi,tuluongoi,1622,Tuluongoi,400,96,RFT,1501,717,784,304,16.49,91.01
4255,Chesoen,chesoen,1623,Chesoen,401,97,RFT,5561,2828,2733,945,9.94,559.69
4256,Kamogoso,kamogoso,1623,Chesoen,401,97,RFT,8288,4098,4190,1542,12.25,676.3
4257,Kiplelji,kiplelji,1623,Chesoen,401,97,RFT,3599,1823,1776,663,6.13,587.38
4258,Itembe,itembe,1624,Itembe,401,97,RFT,5627,2751,2876,1002,26.6,211.58
4259,Kabisoge,kabisoge,1624,Itembe,401,97,RFT,5914,2918,2996,1086,18.27,323.63
4260,Kiromwok,kiromwok,1625,Kiromwok,401,97,RFT,7410,3692,3718,1323,14.88,497.89
4261,Menet,menet,1625,Kiromwok,401,97,RFT,5620,2754,2866,995,12.64,444.69
4262,Goitab Silibwet,goitab-silibwet,1626,Kyogong,401,97,RFT,5632,2742,2890,1115,16.67,337.85
4263,Kyogong,kyogong,1626,Kyogong,401,97,RFT,5734,2839,2895,1075,17.1,335.42
4264,Chepkolon,chepkolon,1627,Merigi,401,97,RFT,4258,2124,2134,781,8.9,478.51
4265,Merigi,merigi,1627,Merigi,401,97,RFT,4491,2241,2250,815,11.06,406.1
4266,Motigo,motigo,1627,Merigi,401,97,RFT,6262,3068,3194,1139,11.34,552.28
4267,Kitoben,kitoben,1628,Mugango,401,97,RFT,4580,2279,2301,840,10.9,420.09
4268,Mugango,mugango,1628,Mugango,401,97,RFT,4764,2299,2465,879,9.73,489.55
4269,Kabusare,kabusare,1629,Ndaraweta,401,97,RFT,8348,4238,4110,1561,18.93,440.97
4270,Ngainet,ngainet,1629,Ndaraweta,401,97,RFT,5387,2736,2651,1023,13.54,397.88
4271,Nyongores,nyongores,1629,Ndaraweta,401,97,RFT,3176,1619,1557,576,6.97,455.77
4272,Teganda,teganda,1629,Ndaraweta,401,97,RFT,5148,2506,2642,972,13.5,381.46
4273,Kapkoros,kapkoros,1630,Sibaiyan,401,97,RFT,10983,5583,5400,2233,20.57,533.85
4274,Sibaiyan,sibaiyan,1630,Sibaiyan,401,97,RFT,6045,3037,3008,1126,11.89,508.38
4275,Aisaik,aisaik,1631,Singorwet,401,97,RFT,4012,2026,1986,731,7.53,533.04
4276,Kabungut,kabungut,1631,Singorwet,401,97,RFT,3024,1510,1514,520,6.05,500.23
4277,Singorwet,singorwet,1631,Singorwet,401,97,RFT,5415,2721,2694,1004,9.42,574.71
4278,Chepngaina,chepngaina,1632,Township,401,97,RFT,10165,5211,4954,2639,9.37,1085.31
4279,Kapsimbiri,kapsimbiri,1632,Township,401,97,RFT,2707,1366,1341,510,5.9,458.81
4280,Kapsimotwa,kapsimotwa,1632,Township,401,97,RFT,7151,3632,3519,1267,12.69,563.52
4281,Silibwet,silibwet,1632,Township,401,97,RFT,9015,4446,4569,1822,13.78,654.17
4282,Cheboin,cheboin,1633,Cheboin,402,97,RFT,5242,2684,2558,977,15.11,346.99
4283,Emitiot,emitiot,1633,Cheboin,402,97,RFT,4054,1907,2147,786,10.53,384.87
4284,Samituk,samituk,1633,Cheboin,402,97,RFT,4328,2062,2266,894,9.75,443.75
4285,Chambori,chambori,1634,Chemaner,402,97,RFT,1842,895,947,305,4.58,401.82
4286,Chemaner,chemaner,1634,Chemaner,402,97,RFT,2839,1366,1473,520,8.46,335.71
4287,Kapsigirio,kapsigirio,1634,Chemaner,402,97,RFT,1967,946,1021,328,3.9,503.86
4288,Kichutmoi,kichutmoi,1634,Chemaner,402,97,RFT,4868,2361,2507,955,15.75,309.09
4289,Kapkimolwa,kapkimolwa,1635,Kapkimolwa,402,97,RFT,4944,2410,2534,953,11.02,448.56
4290,Kiptulwa,kiptulwa,1635,Kapkimolwa,402,97,RFT,3408,1621,1787,663,10.77,316.58
4291,Koibeiyon,koibeiyon,1635,Kapkimolwa,402,97,RFT,6389,3088,3301,1235,22.07,289.52
4292,Chepkitwal,chepkitwal,1636,Kembu,402,97,RFT,4953,2406,2547,913,8.35,593.02
4293,Kaporuso,kaporuso,1636,Kembu,402,97,RFT,5811,2827,2984,1144,12.81,453.74
4294,Kongotik,kongotik,1636,Kembu,402,97,RFT,5807,2897,2910,1117,15.54,373.69
4295,Lelkatet,lelkatet,1637,Kimunchul,402,97,RFT,4259,2103,2156,794,7.74,550.14
4296,Sitotwet,sitotwet,1637,Kimunchul,402,97,RFT,3458,1726,1732,660,8.89,388.9
4297,Kapliyo,kapliyo,1638,Kiplabotwa,402,97,RFT,5269,2558,2711,1098,11.75,448.3
4298,Kiplabotwa,kiplabotwa,1638,Kiplabotwa,402,97,RFT,3350,1616,1734,665,10.92,306.86
4299,Olokyin,olokyin,1638,Kiplabotwa,402,97,RFT,5441,2667,2774,1065,19.39,280.65
4300,Kipreres,kipreres,1639,Kipreres,402,97,RFT,4960,2355,2605,1008,17.88,277.36
4301,Ndubai,ndubai,1639,Kipreres,402,97,RFT,4252,2017,2235,841,12.43,342.11
4302,Kipyosit,kipyosit,1640,Tegat,402,97,RFT,4469,2160,2309,804,7.93,563.46
4303,Tegat,tegat,1640,Tegat,402,97,RFT,5952,2989,2963,1087,12.32,483.11
4304,Chepkosa,chepkosa,1641,Cheleget,403,97,RFT,3260,1535,1725,608,11.2,291.12
4305,Nogirwet,nogirwet,1641,Cheleget,403,97,RFT,3718,1838,1880,720,18.1,205.47
4306,Kaboson,kaboson,1642,Kaboson,403,97,RFT,6406,3101,3305,1266,28.06,228.3
4307,Kapkesosio,kapkesosio,1643,Kapkesosio,403,97,RFT,2466,1219,1247,488,7.64,322.96
4308,Kimenderit,kimenderit,1643,Kapkesosio,403,97,RFT,3010,1470,1540,587,9.32,322.87
4309,Tumoi,tumoi,1643,Kapkesosio,403,97,RFT,3200,1509,1691,612,11.59,276.03
4310,Kapsabul,kapsabul,1644,Lelaitich,403,97,RFT,3254,1558,1696,642,14.61,222.69
4311,Lelaitich,lelaitich,1644,Lelaitich,403,97,RFT,3149,1522,1627,652,11.3,278.77
4312,Lugumek,lugumek,1644,Lelaitich,403,97,RFT,3758,1877,1881,712,13.66,275.03
4313,Areiyet,areiyet,1645,Sigor,403,97,RFT,3920,1887,2033,731,17.83,219.8
4314,Kipkeigei,kipkeigei,1645,Sigor,403,97,RFT,3656,1774,1882,710,15.63,233.96
4315,Sigor,sigor,1645,Sigor,403,97,RFT,5293,2551,2742,1107,15.5,341.42
4316,Cheptagum,cheptagum,1646,Sugumerga,403,97,RFT,2668,1223,1445,557,6.77,394.03
4317,Nyambugo,nyambugo,1646,Sugumerga,403,97,RFT,4369,2036,2333,864,16.94,257.85
4318,Sugumerga,sugumerga,1646,Sugumerga,403,97,RFT,3328,1565,1763,695,9.99,333.26
4319,Bingwa,bingwa,1647,Bingwa,404,97,RFT,4455,2196,2259,764,11.8,377.68
4320,Chelelach,chelelach,1647,Bingwa,404,97,RFT,3868,1912,1956,682,12.2,317.01
4321,Chepwostuiyet,chepwostuiyet,1647,Bingwa,404,97,RFT,4873,2321,2552,829,16.04,303.87
4322,Kapoleseroi,kapoleseroi,1647,Bingwa,404,97,RFT,4600,2295,2305,765,11.92,386.02
4323,Chebunyo,chebunyo,1648,Chebunyo,404,97,RFT,6380,3153,3227,1163,12.28,519.58
4324,Roborwo,roborwo,1648,Chebunyo,404,97,RFT,4972,2488,2484,914,17.42,285.37
4325,Kamagiboi,kamagiboi,1649,Kamaget,404,97,RFT,3631,1711,1920,669,10.04,361.76
4326,Tilangok,tilangok,1649,Kamaget,404,97,RFT,2777,1315,1462,527,6.69,414.9
4327,Kimaya,kimaya,1650,Kongasis,404,97,RFT,4211,2063,2148,813,10.74,392.13
4328,Kiriba,kiriba,1650,Kongasis,404,97,RFT,3499,1639,1860,645,10.71,326.73
4329,Segemik,segemik,1650,Kongasis,404,97,RFT,5031,2345,2686,868,12.18,413.17
4330,Kabema,kabema,1651,Makimeny,404,97,RFT,4055,2026,2029,685,8.65,468.94
4331,Kiboson,kiboson,1651,Makimeny,404,97,RFT,2951,1399,1552,555,6.54,451.25
4332,Koimeret,koimeret,1651,Makimeny,404,97,RFT,4156,2008,2148,750,10.31,403.21
4333,Makimeny,makimeny,1651,Makimeny,404,97,RFT,2651,1265,1386,479,8.42,314.88
4334,Mengwet,mengwet,1651,Makimeny,404,97,RFT,2904,1387,1517,502,7.71,376.42
4335,Cheboyo,cheboyo,1652,Mogor,404,97,RFT,2520,1232,1288,450,7.96,316.46
4336,Kataret,kataret,1652,Mogor,404,97,RFT,2234,1128,1106,398,9.94,224.81
4337,Mogor,mogor,1652,Mogor,404,97,RFT,2284,1116,1168,415,5.26,434.15
4338,Kapsimba,kapsimba,1653,Siongiroi,404,97,RFT,3659,1742,1917,689,13.21,277.05
4339,Kipsuter,kipsuter,1653,Siongiroi,404,97,RFT,3857,1856,2001,730,7.89,488.56
4340,Siongiroi,siongiroi,1653,Siongiroi,404,97,RFT,5903,2852,3051,1083,31.11,189.77
4341,Chebwagan,chebwagan,1654,Chebwagan,405,98,RFT,2239,1112,1127,401,5.04,444.39
4342,Cheribo,cheribo,1654,Chebwagan,405,98,RFT,2137,1081,1056,388,3.52,607.4
4343,Kapsogeruk,kapsogeruk,1654,Chebwagan,405,98,RFT,1914,918,996,358,2.48,772.02
4344,Chemoiben,chemoiben,1655,Chemoiben,405,98,RFT,2122,1033,1089,393,4.72,449.85
4345,Roronya,roronya,1655,Chemoiben,405,98,RFT,3505,1746,1759,931,4.24,826.83
4346,Butiik,butiik,1656,Cheplanget,405,98,RFT,5054,2459,2595,897,7.74,652.71
4347,Cheplanget,cheplanget,1656,Cheplanget,405,98,RFT,7365,3668,3697,1320,12.13,607.08
4348,Tiriitab Moita,tiriitab-moita,1656,Cheplanget,405,98,RFT,4881,2394,2487,864,7.99,610.61
4349,Itoik,itoik,1657,Kapkatet,405,98,RFT,1889,930,959,352,4.21,449.14
4350,Nganaset,nganaset,1657,Kapkatet,405,98,RFT,6550,3290,3260,1353,9.57,684.24
4351,Sosit,sosit,1657,Kapkatet,405,98,RFT,8667,4308,4359,1540,12.75,679.66
4352,Kapsenetwet,kapsenetwet,1658,Kusumek,405,98,RFT,4497,2167,2330,793,7.24,620.79
4353,Kusumek,kusumek,1658,Kusumek,405,98,RFT,4815,2396,2419,903,7.53,639.1
4354,Kapkarin,kapkarin,1659,Litein,405,98,RFT,3042,1496,1546,570,5,608.68
4355,Lalagin,lalagin,1659,Litein,405,98,RFT,3349,1648,1701,618,5.85,572.65
4356,Litein,litein,1659,Litein,405,98,RFT,6174,3005,3169,1703,3.34,1847.89
4357,Kamanamsim,kamanamsim,1660,Ngesumin,405,98,RFT,2413,1237,1176,404,5.48,440.67
4358,Ngesumin,ngesumin,1660,Ngesumin,405,98,RFT,2288,1130,1158,427,5.55,412.51
4359,Runguti,runguti,1660,Ngesumin,405,98,RFT,2719,1365,1354,526,3.94,690.56
4360,Cheboin,cheboin,1661,Cheboin,406,98,RFT,6291,3092,3199,1155,9.38,670.42
4361,Ngoroga,ngoroga,1661,Cheboin,406,98,RFT,2147,1060,1087,432,4.23,507.1
4362,Cheborge,cheborge,1662,Cheborge,406,98,RFT,2451,1203,1248,471,7.07,346.92
4363,Kaborus,kaborus,1662,Cheborge,406,98,RFT,1750,847,903,324,3.79,461.57
4364,Kimwogit,kimwogit,1662,Cheborge,406,98,RFT,2765,1405,1360,449,5.96,464.19
4365,Korongoi,korongoi,1662,Cheborge,406,98,RFT,2238,1104,1134,408,4.27,523.73
4366,Kapsugut,kapsugut,1663,Kapsogut,406,98,RFT,2661,1313,1348,473,5.75,463.12
4367,Kaptele,kaptele,1663,Kapsogut,406,98,RFT,2531,1240,1291,447,5.16,490.68
4368,Kelunet,kelunet,1664,Kibugat,406,98,RFT,1480,793,687,398,8.84,167.46
4369,Kibugat,kibugat,1664,Kibugat,406,98,RFT,1593,814,779,343,7.91,201.29
4370,Siongi,siongi,1665,Tebesonik,406,98,RFT,1757,893,864,340,4.44,395.31
4371,Tebesonik,tebesonik,1665,Tebesonik,406,98,RFT,5035,2496,2539,929,9.95,506.28
4372,Arokyet,arokyet,1666,Techoget,406,98,RFT,4103,1982,2121,753,6.32,649.64
4373,Kaminjeiwa,kaminjeiwa,1666,Techoget,406,98,RFT,2697,1347,1350,468,4.82,559.15
4374,Kibwastuyo,kibwastuyo,1666,Techoget,406,98,RFT,2840,1420,1420,530,5.55,511.44
4375,Kitala,kitala,1667,Cheptalal,407,98,RFT,1523,747,776,284,4.28,355.77
4376,Taboino,taboino,1667,Cheptalal,407,98,RFT,6298,3077,3221,1239,13.99,450.04
4377,Embomos,embomos,1668,Embomos,407,98,RFT,4725,2434,2291,918,9.35,505.33
4378,Siomo,siomo,1668,Embomos,407,98,RFT,2479,1232,1247,462,7.7,321.99
4379,Kiptenden,kiptenden,1669,Kiptenden,407,98,RFT,3790,1946,1844,700,9.7,390.6
4380,Terek,terek,1669,Kiptenden,407,98,RFT,3357,1696,1661,625,8.23,408.09
4381,Bosto,bosto,1670,Satiet,407,98,RFT,3878,1937,1941,780,11.22,345.57
4382,Kugerwet,kugerwet,1670,Satiet,407,98,RFT,1971,978,993,373,4.49,438.71
4383,Satiet,satiet,1670,Satiet,407,98,RFT,1412,723,689,263,3.48,405.89
4384,Kimarwandi,kimarwandi,1671,Sotit,407,98,RFT,1268,651,617,232,5.8,218.6
4385,Kirimose,kirimose,1671,Sotit,407,98,RFT,1629,805,824,260,6.05,269.05
4386,Sotit,sotit,1671,Sotit,407,98,RFT,1590,808,782,306,4.06,392.08
4387,Chebagang,chebagang,1672,Chebagang,408,98,RFT,3717,1956,1761,704,9.96,373.01
4388,Kapsengere,kapsengere,1672,Chebagang,408,98,RFT,2887,1440,1447,600,9.77,295.37
4389,Besiobei,besiobei,1673,Kaptebengwet,408,98,RFT,3204,1605,1599,696,35.94,89.15
4390,Kamogomon,kamogomon,1673,Kaptebengwet,408,98,RFT,6652,3607,3045,1847,25.63,259.52
4391,Kapsigowo,kapsigowo,1674,Kaptien,408,98,RFT,1308,698,610,355,3.83,341.13
4392,Kaptien,kaptien,1674,Kaptien,408,98,RFT,2461,1366,1095,740,10.76,228.81
4393,Chemalal,chemalal,1675,Kimulot,408,98,RFT,2946,1482,1464,551,5.42,543.17
4394,Kapset,kapset,1675,Kimulot,408,98,RFT,9090,4689,4401,1808,15.52,585.67
4395,Kapsinendet,kapsinendet,1675,Kimulot,408,98,RFT,4095,2117,1978,942,6.32,648.05
4396,Chemosit,chemosit,1676,Saosa,408,98,RFT,5682,3296,2386,2325,37.57,151.23
4397,Chepchabas,chepchabas,1676,Saosa,408,98,RFT,14079,8167,5912,4866,101.66,138.5
4398,Boito,boito,1677,Boito,409,98,RFT,7098,3573,3525,1297,14.09,503.87
4399,Kaptembwo,kaptembwo,1677,Boito,409,98,RFT,4171,2077,2094,738,8.48,491.67
4400,Chemelet,chemelet,1678,Chemelet,409,98,RFT,2828,1401,1427,504,5.41,523.02
4401,Kabiangek,kabiangek,1678,Chemelet,409,98,RFT,4242,2168,2074,750,5.76,735.99
4402,Cheptingting,cheptingting,1679,Koiwa,409,98,RFT,2319,1173,1146,398,7.79,297.5
4403,Kapken,kapken,1679,Koiwa,409,98,RFT,3967,1980,1987,771,7.3,543.69
4404,Ngereritta,ngereritta,1680,Mogogosiek,409,98,RFT,4668,2354,2314,830,7.01,665.51
4405,Saseta,saseta,1680,Mogogosiek,409,98,RFT,7200,3614,3586,1585,9.25,778.1
4406,Chepkochon,chepkochon,1681,Mosonik,409,98,RFT,3480,1761,1719,634,8.97,388.12
4407,Mogonjet,mogonjet,1681,Mosonik,409,98,RFT,1792,900,892,312,4.7,381.53
4408,Chongenwo,chongenwo,1682,Simot,409,98,RFT,3010,1526,1484,587,6.05,497.88
4409,Simot,simot,1682,Simot,409,98,RFT,4298,2099,2199,821,9.46,454.36
4410,Chemosot,chemosot,1683,Chemosot,410,98,RFT,2874,1424,1450,608,3.45,834.06
4411,Kaminjeiwet,kaminjeiwet,1683,Chemosot,410,98,RFT,2609,1316,1293,506,5.11,510.61
4412,Chepkongony,chepkongony,1684,Getarwet,410,98,RFT,1848,923,925,343,3.4,542.8
4413,Getarwet,getarwet,1684,Getarwet,410,98,RFT,2025,1007,1018,377,4.38,462.8
4414,Chemoiywa,chemoiywa,1685,Kabartegan,410,98,RFT,1381,692,689,288,2.21,625.65
4415,Kabartegan,kabartegan,1685,Kabartegan,410,98,RFT,4026,2037,1989,809,12.56,320.48
4416,Kipkerieny,kipkerieny,1685,Kabartegan,410,98,RFT,2478,1243,1235,524,4.73,523.87
4417,Kapkisiara,kapkisiara,1686,Kapkisiara,410,98,RFT,5873,2876,2997,1057,13.62,431.06
4418,Kiptome,kiptome,1686,Kapkisiara,410,98,RFT,2406,1199,1207,453,5.26,457.7
4419,Mabasi,mabasi,1687,Kisiara,410,98,RFT,3050,1459,1591,598,5.79,527.1
4420,Monoru,monoru,1687,Kisiara,410,98,RFT,3021,1602,1419,708,4.56,662.62
4421,Ngoina,ngoina,1687,Kisiara,410,98,RFT,2768,1471,1297,765,16.05,172.44
4422,Roret,roret,1687,Kisiara,410,98,RFT,4517,2184,2333,829,8.86,509.96
4423,Kaproret,kaproret,1688,Tulwet,410,98,RFT,3208,1567,1641,592,5.52,581.32
4424,Kelelwa,kelelwa,1688,Tulwet,410,98,RFT,4798,2355,2443,915,7.54,636.38
4425,Mosore,mosore,1688,Tulwet,410,98,RFT,2808,1356,1452,520,6.32,444.61
4426,Tinet Forest,tinet-forest,1689,Tinet Forest,411,98,RFT,0,0,0,0,433.94,0
4427,Amaya,amaya,1690,Amaya,412,99,RFT,4475,2225,2250,580,26.03,171.95
4428,Mukekamar,mukekamar,1690,Amaya,412,99,RFT,4431,2272,2159,705,20.8,213.04
4429,Chepelow,chepelow,1691,Churo,412,99,RFT,1375,682,693,233,17.79,77.31
4430,Churo,churo,1691,Churo,412,99,RFT,1979,1017,962,329,35,56.54
4431,Putero,putero,1691,Churo,412,99,RFT,4102,2131,1971,611,107.99,37.99
4432,Kaptuya,kaptuya,1692,Kaptuya,412,99,RFT,1849,1050,799,295,87.26,21.19
4433,Tebelekwo,tebelekwo,1692,Kaptuya,412,99,RFT,3016,1602,1414,449,33.07,91.2
4434,Barpello,barpello,1693,Kollowa,413,99,RFT,3707,1782,1925,594,168.49,22
4435,Chepkererat,chepkererat,1693,Kollowa,413,99,RFT,3203,1592,1611,520,73.73,43.44
4436,Kollowa,kollowa,1693,Kollowa,413,99,RFT,5652,2954,2698,776,93.79,60.26
4437,Chepellion,chepellion,1694,Loiwat,413,99,RFT,1521,748,773,292,94.22,16.14
4438,Kipnai,kipnai,1694,Loiwat,413,99,RFT,2445,1311,1134,366,89.98,27.17
4439,Loiwat,loiwat,1694,Loiwat,413,99,RFT,1857,1002,855,332,112.88,16.45
4440,Tilingwo,tilingwo,1694,Loiwat,413,99,RFT,1114,591,523,235,66.65,16.71
4441,Lokis,lokis,1695,Lokis,413,99,RFT,1991,1088,903,348,99.02,20.11
4442,Ngaina,ngaina,1695,Lokis,413,99,RFT,3152,1767,1385,476,119.59,26.36
4443,Mirgis,mirgis,1696,Ngoron,413,99,RFT,3629,1906,1723,513,121.26,29.93
4444,Ngoron,ngoron,1696,Ngoron,413,99,RFT,3304,1625,1679,525,136.37,24.23
4445,Angorintiang,angorintiang,1697,Tirioko,413,99,RFT,2100,1063,1037,317,111.79,18.78
4446,Kapunyany,kapunyany,1697,Tirioko,413,99,RFT,3307,1726,1581,472,38.59,85.69
4447,Chemuro,chemuro,1698,Loruk,414,99,RFT,699,341,358,125,46.74,14.95
4448,Kechi Loruk Kongasis,kechi-loruk-kongasis,1698,Loruk,414,99,RFT,1430,750,680,298,43.37,32.97
4449,Tuwo,tuwo,1698,Loruk,414,99,RFT,1139,542,597,187,71.68,15.89
4450,Kokore,kokore,1699,Loyamorock,414,99,RFT,2260,1128,1132,279,112.31,20.12
4451,Nginyang East,nginyang-east,1699,Loyamorock,414,99,RFT,6033,3284,2749,809,172.15,35.04
4452,Paka,paka,1699,Loyamorock,414,99,RFT,3463,1725,1738,477,151.54,22.85
4453,Akwechatis,akwechatis,1700,Naudo,414,99,RFT,2647,1249,1398,387,73.35,36.09
4454,Losikiriamoi,losikiriamoi,1700,Naudo,414,99,RFT,4136,2244,1892,621,62.58,66.09
4455,Nasorot,nasorot,1700,Naudo,414,99,RFT,5651,3077,2574,917,36.72,153.92
4456,Kapedo East,kapedo-east,1701,Silale,414,99,RFT,7454,5122,2332,1064,189.88,39.26
4457,Nakoko,nakoko,1701,Silale,414,99,RFT,2059,1167,892,310,82.9,24.84
4458,Akoret,akoret,1702,Akoret,415,99,RFT,1522,764,758,256,59.41,25.62
4459,Kapedo North,kapedo-north,1702,Akoret,415,99,RFT,2179,1070,1109,393,92.82,23.48
4460,Kulal,kulal,1702,Akoret,415,99,RFT,2485,1359,1126,464,226.13,10.99
4461,Kositei,kositei,1703,Kositei,415,99,RFT,2045,1020,1025,331,81,25.25
4462,Nginyang West,nginyang-west,1703,Kositei,415,99,RFT,3632,1851,1781,720,172.77,21.02
4463,Seretion,seretion,1703,Kositei,415,99,RFT,2860,1478,1382,346,76.74,37.27
4464,Chesakam,chesakam,1704,Ribkwo,415,99,RFT,2190,1140,1050,395,111.01,19.73
4465,Kapedo West,kapedo-west,1704,Ribkwo,415,99,RFT,1643,864,779,303,105.44,15.58
4466,Moron,moron,1704,Ribkwo,415,99,RFT,2202,1031,1171,430,175.02,12.58
4467,Kechii,kechii,1705,Korossi,416,99,RFT,1032,535,497,218,27.02,38.2
4468,Komolion,komolion,1705,Korossi,416,99,RFT,1236,635,601,243,64.2,19.25
4469,Korossi,korossi,1705,Korossi,416,99,RFT,769,424,345,136,41.81,18.39
4470,Nakorete,nakorete,1705,Korossi,416,99,RFT,1134,554,580,216,80.97,14
4471,Kokwototo,kokwototo,1706,Orus,416,99,RFT,1345,671,674,252,98.21,13.69
4472,Makany,makany,1706,Orus,416,99,RFT,2406,1164,1242,462,29.51,81.52
4473,Orus,orus,1706,Orus,416,99,RFT,2929,1403,1526,470,70.29,41.67
4474,Chemoigut,chemoigut,1707,Tangulbei,416,99,RFT,2270,1097,1173,459,160.94,14.1
4475,Tangulbei,tangulbei,1707,Tangulbei,416,99,RFT,4130,2066,2064,755,146.02,28.28
4476,Kapsenget,kapsenget,1708,Ainabkoi,417,100,RFT,4218,2074,2144,920,40.12,105.13
4477,Ndanai,ndanai,1708,Ainabkoi,417,100,RFT,2426,1244,1182,511,48.12,50.41
4478,Kapsundei,kapsundei,1709,Chepkero,417,100,RFT,5520,2728,2792,1118,13.52,408.28
4479,Kileges,kileges,1709,Chepkero,417,100,RFT,3146,1582,1564,619,30.35,103.67
4480,Chepngoror,chepngoror,1710,Chepngoror,417,100,RFT,1578,756,822,285,8.09,195.01
4481,Koiluget,koiluget,1710,Chepngoror,417,100,RFT,3216,1588,1628,612,10.98,292.79
4482,Tingwa,tingwa,1710,Chepngoror,417,100,RFT,1801,857,944,328,7.86,229.26
4483,Kapngetuny,kapngetuny,1711,Kapngetuny,417,100,RFT,1842,933,909,402,15.82,116.46
4484,Siliboi,siliboi,1711,Kapngetuny,417,100,RFT,976,525,451,221,13.06,74.73
4485,Kapsoya,kapsoya,1712,Kapsoya,417,100,RFT,33438,16121,17317,8497,43.42,770.12
4486,Lotonyok,lotonyok,1713,Kaptagat,417,100,RFT,6472,3193,3279,1276,33.99,190.44
4487,Tendwo,tendwo,1713,Kaptagat,417,100,RFT,4880,2470,2410,951,34.55,141.24
4488,Kaplelach,kaplelach,1714,Kipkabus,417,100,RFT,4238,2188,2050,903,27.94,151.66
4489,Songich,songich,1714,Kipkabus,417,100,RFT,1785,838,947,332,14.64,121.94
4490,Tilol,tilol,1714,Kipkabus,417,100,RFT,2229,1095,1134,414,12.66,176.09
4491,Cheptigit,cheptigit,1715,Kipsinende,417,100,RFT,3115,1569,1546,648,18.62,167.3
4492,Kipsinende,kipsinende,1715,Kipsinende,417,100,RFT,1394,669,725,276,12.98,107.41
4493,Kongasis,kongasis,1715,Kipsinende,417,100,RFT,3844,1948,1896,776,23.17,165.9
4494,Burnt Forest,burnt-forest,1716,Olare,417,100,RFT,4945,2631,2314,1154,7.76,636.98
4495,Kapkeno,kapkeno,1716,Olare,417,100,RFT,5962,2962,3000,1279,37.03,161.02
4496,Chepkongony,chepkongony,1717,Plateau,417,100,RFT,4164,2050,2114,790,14.25,292.24
4497,Chesogor,chesogor,1717,Plateau,417,100,RFT,1853,962,891,344,10.98,168.77
4498,Kimumu,kimumu,1718,Chepkoilel,418,100,RFT,15083,7765,7318,3559,13.75,1096.71
4499,Sigot,sigot,1718,Chepkoilel,418,100,RFT,27263,13961,13302,7386,9.11,2993.5
4500,Cheplaskei,cheplaskei,1719,Kaplolo,418,100,RFT,2152,1090,1062,389,19.89,108.19
4501,Kaplolo,kaplolo,1719,Kaplolo,418,100,RFT,2325,1176,1149,451,7.89,294.76
4502,Uswo,uswo,1719,Kaplolo,418,100,RFT,2508,1243,1265,468,11.36,220.76
4503,Kapsubere,kapsubere,1720,Karuna,418,100,RFT,2674,1373,1301,545,37.81,70.71
4504,Sosio,sosio,1720,Karuna,418,100,RFT,5743,2954,2789,1078,63.41,90.57
4505,Cheburbur,cheburbur,1721,Kimoning,418,100,RFT,4107,2038,2069,828,18.58,221.03
4506,Kamaua,kamaua,1721,Kimoning,418,100,RFT,3222,1575,1647,610,18.3,176.02
4507,Kimoning,kimoning,1721,Kimoning,418,100,RFT,3396,1715,1681,624,27.42,123.86
4508,Kaptuktuk,kaptuktuk,1722,Koitoror,418,100,RFT,4850,2363,2487,896,20.89,232.12
4509,Tuiyo-Luk,tuiyo-luk,1722,Koitoror,418,100,RFT,5266,2571,2695,896,31.55,166.9
4510,Kapsiliot,kapsiliot,1723,Moibeki,418,100,RFT,4716,2440,2276,910,47.29,99.73
4511,Moibeki,moibeki,1723,Moibeki,418,100,RFT,8604,4346,4258,1537,89.06,96.61
4512,Moiben,moiben,1724,Moiben,418,100,RFT,8407,4240,4167,1621,61.68,136.29
4513,Toloita,toloita,1724,Moiben,418,100,RFT,5906,2976,2930,1076,50.13,117.81
4514,Merewet,merewet,1725,Mumetet,418,100,RFT,4949,2384,2565,911,18.87,262.2
4515,Torochimoi,torochimoi,1725,Mumetet,418,100,RFT,3838,1891,1947,669,23.83,161.09
4516,Chepkoilel,chepkoilel,1726,Sergoit,418,100,RFT,6113,3072,3041,1123,56.04,109.08
4517,Kelji,kelji,1726,Sergoit,418,100,RFT,4831,2485,2346,875,62.99,76.69
4518,Sergoit,sergoit,1726,Sergoit,418,100,RFT,5276,2655,2621,1079,53.01,99.53
4519,Elegeyo Border,elegeyo-border,1727,Tembelio,418,100,RFT,4862,2420,2442,855,22.16,219.41
4520,Kapkei,kapkei,1727,Tembelio,418,100,RFT,2318,1136,1182,427,12.07,192
4521,Barsombe,barsombe,1728,Barsombe,419,101,RFT,8731,4355,4376,1566,31.9,273.73
4522,Kamukunji,kamukunji,1729,Kibulgeny,419,101,RFT,18619,9949,8670,5765,18.02,1033.14
4523,Kilimani,kilimani,1729,Kibulgeny,419,101,RFT,33216,16123,17093,9645,9.75,3405.51
4524,Kiplombe,kiplombe,1730,Kiplombe,419,101,RFT,20443,11346,9097,3322,101.71,200.99
4525,Kuinet,kuinet,1730,Kiplombe,419,101,RFT,12150,6064,6086,2465,56.87,213.65
4526,Kapsang,kapsang,1731,Kipsomba,419,101,RFT,5899,2942,2957,1085,40.68,144.99
4527,Kipsomba,kipsomba,1731,Kipsomba,419,101,RFT,19183,9657,9526,3651,111.71,171.73
4528,Koisagat,koisagat,1732,Koisagat,419,101,RFT,4666,2342,2324,798,18.57,251.27
4529,Lolkinyei,lolkinyei,1732,Koisagat,419,101,RFT,7391,3718,3673,1354,39.73,186.01
4530,Matunda,matunda,1733,Mois Bridge,419,101,RFT,19076,9338,9738,3944,28.79,662.49
4531,Mois Bridge,mois-bridge,1733,Mois Bridge,419,101,RFT,30142,14782,15360,6828,71.54,421.35
4532,Kapngetuny,kapngetuny,1734,Segero,419,101,RFT,6163,3016,3147,1117,15.83,389.27
4533,Segero,segero,1734,Segero,419,101,RFT,6020,2996,3024,1155,22.61,266.2
4534,Legebet,legebet,1735,Sirikwa,419,101,RFT,3164,1565,1599,608,8.23,384.43
4535,Sirikwa,sirikwa,1735,Sirikwa,419,101,RFT,3991,1950,2041,782,19.79,201.63
4536,Kongasis,kongasis,1736,Soy,419,101,RFT,9142,4606,4536,1687,72.46,126.17
4537,Soy,soy,1736,Soy,419,101,RFT,15926,7794,8132,3424,62.72,253.9
4538,Kerotet,kerotet,1737,Ziwa,419,101,RFT,5712,2818,2894,1072,18.42,310.17
4539,Ziwa,ziwa,1737,Ziwa,419,101,RFT,5276,2614,2662,1038,18.68,282.4
4540,Leseru,leseru,1738,Kamagut,420,101,RFT,21865,10638,11227,4601,63.59,343.84
4541,Kaptebee,kaptebee,1739,Kaptambee,420,101,RFT,8415,4136,4279,1715,29.38,286.45
4542,Huruma,huruma,1740,Kapyemit,420,101,RFT,38545,20115,18430,11794,5.55,6942.67
4543,Kapsaos,kapsaos,1740,Kapyemit,420,101,RFT,28593,14288,14305,7818,14.65,1951.29
4544,Chepsaita,chepsaita,1741,Ngenyilel,420,101,RFT,11058,5390,5668,2080,36.91,299.61
4545,Osorongai,osorongai,1741,Ngenyilel,420,101,RFT,19747,9834,9913,3949,58.7,336.38
4546,Sosiani,sosiani,1742,Sosiani,420,101,RFT,6425,3232,3193,1202,39.43,162.95
4547,Kapkong,kapkong,1743,Sugoi,420,101,RFT,12550,6095,6455,2460,48.67,257.87
4548,Tapsagoi,tapsagoi,1744,Tapsagoi,420,101,RFT,3931,1975,1956,751,15.76,249.47
4549,Turbo,turbo,1744,Tapsagoi,420,101,RFT,5616,2554,3062,1280,10.09,556.73
4550,Elangata-Wuas,elangata-wuas,1745,Elangata Wuas,421,102,RFT,1818,946,872,373,102.44,17.75
4551,Iloshon,iloshon,1745,Elangata Wuas,421,102,RFT,967,477,490,203,127.85,7.56
4552,Singiraine,singiraine,1745,Elangata Wuas,421,102,RFT,1863,969,894,365,207.03,9
4553,Enkaroni,enkaroni,1746,Enkaroni,421,102,RFT,968,483,485,184,32.43,29.85
4554,Isiaiti,isiaiti,1746,Enkaroni,421,102,RFT,1112,504,608,218,80.45,13.82
4555,Nalepo,nalepo,1746,Enkaroni,421,102,RFT,733,333,400,152,44.91,16.32
4556,Enkorika,enkorika,1747,Enkorika,421,102,RFT,2053,1072,981,386,79.9,25.69
4557,Orinye,orinye,1747,Enkorika,421,102,RFT,2587,1211,1376,528,100.08,25.85
4558,Esokota,esokota,1748,Ildamat,421,102,RFT,856,389,467,163,51.89,16.5
4559,Olkiloriti,olkiloriti,1748,Ildamat,421,102,RFT,1433,701,732,273,76.83,18.65
4560,Oloyiankalani,oloyiankalani,1748,Ildamat,421,102,RFT,2043,1002,1041,385,139.24,14.67
4561,Kikuro,kikuro,1749,Kikuro,421,102,RFT,1115,548,567,215,56.77,19.64
4562,Malilima,malilima,1749,Kikuro,421,102,RFT,490,240,250,91,16.49,29.71
4563,Indupa,indupa,1750,Kilonito,421,102,RFT,969,503,466,179,67.03,14.46
4564,Kilonito,kilonito,1750,Kilonito,421,102,RFT,1672,812,860,334,206.57,8.09
4565,Kerero,kerero,1751,Loodokilani,421,102,RFT,994,487,507,206,51.76,19.21
4566,Loodokilani,loodokilani,1751,Loodokilani,421,102,RFT,1942,976,966,416,103.78,18.71
4567,Toroka,toroka,1751,Loodokilani,421,102,RFT,2237,1182,1055,414,170.02,13.16
4568,Kumpa,kumpa,1752,Nkoile,421,102,RFT,1175,572,603,251,40.56,28.97
4569,Nkoile,nkoile,1752,Nkoile,421,102,RFT,1354,676,678,276,51.72,26.18
4570,Olemurkat,olemurkat,1753,Olbelibel,421,102,RFT,1940,949,991,376,70.51,27.51
4571,Pelewa,pelewa,1753,Olbelibel,421,102,RFT,1300,632,668,265,50.51,25.74
4572,Olgirra,olgirra,1754,Olontulungum,421,102,RFT,703,364,339,137,37.69,18.65
4573,Oloontulgum,oloontulgum,1754,Olontulungum,421,102,RFT,860,428,432,158,49.3,17.44
4574,Impiro,impiro,1755,Sajiloni,421,102,RFT,2450,1185,1265,465,97.83,25.04
4575,Inkiwanchani,inkiwanchani,1755,Sajiloni,421,102,RFT,409,252,157,127,76.46,5.35
4576,Iseuri,iseuri,1755,Sajiloni,421,102,RFT,1764,853,911,377,37.86,46.59
4577,Sajiloni,sajiloni,1755,Sajiloni,421,102,RFT,2861,1369,1492,560,87.71,32.62
4578,Emukutan,emukutan,1756,Torosei,421,102,RFT,903,428,475,171,134.04,6.74
4579,Torosei,torosei,1756,Torosei,421,102,RFT,3105,1566,1539,616,462.56,6.71
4580,Hospital,hospital,1757,Township,421,102,RFT,1976,1128,848,489,4.71,419.13
4581,Majengo,majengo,1757,Township,421,102,RFT,9298,4648,4650,2874,6.82,1363.48
4582,Market,market,1757,Township,421,102,RFT,3682,1808,1874,893,1.65,2235.72
4583,Arroi,arroi,1758,Arroi,422,102,RFT,1321,675,646,237,132.29,9.99
4584,Lesonkoyo,lesonkoyo,1758,Arroi,422,102,RFT,1892,990,902,364,61.32,30.85
4585,Emarti,emarti,1759,Ilmunkush,422,102,RFT,1577,823,754,322,143.64,10.98
4586,Erankau,erankau,1759,Ilmunkush,422,102,RFT,6491,3329,3162,1317,216.06,30.04
4587,Kiloh,kiloh,1760,Imaroro,422,102,RFT,3549,1766,1783,626,171.59,20.68
4588,Mashuuru,mashuuru,1760,Imaroro,422,102,RFT,2266,1218,1048,477,127.35,17.79
4589,Kiboko,kiboko,1761,Kinyewa,422,102,RFT,2881,1389,1492,786,192.42,14.97
4590,Masimba,masimba,1761,Kinyewa,422,102,RFT,1327,729,598,338,117.47,11.3
4591,Emotoroki,emotoroki,1762,Mafarasha,422,102,RFT,2039,962,1077,421,292.28,6.98
4592,Olmoleliani,olmoleliani,1762,Mafarasha,422,102,RFT,3596,1647,1949,785,245.78,14.63
4593,Imbuko,imbuko,1763,Merrueshi,422,102,RFT,1667,796,871,317,231.24,7.21
4594,Merrueshi,merrueshi,1763,Merrueshi,422,102,RFT,1668,835,833,346,98.77,16.89
4595,Nkama,nkama,1764,Nkama,422,102,RFT,2722,1335,1387,476,197.95,13.75
4596,Sultan-Hamud,sultan-hamud,1764,Nkama,422,102,RFT,8727,4319,4408,2020,277.81,31.41
4597,Olkeriai,olkeriai,1765,Osilalei,422,102,RFT,2955,1416,1539,660,172.3,17.15
4598,Emali,emali,1766,Poka,422,102,RFT,4034,1966,2068,911,144.77,27.87
4599,Imbilin,imbilin,1766,Poka,422,102,RFT,1533,804,729,273,80,19.16
4600,Bissil,bissil,1767,Bissil,423,102,RFT,9642,4647,4995,2363,250.2,38.54
4601,Ilpartimaro,ilpartimaro,1767,Bissil,423,102,RFT,3623,1672,1951,783,151.15,23.97
4602,Olepoles,olepoles,1767,Bissil,423,102,RFT,2090,1103,987,421,111.58,18.73
4603,Longorswa,longorswa,1768,Longorswa,423,102,RFT,3675,1788,1887,740,249.97,14.7
4604,Ruanche,ruanche,1768,Longorswa,423,102,RFT,2210,1103,1107,444,186.31,11.86
4605,Eluanata,eluanata,1769,Mailwa,423,102,RFT,2234,1048,1186,475,199.42,11.2
4606,Mailwa,mailwa,1769,Mailwa,423,102,RFT,2130,1057,1073,460,161.98,13.15
4607,Kumpa,kumpa,1770,Meto,423,102,RFT,3616,1702,1914,791,165.76,21.81
4608,Meto,meto,1770,Meto,423,102,RFT,4666,2165,2501,1005,203.49,22.93
4609,Namanga,namanga,1771,Namanga,423,102,RFT,15499,7899,7600,3508,285.88,54.21
4610,Oldonyo-Orok,oldonyo-orok,1771,Namanga,423,102,RFT,3016,1478,1538,617,294.86,10.23
4611,Eremit,eremit,1772,Central Keekonyokie,424,103,RFT,3108,1535,1573,648,648.78,4.79
4612,Kisamis,kisamis,1772,Central Keekonyokie,424,103,RFT,2947,1452,1495,562,231.74,12.72
4613,Loodariak,loodariak,1772,Central Keekonyokie,424,103,RFT,2128,1050,1078,424,142.78,14.9
4614,Oltepesi,oltepesi,1772,Central Keekonyokie,424,103,RFT,2221,1111,1110,461,255.15,8.7
4615,Kimuka,kimuka,1773,Enstashat,424,103,RFT,2413,1184,1229,451,75.34,32.03
4616,Olosho-Oibor,olosho-oibor,1773,Enstashat,424,103,RFT,2825,1431,1394,535,104.14,27.13
4617,Saikeri,saikeri,1773,Enstashat,424,103,RFT,2414,1245,1169,487,178.18,13.55
4618,Esonorua,esonorua,1774,Esonorua,424,103,RFT,1203,616,587,258,166.02,7.25
4619,Esonorua West,esonorua-west,1774,Esonorua,424,103,RFT,1128,552,576,244,73.53,15.34
4620,Embarbal,embarbal,1775,Mosiro,424,103,RFT,1978,884,1094,447,264.02,7.49
4621,Oldepe,oldepe,1775,Mosiro,424,103,RFT,1124,549,575,248,36.23,31.02
4622,Oldoroko,oldoroko,1775,Mosiro,424,103,RFT,2590,1134,1456,608,186.45,13.89
4623,Enkorika,enkorika,1776,North Keekonyokie,424,103,RFT,2263,1150,1113,432,263.25,8.6
4624,Inkiushin,inkiushin,1776,North Keekonyokie,424,103,RFT,2788,1373,1415,584,58.87,47.36
4625,Kisharu,kisharu,1776,North Keekonyokie,424,103,RFT,777,364,413,148,21.65,35.89
4626,Najile,najile,1776,North Keekonyokie,424,103,RFT,3673,1805,1868,664,170.27,21.57
4627,Olgumi,olgumi,1776,North Keekonyokie,424,103,RFT,1693,773,920,300,57.92,29.23
4628,Enkirigirri,enkirigirri,1777,Isinya,425,103,RFT,11462,6161,5301,3847,164.28,69.77
4629,Ilpolosat,ilpolosat,1777,Isinya,425,103,RFT,2564,1412,1152,478,203.62,12.59
4630,Kitenkela,kitenkela,1778,Kitenkela,425,103,RFT,27545,14311,13234,8619,89.19,308.83
4631,Olooloitikoshi,olooloitikoshi,1778,Kitenkela,425,103,RFT,30663,15787,14876,10273,102.87,298.07
4632,Oloosirkon,oloosirkon,1779,Oloosirkon,425,103,RFT,4199,2344,1855,1115,111.08,37.8
4633,Sholinke,sholinke,1779,Oloosirkon,425,103,RFT,2431,1334,1097,544,87.09,27.91
4634,Kisanju,kisanju,1780,Olturoto,425,103,RFT,6208,3358,2850,1844,148.94,41.68
4635,Olturoto,olturoto,1780,Olturoto,425,103,RFT,1937,1073,864,407,148.89,13.01
4636,Magadi,magadi,1781,Magadi,426,103,RFT,4261,2307,1954,1156,178.84,23.83
4637,Olkeri,olkeri,1781,Magadi,426,103,RFT,1264,589,675,287,212.22,5.96
4638,Kora,kora,1782,Oldonyo-Nyokie,426,103,RFT,1906,1001,905,387,337.83,5.64
4639,Nkeek Pusi,nkeek-pusi,1782,Oldonyo-Nyokie,426,103,RFT,922,567,355,179,77.55,11.89
4640,Oldonyo-Nyokie,oldonyo-nyokie,1782,Oldonyo-Nyokie,426,103,RFT,925,459,466,217,169.28,5.46
4641,Entasopia,entasopia,1783,Olkiramatian,426,103,RFT,2746,1372,1374,638,109.62,25.05
4642,Lorngosua,lorngosua,1783,Olkiramatian,426,103,RFT,469,218,251,100,48.88,9.6
4643,Musenge,musenge,1783,Olkiramatian,426,103,RFT,973,457,516,212,115.09,8.45
4644,Nkurumani,nkurumani,1783,Olkiramatian,426,103,RFT,1960,1014,946,435,92.31,21.23
4645,Oldorko,oldorko,1783,Olkiramatian,426,103,RFT,1307,660,647,249,334.74,3.9
4646,Olkiramatia,olkiramatia,1783,Olkiramatian,426,103,RFT,492,267,225,121,147.66,3.33
4647,Edoinyo-Oolasho,edoinyo-oolasho,1784,Shompole,426,103,RFT,1407,676,731,275,148.84,9.45
4648,Lonkobei,lonkobei,1784,Shompole,426,103,RFT,936,441,495,202,191.78,4.88
4649,Oloika,oloika,1784,Shompole,426,103,RFT,1435,675,760,323,321.68,4.46
4650,Pakase,pakase,1784,Shompole,426,103,RFT,2750,1476,1274,499,91.2,30.15
4651,Shompole,shompole,1784,Shompole,426,103,RFT,1698,860,838,330,116.44,14.58
4652,Naserian,naserian,1785,Kiserian,427,103,RFT,14045,7053,6992,4058,11.29,1243.87
4653,Olteyani,olteyani,1785,Kiserian,427,103,RFT,4899,2525,2374,1144,17.15,285.69
4654,Upper Matasia,upper-matasia,1785,Kiserian,427,103,RFT,7817,3979,3838,2007,17.4,449.16
4655,Kahuho,kahuho,1786,Lemelepo,427,103,RFT,6325,3205,3120,1834,6.12,1033.21
4656,Lower Nkoroi,lower-nkoroi,1786,Lemelepo,427,103,RFT,6272,3197,3075,1613,6.83,918.73
4657,Kibiko,kibiko,1787,Ngong,427,103,RFT,7633,3913,3720,1839,34.1,223.83
4658,Ngong Township,ngong-township,1787,Ngong,427,103,RFT,18091,8910,9181,5779,8.53,2120.64
4659,Embakasi,embakasi,1788,Nkaimurunya,427,103,RFT,7021,3926,3095,2382,3.67,1912.97
4660,Kandisi,kandisi,1788,Nkaimurunya,427,103,RFT,4881,2371,2510,1333,2.56,1908.95
4661,Kware,kware,1788,Nkaimurunya,427,103,RFT,22193,11354,10839,7050,1.28,17289.65
4662,Mosoi Range,mosoi-range,1788,Nkaimurunya,427,103,RFT,21311,10574,10737,6719,2.34,9104.54
4663,Kipeto,kipeto,1789,Olchorro-Onyore,427,103,RFT,5456,2782,2674,1198,168.65,32.35
4664,Olchorro-Onyore,olchorro-onyore,1789,Olchorro-Onyore,427,103,RFT,4885,2483,2402,1073,37.43,130.5
4665,Lower Matasia,lower-matasia,1790,Olkeri,427,103,RFT,4419,2180,2239,1206,6.41,689.75
4666,Olkeri,olkeri,1790,Olkeri,427,103,RFT,4104,2122,1982,979,7.87,521.57
4667,Oloosurutia,oloosurutia,1790,Olkeri,427,103,RFT,8296,3994,4302,2429,3.7,2243.31
4668,Upper Nkoroi,upper-nkoroi,1790,Olkeri,427,103,RFT,4408,2188,2220,1062,5.24,841.33
4669,Bulbul,bulbul,1791,Oloolua,427,103,RFT,13637,6815,6822,4321,2.47,5516.81
4670,Kerarapon,kerarapon,1791,Oloolua,427,103,RFT,3004,1561,1443,830,3.93,764.96
4671,Olepolos,olepolos,1791,Oloolua,427,103,RFT,8564,4284,4280,2419,3.21,2666.33
4672,Oloolua,oloolua,1791,Oloolua,427,103,RFT,8549,4275,4274,2231,9.66,885.35
4673,Olekasasi,olekasasi,1792,Ongata Rongai,427,103,RFT,4500,2402,2098,1134,10.76,418.11
4674,Ongata Rongai,ongata-rongai,1792,Ongata Rongai,427,103,RFT,40178,19271,20907,12095,5.78,6949.77
4675,Kisanju,kisanju,1793,South Keekonyoike,427,103,RFT,3663,1782,1881,684,148.37,24.69
4676,Oloyiankalani,oloyiankalani,1793,South Keekonyoike,427,103,RFT,3654,1782,1872,701,191.93,19.04
4677,Cheboen,cheboen,1794,Kabiemit,428,104,RFT,1398,737,661,267,12.23,114.28
4678,Kabiemit,kabiemit,1794,Kabiemit,428,104,RFT,2036,1045,991,444,11.45,177.84
4679,Kapchebelel,kapchebelel,1794,Kabiemit,428,104,RFT,1974,994,980,364,16.99,116.21
4680,Kapkoma,kapkoma,1794,Kabiemit,428,104,RFT,1514,781,733,293,11.06,136.83
4681,Kaptagat,kaptagat,1795,Kaptarakwa,428,104,RFT,1808,744,1064,346,19.18,94.26
4682,Kaptarakwa,kaptarakwa,1795,Kaptarakwa,428,104,RFT,2127,1029,1098,442,5.03,423.28
4683,Mokwo,mokwo,1795,Kaptarakwa,428,104,RFT,3018,1460,1558,544,17.66,170.9
4684,Chebior,chebior,1796,Kitany,428,104,RFT,3183,1546,1637,624,21.15,150.51
4685,Kitany,kitany,1796,Kitany,428,104,RFT,4094,2064,2030,753,50.36,81.29
4686,Chepkorio,chepkorio,1797,Marichor,428,104,RFT,2993,1446,1547,652,8.33,359.12
4687,Cherota,cherota,1797,Marichor,428,104,RFT,1671,758,913,316,4.74,352.8
4688,Flax,flax,1797,Marichor,428,104,RFT,3579,1853,1726,736,34.7,103.15
4689,Kamelil,kamelil,1797,Marichor,428,104,RFT,2320,1146,1174,403,5.26,441.35
4690,Lelboinet,lelboinet,1797,Marichor,428,104,RFT,2619,1337,1282,516,7.81,335.52
4691,Samich,samich,1797,Marichor,428,104,RFT,1379,703,676,255,4.05,340.65
4692,Kapkenda,kapkenda,1798,Mosop,428,104,RFT,3310,1643,1667,642,8.31,398.15
4693,Kiptulos,kiptulos,1798,Mosop,428,104,RFT,1529,786,743,343,31.89,47.94
4694,Kapcheptek,kapcheptek,1799,Nyaru,428,104,RFT,5277,2685,2592,1027,21.01,251.21
4695,Kipsaina,kipsaina,1799,Nyaru,428,104,RFT,1832,915,917,344,4.8,381.49
4696,Mwen,mwen,1799,Nyaru,428,104,RFT,1679,834,845,346,2.97,565.03
4697,Chebokokwo,chebokokwo,1800,Chebaror,429,104,RFT,1322,627,695,217,3.55,372.03
4698,Kapkessum,kapkessum,1800,Chebaror,429,104,RFT,1624,831,793,283,8.53,190.29
4699,Mindililwo,mindililwo,1800,Chebaror,429,104,RFT,2926,1431,1495,627,4.73,618.19
4700,Chesitek,chesitek,1801,Irong,429,104,RFT,3067,1527,1540,596,11.94,256.79
4701,Iten Township,iten-township,1801,Irong,429,104,RFT,6974,3444,3530,1996,4.88,1429.01
4702,Kaplamai,kaplamai,1801,Irong,429,104,RFT,2389,1213,1176,433,9.99,239.2
4703,Katalel,katalel,1801,Irong,429,104,RFT,2465,1166,1299,465,7.86,313.5
4704,Kiptabus,kiptabus,1801,Irong,429,104,RFT,3693,1795,1898,785,11.69,315.95
4705,Sergoit,sergoit,1801,Irong,429,104,RFT,2547,1259,1288,473,12.37,205.88
4706,Kapkonga,kapkonga,1802,Kamoi,429,104,RFT,1821,903,918,352,9.72,187.42
4707,Singore,singore,1802,Kamoi,429,104,RFT,1035,437,598,185,6.59,157.04
4708,Bugar,bugar,1803,Kapchemutwa,429,104,RFT,2267,1157,1110,452,5.99,378.69
4709,Kapkatui,kapkatui,1803,Kapchemutwa,429,104,RFT,1976,984,992,374,14.36,137.6
4710,Kendur,kendur,1803,Kapchemutwa,429,104,RFT,2088,1042,1046,384,33.39,62.53
4711,Korkitony,korkitony,1803,Kapchemutwa,429,104,RFT,1093,545,548,205,19.79,55.23
4712,Chelingwa,chelingwa,1804,Mutei,429,104,RFT,2251,1128,1123,438,20.57,109.43
4713,Kapkoi,kapkoi,1804,Mutei,429,104,RFT,2781,1371,1410,565,9.16,303.49
4714,Kapteren,kapteren,1804,Mutei,429,104,RFT,3025,1471,1554,602,10.08,300.2
4715,Kipsoen,kipsoen,1804,Mutei,429,104,RFT,2839,1413,1426,555,7.51,378.11
4716,Kamwosor,kamwosor,1805,Kamwosor,430,104,RFT,2477,1242,1235,542,6.73,368.12
4717,Kapchorua,kapchorua,1805,Kamwosor,430,104,RFT,1878,917,961,399,8.61,218.23
4718,Kaptengwer,kaptengwer,1805,Kamwosor,430,104,RFT,690,347,343,153,7.95,86.81
4719,Kimamet,kimamet,1805,Kamwosor,430,104,RFT,989,481,508,192,4.63,213.46
4720,Kombatich,kombatich,1805,Kamwosor,430,104,RFT,1113,542,571,215,1.93,577.46
4721,Cheboge,cheboge,1806,Kapkwony,430,104,RFT,1298,633,665,254,7.81,166.16
4722,Kipsaos,kipsaos,1806,Kapkwony,430,104,RFT,1474,759,715,272,4.69,314.27
4723,Enego,enego,1807,Kocholwo,430,104,RFT,1207,642,565,276,9.94,121.42
4724,Kapkosom,kapkosom,1807,Kocholwo,430,104,RFT,2497,1239,1258,501,28.02,89.12
4725,Kocholwo,kocholwo,1807,Kocholwo,430,104,RFT,1750,874,876,381,19.39,90.24
4726,Molol,molol,1807,Kocholwo,430,104,RFT,1210,599,611,240,4.75,254.75
4727,Salawa,salawa,1807,Kocholwo,430,104,RFT,1926,940,986,394,8.41,229.1
4728,Kapkitony,kapkitony,1808,Maoi,430,104,RFT,2992,1419,1573,533,12.19,245.54
4729,Ketigoi,ketigoi,1808,Maoi,430,104,RFT,1462,743,719,332,21.25,68.78
4730,Kipkomwo,kipkomwo,1808,Maoi,430,104,RFT,1636,817,819,311,8.37,195.39
4731,Kibirirsus,kibirirsus,1809,Metkei,430,104,RFT,1368,690,678,253,16.07,85.1
4732,Tugumoi,tugumoi,1809,Metkei,430,104,RFT,1658,796,862,314,11.42,145.17
4733,Chepkosom,chepkosom,1810,Tumeiyo,430,104,RFT,1590,783,807,322,7.37,215.69
4734,Chepkurmum,chepkurmum,1810,Tumeiyo,430,104,RFT,1616,827,789,338,13.45,120.16
4735,Tambul,tambul,1810,Tumeiyo,430,104,RFT,1658,818,840,307,13.98,118.64
4736,Tumeiyo,tumeiyo,1810,Tumeiyo,430,104,RFT,1094,532,562,221,4.53,241.39
4737,Chepsirei,chepsirei,1811,Chemoibon,431,104,RFT,1024,512,512,216,27.64,37.05
4738,Koimur,koimur,1811,Chemoibon,431,104,RFT,1578,788,790,356,53.51,29.49
4739,Tumeiyo,tumeiyo,1811,Chemoibon,431,104,RFT,2749,1385,1364,608,26.65,103.17
4740,Chebinyiny,chebinyiny,1812,Chepsigot,431,104,RFT,1106,546,560,216,17.26,64.08
4741,Kabito,kabito,1812,Chepsigot,431,104,RFT,1723,865,858,393,12.72,135.46
4742,Chepsigot,chepsigot,1813,Epke,431,104,RFT,1308,691,617,355,22.22,58.86
4743,Epke,epke,1813,Epke,431,104,RFT,1156,563,593,233,18.12,63.81
4744,Changach,changach,1814,Kibargoi,431,104,RFT,1261,605,656,262,16.38,76.97
4745,Cheptebo,cheptebo,1814,Kibargoi,431,104,RFT,1648,823,825,355,31,53.17
4746,Emsea,emsea,1814,Kibargoi,431,104,RFT,1220,650,570,284,22.67,53.83
4747,Rokocho,rokocho,1814,Kibargoi,431,104,RFT,1073,542,531,252,18.9,56.76
4748,Chop,chop,1815,Soy,431,104,RFT,1300,689,611,387,4.98,261.12
4749,Kapsokom,kapsokom,1815,Soy,431,104,RFT,1102,559,543,245,16.21,67.98
4750,Morop,morop,1815,Soy,431,104,RFT,2088,1058,1030,517,33.92,61.55
4751,Muskut,muskut,1815,Soy,431,104,RFT,1459,721,738,340,29.06,50.21
4752,Sego,sego,1815,Soy,431,104,RFT,1401,726,675,314,10.68,131.19
4753,Turesia,turesia,1815,Soy,431,104,RFT,3041,1541,1500,660,17.35,175.25
4754,Anin,anin,1816,Kamogich,432,104,RFT,2410,1200,1210,498,35.96,67.02
4755,Kessup,kessup,1816,Kamogich,432,104,RFT,3364,1528,1836,693,22.62,148.74
4756,Rimoi,rimoi,1816,Kamogich,432,104,RFT,2120,1029,1091,451,27.81,76.23
4757,Siroch,siroch,1816,Kamogich,432,104,RFT,1137,601,536,284,27.88,40.78
4758,Chegilet,chegilet,1817,Keu,432,104,RFT,1148,589,559,265,42.13,27.25
4759,Kamoingon,kamoingon,1817,Keu,432,104,RFT,732,412,320,222,44.01,16.63
4760,Kobulwo,kobulwo,1817,Keu,432,104,RFT,1169,614,555,304,32.78,35.66
4761,Kapterik,kapterik,1818,Kiptuilong,432,104,RFT,2690,1324,1366,648,21.34,126.06
4762,Kipkaa,kipkaa,1818,Kiptuilong,432,104,RFT,2687,1374,1313,610,26.22,102.47
4763,Setek,setek,1818,Kiptuilong,432,104,RFT,1522,779,743,350,14.26,106.72
4764,Emso,emso,1819,Kokwao,432,104,RFT,1683,824,859,364,7.99,210.75
4765,Kapchelal,kapchelal,1819,Kokwao,432,104,RFT,1362,682,680,291,6.67,204.16
4766,Kaptum,kaptum,1819,Kokwao,432,104,RFT,1255,635,620,227,5,251.24
4767,Kibendo,kibendo,1819,Kokwao,432,104,RFT,1173,551,622,243,10.44,112.32
4768,Nyalili,nyalili,1819,Kokwao,432,104,RFT,1080,553,527,221,3.3,326.92
4769,Ainamoi,ainamoi,1820,Ainamoi,433,105,RFT,9873,4936,4937,1808,17.48,564.82
4770,Kipchimchim,kipchimchim,1820,Ainamoi,433,105,RFT,6660,3334,3326,1267,13.97,476.85
4771,Chepkoinik,chepkoinik,1821,Chepkoinik,433,105,RFT,1186,601,585,253,3.99,296.99
4772,Chepsoo,chepsoo,1821,Chepkoinik,433,105,RFT,1214,613,601,239,3.75,323.59
4773,Kapsaos,kapsaos,1822,Kapsaos,433,105,RFT,9410,4739,4671,1859,15.95,589.95
4774,Maso,maso,1822,Kapsaos,433,105,RFT,10446,5274,5172,2080,16.95,616.33
4775,Kapkitony,kapkitony,1823,Kapsoit,433,105,RFT,857,420,437,166,2.28,376.55
4776,Kapsoit,kapsoit,1823,Kapsoit,433,105,RFT,3291,1627,1664,819,3.3,997.15
4777,Cheplel,cheplel,1824,Kenegut,433,105,RFT,2712,1349,1363,516,3.78,718.3
4778,Kenegut,kenegut,1824,Kenegut,433,105,RFT,5310,2633,2677,992,15.47,343.35
4779,Chebocho,chebocho,1825,Kipchebor,433,105,RFT,3764,1998,1766,1082,11.21,335.89
4780,Chepkolon,chepkolon,1825,Kipchebor,433,105,RFT,3745,1908,1837,1010,10.7,349.89
4781,Laliat,laliat,1826,Poiywek,433,105,RFT,3203,1604,1599,631,14.97,213.93
4782,Poiywek,poiywek,1826,Poiywek,433,105,RFT,4301,2104,2197,813,20.86,206.2
4783,Samutet,samutet,1827,Sitotwet,433,105,RFT,2329,1161,1168,467,4.2,554.68
4784,Sitotwet,sitotwet,1827,Sitotwet,433,105,RFT,1426,734,692,297,3.96,359.7
4785,Chepkurbet,chepkurbet,1828,Telanet,433,105,RFT,4407,2161,2246,798,7.26,607.31
4786,Ketitui,ketitui,1828,Telanet,433,105,RFT,5113,2528,2585,949,9.51,537.55
4787,Buchenge,buchenge,1829,Tendwet,433,105,RFT,3170,1551,1619,619,12.18,260.19
4788,Tendwet,tendwet,1829,Tendwet,433,105,RFT,6095,3003,3092,1221,12.11,503.2
4789,Kapkurgerwet,kapkurgerwet,1830,Township,433,105,RFT,13896,7125,6771,3606,16.15,860.66
4790,Motobo,motobo,1830,Township,433,105,RFT,11204,5991,5213,3368,4.57,2452.61
4791,Taiywet,taiywet,1830,Township,433,105,RFT,5200,2749,2451,1487,4.83,1077.21
4792,Township,township,1830,Township,433,105,RFT,25501,13200,12301,6618,10.61,2404.01
4793,Kaborok,kaborok,1831,Kaborok,434,105,RFT,4762,2363,2399,927,6.94,686.17
4794,Kapkokwon,kapkokwon,1831,Kaborok,434,105,RFT,3052,1554,1498,517,2.34,1305.39
4795,Kakiptui,kakiptui,1832,Kapsuser,434,105,RFT,2262,1158,1104,499,3.07,737.75
4796,Kapsuser,kapsuser,1832,Kapsuser,434,105,RFT,4594,2346,2248,1196,5.77,795.8
4797,Cheronget,cheronget,1833,Kaptoboit,434,105,RFT,3190,1572,1618,627,7.4,431.11
4798,Kaptoboit,kaptoboit,1833,Kaptoboit,434,105,RFT,4687,2315,2372,964,6.08,770.67
4799,Borborwet,borborwet,1834,Kipkoiyan,434,105,RFT,6367,3244,3123,1271,10.33,616.55
4800,Kipkoiyan,kipkoiyan,1834,Kipkoiyan,434,105,RFT,6132,3060,3072,1249,13.31,460.84
4801,Ainapkoi,ainapkoi,1835,Kipsolu,434,105,RFT,5885,2891,2994,1270,9.61,612.31
4802,Kipsolu,kipsolu,1835,Kipsolu,434,105,RFT,5732,2849,2883,1106,13.65,420.07
4803,Keben,keben,1836,Waldai,434,105,RFT,5851,3026,2825,1056,10.55,554.41
4804,Koitalel,koitalel,1836,Waldai,434,105,RFT,5904,2899,3005,1135,9.52,620.06
4805,Sosiot,sosiot,1836,Waldai,434,105,RFT,6228,2946,3282,1279,12.25,508.36
4806,Chamogonday,chamogonday,1837,Chaik,435,105,RFT,13314,7393,5921,4567,78.08,170.52
4807,Chepkembe,chepkembe,1837,Chaik,435,105,RFT,5943,3581,2362,2249,38.46,154.52
4808,Kiptetan,kiptetan,1837,Chaik,435,105,RFT,6637,3836,2801,2582,25.96,255.64
4809,Chebirirbei,chebirirbei,1838,Chemamul,435,105,RFT,3946,1976,1970,751,5.81,678.71
4810,Chemamul,chemamul,1838,Chemamul,435,105,RFT,2652,1328,1324,517,4.74,559.98
4811,Koiwalelach,koiwalelach,1838,Chemamul,435,105,RFT,4427,2205,2222,883,7.45,593.98
4812,Kapcheluch,kapcheluch,1839,Kabianga,435,105,RFT,5563,2691,2872,1119,11.37,489.19
4813,Kibingei,kibingei,1839,Kabianga,435,105,RFT,1604,795,809,338,4.4,364.61
4814,Kapkitiony,kapkitiony,1840,Kiptome,435,105,RFT,3335,1655,1680,688,6.15,542.14
4815,Kiptome,kiptome,1840,Kiptome,435,105,RFT,2733,1362,1371,529,4.2,650.17
4816,Kabianga,kabianga,1841,Mobego,435,105,RFT,6260,3338,2922,1297,13.06,479.17
4817,Mobego,mobego,1841,Mobego,435,105,RFT,4571,2255,2316,882,11.46,398.86
4818,Chepkosilen,chepkosilen,1842,Seretut,435,105,RFT,5082,2557,2525,1115,7.81,650.76
4819,Seretut,seretut,1842,Seretut,435,105,RFT,3950,1975,1975,781,7.64,517.26
4820,Cheptuiyet,cheptuiyet,1843,Cheptuiyet,436,105,RFT,4891,2390,2501,894,11.7,417.96
4821,Mindililwet,mindililwet,1843,Cheptuiyet,436,105,RFT,4215,2104,2111,729,10.43,404.08
4822,Iraa,iraa,1844,Iraa,436,105,RFT,2048,1044,1004,400,9.73,210.4
4823,Singoronik,singoronik,1844,Iraa,436,105,RFT,3976,1996,1980,800,11,361.42
4824,Kabeneti,kabeneti,1845,Kabeneti,436,105,RFT,5154,2584,2570,990,6.51,791.13
4825,Kamaget,kamaget,1845,Kabeneti,436,105,RFT,2413,1176,1237,439,5.7,423.32
4826,Chepkemel,chepkemel,1846,Kaplelartet,436,105,RFT,4307,2125,2182,871,9.92,434.38
4827,Kaplelartet,kaplelartet,1846,Kaplelartet,436,105,RFT,4017,2007,2010,755,16.2,247.94
4828,Kapsomboch,kapsomboch,1846,Kaplelartet,436,105,RFT,1273,608,665,256,10.06,126.49
4829,Tabaita,tabaita,1846,Kaplelartet,436,105,RFT,8924,4419,4505,2001,36.64,243.58
4830,Kapkeburu,kapkeburu,1847,Kiptere,436,105,RFT,3832,1911,1921,750,8.19,467.88
4831,Kiptere,kiptere,1847,Kiptere,436,105,RFT,6588,3184,3404,1317,10.88,605.76
4832,Kalyongowet,kalyongowet,1848,Kolyongowet,436,105,RFT,3326,1704,1622,634,5.93,561.28
4833,Kapkochei,kapkochei,1848,Kolyongowet,436,105,RFT,3882,1932,1950,759,6.91,561.97
4834,Kaptebengwo,kaptebengwo,1849,Sigowet,436,105,RFT,4293,2147,2146,816,9.75,440.15
4835,Sigowet,sigowet,1849,Sigowet,436,105,RFT,4789,2385,2404,985,9.62,497.62
4836,Baregeiwet,baregeiwet,1850,Kaitui,437,105,RFT,1429,711,718,300,8.23,173.65
4837,Kaitui,kaitui,1850,Kaitui,437,105,RFT,1153,577,576,272,3.81,302.77
4838,Kiptugumo,kiptugumo,1850,Kaitui,437,105,RFT,1314,658,656,260,5.89,223.28
4839,Sombicho,sombicho,1850,Kaitui,437,105,RFT,724,347,377,151,3.2,226.1
4840,Chesiche,chesiche,1851,Kapsegut,437,105,RFT,638,323,315,128,2.33,274.28
4841,Kabokyek,kabokyek,1851,Kapsegut,437,105,RFT,1128,553,575,219,4.95,227.88
4842,Kapsegut,kapsegut,1851,Kapsegut,437,105,RFT,1332,666,666,275,4,333
4843,Kapkara,kapkara,1852,Kapsorok,437,105,RFT,788,393,395,153,8.39,93.95
4844,Kapsorok,kapsorok,1852,Kapsorok,437,105,RFT,1100,559,541,226,12.3,89.43
4845,Lakwenyi,lakwenyi,1852,Kapsorok,437,105,RFT,905,466,439,182,16.2,55.85
4846,Kapchebwai,kapchebwai,1853,Koitaburot,437,105,RFT,4118,2096,2022,809,24.82,165.93
4847,Kapkormom,kapkormom,1853,Koitaburot,437,105,RFT,2759,1390,1369,521,22.53,122.43
4848,Kejiriet,kejiriet,1853,Koitaburot,437,105,RFT,1239,627,612,245,12.45,99.5
4849,Koitaburot,koitaburot,1853,Koitaburot,437,105,RFT,1892,991,901,357,14.11,134.13
4850,Kaplelach,kaplelach,1854,Soin,437,105,RFT,2555,1312,1243,482,45,56.77
4851,Kaptalamwa,kaptalamwa,1854,Soin,437,105,RFT,1830,903,927,360,10.06,181.87
4852,Kipsitet,kipsitet,1854,Soin,437,105,RFT,3185,1627,1558,758,20.27,157.09
4853,Simbi,simbi,1854,Soin,437,105,RFT,3494,1728,1766,704,43.66,80.03
4854,Kamasega,kamasega,1855,Soliat,437,105,RFT,1712,856,856,353,14.48,118.27
4855,Kongeren,kongeren,1855,Soliat,437,105,RFT,876,437,439,166,0.88,990.39
4856,Matero,matero,1855,Soliat,437,105,RFT,1254,674,580,243,9.39,133.61
4857,Mogonjet,mogonjet,1855,Soliat,437,105,RFT,518,248,270,113,2.82,183.58
4858,Soliat,soliat,1855,Soliat,437,105,RFT,1253,637,616,239,4.19,299.25
4859,Chagaik,chagaik,1856,Cheboswa,438,106,RFT,5935,3258,2677,1903,28.94,205.11
4860,Cheymen,cheymen,1856,Cheboswa,438,106,RFT,3150,1815,1335,1109,57.1,55.17
4861,Chisinende,chisinende,1857,Chepseon,438,106,RFT,9466,4729,4737,1965,23.69,399.54
4862,Momoniat,momoniat,1857,Chepseon,438,106,RFT,5764,2822,2942,1098,11.82,487.73
4863,Chepcholiet,chepcholiet,1858,Kapseger,438,106,RFT,3254,1622,1632,631,20.77,156.65
4864,Chepsir,chepsir,1858,Kapseger,438,106,RFT,2309,1176,1133,526,5.52,418.6
4865,Kaplamboi,kaplamboi,1858,Kapseger,438,106,RFT,1943,958,985,425,12.17,159.66
4866,Kipkeremwo,kipkeremwo,1858,Kapseger,438,106,RFT,1138,585,553,229,5.94,191.67
4867,Tugunon,tugunon,1858,Kapseger,438,106,RFT,3325,1635,1690,638,15.99,207.95
4868,Kimugul,kimugul,1859,Kimugul,438,106,RFT,2551,1283,1268,472,15.68,162.65
4869,Kisabo,kisabo,1859,Kimugul,438,106,RFT,4431,2162,2269,873,26.05,170.12
4870,Kiprengwe,kiprengwe,1860,Kipyemit,438,106,RFT,3085,1545,1540,558,10.78,286.28
4871,Kipyemit,kipyemit,1860,Kipyemit,438,106,RFT,2754,1312,1442,509,5.65,487.48
4872,Koisagat,koisagat,1861,Chilchila,439,106,RFT,1620,806,814,306,7.34,220.61
4873,Sombo,sombo,1861,Chilchila,439,106,RFT,3734,1897,1837,790,13.38,279.01
4874,Chepkechei,chepkechei,1862,Kipteris,439,106,RFT,3747,1874,1873,689,8.7,430.66
4875,Songonyet,songonyet,1862,Kipteris,439,106,RFT,3114,1560,1554,555,12.5,249.18
4876,Cherara,cherara,1863,Kokwet,439,106,RFT,3158,1581,1577,586,12.16,259.68
4877,Kokwet,kokwet,1863,Kokwet,439,106,RFT,3070,1593,1477,579,7.1,432.63
4878,Mentera,mentera,1864,Siwot,439,106,RFT,2463,1235,1228,469,10.5,234.55
4879,Sereng,sereng,1864,Siwot,439,106,RFT,2029,1026,1003,351,10.68,190.01
4880,Siwot,siwot,1864,Siwot,439,106,RFT,1637,823,814,317,5.43,301.39
4881,Magire,magire,1865,Toroto,439,106,RFT,2668,1364,1304,500,7.09,376.22
4882,Tulwopmoi,tulwopmoi,1865,Toroto,439,106,RFT,3937,1936,2001,743,9.68,406.53
4883,Kapkures,kapkures,1866,Borowet,440,106,RFT,2587,1268,1319,494,9.61,269.27
4884,Lelu,lelu,1866,Borowet,440,106,RFT,2529,1261,1268,505,7.32,345.58
4885,Bartera,bartera,1867,Kamasian,440,106,RFT,2442,1226,1216,591,10.53,231.92
4886,Kutung,kutung,1867,Kamasian,440,106,RFT,2657,1332,1325,484,15.28,173.94
4887,Leldet,leldet,1868,Kipsegi,440,106,RFT,2467,1260,1207,492,7.48,329.9
4888,Tuiyobei,tuiyobei,1868,Kipsegi,440,106,RFT,2105,1071,1034,399,8.01,262.92
4889,Mutaragon,mutaragon,1869,Leloch,440,106,RFT,2187,1082,1105,467,10.55,207.32
4890,Nyairobi,nyairobi,1869,Leloch,440,106,RFT,3105,1565,1540,642,11.72,264.86
4891,Barsiele,barsiele,1870,Barsiele,441,106,RFT,942,479,463,160,5.23,180.24
4892,Segetet,segetet,1870,Barsiele,441,106,RFT,1890,938,952,366,7.75,243.93
4893,Tingoro,tingoro,1870,Barsiele,441,106,RFT,2355,1174,1181,445,5.9,399.48
4894,Kipkelion North,kipkelion-north,1871,Kipchorian,441,106,RFT,1250,626,624,271,7.56,165.38
4895,Kipkelion Town,kipkelion-town,1871,Kipchorian,441,106,RFT,2173,1096,1077,566,8.58,253.22
4896,Lesirwa,lesirwa,1872,Lesirwa,441,106,RFT,4259,2124,2135,817,16.07,265.07
4897,Siret,siret,1872,Lesirwa,441,106,RFT,1957,1004,953,368,11.03,177.38
4898,Kapkwen,kapkwen,1873,Macheisok,441,106,RFT,1526,738,788,281,5.04,302.53
4899,Macheisok,macheisok,1873,Macheisok,441,106,RFT,1629,813,816,294,6.44,252.88
4900,Matarmat,matarmat,1873,Macheisok,441,106,RFT,2204,1092,1112,401,6.31,349.17
4901,Chesonoi,chesonoi,1874,Kapkoros,442,106,RFT,4575,2342,2233,889,12.36,370.06
4902,Timbilil,timbilil,1874,Kapkoros,442,106,RFT,4271,2217,2054,814,19.46,219.49
4903,Chelele,chelele,1875,Kapkwen,442,106,RFT,2379,1236,1143,527,7.47,318.34
4904,Kapkwen,kapkwen,1875,Kapkwen,442,106,RFT,2443,1246,1197,427,8.91,274.13
4905,Chemogoch,chemogoch,1876,Kunyak,442,106,RFT,2206,1085,1121,431,10.07,218.99
4906,Kapkemoi,kapkemoi,1876,Kunyak,442,106,RFT,2127,1122,1005,411,9.7,219.37
4907,Kedowa,kedowa,1877,Kedowa,443,106,RFT,6906,3497,3409,1363,122.92,56.18
4908,Cheptangulgei,cheptangulgei,1878,Kimasian,443,106,RFT,5276,2587,2689,1053,12.02,438.77
4909,Kimasian,kimasian,1878,Kimasian,443,106,RFT,2456,1222,1234,467,7.33,334.84
4910,Jagoror,jagoror,1879,Kipsirichet,443,106,RFT,5767,2832,2935,1120,13.08,440.75
4911,Kipsirichet,kipsirichet,1879,Kipsirichet,443,106,RFT,5658,2723,2935,1034,15.18,372.76
4912,Kalyet,kalyet,1880,Lemotit,443,106,RFT,5316,2546,2770,972,27.94,190.27
4913,Saramek,saramek,1880,Lemotit,443,106,RFT,5150,2529,2621,1005,20.27,254.07
4914,Chepkongony,chepkongony,1881,Londiani,443,106,RFT,5006,2443,2563,1273,15.53,322.37
4915,Tegunot,tegunot,1881,Londiani,443,106,RFT,3865,2049,1816,938,25.66,150.6
4916,Chemare,chemare,1882,Subukia,443,106,RFT,1835,926,909,419,13.6,134.92
4917,Subukia,subukia,1882,Subukia,443,106,RFT,1179,608,571,278,13.23,89.14
4918,Malaget,malaget,1883,Tendeno,443,106,RFT,1466,722,744,338,57.67,25.42
4919,Tendeno,tendeno,1883,Tendeno,443,106,RFT,1414,732,682,323,31.84,44.4
4920,Benditai,benditai,1884,Masaita,444,106,RFT,1978,1001,977,362,23.58,83.87
4921,Kamwingi,kamwingi,1884,Masaita,444,106,RFT,1887,947,940,408,5.86,322.18
4922,Kiplokyi,kiplokyi,1884,Masaita,444,106,RFT,1788,877,911,339,12.8,139.66
4923,Kongoni,kongoni,1884,Masaita,444,106,RFT,2008,1020,988,352,10.63,188.87
4924,Masaita,masaita,1884,Masaita,444,106,RFT,1959,1012,947,409,10.79,181.48
4925,Sorget,sorget,1885,Sorget,444,106,RFT,2997,1548,1449,720,75.72,39.58
4926,Tuiyobei,tuiyobei,1885,Sorget,444,106,RFT,4132,2054,2078,774,18.62,221.93
4927,Benonin,benonin,1886,Kabiyet,445,107,RFT,1916,985,931,377,11.63,164.75
4928,Kabiyet,kabiyet,1886,Kabiyet,445,107,RFT,1837,944,893,387,14.78,124.29
4929,Kewangoi,kewangoi,1887,Koisamo,445,107,RFT,2551,1289,1262,428,39.86,64
4930,Poror Arama,poror-arama,1888,Lembus-Central,445,107,RFT,12933,6452,6481,2668,87,148.66
4931,Sigoro,sigoro,1889,Lembus-Chemorgong,445,107,RFT,1809,896,913,318,31.12,58.13
4932,Lelaitich,lelaitich,1890,Lembus-Kiptoim,445,107,RFT,1552,785,767,257,11.79,131.67
4933,Tulwob/Lembus,tulwob-lembus,1890,Lembus-Kiptoim,445,107,RFT,1362,694,668,245,8.73,156.07
4934,Maji Mazuri,maji-mazuri,1891,Maji Mazuri,445,107,RFT,4361,2250,2111,1078,68.94,63.26
4935,Makutano,makutano,1891,Maji Mazuri,445,107,RFT,5167,2592,2575,1170,100.52,51.4
4936,Perkerra,perkerra,1892,Perkerra,445,107,RFT,3138,1557,1581,843,14.35,218.6
4937,Toniok,toniok,1892,Perkerra,445,107,RFT,2484,1241,1243,482,23.09,107.56
4938,Tuiyotich,tuiyotich,1892,Perkerra,445,107,RFT,2629,1339,1290,569,15.75,166.93
4939,Ravine,ravine,1893,Ravine,445,107,RFT,13273,6435,6838,3627,7.14,1857.97
4940,Cheraik,cheraik,1894,Saos-Kibias,445,107,RFT,1056,524,532,198,4.85,217.61
4941,Saos,saos,1894,Saos-Kibias,445,107,RFT,1489,721,768,309,15.28,97.42
4942,Tolmo,tolmo,1894,Saos-Kibias,445,107,RFT,2166,1098,1068,436,20.71,104.58
4943,Emining,emining,1895,Emining,446,107,RFT,3457,1700,1757,699,42.8,80.76
4944,Kabogor,kabogor,1895,Emining,446,107,RFT,1262,670,592,247,18.81,67.09
4945,Oterit,oterit,1895,Emining,446,107,RFT,1549,769,780,306,19.35,80.03
4946,Chemoinoi,chemoinoi,1896,Kimose,446,107,RFT,1196,583,613,248,65.93,18.14
4947,Kimose,kimose,1896,Kimose,446,107,RFT,1347,664,683,258,35.7,37.73
4948,Kaplelwo,kaplelwo,1897,Koibos-Soi,446,107,RFT,989,471,518,203,56.67,17.45
4949,Radad,radad,1897,Koibos-Soi,446,107,RFT,1977,948,1029,452,78.39,25.22
4950,Koitebes,koitebes,1898,Koitebes,446,107,RFT,1812,897,915,363,34.99,51.79
4951,Kiprota,kiprota,1899,Rosoga,446,107,RFT,1096,536,560,230,16.44,66.66
4952,Rosoga,rosoga,1899,Rosoga,446,107,RFT,1382,694,688,270,18.32,75.45
4953,Kaplelach,kaplelach,1900,Kiplombe,447,107,RFT,2617,1297,1320,504,110.1,23.77
4954,Kiplombe,kiplombe,1900,Kiplombe,447,107,RFT,1359,677,682,253,12.41,109.53
4955,Orinie,orinie,1900,Kiplombe,447,107,RFT,1955,1003,952,390,16.67,117.26
4956,Kabimoi,kabimoi,1901,Lembus-Kabimoi,447,107,RFT,1469,704,765,324,11.11,132.19
4957,Orongai,orongai,1901,Lembus-Kabimoi,447,107,RFT,779,386,393,159,11.66,66.81
4958,Sagat,sagat,1901,Lembus-Kabimoi,447,107,RFT,661,326,335,134,13.4,49.32
4959,Kiptoim,kiptoim,1902,Lembus-Kiptoim,447,107,RFT,1393,692,701,212,15.05,92.58
4960,Ndanai,ndanai,1902,Lembus-Kiptoim,447,107,RFT,998,536,462,186,10.91,91.5
4961,Olbat,olbat,1902,Lembus-Kiptoim,447,107,RFT,885,429,456,156,9.48,93.38
4962,Sagasagik,sagasagik,1902,Lembus-Kiptoim,447,107,RFT,1060,514,546,196,12.67,83.66
4963,Kipkaber,kipkaber,1903,Sabatia,447,107,RFT,1439,731,708,282,13.24,108.7
4964,Kirobon,kirobon,1903,Sabatia,447,107,RFT,1249,638,611,269,70.79,17.64
4965,Lebolos,lebolos,1903,Sabatia,447,107,RFT,1342,705,637,303,21.72,61.78
4966,Solian,solian,1903,Sabatia,447,107,RFT,2187,1108,1079,456,9.44,231.73
4967,Cheberen,cheberen,1904,Cheberen,448,107,RFT,2569,1273,1296,480,49.93,51.45
4968,Kapterit,kapterit,1905,Kimngoron,448,107,RFT,517,263,254,108,15.42,33.52
4969,Kimngoron,kimngoron,1905,Kimngoron,448,107,RFT,483,251,232,107,8.03,60.18
4970,Kabuswo,kabuswo,1906,Kabuswo,449,107,RFT,351,164,187,65,15.57,22.55
4971,Kiribot,kiribot,1906,Kabuswo,449,107,RFT,765,381,384,135,15.82,48.35
4972,Kamasai,kamasai,1907,Kapnosgei,449,107,RFT,301,153,148,56,4.44,67.78
4973,Kapnosgei,kapnosgei,1907,Kapnosgei,449,107,RFT,350,181,169,66,7.85,44.59
4974,Kisanana,kisanana,1908,Kisanana,449,107,RFT,761,384,377,165,14.8,51.42
4975,Koisaram,koisaram,1908,Kisanana,449,107,RFT,475,241,234,91,14.5,32.75
4976,Kipnyunguny,kipnyunguny,1909,Ngendalel,449,107,RFT,533,268,265,95,15.83,33.67
4977,Ngendalel,ngendalel,1909,Ngendalel,449,107,RFT,817,383,434,145,15.5,52.72
4978,Chomiek,chomiek,1910,Oldebes,449,107,RFT,367,180,187,63,15.81,23.22
4979,Oldebes,oldebes,1910,Oldebes,449,107,RFT,947,448,499,155,15.17,62.42
4980,Kabergei,kabergei,1911,Olkokwe,449,107,RFT,503,237,266,93,4.6,109.27
4981,Olkokwe,olkokwe,1911,Olkokwe,449,107,RFT,783,403,380,157,9.1,86.04
4982,Tinosiek,tinosiek,1911,Olkokwe,449,107,RFT,225,120,105,38,13.36,16.85
4983,Chebirebei,chebirebei,1912,Sinende,449,107,RFT,193,97,96,37,17.68,10.92
4984,Nyalil-Buch,nyalil-buch,1912,Sinende,449,107,RFT,520,285,235,99,25.71,20.23
4985,Waseges,waseges,1912,Sinende,449,107,RFT,695,341,354,121,32.16,21.61
4986,Kamar,kamar,1913,Kamar,450,107,RFT,704,351,353,137,43.09,16.34
4987,Molos,molos,1913,Kamar,450,107,RFT,459,223,236,89,18.02,25.48
4988,Kibomoi,kibomoi,1914,Kapkechui,450,107,RFT,765,407,358,159,23.66,32.33
4989,Moguyuni,moguyuni,1914,Kapkechui,450,107,RFT,1037,545,492,215,15.25,67.99
4990,Turkulu,turkulu,1914,Kapkechui,450,107,RFT,976,499,477,172,14.73,66.24
4991,Koituimet,koituimet,1915,Koabos,450,107,RFT,1241,601,640,236,108.79,11.41
4992,Maji Moto,maji-moto,1915,Koabos,450,107,RFT,999,495,504,182,62.98,15.86
4993,Chemogoch,chemogoch,1916,Lembus-Mogoto,450,107,RFT,2017,1037,980,380,31.72,63.59
4994,Kipsogon,kipsogon,1916,Lembus-Mogoto,450,107,RFT,4039,2051,1988,790,60.46,66.81
4995,Mogotio Town,mogotio-town,1916,Lembus-Mogoto,450,107,RFT,5201,2530,2671,1308,9.83,529.26
4996,Chepyuan,chepyuan,1917,Molosirwe,450,107,RFT,1033,521,512,192,41.84,24.69
4997,Molosirwe,molosirwe,1917,Molosirwe,450,107,RFT,1120,583,537,214,33.07,33.87
4998,Legetetwet,legetetwet,1918,Ngubereti,450,107,RFT,701,326,375,141,11.13,62.96
4999,Ngubereti,ngubereti,1918,Ngubereti,450,107,RFT,1284,648,636,246,15.52,82.74
5000,Mugurin,mugurin,1919,Simotwe,450,107,RFT,1900,990,910,316,58.81,32.31
5001,Timboroa,timboroa,1920,Lembus-Mosop,451,107,RFT,9462,4743,4719,2165,40.71,232.42
5002,Tinet,tinet,1920,Lembus-Mosop,451,107,RFT,3076,1536,1540,596,33.06,93.04
5003,Equator,equator,1921,Mumberes,451,107,RFT,4334,2213,2121,878,21.87,198.14
5004,Mumberes,mumberes,1921,Mumberes,451,107,RFT,5019,2517,2502,972,23.47,213.82
5005,Kaburgei,kaburgei,1922,Sirwa,452,107,RFT,1137,586,551,218,10.11,112.47
5006,Kapkein,kapkein,1922,Sirwa,452,107,RFT,959,490,469,192,15.45,62.06
5007,Sirwa,sirwa,1922,Sirwa,452,107,RFT,1237,610,627,238,16.23,76.2
5008,Sore,sore,1922,Sirwa,452,107,RFT,1592,760,832,309,25.27,63.01
5009,Mwachon,mwachon,1923,Torongo,453,107,RFT,2210,1123,1087,398,14.78,149.56
5010,Torongo,torongo,1923,Torongo,453,107,RFT,2507,1194,1313,520,11.29,221.99
5011,Tiripkatoi,tiripkatoi,1924,Tugumoi,453,107,RFT,1687,852,835,277,17.67,95.45
5012,Tugumoi,tugumoi,1924,Tugumoi,453,107,RFT,2198,1088,1110,378,25.38,86.61
5013,Kaptega,kaptega,1925,Chepchoina,454,108,RFT,15034,7703,7331,3171,209.42,71.79
5014,Kiptogot,kiptogot,1925,Chepchoina,454,108,RFT,7891,4002,3889,1528,62.84,125.58
5015,Twiga,twiga,1925,Chepchoina,454,108,RFT,13560,6795,6765,2739,53.4,253.92
5016,Chorlim,chorlim,1926,Endebess,454,108,RFT,12796,6410,6386,2235,131.09,97.61
5017,Endebess,endebess,1926,Endebess,454,108,RFT,10542,5321,5221,2409,70.9,148.69
5018,Matumbei,matumbei,1927,Kaibei,454,108,RFT,16556,8264,8292,2957,89.43,185.14
5019,Mubere,mubere,1927,Kaibei,454,108,RFT,14813,7380,7433,2898,62.9,235.5
5020,Amuka,amuka,1928,Kaisagat,455,108,RFT,16424,8381,8043,3184,54.01,304.09
5021,Kaisagat,kaisagat,1928,Kaisagat,455,108,RFT,7891,3964,3927,1544,41.22,191.45
5022,Karaus,karaus,1928,Kaisagat,455,108,RFT,5193,2626,2567,1096,10.21,508.77
5023,Kapkoi,kapkoi,1929,Kapomboi,455,108,RFT,10510,5177,5333,2122,46.14,227.79
5024,Kapomboi,kapomboi,1929,Kapomboi,455,108,RFT,12932,6363,6569,2585,59.11,218.79
5025,Kobos,kobos,1929,Kapomboi,455,108,RFT,14020,7007,7013,2856,50.57,277.24
5026,Kolongolo,kolongolo,1929,Kapomboi,455,108,RFT,10393,5123,5270,2003,39.27,264.67
5027,Kapsitwet,kapsitwet,1930,Kapsitwet,455,108,RFT,3037,1549,1488,603,17.59,172.67
5028,Liyavo,liyavo,1930,Kapsitwet,455,108,RFT,7185,3543,3642,1455,11.31,635.33
5029,Keiyo,keiyo,1931,Kwanza,455,108,RFT,12394,6082,6312,2281,36.8,336.8
5030,Kwanza,kwanza,1931,Kwanza,455,108,RFT,26139,12811,13328,4939,60.41,432.69
5031,Namanjalala,namanjalala,1932,Namanjalala,455,108,RFT,18908,9537,9371,4116,13.68,1382.59
5032,Rugutu,rugutu,1933,Impala,456,109,RFT,2425,1179,1246,621,162.09,14.96
5033,Marura,marura,1934,Marura,456,109,RFT,6701,3368,3333,1754,41.21,162.59
5034,Majengo,majengo,1935,Nanyuki,456,109,RFT,18054,9537,8517,5391,15.73,1147.66
5035,Thingithu,thingithu,1935,Nanyuki,456,109,RFT,14135,6935,7200,4200,62.25,227.09
5036,Likii,likii,1936,Nturukuma,456,109,RFT,6097,3037,3060,2189,1.69,3605.77
5037,Nturukuma,nturukuma,1936,Nturukuma,456,109,RFT,4334,2177,2157,1213,18.58,233.23
5038,Ngare Ngiro,ngare-ngiro,1937,Segera,456,109,RFT,2034,1186,848,824,232.93,8.73
5039,Segera,segera,1937,Segera,456,109,RFT,3910,1916,1994,981,587.47,6.66
5040,Chumvi,chumvi,1938,Ethi,457,109,RFT,3606,1774,1832,710,241.19,14.95
5041,Ethi,ethi,1938,Ethi,457,109,RFT,1392,712,680,382,107.33,12.97
5042,Ngenia,ngenia,1938,Ethi,457,109,RFT,5966,3009,2957,1713,53.64,111.22
5043,Kimugandura,kimugandura,1939,Naibor,457,109,RFT,2032,930,1102,434,65.95,30.81
5044,Mukima,mukima,1939,Naibor,457,109,RFT,1887,964,923,477,21.68,87.05
5045,Naibor,naibor,1939,Naibor,457,109,RFT,2220,1089,1131,560,49.83,44.55
5046,Kalalu,kalalu,1940,Umande,457,109,RFT,5328,2671,2657,1540,21.82,244.17
5047,Nyariginu,nyariginu,1940,Umande,457,109,RFT,5986,2976,3010,1608,26.32,227.44
5048,Umande,umande,1940,Umande,457,109,RFT,4887,2521,2366,1308,241,20.28
5049,Lamuria,lamuria,1941,Lamuria,458,109,RFT,12214,6307,5907,4105,440.98,27.7
5050,Muhonia,muhonia,1942,Sirima,458,109,RFT,1905,944,961,523,47.01,40.53
5051,Mutaro,mutaro,1942,Sirima,458,109,RFT,2365,1237,1128,712,29.73,79.55
5052,Matanya,matanya,1943,Tigithi,458,109,RFT,14848,7338,7510,4095,121.02,122.69
5053,Njoguini,njoguini,1944,Mwituria,459,109,RFT,1743,825,918,478,90.71,19.22
5054,Withare,withare,1944,Mwituria,459,109,RFT,2378,1179,1199,662,63.19,37.63
5055,Kariguini,kariguini,1945,Ngobit,459,109,RFT,2064,1079,985,546,21.42,96.38
5056,Ruai,ruai,1945,Ngobit,459,109,RFT,2362,1255,1107,601,22.27,106.06
5057,Nyambogichi,nyambogichi,1946,Wiyumiririe,459,109,RFT,1834,946,888,501,81.53,22.49
5058,Wamura,wamura,1946,Wiyumiririe,459,109,RFT,1879,985,894,500,82.69,22.72
5059,Wiyumiririe,wiyumiririe,1946,Wiyumiririe,459,109,RFT,7448,3572,3876,2048,19.13,389.41
5060,Tura,tura,1947,Ildigiri,460,110,RFT,2991,1562,1429,478,118.12,25.32
5061,Ngare Ndare,ngare-ndare,1948,Ilingwesi,460,110,RFT,1274,682,592,250,90.13,14.13
5062,Sangaa,sangaa,1948,Ilingwesi,460,110,RFT,1448,794,654,236,68.12,21.26
5063,Ilpolei,ilpolei,1949,Ilipolei,460,110,RFT,3467,1820,1647,793,383.81,9.03
5064,Ilmotiok,ilmotiok,1950,Ilmotiok,460,110,RFT,3166,1558,1608,473,100.32,31.56
5065,Impala,impala,1950,Ilmotiok,460,110,RFT,1494,873,621,486,347.65,4.3
5066,Arjijo,arjijo,1951,Makurian,460,110,RFT,1743,918,825,272,76.55,22.77
5067,Makurian,makurian,1951,Makurian,460,110,RFT,1218,605,613,223,53.92,22.59
5068,Kuri Kuri,kuri-kuri,1952,Mukogodo,460,110,RFT,3138,1633,1505,705,133.44,23.52
5069,Mumunyot,mumunyot,1953,Mumunyot,460,110,RFT,1945,958,987,350,75.93,25.62
5070,Seek,seek,1953,Mumunyot,460,110,RFT,1404,694,710,265,71.62,19.6
5071,Ewaso,ewaso,1954,Oloibosoit,460,110,RFT,2687,1366,1321,549,81.29,33.05
5072,Kirimon,kirimon,1954,Oloibosoit,460,110,RFT,5105,2594,2511,1299,815.55,6.26
5073,Sieku,sieku,1955,Sieku,460,110,RFT,1682,871,811,354,183.72,9.16
5074,Kiambogo,kiambogo,1956,Gituamba,461,111,RFT,7194,3577,3617,1695,55.77,129
5075,Thigio,thigio,1956,Gituamba,461,111,RFT,6790,3354,3436,1471,56.11,121
5076,Kabage,kabage,1957,Karaba,461,111,RFT,2266,1134,1132,544,29.9,75.79
5077,Karaba,karaba,1957,Karaba,461,111,RFT,1558,783,775,379,33.62,46.35
5078,Mithiga,mithiga,1958,Kinamba,461,111,RFT,10409,5069,5340,2532,47.84,217.56
5079,Mwenje,mwenje,1958,Kinamba,461,111,RFT,17693,8544,9149,4208,87.78,201.57
5080,Muhotetu,muhotetu,1959,Muhotetu,461,111,RFT,5812,2925,2887,1474,68.25,85.15
5081,Dim Kom,dim-kom,1960,Sipili,461,111,RFT,14328,6968,7360,3655,86.26,166.1
5082,Lusogwa,lusogwa,1961,Igwamiti,462,111,RFT,8945,4391,4554,2186,32.7,273.59
5083,Shamanei,shamanei,1961,Igwamiti,462,111,RFT,5070,2499,2571,1108,33.48,151.42
5084,Maina,maina,1962,Maina,462,111,RFT,12148,5736,6412,3240,6.92,1755.77
5085,Ngoru,ngoru,1963,Mutitu,462,111,RFT,11160,5669,5491,2655,138.62,80.51
5086,Manguo,manguo,1964,Nyahururu,462,111,RFT,7195,3616,3579,2688,6.39,1126
5087,Ndunyu,ndunyu,1964,Nyahururu,462,111,RFT,12948,6242,6706,3862,4.19,3090.73
5088,Githima,githima,1965,Krima,463,111,RFT,1892,968,924,411,59.32,31.89
5089,Ndonyo-Loip,ndonyo-loip,1965,Krima,463,111,RFT,3374,1688,1686,781,63.49,53.14
5090,Kariwo,kariwo,1966,Lonyiek,463,111,RFT,1422,718,704,290,72.53,19.61
5091,Lonyiek,lonyiek,1966,Lonyiek,463,111,RFT,2741,1396,1345,673,327.03,8.38
5092,Magadi,magadi,1967,Magadi,463,111,RFT,3016,1374,1642,661,173.07,17.43
5093,Kahuho,kahuho,1968,Olmoran,463,111,RFT,2105,1018,1087,513,61.82,34.05
5094,Olmoran,olmoran,1968,Olmoran,463,111,RFT,3403,1665,1738,778,440.83,7.72
5095,Melwa,melwa,1969,Marmanet,464,111,RFT,7118,3487,3631,1719,129.35,55.03
5096,Oljabet,oljabet,1969,Marmanet,464,111,RFT,4661,2293,2368,1242,18.7,249.24
5097,Siron,siron,1969,Marmanet,464,111,RFT,7230,3603,3627,1738,40.67,177.76
5098,Kiamariga,kiamariga,1970,Mutara,464,111,RFT,3559,1872,1687,952,41.08,86.64
5099,Mutara,mutara,1970,Mutara,464,111,RFT,2667,1365,1302,660,251.97,10.58
5100,Thome,thome,1970,Mutara,464,111,RFT,6612,3174,3438,1507,329.66,20.06
5101,Kaiti,kaiti,1971,Muthengera,464,111,RFT,4419,2133,2286,1088,19.1,231.31
5102,Muthengera,muthengera,1971,Muthengera,464,111,RFT,7606,3735,3871,1865,28.24,269.36
5103,Ndurumo,ndurumo,1972,Rumuruti,464,111,RFT,6030,2895,3135,1437,88.85,67.86
5104,Township,township,1972,Rumuruti,464,111,RFT,10064,4937,5127,2430,88.45,113.78
5105,Lorian,lorian,1973,Salama,464,111,RFT,5536,2663,2873,1061,65.05,85.1
5106,Muruku,muruku,1973,Salama,464,111,RFT,2899,1427,1472,709,36.45,79.53
5107,Pesi,pesi,1973,Salama,464,111,RFT,6720,3286,3434,1644,134.33,50.03
5108,Salama,salama,1973,Salama,464,111,RFT,1419,699,720,365,56.06,25.31
5109,Maundu Ni Meri,maundu-ni-meri,1974,Sosian,464,111,RFT,4449,2048,2401,956,266.92,16.67
5110,Sosian,sosian,1974,Sosian,464,111,RFT,1973,1098,875,528,410.56,4.81
5111,Kuku,kuku,1975,Kuku,465,112,RFT,8144,4185,3959,1615,353.67,23.03
5112,Loolopon,loolopon,1976,Loolopon,465,112,RFT,18391,9228,9163,4681,74.5,246.84
5113,Olorika,olorika,1977,Olorika,465,112,RFT,10612,5347,5265,2135,852.12,12.45
5114,Amboseli,amboseli,1978,Amboseli,466,112,RFT,6980,3647,3333,1250,1243.53,5.61
5115,Entonet,entonet,1979,Entonet,466,112,RFT,3535,1663,1872,721,37.2,95.03
5116,Olchorro,olchorro,1980,Olchorro,466,112,RFT,7584,3685,3899,1596,68.6,110.56
5117,Inkariak -Ronkena,inkariak-ronkena,1981,Inkariak -Ronkena,467,112,RFT,4649,2448,2201,924,128.07,36.3
5118,Kimana,kimana,1982,Kimana,467,112,RFT,15700,7925,7775,3650,230.69,68.06
5119,Esselengei,esselengei,1983,Esselengei,468,112,RFT,3436,1665,1771,699,571.2,6.02
5120,Lenkisim,lenkisim,1984,Lenkisim,468,112,RFT,2739,1321,1418,547,202.63,13.52
5121,Olgulului,olgulului,1985,Olgulului,468,112,RFT,2941,1438,1503,579,769.88,3.82
5122,Mbirikani,mbirikani,1986,Mbirikani,469,112,RFT,8702,4411,4291,1914,339.82,25.61
5123,Oltiasika,oltiasika,1987,Oltasika,469,112,RFT,6479,3328,3151,1296,1012.4,6.4
5124,Entarara,entarara,1988,Entarara,470,112,RFT,17685,8802,8883,4068,92.67,190.84
5125,Njukini,njukini,1989,Njukini,470,112,RFT,9022,4430,4592,1756,178.48,50.55
5126,Rombo,rombo,1990,Rombo,470,112,RFT,10897,5314,5583,2272,255.53,42.64
5127,Chemunada,chemunada,1991,Kuserwo,471,113,RFT,2375,1168,1207,443,12.56,189.1
5128,Cheptongei,cheptongei,1991,Kuserwo,471,113,RFT,3850,1902,1948,786,34.92,110.24
5129,Kimnai,kimnai,1991,Kuserwo,471,113,RFT,3520,1775,1745,639,19.52,180.31
5130,Yemit,yemit,1991,Kuserwo,471,113,RFT,2969,1530,1439,562,18.98,156.46
5131,Chebiemit,chebiemit,1992,Moiben,471,113,RFT,3201,1586,1615,653,24.29,131.78
5132,Kilima,kilima,1992,Moiben,471,113,RFT,3272,1614,1658,601,23.34,140.21
5133,Nerkwo,nerkwo,1992,Moiben,471,113,RFT,2670,1291,1379,470,25.27,105.64
5134,Sumbeiywet,sumbeiywet,1992,Moiben,471,113,RFT,940,480,460,177,7.67,122.53
5135,Busiesoo,busiesoo,1993,Chebororwa,472,113,RFT,1273,665,608,243,11.29,112.78
5136,Kabelio,kabelio,1993,Chebororwa,472,113,RFT,1841,920,921,326,8.12,226.75
5137,Kamanin,kamanin,1993,Chebororwa,472,113,RFT,2293,1182,1111,410,7.87,291.36
5138,Kaptiony,kaptiony,1993,Chebororwa,472,113,RFT,1974,982,992,339,7.96,247.84
5139,Kondabilet,kondabilet,1993,Chebororwa,472,113,RFT,2750,1361,1389,498,23.18,118.62
5140,Chebai,chebai,1994,Cherengany,472,113,RFT,3100,1535,1565,605,12.99,238.68
5141,Koitugum,koitugum,1994,Cherengany,472,113,RFT,2226,1122,1104,404,12.77,174.27
5142,Tenden,tenden,1994,Cherengany,472,113,RFT,2715,1403,1312,471,11.06,245.58
5143,Kakisango,kakisango,1995,Kamoi,472,113,RFT,3328,1648,1680,651,11.29,294.77
5144,Kamoi,kamoi,1995,Kamoi,472,113,RFT,1820,922,898,361,4.3,422.85
5145,Kibuga,kibuga,1995,Kamoi,472,113,RFT,2057,1009,1048,403,3.63,566.14
5146,Chorwo,chorwo,1996,Kapchochur,472,113,RFT,1481,743,738,287,13.5,109.71
5147,Kapkochur,kapkochur,1996,Kapchochur,472,113,RFT,2531,1319,1212,523,26.15,96.79
5148,Kaptalamwa,kaptalamwa,1996,Kapchochur,472,113,RFT,1297,643,654,287,9.16,141.66
5149,Kapterit,kapterit,1997,Kapterit,472,113,RFT,1706,862,844,357,5.72,298.26
5150,Kipsambach,kipsambach,1997,Kapterit,472,113,RFT,609,311,298,126,3.48,175.07
5151,Kibigos,kibigos,1998,Koisungur,472,113,RFT,4824,2447,2377,904,41.01,117.62
5152,Kokwongoi,kokwongoi,1998,Koisungur,472,113,RFT,1465,770,695,274,17.34,84.48
5153,Chemosong,chemosong,1999,Lelan,472,113,RFT,1636,791,845,295,26.1,62.69
5154,Kapsait,kapsait,1999,Lelan,472,113,RFT,1325,671,654,255,17.1,77.49
5155,Kapchepsar,kapchepsar,2000,Sengwer,472,113,RFT,2032,1049,983,387,28.5,71.29
5156,Kapcherop,kapcherop,2000,Sengwer,472,113,RFT,5386,2676,2710,1229,7.53,715.47
5157,Kipsero,kipsero,2000,Sengwer,472,113,RFT,1655,829,826,309,4.95,334.61
5158,Korongoi,korongoi,2000,Sengwer,472,113,RFT,2342,1208,1134,410,120.6,19.42
5159,Kapsowar,kapsowar,2001,Kapsowar,473,113,RFT,6627,3226,3401,1508,29.24,226.66
5160,Kapsumai,kapsumai,2001,Kapsowar,473,113,RFT,5922,2876,3046,1108,28.21,209.95
5161,Kipsaiya,kipsaiya,2002,Kipsaiya,473,113,RFT,2758,1393,1365,532,16.94,162.84
5162,Sisiya,sisiya,2002,Kipsaiya,473,113,RFT,2921,1424,1497,613,13.33,219.08
5163,Kobuswa,kobuswa,2003,Koibarak,473,113,RFT,3363,1659,1704,664,11.91,282.35
5164,Sangurur,sangurur,2003,Koibarak,473,113,RFT,2154,1031,1123,429,10.66,202.13
5165,Tuiyobei,tuiyobei,2003,Koibarak,473,113,RFT,1678,864,814,326,13.6,123.43
5166,Cheptobot,cheptobot,2004,Kaptich,474,113,RFT,1767,891,876,365,75.83,23.3
5167,Kamasai,kamasai,2004,Kaptich,474,113,RFT,1292,649,643,261,9.72,132.99
5168,Segut,segut,2004,Kaptich,474,113,RFT,1826,904,922,357,17.72,103.05
5169,Kapyego,kapyego,2005,Kapyego,474,113,RFT,3721,1894,1827,749,33.27,111.83
5170,Kararia,kararia,2005,Kapyego,474,113,RFT,4285,2197,2088,1086,87.36,49.05
5171,Kesom,kesom,2005,Kapyego,474,113,RFT,4166,2123,2043,908,84.66,49.21
5172,Endul,endul,2006,Embobut,475,113,RFT,2626,1265,1361,552,18.7,140.42
5173,Kipchumwa,kipchumwa,2006,Embobut,475,113,RFT,4093,2021,2072,856,43.94,93.16
5174,Maron,maron,2006,Embobut,475,113,RFT,2398,1169,1229,574,28.31,84.7
5175,Kaitamoi,kaitamoi,2007,Embolot,475,113,RFT,1786,834,952,433,17.58,101.59
5176,Korou,korou,2007,Embolot,475,113,RFT,1970,1025,945,452,29.01,67.91
5177,Mumol,mumol,2007,Embolot,475,113,RFT,2176,1083,1093,514,14.29,152.31
5178,Chesiyo,chesiyo,2008,Kipkaner,475,113,RFT,1537,772,765,346,7.52,204.34
5179,Kimuren,kimuren,2008,Kipkaner,475,113,RFT,1942,935,1007,418,6.99,277.69
5180,Tuturung,tuturung,2008,Kipkaner,475,113,RFT,1604,777,827,335,3.43,467.69
5181,Maina,maina,2009,Koibatek,475,113,RFT,1642,793,849,349,6.51,252.4
5182,Metipsoo,metipsoo,2009,Koibatek,475,113,RFT,1267,605,662,278,7.7,164.52
5183,Nyirarar,nyirarar,2009,Koibatek,475,113,RFT,1950,951,999,417,4.6,424.35
5184,Chemworor,chemworor,2010,Sambirir,475,113,RFT,2807,1337,1470,579,4.42,635.56
5185,Chesoi,chesoi,2010,Sambirir,475,113,RFT,1799,885,914,437,6.54,275.19
5186,Kapkuto,kapkuto,2010,Sambirir,475,113,RFT,1180,530,650,250,3.84,307.37
5187,Barkelat,barkelat,2011,Endo,476,113,RFT,3311,1640,1671,731,19.17,172.74
5188,Talai,talai,2011,Endo,476,113,RFT,1948,944,1004,469,7.91,246.13
5189,Kaben,kaben,2012,Kaben,476,113,RFT,2231,1095,1136,536,15.57,143.25
5190,Marich,marich,2012,Kaben,476,113,RFT,2018,1019,999,480,20.72,97.38
5191,Kasemoi,kasemoi,2013,Koibirir,476,113,RFT,1072,507,565,271,6.02,178.1
5192,Kisiwei,kisiwei,2013,Koibirir,476,113,RFT,1957,930,1027,443,19.33,101.24
5193,Sagat,sagat,2013,Koibirir,476,113,RFT,1335,649,686,324,4.98,268.33
5194,Sibow,sibow,2013,Koibirir,476,113,RFT,2453,1238,1215,660,20.62,118.99
5195,Kakiptul,kakiptul,2014,Mokoro,476,113,RFT,780,398,382,193,16.97,45.96
5196,Kapkondot,kapkondot,2014,Mokoro,476,113,RFT,647,293,354,153,12.02,53.82
5197,Ketut,ketut,2014,Mokoro,476,113,RFT,1217,595,622,281,15.27,79.7
5198,Olot,olot,2014,Mokoro,476,113,RFT,1230,605,625,344,19.99,61.54
5199,Enou,enou,2015,Murkutwo,476,113,RFT,1349,634,715,321,6.6,204.32
5200,Kisoka,kisoka,2015,Murkutwo,476,113,RFT,715,350,365,227,8.4,85.09
5201,Muruber,muruber,2015,Murkutwo,476,113,RFT,433,221,212,120,7.21,60.05
5202,Rocho,rocho,2015,Murkutwo,476,113,RFT,1202,616,586,309,16.55,72.64
5203,Arror,arror,2016,Arror,477,113,RFT,1872,901,971,415,8.75,214.06
5204,Koitilal,koitilal,2016,Arror,477,113,RFT,1073,551,522,307,31.44,34.13
5205,Niwai,niwai,2016,Arror,477,113,RFT,762,375,387,174,6.98,109.23
5206,Chepkum,chepkum,2017,Chemsuman,477,113,RFT,507,261,246,141,4.8,105.61
5207,Kapchemuta,kapchemuta,2017,Chemsuman,477,113,RFT,1243,614,629,291,8.22,151.29
5208,Resim,resim,2017,Chemsuman,477,113,RFT,1031,491,540,269,18.41,56.02
5209,Chesatan,chesatan,2018,Kibaimwa,477,113,RFT,1113,531,582,236,6.44,172.92
5210,Chugor,chugor,2018,Kibaimwa,477,113,RFT,798,397,401,178,7.26,109.87
5211,Kombases,kombases,2018,Kibaimwa,477,113,RFT,962,457,505,220,5.48,175.65
5212,Lukuget,lukuget,2018,Kibaimwa,477,113,RFT,1113,531,582,266,10.32,107.89
5213,Kipyebo,kipyebo,2019,Mon,477,113,RFT,1426,711,715,373,9.54,149.53
5214,Mogil,mogil,2019,Mon,477,113,RFT,1605,808,797,384,16.02,100.19
5215,Arimi,arimi,2020,Elburgon,478,114,RFT,8184,4075,4109,1826,28.53,286.82
5216,Elburgon,elburgon,2020,Elburgon,478,114,RFT,32654,16581,16073,8548,53.54,609.87
5217,Mutamaiyu,mutamaiyu,2020,Elburgon,478,114,RFT,2600,1272,1328,606,15.02,173.1
5218,Kiptunga,kiptunga,2021,Mariashoni,478,114,RFT,4006,2147,1859,904,149.33,26.83
5219,Kitiro,kitiro,2021,Mariashoni,478,114,RFT,4741,2496,2245,959,44.56,106.4
5220,Ndoswa,ndoswa,2021,Mariashoni,478,114,RFT,3707,1976,1731,767,51.76,71.63
5221,Kiambiriria,kiambiriria,2022,Turi,478,114,RFT,8151,3982,4169,1850,24.88,327.68
5222,Turi,turi,2022,Turi,478,114,RFT,17297,8595,8702,4163,52.93,326.81
5223,Kamara,kamara,2023,Kamara,479,114,RFT,3521,1810,1711,704,5.02,701.07
5224,Mau,mau,2023,Kamara,479,114,RFT,4946,2489,2457,915,64.03,77.25
5225,Sinendet,sinendet,2023,Kamara,479,114,RFT,2118,1026,1092,400,7.85,269.72
5226,Koige,koige,2024,Mau Summit,479,114,RFT,6195,3131,3064,1455,23.16,267.47
5227,Mau Summit,mau-summit,2024,Mau Summit,479,114,RFT,6914,3525,3389,1659,24.85,278.24
5228,Sarambei,sarambei,2024,Mau Summit,479,114,RFT,6269,3221,3048,1400,19.61,319.63
5229,Setkotes,setkotes,2025,Sirikwa,479,114,RFT,7173,3488,3685,1794,25.35,282.93
5230,Sirikwa,sirikwa,2025,Sirikwa,479,114,RFT,9869,4959,4910,2129,38.06,259.29
5231,Baraget,baraget,2026,Chebara,480,114,RFT,1849,918,931,323,10.89,169.72
5232,Chebara,chebara,2026,Chebara,480,114,RFT,3122,1518,1604,584,14.23,219.38
5233,Chemaner,chemaner,2027,Chemaner,480,114,RFT,2715,1312,1403,541,14.06,193.03
5234,Chepalungu,chepalungu,2027,Chemaner,480,114,RFT,3874,1959,1915,799,23.97,161.6
5235,Kapsimbeiywo,kapsimbeiywo,2028,Kapsimbeiywo,480,114,RFT,5189,2537,2652,978,25.41,204.2
5236,Keringet,keringet,2029,Keringet,480,114,RFT,3953,1972,1981,906,15.19,260.27
5237,Mellimet,mellimet,2029,Keringet,480,114,RFT,8515,4329,4186,1879,35.86,237.48
5238,Siwot,siwot,2029,Keringet,480,114,RFT,2921,1493,1428,586,16.89,172.9
5239,Kipsonoi,kipsonoi,2030,Kipsonoi,480,114,RFT,1233,610,623,241,8.8,140.12
5240,Tegat,tegat,2030,Kipsonoi,480,114,RFT,3167,1647,1520,651,13.02,243.23
5241,Langwenda,langwenda,2031,Nyota,480,114,RFT,5475,2752,2723,1070,29.09,188.21
5242,Nyota,nyota,2031,Nyota,480,114,RFT,6351,3206,3145,1341,24.78,256.25
5243,Olbumbu,olbumbu,2031,Nyota,480,114,RFT,6072,3018,3054,1435,20.48,296.52
5244,Ribot,ribot,2032,Silibwet,480,114,RFT,1498,769,729,289,10.66,140.59
5245,Silibwet,silibwet,2032,Silibwet,480,114,RFT,2102,1075,1027,361,23.61,89.04
5246,Cheptagum,cheptagum,2033,Tenoyetta,480,114,RFT,3481,1763,1718,800,18.16,191.67
5247,Ikumbi,ikumbi,2033,Tenoyetta,480,114,RFT,3263,1689,1574,702,22.6,144.36
5248,Murgiyeny,murgiyeny,2033,Tenoyetta,480,114,RFT,2420,1225,1195,502,16.61,145.67
5249,Kapnanda,kapnanda,2034,Tinet,480,114,RFT,17026,8647,8379,3512,97.44,174.73
5250,Tinet,tinet,2034,Tinet,480,114,RFT,10992,5628,5364,2346,60.67,181.18
5251,Chemare,chemare,2035,Kiptoro,481,114,RFT,13611,6858,6753,2789,101.24,134.44
5252,Chematich,chematich,2035,Kiptoro,481,114,RFT,5394,2694,2700,1150,26.2,205.84
5253,Kipkewa,kipkewa,2036,Kuresoi,481,114,RFT,4641,2309,2332,938,22.38,207.37
5254,Kongoi,kongoi,2036,Kuresoi,481,114,RFT,5192,2656,2536,979,17.08,304.05
5255,Kuresoi,kuresoi,2036,Kuresoi,481,114,RFT,4110,2066,2044,906,23.54,174.58
5256,Lulukwet,lulukwet,2037,Mkulima,481,114,RFT,4078,2158,1920,998,21.34,191.06
5257,Mawingu,mawingu,2037,Mkulima,481,114,RFT,2777,1443,1334,597,17.54,158.37
5258,Soliat,soliat,2038,Tulwet,481,114,RFT,5538,2864,2674,1271,24.9,222.42
5259,Tulwet,tulwet,2038,Tulwet,481,114,RFT,4642,2354,2288,920,24.91,186.38
5260,Bagaria,bagaria,2039,Bagaria,482,114,RFT,5596,2670,2926,1319,23.23,240.93
5261,Kapyemit,kapyemit,2039,Bagaria,482,114,RFT,1509,723,786,355,8.66,174.21
5262,Milimani,milimani,2039,Bagaria,482,114,RFT,1008,484,524,227,8.65,116.5
5263,Gichobo,gichobo,2040,Gichobo,482,114,RFT,2809,1374,1435,661,10.99,255.48
5264,Sinendet,sinendet,2040,Gichobo,482,114,RFT,3330,1606,1724,757,12.41,268.24
5265,Lare,lare,2041,Lare,482,114,RFT,6559,3152,3407,1567,26.03,251.97
5266,Ndulele,ndulele,2041,Lare,482,114,RFT,3226,1615,1611,688,9.45,341.31
5267,Naishi,naishi,2042,Naishi,482,114,RFT,3846,1887,1959,801,26.35,145.98
5268,Pwani,pwani,2042,Naishi,482,114,RFT,1938,988,950,457,13.36,145.07
5269,Kianjoya,kianjoya,2043,Mau Narok,483,114,RFT,4630,2232,2398,1088,17.88,258.93
5270,Siapei,siapei,2043,Mau Narok,483,114,RFT,30799,15302,15497,7638,141.41,217.8
5271,Kiptulel,kiptulel,2044,Sururu,483,114,RFT,8956,4529,4427,1753,25.21,355.23
5272,Chebitet,chebitet,2045,Kapkembu,484,114,RFT,3066,1525,1541,632,12.2,251.25
5273,Kapkembu,kapkembu,2045,Kapkembu,484,114,RFT,2859,1470,1389,545,11.52,248.17
5274,Mauche,mauche,2046,Mauche,484,114,RFT,2818,1424,1394,563,10.63,265.09
5275,Tachasis,tachasis,2046,Mauche,484,114,RFT,1819,908,911,336,30.18,60.26
5276,Lelenchnet,lelenchnet,2047,Teret,484,114,RFT,3875,2003,1872,738,26.53,146.05
5277,Teret,teret,2047,Teret,484,114,RFT,3552,1788,1764,679,45.24,78.52
5278,Loitepes,loitepes,2048,Tuiyotich,484,114,RFT,4721,2352,2369,972,17.6,268.26
5279,Siriat,siriat,2048,Tuiyotich,484,114,RFT,2378,1227,1151,529,5.37,443.05
5280,Matumaini,matumaini,2049,Molo,485,114,RFT,2671,1324,1347,645,7.79,342.97
5281,Molo,molo,2049,Molo,485,114,RFT,32315,15702,16613,8664,22.72,1422.6
5282,Kabianga,kabianga,2050,Sachangwany,485,114,RFT,2858,1458,1400,636,10.17,281.05
5283,Sachangwany,sachangwany,2050,Sachangwany,485,114,RFT,5254,2646,2608,1215,17.51,300.11
5284,Kihingo,kihingo,2051,Kihingo,486,114,RFT,10694,5168,5526,2579,21.6,495.14
5285,Lusiruo,lusiruo,2051,Kihingo,486,114,RFT,3954,1858,2096,909,12.78,309.5
5286,Misepei,misepei,2052,Nessuit,486,114,RFT,1986,1019,967,394,17.72,112.08
5287,Nessuit,nessuit,2052,Nessuit,486,114,RFT,7272,3687,3585,1469,43.59,166.83
5288,Sigotik,sigotik,2052,Nessuit,486,114,RFT,4230,2223,2007,881,13.86,305.14
5289,Mukungugu,mukungugu,2053,Njoro,486,114,RFT,11080,5559,5521,2899,19.57,566.09
5290,Njoro,njoro,2053,Njoro,486,114,RFT,39670,19591,20079,10149,90.03,440.65
5291,Amalo,amalo,2054,Amalo,487,114,RFT,4679,2409,2270,1062,18.9,247.62
5292,Kiptaragon,kiptaragon,2054,Amalo,487,114,RFT,4179,2139,2040,973,15.26,273.8
5293,Cheptuech,cheptuech,2055,Cheptuech,487,114,RFT,2348,1197,1151,456,10.67,220.13
5294,Irongo,irongo,2055,Cheptuech,487,114,RFT,2029,1038,991,390,8.81,230.36
5295,Emitik,emitik,2056,Emitik,487,114,RFT,2704,1334,1370,522,9.83,275.02
5296,Kabagunot,kabagunot,2056,Emitik,487,114,RFT,2148,1080,1068,417,9.2,233.47
5297,Chepakundi,chepakundi,2057,Kaplamai,487,114,RFT,5278,2679,2599,995,23.96,220.31
5298,Kiplamai,kiplamai,2057,Kaplamai,487,114,RFT,5550,2788,2762,1090,22.46,247.13
5299,Arorwet,arorwet,2058,Kiptagich,487,114,RFT,6903,3666,3237,1634,40.98,168.44
5300,Chebotoi,chebotoi,2058,Kiptagich,487,114,RFT,1977,941,1036,440,10.45,189.17
5301,Kiptagich,kiptagich,2058,Kiptagich,487,114,RFT,5396,2869,2527,1428,11.44,471.69
5302,Ainamoi,ainamoi,2059,Sinendet,487,114,RFT,1555,801,754,332,7.74,200.97
5303,Koisegut,koisegut,2059,Sinendet,487,114,RFT,1133,557,576,207,4.91,230.62
5304,Sinendet,sinendet,2059,Sinendet,487,114,RFT,1400,720,680,289,6.98,200.57
5305,Kiambogo,kiambogo,2060,Kiambogo,488,115,RFT,13931,6964,6967,3206,134.34,103.7
5306,Kongasis,kongasis,2060,Kiambogo,488,115,RFT,9631,4897,4734,2309,279.78,34.42
5307,Elementaita,elementaita,2061,Miti Mingi,488,115,RFT,13573,6657,6916,3337,78.81,172.22
5308,Eburu,eburu,2062,Gilgil,489,115,RFT,7161,3394,3767,1553,245.94,29.12
5309,Gilgil,gilgil,2062,Gilgil,489,115,RFT,47603,25498,22105,11904,84.31,564.64
5310,Mbaruk,mbaruk,2062,Gilgil,489,115,RFT,16603,8097,8506,4197,95.34,174.15
5311,Karunga,karunga,2063,Karunga,489,115,RFT,21685,10850,10835,5355,155.92,139.08
5312,Kongoni,kongoni,2064,Maiela,490,115,RFT,4104,2054,2050,1209,86.33,47.54
5313,Maiela,maiela,2064,Maiela,490,115,RFT,9220,4416,4804,2124,41.89,220.07
5314,Kipkonyo,kipkonyo,2065,Moi Ndabi,490,115,RFT,2524,1289,1235,612,122.39,20.62
5315,Moi Ndabi,moi-ndabi,2065,Moi Ndabi,490,115,RFT,3252,1647,1605,952,45.48,71.5
5316,Ndabibi,ndabibi,2066,Ndabibi,490,115,RFT,8398,4527,3871,2361,131.69,63.77
5317,Longonot,longonot,2067,Longonot,491,115,RFT,4715,2337,2378,1096,151.53,31.12
5318,Munyu,munyu,2067,Longonot,491,115,RFT,8750,4266,4484,2027,38.77,225.67
5319,Kijabe,kijabe,2068,Mai Mahiu,491,115,RFT,20230,10122,10108,5658,104.04,194.44
5320,Satelite,satelite,2068,Mai Mahiu,491,115,RFT,4851,2557,2294,880,288.53,16.81
5321,Mirera,mirera,2069,Hells Gate,492,115,RFT,39209,19554,19655,12953,91.16,430.09
5322,Olkaria,olkaria,2069,Hells Gate,492,115,RFT,25437,13011,12426,9194,345.53,73.62
5323,Gatamaiyu,gatamaiyu,2070,Karati,492,115,RFT,4914,2465,2449,1199,83.57,58.8
5324,Karati,karati,2070,Karati,492,115,RFT,8302,5094,3208,1409,37.56,221.04
5325,Lake View,lake-view,2071,Lake View,492,115,RFT,20082,9950,10132,6714,16.55,1213.15
5326,Tarambete,tarambete,2072,Malewa,492,115,RFT,8699,4432,4267,2845,152.9,56.89
5327,Kinamba,kinamba,2073,Naivasha East,492,115,RFT,9135,4504,4631,2314,34.25,266.74
5328,Maraingushu,maraingushu,2073,Naivasha East,492,115,RFT,12134,5996,6138,2807,52.07,233.03
5329,Mununga,mununga,2073,Naivasha East,492,115,RFT,6557,3187,3370,1446,30.12,217.68
5330,Sokoni,sokoni,2074,Naivasha Town,492,115,RFT,45543,22317,23226,15657,105.81,430.43
5331,Bahati,bahati,2075,Bahati,493,116,RFT,10413,4911,5502,2663,15.9,655.06
5332,Chania,chania,2075,Bahati,493,116,RFT,5931,2916,3015,1283,27.31,217.16
5333,Mutukanio,mutukanio,2075,Bahati,493,116,RFT,8139,3944,4195,1799,14.08,578.06
5334,Kabatini,kabatini,2076,Kabatini,493,116,RFT,17937,8776,9161,4189,20.39,879.76
5335,Thayu,thayu,2076,Kabatini,493,116,RFT,5730,2851,2879,1352,17.98,318.6
5336,Wendo,wendo,2076,Kabatini,493,116,RFT,5962,2910,3052,1395,23.66,252.02
5337,Kiamaina,kiamaina,2077,Kiamaina,493,116,RFT,11327,5585,5742,3040,43.79,258.69
5338,Rurii,rurii,2077,Kiamaina,493,116,RFT,10382,5114,5268,2738,5.5,1886.06
5339,Workers,workers,2077,Kiamaina,493,116,RFT,9636,4572,5064,2661,2.83,3409.65
5340,Kirima,kirima,2078,Ndungiri /Kirima,493,116,RFT,5115,2570,2545,1122,29.85,171.35
5341,Ndungiri,ndungiri,2078,Ndungiri /Kirima,493,116,RFT,4174,2103,2071,1022,46.71,89.35
5342,Wanyororo,wanyororo,2078,Ndungiri /Kirima,493,116,RFT,6482,3229,3253,1523,21.23,305.36
5343,Dundori,dundori,2079,Dundori,494,116,RFT,7604,3695,3909,1908,26.11,291.26
5344,Githioro,githioro,2079,Dundori,494,116,RFT,6160,2973,3187,1513,12.49,493.39
5345,Mugwathi,mugwathi,2079,Dundori,494,116,RFT,10552,5119,5433,2361,16.3,647.48
5346,Mereroni,mereroni,2080,Lanet / Umoja,494,116,RFT,7497,3758,3739,1888,33.66,222.73
5347,Muruyu,muruyu,2080,Lanet / Umoja,494,116,RFT,20514,9881,10633,5068,16.53,1241.06
5348,Kabazi,kabazi,2081,Kabazi,495,116,RFT,6813,3268,3545,1567,13.01,523.84
5349,Magomano,magomano,2081,Kabazi,495,116,RFT,4532,2159,2373,1007,22.43,202.06
5350,Munanda,munanda,2081,Kabazi,495,116,RFT,8368,4137,4231,1874,29.41,284.55
5351,Rugongo,rugongo,2081,Kabazi,495,116,RFT,8155,3951,4204,1855,77.51,105.21
5352,Kianoe,kianoe,2082,Subukia Central,496,116,RFT,2967,1481,1486,677,12.82,231.47
5353,Mihango,mihango,2082,Subukia Central,496,116,RFT,3707,1832,1875,833,11.94,310.48
5354,Wei,wei,2082,Subukia Central,496,116,RFT,4252,2139,2113,1024,14.62,290.88
5355,Arashi,arashi,2083,Subukia,496,116,RFT,6559,3240,3319,1437,15.78,415.64
5356,Subukia East,subukia-east,2083,Subukia,496,116,RFT,9230,4381,4849,2559,7.02,1314.59
5357,Tetu,tetu,2083,Subukia,496,116,RFT,3553,1821,1732,866,14.47,245.5
5358,Baruti,baruti,2084,Baruti,497,117,RFT,2819,1427,1392,639,2.99,944.33
5359,Kelelwet,kelelwet,2084,Baruti,497,117,RFT,1675,864,811,342,7.78,215.24
5360,Parkview,parkview,2084,Baruti,497,117,RFT,2287,1226,1061,503,6.59,347.17
5361,Ingobor,ingobor,2085,Kapkures,497,117,RFT,1783,996,787,362,12.56,141.98
5362,Lalwet,lalwet,2085,Kapkures,497,117,RFT,1936,961,975,398,4.55,425.06
5363,Mogoon,mogoon,2085,Kapkures,497,117,RFT,5237,2630,2607,1213,8.88,589.43
5364,Kampi ya Moto,kampi-ya-moto,2086,Kampi ya Moto,498,117,RFT,3023,1508,1515,806,13.46,224.57
5365,Kapsetek,kapsetek,2086,Kampi ya Moto,498,117,RFT,1971,1011,960,403,35.54,55.46
5366,Athinai,athinai,2087,Makongeni,498,117,RFT,5535,2840,2695,1264,52.36,105.71
5367,Lomolo,lomolo,2087,Makongeni,498,117,RFT,4696,2494,2202,1313,68.44,68.62
5368,Makutano,makutano,2088,Makutano,498,117,RFT,2435,1252,1183,505,24.94,97.63
5369,Morop,morop,2088,Makutano,498,117,RFT,2653,1358,1295,605,33.28,79.72
5370,Barina,barina,2089,Ol Rongai,498,117,RFT,1585,803,782,336,23.63,67.08
5371,Menengai,menengai,2089,Ol Rongai,498,117,RFT,5426,2856,2570,1324,48.2,112.58
5372,Lake Nakuru Nat. Park,lake-nakuru-nat-park,2090,Lake Nakuru Nat. Park,499,117,RFT,623,388,235,87,178.18,3.5
5373,Free Area,free-area,2091,Free Area,500,117,RFT,16119,8023,8096,5070,2.46,6551.64
5374,Kiratina,kiratina,2091,Free Area,500,117,RFT,14254,7312,6942,4239,4.06,3509.2
5375,Menengai,menengai,2091,Free Area,500,117,RFT,18672,8892,9780,5139,6.87,2716.36
5376,Kiamunyeki,kiamunyeki,2092,Lanet,500,117,RFT,4467,2644,1823,793,4.97,899.3
5377,Muguga,muguga,2092,Lanet,500,117,RFT,4872,2445,2427,1370,2.88,1694.08
5378,Mwariki B,mwariki-b,2092,Lanet,500,117,RFT,9937,4782,5155,2486,15.46,642.86
5379,Simboiyon,simboiyon,2093,Manyatta,501,117,RFT,4082,2015,2067,823,24,170.08
5380,Wiumiririe,wiumiririe,2093,Manyatta,501,117,RFT,3068,1530,1538,637,21.48,142.8
5381,Gitundaga,gitundaga,2094,Mwitethia,501,117,RFT,3620,1793,1827,828,35.65,101.54
5382,Koisamo,koisamo,2094,Mwitethia,501,117,RFT,2864,1463,1401,622,49.08,58.35
5383,Lari,lari,2095,Waseges,501,117,RFT,5649,2753,2896,1227,33.41,169.07
5384,Nyamamithi,nyamamithi,2095,Waseges,501,117,RFT,2454,1197,1257,573,41.44,59.22
5385,Afraha,afraha,2096,Bondeni,502,117,RFT,18838,8916,9922,5162,2.92,6456.01
5386,Baharini,baharini,2096,Bondeni,502,117,RFT,17078,8354,8724,4829,2.62,6506.4
5387,Kivumbini,kivumbini,2096,Bondeni,502,117,RFT,20574,10221,10353,6148,2.2,9347.99
5388,Langalanga,langalanga,2096,Bondeni,502,117,RFT,31733,14990,16743,9674,1.68,18889.81
5389,Milimani,milimani,2096,Bondeni,502,117,RFT,6432,3222,3210,1640,10.2,630.63
5390,Githima,githima,2097,Kaptembwo,502,117,RFT,17989,8653,9336,5182,2.36,7634.43
5391,Kaptembwo,kaptembwo,2097,Kaptembwo,502,117,RFT,70352,38013,32339,23200,5.13,13709.56
5392,Mwariki,mwariki,2097,Kaptembwo,502,117,RFT,24596,12045,12551,8022,1.11,22146.59
5393,London,london,2098,Viwanda,502,117,RFT,12955,7500,5455,3315,6.27,2065.17
5394,Viwanda,viwanda,2098,Viwanda,502,117,RFT,4196,2061,2135,1297,4.44,946
5395,Mercy Njeri,mercy-njeri,2099,Kiamunyi,503,117,RFT,5715,2870,2845,1544,37.64,151.83
5396,Olive,olive,2099,Kiamunyi,503,117,RFT,6468,3179,3289,1671,13.2,490.03
5397,Kamugei,kamugei,2100,Menengai,503,117,RFT,3787,1914,1873,884,18.64,203.16
5398,Mangu,mangu,2100,Menengai,503,117,RFT,6485,3268,3217,1707,38.7,167.59
5399,Kirobon,kirobon,2101,Ngata,503,117,RFT,3115,1552,1563,785,21.12,147.48
5400,Ngata,ngata,2101,Ngata,503,117,RFT,3544,1878,1666,964,18.7,189.47
5401,Milimani,milimani,2102,Ogilgei,503,117,RFT,1600,834,766,390,29.9,53.51
5402,Ogilgei,ogilgei,2102,Ogilgei,503,117,RFT,3956,2043,1913,879,12.63,313.33
5403,Migaa,migaa,2103,Piave,503,117,RFT,4506,2210,2296,1004,8.54,527.46
5404,Subuku,subuku,2103,Piave,503,117,RFT,2173,1089,1084,468,6.32,344.1
5405,Chepseon,chepseon,2104,Boror,504,117,RFT,8192,4090,4102,2296,14.59,561.58
5406,Matuiku,matuiku,2104,Boror,504,117,RFT,2397,1225,1172,542,17.69,135.51
5407,Boito,boito,2105,Lengenet,504,117,RFT,1790,948,842,445,26.87,66.61
5408,Lengenet,lengenet,2105,Lengenet,504,117,RFT,5865,2931,2934,1207,26.71,219.56
5409,Moricho,moricho,2105,Lengenet,504,117,RFT,3922,2025,1897,839,20.22,193.98
5410,Gicheha,gicheha,2106,Rongai,504,117,RFT,2793,1469,1324,856,35.78,78.06
5411,Umoja,umoja,2106,Rongai,504,117,RFT,3380,1700,1680,988,22.28,151.73
5412,Mimwaita,mimwaita,2107,Summek,504,117,RFT,1470,718,752,333,12.37,118.88
5413,Summek,summek,2107,Summek,504,117,RFT,2773,1351,1422,619,19.17,144.68
5414,Kandutura,kandutura,2108,Visoi,504,117,RFT,5756,2835,2921,1324,22.95,250.81
5415,Kapkwen,kapkwen,2108,Visoi,504,117,RFT,4839,2426,2413,1118,36.54,132.42
5416,Kokwomoi,kokwomoi,2109,Banita,505,117,RFT,3896,2013,1883,891,32.1,121.37
5417,Majani Mingi,majani-mingi,2109,Banita,505,117,RFT,2198,1159,1039,554,22.32,98.49
5418,Chemamis,chemamis,2110,Maji Tamu,505,117,RFT,2822,1352,1470,545,23.51,120.01
5419,Marangishu,marangishu,2110,Maji Tamu,505,117,RFT,2283,1125,1158,444,15.62,146.16
5420,Arusto,arusto,2111,Ruyobei,505,117,RFT,1988,979,1009,349,26.91,73.89
5421,Lower Solai,lower-solai,2111,Ruyobei,505,117,RFT,3778,1855,1923,679,36.73,102.87
5422,Arutan,arutan,2112,Solai,505,117,RFT,2678,1373,1305,593,27.51,97.33
5423,Nyadundo,nyadundo,2112,Solai,505,117,RFT,7282,3687,3595,1770,32.87,221.54
5424,Ruiru,ruiru,2112,Solai,505,117,RFT,3352,1694,1658,777,15.09,222.13
5425,Baraton,baraton,2113,Chemundu,506,118,RFT,14169,7054,7115,3092,38.2,370.96
5426,Cheboite,cheboite,2114,Chepkumia,506,118,RFT,9706,4691,5015,1917,23.02,421.64
5427,Chepkumia,chepkumia,2114,Chepkumia,506,118,RFT,11577,5766,5811,2367,63.97,180.97
5428,Kamobo,kamobo,2115,Kamobo,506,118,RFT,8070,4060,4010,1821,37.73,213.87
5429,Kamurguiwa,kamurguiwa,2115,Kamobo,506,118,RFT,3994,1965,2029,908,8.25,483.85
5430,Kamoiywo,kamoiywo,2116,Kamoiywo,506,118,RFT,2978,1502,1476,565,10.88,273.73
5431,Kimngeru,kimngeru,2116,Kamoiywo,506,118,RFT,4683,2357,2326,838,19.32,242.38
5432,Saniak,saniak,2116,Kamoiywo,506,118,RFT,3518,1758,1760,632,18.69,188.21
5433,Chepsonoi,chepsonoi,2117,Kapkangani,506,118,RFT,7247,3416,3831,1572,9.92,730.2
5434,Kiborgok,kiborgok,2117,Kapkangani,506,118,RFT,7719,3750,3969,1590,21.1,365.76
5435,Tindinyo,tindinyo,2117,Kapkangani,506,118,RFT,9028,4454,4574,1973,12.22,738.84
5436,Kapngetuny,kapngetuny,2118,Kapsabet,506,118,RFT,7240,3604,3636,1942,5.86,1234.82
5437,Kapsabet Township,kapsabet-township,2118,Kapsabet,506,118,RFT,13228,6868,6360,3688,8.49,1558.14
5438,Chepkober,chepkober,2119,Kapsisiywa,506,118,RFT,991,498,493,198,5.42,182.7
5439,Sironoi,sironoi,2119,Kapsisiywa,506,118,RFT,779,411,368,153,2.73,285.41
5440,Talai,talai,2119,Kapsisiywa,506,118,RFT,1908,968,940,348,8.24,231.65
5441,Kaptel,kaptel,2120,Kaptel,506,118,RFT,7592,3893,3699,1459,34.49,220.09
5442,Kaptildil,kaptildil,2121,Kaptildil,506,118,RFT,4221,2152,2069,863,18.11,233.08
5443,Kiminda,kiminda,2122,Kiminda,506,118,RFT,5230,2664,2566,1007,13.53,386.51
5444,Meswo,meswo,2122,Kiminda,506,118,RFT,9434,4384,5050,2011,14.71,641.44
5445,Kapchorwa,kapchorwa,2123,Kiptuiya,506,118,RFT,11410,5460,5950,2309,36.55,312.15
5446,Kaptobongen,kaptobongen,2123,Kiptuiya,506,118,RFT,6693,3234,3459,1461,13.4,499.4
5447,Kiptuiya,kiptuiya,2123,Kiptuiya,506,118,RFT,6776,3193,3583,1429,21.4,316.7
5448,Kombe,kombe,2124,Kombe,506,118,RFT,8926,4541,4385,1787,49.84,179.1
5449,Arwos,arwos,2125,Arwos,507,118,RFT,1773,909,864,336,6.28,282.41
5450,Kaptendon,kaptendon,2125,Arwos,507,118,RFT,1437,705,732,265,3.79,379.37
5451,Tiryo,tiryo,2125,Arwos,507,118,RFT,1975,996,979,347,4.9,403.25
5452,Chesuwe,chesuwe,2126,Kabirirsang,507,118,RFT,1729,874,855,385,3.71,465.45
5453,Kabirirsang,kabirirsang,2126,Kabirirsang,507,118,RFT,1404,695,709,249,3.97,353.41
5454,Underit,underit,2126,Kabirirsang,507,118,RFT,1306,680,626,250,3.23,404.51
5455,Kapchemoiywo,kapchemoiywo,2127,Kaplamai,507,118,RFT,1976,951,1025,405,5.09,387.95
5456,Kaplamai,kaplamai,2127,Kaplamai,507,118,RFT,1899,935,964,336,4.79,396.09
5457,Kapsumbeiywo,kapsumbeiywo,2127,Kaplamai,507,118,RFT,1493,725,768,300,4.58,326.3
5458,Kaptagunyo,kaptagunyo,2127,Kaplamai,507,118,RFT,1291,652,639,234,5.16,250.07
5459,Kaplonyo,kaplonyo,2128,Kilibwoni,507,118,RFT,1438,730,708,259,5.6,256.58
5460,Kapnyeberai,kapnyeberai,2128,Kilibwoni,507,118,RFT,2177,1037,1140,421,7.76,280.46
5461,Kilibwoni,kilibwoni,2128,Kilibwoni,507,118,RFT,2004,1026,978,413,6.88,291.22
5462,Kapkeruge,kapkeruge,2129,Kipsigak,507,118,RFT,1417,692,725,266,3.66,387.01
5463,Kipsigak,kipsigak,2129,Kipsigak,507,118,RFT,2192,1181,1011,447,4.74,462
5464,Kipsitoi,kipsitoi,2129,Kipsigak,507,118,RFT,2330,1164,1166,492,5.8,401.95
5465,Irimis,irimis,2130,Kipture,507,118,RFT,1393,691,702,300,3.33,418.39
5466,Kimaam,kimaam,2130,Kipture,507,118,RFT,1497,754,743,316,2.79,536.92
5467,Kipture,kipture,2130,Kipture,507,118,RFT,2874,1455,1419,554,7.14,402.71
5468,Kabore,kabore,2131,Lolminingai,507,118,RFT,1396,677,719,260,5.33,261.96
5469,Kiplolok,kiplolok,2131,Lolminingai,507,118,RFT,1504,741,763,274,7.93,189.7
5470,Lolminingai,lolminingai,2131,Lolminingai,507,118,RFT,1177,597,580,226,4.06,289.61
5471,Ndubeneti,ndubeneti,2131,Lolminingai,507,118,RFT,1554,777,777,297,7.79,199.51
5472,Emdin,emdin,2132,Terige,507,118,RFT,1045,505,540,194,3.57,292.81
5473,Songoliet,songoliet,2132,Terige,507,118,RFT,2136,1082,1054,405,7.98,267.8
5474,Terige,terige,2132,Terige,507,118,RFT,1571,965,606,250,3.75,418.81
5475,Kapchesir,kapchesir,2133,Tulon,507,118,RFT,1503,746,757,292,10.83,138.81
5476,Kapchumba,kapchumba,2133,Tulon,507,118,RFT,1140,545,595,228,5.28,215.9
5477,Kiptenden,kiptenden,2133,Tulon,507,118,RFT,958,474,484,174,7.85,122.08
5478,Tulon,tulon,2133,Tulon,507,118,RFT,1256,613,643,236,6.14,204.46
5479,Chepterit,chepterit,2134,Chepterit,508,118,RFT,3065,1537,1528,689,6.34,483.29
5480,Kamonjil,kamonjil,2134,Chepterit,508,118,RFT,3323,1618,1705,678,6.4,518.98
5481,Segut,segut,2134,Chepterit,508,118,RFT,2711,1138,1573,481,7.01,386.73
5482,Belekenya,belekenya,2135,Kosirai,508,118,RFT,1545,777,768,313,8.79,175.85
5483,Kosirai,kosirai,2135,Kosirai,508,118,RFT,2208,1015,1193,391,8.03,275.07
5484,Ndaptabwa,ndaptabwa,2135,Kosirai,508,118,RFT,2240,1091,1149,466,8.08,277.29
5485,Chebarus,chebarus,2136,Chebarus,509,119,RFT,1027,516,511,206,2.56,401.93
5486,Cheboin,cheboin,2136,Chebarus,509,119,RFT,2475,1320,1155,641,6.91,358.28
5487,Chepsangor,chepsangor,2136,Chebarus,509,119,RFT,1073,558,515,220,6.83,157.09
5488,Kiptegat,kiptegat,2136,Chebarus,509,119,RFT,1032,546,486,187,5.95,173.39
5489,Chemilil,chemilil,2137,Chemilil,509,119,RFT,2392,1265,1127,518,23.31,102.61
5490,Kimwani,kimwani,2137,Chemilil,509,119,RFT,1423,746,677,337,24.39,58.35
5491,Tambul,tambul,2137,Chemilil,509,119,RFT,1953,938,1015,387,12.65,154.36
5492,Chemomi,chemomi,2138,Chemomi,509,119,RFT,2271,1147,1124,566,7.61,298.55
5493,Kirondio,kirondio,2138,Chemomi,509,119,RFT,2169,1171,998,660,9.62,225.55
5494,Soiyet,soiyet,2138,Chemomi,509,119,RFT,1789,959,830,464,7.68,232.82
5495,Barasendu,barasendu,2139,Chepsire,509,119,RFT,2286,1179,1107,604,11.82,193.42
5496,Chepsire,chepsire,2139,Chepsire,509,119,RFT,2359,1225,1134,629,8.62,273.74
5497,Cheptililik,cheptililik,2140,Cheptililik,509,119,RFT,1218,626,592,282,4.16,292.93
5498,Kapkoros,kapkoros,2140,Cheptililik,509,119,RFT,1091,533,558,207,1.87,584.61
5499,Kaptien,kaptien,2140,Cheptililik,509,119,RFT,1179,564,615,256,4.44,265.29
5500,Kapchorwa,kapchorwa,2141,Kapchorwa,509,119,RFT,2076,1107,969,539,5.86,354.39
5501,Kelbui,kelbui,2141,Kapchorwa,509,119,RFT,2138,1091,1047,445,5.02,425.9
5502,Kipkorom,kipkorom,2141,Kapchorwa,509,119,RFT,1720,890,830,454,5.35,321.31
5503,Serengonik Forest,serengonik-forest,2141,Kapchorwa,509,119,RFT,7,3,4,2,107.31,0.07
5504,Sirwa,sirwa,2141,Kapchorwa,509,119,RFT,2652,1364,1288,606,9.71,273.21
5505,Kaplelmet,kaplelmet,2142,Kaplelmet,509,119,RFT,1881,957,924,416,2.52,746.4
5506,Ketbarak,ketbarak,2142,Kaplelmet,509,119,RFT,5501,2715,2786,1399,7.18,765.74
5507,Keteng,keteng,2142,Kaplelmet,509,119,RFT,1624,813,811,334,3.35,484.63
5508,Kimolonik,kimolonik,2142,Kaplelmet,509,119,RFT,1176,564,612,227,2.71,434.49
5509,Matema,matema,2142,Kaplelmet,509,119,RFT,874,418,456,154,2.81,310.51
5510,Chematich,chematich,2143,Kapsimatwo,509,119,RFT,2155,1139,1016,429,11.18,192.68
5511,Kapsimatwo,kapsimatwo,2143,Kapsimatwo,509,119,RFT,3654,1905,1749,831,10.81,338.16
5512,Kibwareng,kibwareng,2143,Kapsimatwo,509,119,RFT,1313,682,631,313,5.92,221.87
5513,Kabote,kabote,2144,Kipsebwo,509,119,RFT,745,388,357,174,2.41,309.23
5514,Kalel,kalel,2144,Kipsebwo,509,119,RFT,1037,547,490,251,2.85,363.74
5515,Kipsebwo,kipsebwo,2144,Kipsebwo,509,119,RFT,1097,545,552,257,1.48,739.87
5516,Kosoiywo,kosoiywo,2145,Kosoiywo,509,119,RFT,965,473,492,202,4.34,222.33
5517,Samoei,samoei,2145,Kosoiywo,509,119,RFT,1023,501,522,195,1.98,515.89
5518,Sinendet,sinendet,2145,Kosoiywo,509,119,RFT,1375,670,705,312,1.73,793.19
5519,Kipkeigei,kipkeigei,2146,Mogobich,509,119,RFT,1219,652,567,299,11.8,103.27
5520,Kipkoimet,kipkoimet,2146,Mogobich,509,119,RFT,2071,1155,916,551,8.82,234.76
5521,Mogobich,mogobich,2146,Mogobich,509,119,RFT,1556,824,732,389,12.96,120.03
5522,Kapngetuny,kapngetuny,2147,Nandi Hills,509,119,RFT,4320,2237,2083,1374,1.31,3306.04
5523,Kipsamoo,kipsamoo,2147,Nandi Hills,509,119,RFT,0,0,0,0,3.64,0
5524,Tururo,tururo,2147,Nandi Hills,509,119,RFT,0,0,0,0,0.93,0
5525,Chepkoiyo,chepkoiyo,2148,Siret,509,119,RFT,1883,928,955,428,5.85,321.74
5526,Cheptabach,cheptabach,2148,Siret,509,119,RFT,744,405,339,173,8.25,90.19
5527,Siret,siret,2148,Siret,509,119,RFT,2059,1072,987,518,8.26,249.27
5528,Temso,temso,2148,Siret,509,119,RFT,3810,1911,1899,896,2.74,1388.48
5529,Kapkembur,kapkembur,2149,Taito,509,119,RFT,742,361,381,141,3.44,215.68
5530,Kipchamo,kipchamo,2149,Taito,509,119,RFT,3910,2086,1824,994,7.25,539.52
5531,Taito,taito,2149,Taito,509,119,RFT,951,488,463,227,2.32,410.67
5532,Kapkorio,kapkorio,2150,Tartar,509,119,RFT,3132,1680,1452,882,8.48,369.45
5533,Tartar,tartar,2150,Tartar,509,119,RFT,2016,1084,932,556,8.18,246.46
5534,Chepkunyuk,chepkunyuk,2151,Chepkunyuk,510,119,RFT,2868,1468,1400,678,4.32,663.29
5535,Kapchuryai,kapchuryai,2151,Chepkunyuk,510,119,RFT,1560,775,785,295,5.4,289.07
5536,Kipsergech,kipsergech,2151,Chepkunyuk,510,119,RFT,558,285,273,111,0.92,606.32
5537,Nduroto,nduroto,2151,Chepkunyuk,510,119,RFT,700,335,365,133,1.89,370.19
5538,Kibabet,kibabet,2152,Kibabet,510,119,RFT,649,324,325,133,2.4,269.96
5539,Kibiok,kibiok,2152,Kibabet,510,119,RFT,413,191,222,96,1.34,308.12
5540,Kipkoror,kipkoror,2152,Kibabet,510,119,RFT,2104,1037,1067,383,4.77,440.74
5541,Chepngetuny,chepngetuny,2153,Koilot,510,119,RFT,898,457,441,204,2.89,310.28
5542,Cheptuingeny,cheptuingeny,2153,Koilot,510,119,RFT,2311,1149,1162,519,9.1,253.92
5543,Keben,keben,2153,Koilot,510,119,RFT,3094,1567,1527,577,10.73,288.39
5544,Koilot,koilot,2153,Koilot,510,119,RFT,2169,1103,1066,424,8.37,259.01
5545,Sigirai,sigirai,2153,Koilot,510,119,RFT,2243,1139,1104,494,10.1,222.06
5546,Lelwak,lelwak,2154,Lelwak,510,119,RFT,1904,941,963,407,6.72,283.14
5547,Oldoldol,oldoldol,2154,Lelwak,510,119,RFT,926,455,471,185,1.82,508.43
5548,Tigityo,tigityo,2154,Lelwak,510,119,RFT,768,379,389,146,4.05,189.49
5549,Kapkorio,kapkorio,2155,Ollessos,510,119,RFT,1172,604,568,271,2.29,510.76
5550,Mogoon,mogoon,2155,Ollessos,510,119,RFT,1424,719,705,301,3.48,408.98
5551,Ollessos,ollessos,2155,Ollessos,510,119,RFT,1958,1012,946,439,4.74,413.47
5552,Chebilat,chebilat,2156,Siwo,510,119,RFT,1405,731,674,258,2.84,494.7
5553,Choimim,choimim,2156,Siwo,510,119,RFT,1326,658,668,244,3.87,342.48
5554,Siwo,siwo,2156,Siwo,510,119,RFT,719,346,373,134,1.66,433.71
5555,Lolduga,lolduga,2157,Sochoi,510,119,RFT,1898,971,927,370,9.18,206.8
5556,Sochoi,sochoi,2157,Sochoi,510,119,RFT,2229,1099,1130,437,6.98,319.41
5557,Chepkoiyo,chepkoiyo,2158,Kabisaga,511,120,RFT,6127,3066,3061,1135,23.07,265.54
5558,Cheptil,cheptil,2158,Kabisaga,511,120,RFT,5063,2606,2457,997,21.54,235.09
5559,Kabisaga,kabisaga,2158,Kabisaga,511,120,RFT,4790,2345,2445,956,19.4,246.94
5560,Cheptuiyet,cheptuiyet,2159,Kabiyet,511,120,RFT,3682,1795,1887,717,13.49,272.97
5561,Kabiyet T/Ship,kabiyet-t-ship,2159,Kabiyet,511,120,RFT,3126,1549,1577,763,8.4,371.98
5562,Ndulele,ndulele,2159,Kabiyet,511,120,RFT,2277,1141,1136,467,10.37,219.57
5563,Kamasia,kamasia,2160,Kamasia,511,120,RFT,1832,909,923,370,7.41,247.26
5564,Kapkagaron,kapkagaron,2160,Kamasia,511,120,RFT,2343,1171,1172,484,8.64,271.11
5565,Cheplelaibei,cheplelaibei,2161,Kebulonik,511,120,RFT,2572,1341,1231,484,9.01,285.6
5566,Kebulonik,kebulonik,2161,Kebulonik,511,120,RFT,4972,2465,2507,905,19.42,255.97
5567,Rubet,rubet,2161,Kebulonik,511,120,RFT,2491,1200,1291,461,14.33,173.82
5568,Chemnoet,chemnoet,2162,Lolkeringet,511,120,RFT,1915,953,962,375,4.9,390.74
5569,Kaiboi,kaiboi,2162,Lolkeringet,511,120,RFT,3324,1650,1674,679,12.33,269.67
5570,Koisolik,koisolik,2162,Lolkeringet,511,120,RFT,1520,765,755,274,4.7,323.47
5571,Lolkeringet,lolkeringet,2162,Lolkeringet,511,120,RFT,2678,1333,1345,526,16.6,161.34
5572,Kamwega,kamwega,2163,Sangalo,511,120,RFT,7123,3558,3565,1423,44.4,160.44
5573,Kipsamoite,kipsamoite,2163,Sangalo,511,120,RFT,3621,1839,1782,686,28.39,127.55
5574,Sangalo,sangalo,2163,Sangalo,511,120,RFT,3102,1561,1541,570,19.83,156.4
5575,Chepterwai,chepterwai,2164,Chepterwai,512,120,RFT,1734,899,835,368,5.3,327.35
5576,Cheptunon,cheptunon,2164,Chepterwai,512,120,RFT,1815,908,907,353,7.2,252.1
5577,Teresia,teresia,2164,Chepterwai,512,120,RFT,1632,832,800,286,7.59,215.01
5578,Kabiemet,kabiemet,2165,Kabiemet,512,120,RFT,3651,1729,1922,722,15.98,228.4
5579,Kapkatet,kapkatet,2165,Kabiemet,512,120,RFT,1501,756,745,281,6.55,229.26
5580,Kaplemur,kaplemur,2165,Kabiemet,512,120,RFT,2397,1239,1158,460,11.18,214.3
5581,Cheptilil,cheptilil,2166,Kamasai,512,120,RFT,2309,1170,1139,437,9.81,235.35
5582,Kamasai,kamasai,2166,Kamasai,512,120,RFT,4441,2136,2305,840,12.04,368.74
5583,Soimining,soimining,2166,Kamasai,512,120,RFT,1918,958,960,357,10.51,182.44
5584,Kapkenyeloi,kapkenyeloi,2167,Kapkoimur,512,120,RFT,1212,602,610,224,3.62,334.96
5585,Kapkoimur,kapkoimur,2167,Kapkoimur,512,120,RFT,2332,1156,1176,463,10.86,214.79
5586,Kamungei,kamungei,2168,Kaptich,512,120,RFT,2553,1262,1291,493,11.74,217.38
5587,Kapsabaot,kapsabaot,2168,Kaptich,512,120,RFT,1903,941,962,377,8.73,218.09
5588,Kaptich,kaptich,2168,Kaptich,512,120,RFT,1469,740,729,276,5.76,254.84
5589,Chepkemel,chepkemel,2169,Kipkaren,512,120,RFT,2933,1472,1461,561,14.53,201.81
5590,Kapserton,kapserton,2169,Kipkaren,512,120,RFT,2219,1130,1089,459,12.89,172.1
5591,Kipkaren,kipkaren,2169,Kipkaren,512,120,RFT,2425,1185,1240,435,12.91,187.91
5592,Laboret,laboret,2169,Kipkaren,512,120,RFT,4428,2205,2223,876,18.54,238.81
5593,Ngenyilel,ngenyilel,2169,Kipkaren,512,120,RFT,1986,981,1005,368,10.16,195.53
5594,Kipngoror,kipngoror,2170,Kipngoror,512,120,RFT,1551,750,801,328,6.35,244.29
5595,Koiban,koiban,2170,Kipngoror,512,120,RFT,1568,760,808,280,8.87,176.77
5596,Kurgung,kurgung,2171,Kurgung,512,120,RFT,4169,2088,2081,798,15.92,261.93
5597,Sarora,sarora,2171,Kurgung,512,120,RFT,5156,2591,2565,985,24.89,207.19
5598,Kaigat,kaigat,2172,Ndalat,512,120,RFT,3942,1965,1977,744,13.6,289.91
5599,Lemook,lemook,2172,Ndalat,512,120,RFT,2658,1318,1340,527,12.91,205.82
5600,Ndalat,ndalat,2172,Ndalat,512,120,RFT,2587,1260,1327,512,9.95,259.9
5601,Ngoroin,ngoroin,2173,Surungai,512,120,RFT,773,386,387,178,3.35,230.78
5602,Surungai,surungai,2173,Surungai,512,120,RFT,1779,906,873,344,8.78,202.6
5603,Biribiriet,biribiriet,2174,Biribiriet,513,120,RFT,1545,783,762,334,6.72,229.75
5604,Ndonyongaria,ndonyongaria,2174,Biribiriet,513,120,RFT,998,475,523,199,5.17,193.19
5605,Ainapmoi,ainapmoi,2175,Itigo,513,120,RFT,1392,698,694,270,9.43,147.67
5606,Itigo,itigo,2175,Itigo,513,120,RFT,1256,623,633,267,8.19,153.28
5607,Kiboswa,kiboswa,2175,Itigo,513,120,RFT,1402,699,703,280,6.55,214.14
5608,Kokwet,kokwet,2176,Kokwet,513,120,RFT,2028,1047,981,369,8.68,233.52
5609,Tebeson,tebeson,2176,Kokwet,513,120,RFT,1861,949,912,355,6.89,270.11
5610,Kipkongorwa,kipkongorwa,2177,Lelmokwo,513,120,RFT,1518,787,731,284,6.33,239.76
5611,Lelmokwo,lelmokwo,2177,Lelmokwo,513,120,RFT,1678,934,744,334,8.01,209.6
5612,Cheptarit,cheptarit,2178,Mutwot,513,120,RFT,4079,2023,2056,954,7.66,532.38
5613,Mosoriot,mosoriot,2178,Mutwot,513,120,RFT,990,491,499,194,3.64,271.76
5614,Mutwot,mutwot,2178,Mutwot,513,120,RFT,4610,2235,2375,904,26.49,174.03
5615,Kipchunu,kipchunu,2179,Ngechek,513,120,RFT,955,481,474,175,4.98,191.81
5616,Lelboinet,lelboinet,2179,Ngechek,513,120,RFT,1401,690,711,252,6.2,226.09
5617,Mateget,mateget,2179,Ngechek,513,120,RFT,1549,787,762,283,10.53,147.04
5618,Ngechek,ngechek,2179,Ngechek,513,120,RFT,2520,1259,1261,431,10.56,238.63
5619,Chepkatet,chepkatet,2180,Sigot,513,120,RFT,779,390,389,144,4.68,166.33
5620,Sigot,sigot,2180,Sigot,513,120,RFT,2270,1161,1109,453,10.08,225.25
5621,Chepkuny,chepkuny,2181,Bonjoge,514,121,RFT,713,365,348,121,2.5,285.23
5622,Kapkeben,kapkeben,2181,Bonjoge,514,121,RFT,1850,912,938,319,8.07,229.14
5623,Kenyor,kenyor,2181,Bonjoge,514,121,RFT,1643,816,827,266,6.9,238.27
5624,Kereri,kereri,2181,Bonjoge,514,121,RFT,892,447,445,159,3.43,259.82
5625,Chebilat,chebilat,2182,Chebilat,514,121,RFT,2993,1439,1554,574,7.39,404.79
5626,Chepketemon,chepketemon,2182,Chebilat,514,121,RFT,3115,1520,1595,656,11.95,260.57
5627,Kapsagawat,kapsagawat,2182,Chebilat,514,121,RFT,1761,859,902,305,4.1,429.75
5628,Kiptaruswo,kiptaruswo,2182,Chebilat,514,121,RFT,2964,1455,1509,567,5.68,521.78
5629,Chemursoi,chemursoi,2183,Chemase,514,121,RFT,1072,549,523,217,10.1,106.15
5630,Kapkuong,kapkuong,2183,Chemase,514,121,RFT,1590,799,791,302,17.58,90.46
5631,Kibigong,kibigong,2183,Chemase,514,121,RFT,3771,1903,1868,756,23.05,163.58
5632,Kibisem,kibisem,2183,Chemase,514,121,RFT,2278,1209,1069,466,16.71,136.34
5633,Kapkerer,kapkerer,2184,Kapkerer,514,121,RFT,6286,3052,3234,1299,12.67,496.07
5634,Kapkolei,kapkolei,2185,Kapkolei,514,121,RFT,1472,738,734,272,7.61,193.5
5635,Kimolwo,kimolwo,2185,Kapkolei,514,121,RFT,1243,637,606,234,4.43,280.69
5636,Urwogoi,urwogoi,2185,Kapkolei,514,121,RFT,1542,768,774,285,5.87,262.58
5637,Chepkurgung,chepkurgung,2186,Kapkures,514,121,RFT,2604,1244,1360,493,7.19,361.94
5638,Kapsamoch,kapsamoch,2186,Kapkures,514,121,RFT,2486,1239,1247,448,4.27,582.35
5639,Kesengei,kesengei,2186,Kapkures,514,121,RFT,2763,1416,1347,527,14.03,197
5640,Chebara,chebara,2187,Kemeloi,514,121,RFT,7994,3836,4158,1555,13.49,592.74
5641,Koibarak,koibarak,2187,Kemeloi,514,121,RFT,9715,4738,4977,1921,12.8,758.79
5642,Boi,boi,2188,Kibwareng,514,121,RFT,1960,1000,960,346,5.23,375.11
5643,Kibwareng,kibwareng,2188,Kibwareng,514,121,RFT,3667,1833,1834,692,8.63,425.14
5644,Samitui,samitui,2188,Kibwareng,514,121,RFT,6062,2999,3063,1069,14.62,414.74
5645,Chepsiria,chepsiria,2189,Maraba,514,121,RFT,3233,1657,1576,565,9.18,352.19
5646,Kaptumek,kaptumek,2189,Maraba,514,121,RFT,2997,1455,1542,540,34.34,87.28
5647,Kongoro,kongoro,2189,Maraba,514,121,RFT,3445,1764,1681,588,10.06,342.51
5648,Mogoiywo,mogoiywo,2189,Maraba,514,121,RFT,1825,898,927,323,4.9,372.41
5649,Tirikwo,tirikwo,2189,Maraba,514,121,RFT,3248,1601,1647,575,13.37,242.92
5650,Chebugundi,chebugundi,2190,Mugen,514,121,RFT,4419,2123,2296,863,9.82,450.22
5651,Kamimei,kamimei,2190,Mugen,514,121,RFT,5515,2614,2901,1076,12.61,437.43
5652,Kapkemich,kapkemich,2190,Mugen,514,121,RFT,3085,1523,1562,585,6.35,486.13
5653,Mugen,mugen,2190,Mugen,514,121,RFT,5663,2706,2957,1133,10.98,515.62
5654,Tibingot,tibingot,2190,Mugen,514,121,RFT,1655,783,872,320,3.66,452.36
5655,Kesogon,kesogon,2191,Ndurio,514,121,RFT,4017,2013,2004,792,23.17,173.37
5656,Ndurio,ndurio,2191,Ndurio,514,121,RFT,2575,1257,1318,513,8.03,320.48
5657,Sarma,sarma,2191,Ndurio,514,121,RFT,1158,586,572,223,3.5,330.65
5658,Kapsengere,kapsengere,2192,Terik,514,121,RFT,6317,3160,3157,1336,9.48,666.48
5659,Kaboi,kaboi,2193,Kaboi,515,121,RFT,2374,1193,1181,467,6.35,373.78
5660,Kamarich,kamarich,2193,Kaboi,515,121,RFT,2870,1445,1425,669,19.53,146.98
5661,Kapsoo,kapsoo,2193,Kaboi,515,121,RFT,3491,1735,1756,705,8.38,416.5
5662,Mugundoi,mugundoi,2193,Kaboi,515,121,RFT,3808,1943,1865,866,7.26,524.67
5663,Kaborogin,kaborogin,2194,Kapsaos,515,121,RFT,847,417,430,163,4.16,203.5
5664,Kabuson,kabuson,2194,Kapsaos,515,121,RFT,882,457,425,153,5.26,167.8
5665,Kapsaos,kapsaos,2194,Kapsaos,515,121,RFT,1065,553,512,199,5.47,194.7
5666,Toret Moi,toret-moi,2194,Kapsaos,515,121,RFT,1375,709,666,262,4.35,315.98
5667,Chepkongony,chepkongony,2195,Kaptumo,515,121,RFT,4163,2054,2109,797,35.69,116.64
5668,Ibanja,ibanja,2195,Kaptumo,515,121,RFT,3825,1879,1946,793,13.34,286.81
5669,Keburo,keburo,2195,Kaptumo,515,121,RFT,3217,1646,1571,656,7.47,430.41
5670,Mosombor,mosombor,2195,Kaptumo,515,121,RFT,3933,1992,1941,930,7.25,542.83
5671,Kapsoiyo,kapsoiyo,2196,Koyo,515,121,RFT,1550,814,736,284,3.21,483.33
5672,Koyo,koyo,2196,Koyo,515,121,RFT,2979,1459,1520,543,10,297.85
5673,Naisoya,naisoya,2197,Lower Melili,516,122,RFT,4840,2452,2388,927,147.04,32.92
5674,Narok Town,narok-town,2197,Lower Melili,516,122,RFT,42505,21998,20507,11776,215.43,197.31
5675,Olopito,olopito,2197,Lower Melili,516,122,RFT,8510,4452,4058,1824,99.11,85.87
5676,Nkareta,nkareta,2198,Nkareta,516,122,RFT,6856,3444,3412,1194,216.73,31.63
5677,Oleleshwa,oleleshwa,2198,Nkareta,516,122,RFT,5012,2486,2526,961,158.29,31.66
5678,Enarmatishoreki,enarmatishoreki,2199,Oletukat,516,122,RFT,301,139,162,63,54.64,5.51
5679,Enkorika,enkorika,2199,Oletukat,516,122,RFT,1641,807,834,307,153.07,10.72
5680,Enoosupukia,enoosupukia,2200,Enoosupukia,517,122,RFT,14534,7412,7122,2984,224.05,64.87
5681,Ilaiser,ilaiser,2201,Entontol,517,122,RFT,3809,1962,1847,824,98.48,38.68
5682,Ilekaiki,ilekaiki,2201,Entontol,517,122,RFT,2743,1365,1378,576,66.78,41.08
5683,Olkinyei,olkinyei,2201,Entontol,517,122,RFT,4562,2314,2248,879,70.73,64.5
5684,Ildamat,ildamat,2202,Ildamat,517,122,RFT,3539,1844,1695,810,55.85,63.36
5685,Keekoyokie,keekoyokie,2203,Keekoyokie,517,122,RFT,14651,7252,7399,3335,90.89,161.19
5686,Enkoireroi,enkoireroi,2204,Mosiro,517,122,RFT,1038,454,584,251,51.99,19.96
5687,Kilonkisa,kilonkisa,2204,Mosiro,517,122,RFT,674,303,371,149,111.07,6.07
5688,Mosiro,mosiro,2204,Mosiro,517,122,RFT,1295,587,708,290,64.35,20.12
5689,Ololturot,ololturot,2204,Mosiro,517,122,RFT,541,245,296,127,66.73,8.11
5690,Ntulele,ntulele,2205,Ntulele,517,122,RFT,16968,8896,8072,3327,249.55,67.99
5691,Olchorro,olchorro,2206,Olchorro,517,122,RFT,4364,2235,2129,827,64.03,68.16
5692,Parkarara,parkarara,2206,Olchorro,517,122,RFT,4624,2579,2045,1096,52.44,88.18
5693,Enooseiya,enooseiya,2207,Olopironito,517,122,RFT,3544,1867,1677,824,26.61,133.2
5694,Oloombokishi,oloombokishi,2207,Olopironito,517,122,RFT,2809,1534,1275,666,86.17,32.6
5695,Nturumeti,nturumeti,2208,Ongata Naado,517,122,RFT,3808,1964,1844,730,123.85,30.75
5696,Ongata Naado,ongata-naado,2208,Ongata Naado,517,122,RFT,2337,1135,1202,504,105.66,22.12
5697,Sosian,sosian,2208,Ongata Naado,517,122,RFT,802,415,387,181,94.7,8.47
5698,Siayapei,siayapei,2209,Siayapei,517,122,RFT,3627,1874,1753,708,81.33,44.6
5699,Sonkoro,sonkoro,2209,Siayapei,517,122,RFT,2167,1094,1073,423,63.74,34
5700,Olesharo,olesharo,2210,Suswa,517,122,RFT,2385,1227,1158,458,151.51,15.74
5701,Oloikarere,oloikarere,2210,Suswa,517,122,RFT,3577,1984,1593,862,165.78,21.58
5702,Suswa,suswa,2210,Suswa,517,122,RFT,4703,2354,2349,867,84.52,55.64
5703,Enaibor - Ajijik,enaibor-ajijik,2211,Upper Melili,517,122,RFT,4917,2635,2282,935,81.83,60.09
5704,Sakutiek,sakutiek,2211,Upper Melili,517,122,RFT,10219,5322,4897,2362,75.8,134.81
5705,Empatipati,empatipati,2212,Empatipati,518,122,RFT,3679,1832,1847,711,39.82,92.4
5706,Enengetia,enengetia,2213,Enabelibel,518,122,RFT,7604,3960,3644,1508,75.09,101.27
5707,Kisiriri,kisiriri,2213,Enabelibel,518,122,RFT,4764,2447,2317,1018,48.01,99.23
5708,Entyani,entyani,2214,Entiyani,518,122,RFT,2247,1127,1120,397,23.47,95.73
5709,Ilkeremisho,ilkeremisho,2214,Entiyani,518,122,RFT,2890,1462,1428,533,30.37,95.15
5710,Ilmolelian,ilmolelian,2214,Entiyani,518,122,RFT,2241,1121,1120,397,19.02,117.83
5711,Iltuati,iltuati,2214,Entiyani,518,122,RFT,2052,1018,1034,354,28.79,71.27
5712,Naituyupaki,naituyupaki,2215,Naituyupaki,518,122,RFT,5310,2687,2623,959,133.07,39.9
5713,Nkokolani,nkokolani,2216,Olokurto,518,122,RFT,3049,1524,1525,538,30.91,98.65
5714,Olokurto,olokurto,2216,Olokurto,518,122,RFT,6305,3177,3128,1171,292.85,21.53
5715,Ilkiai,ilkiai,2217,Ololongoi,518,122,RFT,2187,1070,1117,376,29.49,74.17
5716,Olengape,olengape,2217,Ololongoi,518,122,RFT,2945,1484,1461,570,24.48,120.31
5717,Ololongoi,ololongoi,2217,Ololongoi,518,122,RFT,2957,1461,1496,557,26.3,112.43
5718,Olorropil,olorropil,2218,Olorropil,518,122,RFT,5741,3165,2576,1273,90.85,63.19
5719,Kamurar,kamurar,2219,Olposimoru,518,122,RFT,3637,1821,1816,668,107.38,33.87
5720,Olmariko,olmariko,2219,Olposimoru,518,122,RFT,2703,1388,1315,523,26.39,102.44
5721,Olposimoru,olposimoru,2219,Olposimoru,518,122,RFT,2557,1352,1205,519,25.24,101.29
5722,Topoti,topoti,2220,Topoti,518,122,RFT,7774,4184,3590,1766,158.4,49.08
5723,Entasekera,entasekera,2221,Entasekera,519,123,RFT,4537,2356,2181,919,352.25,12.88
5724,Ilmarae,ilmarae,2222,Ilkerin,519,123,RFT,2401,1198,1203,492,87.19,27.54
5725,Nkopon,nkopon,2222,Ilkerin,519,123,RFT,1071,528,543,228,108.81,9.84
5726,Morijo Loita,morijo-loita,2223,Morijo Loita,519,123,RFT,3735,1849,1886,717,388.27,9.62
5727,Olngarua,olngarua,2223,Morijo Loita,519,123,RFT,1938,1011,927,357,154.92,12.51
5728,Imartin,imartin,2224,Olmesutie,519,123,RFT,1113,546,567,217,150.56,7.39
5729,Olmesutie,olmesutie,2224,Olmesutie,519,123,RFT,2469,1266,1203,466,84.69,29.16
5730,Mausa,mausa,2225,Orlorte,519,123,RFT,2911,1453,1458,535,251.01,11.6
5731,Orlorte,orlorte,2225,Orlorte,519,123,RFT,2698,1441,1257,478,97.94,27.55
5732,Aitong,aitong,2226,Aitong,520,123,RFT,6433,3107,3326,1355,294.09,21.87
5733,Marariada,marariada,2226,Aitong,520,123,RFT,4329,2488,1841,944,374.92,11.55
5734,Koiyaki,koiyaki,2227,Koiyaki,520,123,RFT,5497,2994,2503,1170,526.13,10.45
5735,Sekenani,sekenani,2227,Koiyaki,520,123,RFT,3194,1681,1513,706,641.98,4.98
5736,Leshuta,leshuta,2228,Naikara,520,123,RFT,3547,1688,1859,739,162.82,21.78
5737,Naikara,naikara,2228,Naikara,520,123,RFT,6364,3046,3318,1299,280.8,22.66
5738,Osarara,osarara,2228,Naikara,520,123,RFT,2121,983,1138,450,105.33,20.14
5739,Esoit,esoit,2229,Olderkesi,520,123,RFT,6272,2944,3328,1269,316.39,19.82
5740,Olderkesi,olderkesi,2229,Olderkesi,520,123,RFT,4204,1954,2250,864,187.29,22.45
5741,Endoinyo Narasha,endoinyo-narasha,2230,Olkinyei,520,123,RFT,4269,2042,2227,896,495.88,8.61
5742,Olkinyei,olkinyei,2230,Olkinyei,520,123,RFT,3170,1479,1691,634,266.3,11.9
5743,Megwara,megwara,2231,Siana,520,123,RFT,4428,2039,2389,949,290.82,15.23
5744,Nkoilale,nkoilale,2231,Siana,520,123,RFT,5418,2885,2533,1225,226.91,23.88
5745,Siana,siana,2231,Siana,520,123,RFT,8119,4054,4065,1640,354.82,22.88
5746,Enelerai,enelerai,2232,Enelerai,521,123,RFT,3342,1625,1717,655,28.09,118.97
5747,Rogena,rogena,2232,Enelerai,521,123,RFT,8868,4412,4456,1675,57.66,153.79
5748,Ilmotiok,ilmotiok,2233,Ilmotiok,521,123,RFT,14003,6937,7066,2455,60.84,230.17
5749,Kuto,kuto,2234,Mulot,521,123,RFT,6824,3394,3430,1239,11.21,608.57
5750,Mulot,mulot,2234,Mulot,521,123,RFT,8351,4110,4241,1765,35.34,236.31
5751,Nkiito,nkiito,2234,Mulot,521,123,RFT,2865,1415,1450,525,13.42,213.42
5752,Olchoro Oiruwa,olchoro-oiruwa,2234,Mulot,521,123,RFT,3810,1884,1926,683,13.32,285.97
5753,Mogoiwet,mogoiwet,2235,Sagamian,521,123,RFT,5141,2583,2558,916,14.13,363.75
5754,Sagamian,sagamian,2235,Sagamian,521,123,RFT,10168,5048,5120,1891,21.8,466.42
5755,Tendewet,tendewet,2235,Sagamian,521,123,RFT,5748,2964,2784,1079,379.5,15.15
5756,Nkaroni,nkaroni,2236,Sogoo,521,123,RFT,13238,6732,6506,2478,49.71,266.32
5757,Sogoo,sogoo,2236,Sogoo,521,123,RFT,15505,7800,7705,2781,34.43,450.33
5758,Endonyo Ngiro,endonyo-ngiro,2237,Endonyo Ngiro,522,123,RFT,15614,7953,7661,2836,120.67,129.4
5759,Ereteti,ereteti,2237,Endonyo Ngiro,522,123,RFT,6526,3367,3159,1481,74.08,88.1
5760,Nkoben,nkoben,2237,Endonyo Ngiro,522,123,RFT,2219,1170,1049,430,37.02,59.93
5761,Lemek,lemek,2238,Lemek,522,123,RFT,10229,5163,5066,2181,563.39,18.16
5762,Melelo,melelo,2239,Melelo,522,123,RFT,10224,5141,5083,1831,103.18,99.09
5763,Oloshapan,oloshapan,2239,Melelo,522,123,RFT,24845,12475,12370,4529,111.2,223.43
5764,Nkorikori,nkorikori,2240,Nkorikori,522,123,RFT,10282,5316,4966,1970,130.88,78.56
5765,Olkiriane,olkiriane,2241,Olkiriane,522,123,RFT,6158,3135,3023,1246,279.33,22.05
5766,Ololulunga,ololulunga,2242,Ololulunga,522,123,RFT,10274,5214,5060,2174,212.85,48.27
5767,Elangata Enterit,elangata-enterit,2243,Elangata Enterit,523,123,RFT,3545,1719,1826,741,229.49,15.45
5768,Enkutoto,enkutoto,2243,Elangata Enterit,523,123,RFT,3758,1825,1933,780,188.83,19.9
5769,Enkiu,enkiu,2244,Maji Moto,523,123,RFT,2487,1155,1332,555,184.54,13.48
5770,Maji Moto,maji-moto,2244,Maji Moto,523,123,RFT,2996,1392,1604,594,337.14,8.89
5771,Enturoto,enturoto,2245,Naroosura,523,123,RFT,1936,978,958,387,76.92,25.17
5772,Naroosura,naroosura,2245,Naroosura,523,123,RFT,8103,4052,4051,1716,185.85,43.6
5773,Oloiruwa,oloiruwa,2245,Naroosura,523,123,RFT,3864,1920,1944,784,91.46,42.25
5774,Nkimpa,nkimpa,2246,Ntuka,523,123,RFT,794,390,404,156,58.44,13.59
5775,Ntuka,ntuka,2246,Ntuka,523,123,RFT,2594,1161,1433,584,181.23,14.31
5776,Oldonyo Rasha,oldonyo-rasha,2247,Olenkuluo,523,123,RFT,1948,873,1075,428,144.16,13.51
5777,Olenkuluo,olenkuluo,2247,Olenkuluo,523,123,RFT,1347,612,735,318,181.76,7.41
5778,Annet,annet,2248,Chepkokogh,524,124,RFT,1394,698,696,276,14.67,95
5779,Ptirap,ptirap,2248,Chepkokogh,524,124,RFT,1939,982,957,375,10.18,190.46
5780,Sukuk,sukuk,2248,Chepkokogh,524,124,RFT,2140,1075,1065,421,4.24,505.3
5781,Kokwositot,kokwositot,2249,Cheptulel,524,124,RFT,1404,671,733,303,23.05,60.92
5782,Lebei,lebei,2249,Cheptulel,524,124,RFT,1148,589,559,276,16.16,71.04
5783,Nyarportwo,nyarportwo,2249,Cheptulel,524,124,RFT,964,462,502,212,19.11,50.45
5784,Mogho,mogho,2250,Lomut,524,124,RFT,972,484,488,178,9.78,99.43
5785,Ptiasis,ptiasis,2250,Lomut,524,124,RFT,2969,1405,1564,602,122.75,24.19
5786,Seito,seito,2250,Lomut,524,124,RFT,1569,700,869,273,50.94,30.8
5787,Toghomo,toghomo,2250,Lomut,524,124,RFT,2472,1236,1236,491,46.18,53.53
5788,Kapatet,kapatet,2251,Mosop,524,124,RFT,3048,1504,1544,569,28.31,107.67
5789,Kokwoptorir,kokwoptorir,2251,Mosop,524,124,RFT,1716,842,874,320,7.39,232.15
5790,Marus,marus,2251,Mosop,524,124,RFT,1827,910,917,363,14.74,123.92
5791,Pkopogh,pkopogh,2251,Mosop,524,124,RFT,1206,596,610,231,15.99,75.43
5792,Amaler,amaler,2252,Sekerot,524,124,RFT,2018,912,1106,419,133.58,15.11
5793,Chepserum,chepserum,2252,Sekerot,524,124,RFT,1736,833,903,318,121.78,14.25
5794,Nyangaita,nyangaita,2252,Sekerot,524,124,RFT,2126,1004,1122,382,158.46,13.42
5795,Cheparten,cheparten,2253,Kaptabuk,525,124,RFT,3084,1499,1585,519,28.76,107.24
5796,Kapsangar,kapsangar,2253,Kaptabuk,525,124,RFT,3954,1978,1976,692,45.32,87.25
5797,Kaptabuk,kaptabuk,2253,Kaptabuk,525,124,RFT,3530,1706,1824,636,32.1,109.98
5798,Meshau,meshau,2253,Kaptabuk,525,124,RFT,2105,1047,1058,371,11.38,184.91
5799,Mokoyon,mokoyon,2253,Kaptabuk,525,124,RFT,2839,1368,1471,479,14.37,197.61
5800,Chepkono,chepkono,2254,Kapyongen,525,124,RFT,4130,2004,2126,718,48.15,85.78
5801,Simotwo,simotwo,2254,Kapyongen,525,124,RFT,3347,1648,1699,595,18.42,181.67
5802,Tonoyon,tonoyon,2254,Kapyongen,525,124,RFT,1869,939,930,331,10.76,173.76
5803,Chesupet,chesupet,2255,Lelan,525,124,RFT,1893,933,960,318,22.19,85.31
5804,Kabichbich,kabichbich,2255,Lelan,525,124,RFT,1856,897,959,332,21.91,84.71
5805,Kapkanyar,kapkanyar,2255,Lelan,525,124,RFT,1112,553,559,206,17.25,64.45
5806,Kapsait,kapsait,2255,Lelan,525,124,RFT,1569,786,783,307,26.29,59.69
5807,Mbayai,mbayai,2255,Lelan,525,124,RFT,2239,1128,1111,431,16.53,135.45
5808,Kerelwa,kerelwa,2256,Batei,526,124,RFT,5351,2675,2676,936,32.08,166.78
5809,Morpus,morpus,2256,Batei,526,124,RFT,5247,2596,2651,968,75.49,69.51
5810,Ortum,ortum,2256,Batei,526,124,RFT,5616,2831,2785,1216,26.12,215.05
5811,Sobukwo,sobukwo,2256,Batei,526,124,RFT,1674,839,835,358,32.59,51.36
5812,Kokwotendwo,kokwotendwo,2257,Kopro,526,124,RFT,3858,1887,1971,728,20.44,188.77
5813,Soka,soka,2257,Kopro,526,124,RFT,1056,524,532,229,24.92,42.38
5814,Wakorr,wakorr,2257,Kopro,526,124,RFT,1503,770,733,308,18.96,79.29
5815,Yawyaw,yawyaw,2257,Kopro,526,124,RFT,1994,1005,989,367,14.59,136.65
5816,Akir Iamet,akir-iamet,2258,Masol,526,124,RFT,4127,2067,2060,815,98.33,41.97
5817,Amolem,amolem,2258,Masol,526,124,RFT,3021,1982,1039,483,142.08,21.26
5818,Tikit,tikit,2258,Masol,526,124,RFT,1716,828,888,333,116.86,14.68
5819,Karapogh,karapogh,2259,Mwino,526,124,RFT,2737,1344,1393,524,12.09,226.43
5820,Kitoyo,kitoyo,2259,Mwino,526,124,RFT,2072,1057,1015,389,15.33,135.16
5821,Ptalam,ptalam,2259,Mwino,526,124,RFT,1855,907,948,345,27.67,67.05
5822,Solion,solion,2259,Mwino,526,124,RFT,4715,2309,2406,915,47.5,99.26
5823,Nasolot,nasolot,2260,Parkou,526,124,RFT,1444,753,691,272,135.72,10.64
5824,Parek,parek,2260,Parkou,526,124,RFT,1059,541,518,205,74.98,14.12
5825,Sarmach,sarmach,2260,Parkou,526,124,RFT,1549,891,658,323,103.18,15.01
5826,Chepokoriong,chepokoriong,2261,Parua,526,124,RFT,2325,1090,1235,438,31.47,73.89
5827,Parua,parua,2261,Parua,526,124,RFT,3479,1705,1774,578,21.5,161.84
5828,Pusol,pusol,2261,Parua,526,124,RFT,3392,1619,1773,596,23.85,142.23
5829,Sebit,sebit,2261,Parua,526,124,RFT,3689,1832,1857,670,27.27,135.28
5830,Chepkondol,chepkondol,2262,Sekerr,526,124,RFT,3333,1690,1643,594,51.17,65.14
5831,Mbara,mbara,2262,Sekerr,526,124,RFT,4389,2179,2210,747,26.9,163.16
5832,Orwa,orwa,2262,Sekerr,526,124,RFT,3098,1643,1455,647,159.75,19.39
5833,Sostin,sostin,2262,Sekerr,526,124,RFT,2064,1062,1002,385,36.45,56.63
5834,Korellach,korellach,2263,Wei Wei,526,124,RFT,4208,2124,2084,814,89.44,47.05
5835,Ptokou,ptokou,2263,Wei Wei,526,124,RFT,1796,937,859,362,51,35.22
5836,Sangat,sangat,2263,Wei Wei,526,124,RFT,1965,977,988,364,19.51,100.73
5837,Takar,takar,2263,Wei Wei,526,124,RFT,872,449,423,182,25.6,34.06
5838,Chebon,chebon,2264,Chebon,527,124,RFT,2652,1315,1337,459,11.78,225.1
5839,Sinna,sinna,2264,Chebon,527,124,RFT,2580,1207,1373,408,12.56,205.35
5840,Tangasia,tangasia,2264,Chebon,527,124,RFT,4310,2116,2194,723,37.97,113.5
5841,Kale,kale,2265,Sondany,527,124,RFT,3412,1622,1790,602,39.51,86.36
5842,Nyarkulian,nyarkulian,2265,Sondany,527,124,RFT,4016,1941,2075,702,16.73,240.01
5843,Nyarpat,nyarpat,2265,Sondany,527,124,RFT,3164,1549,1615,576,15.96,198.23
5844,Kamelei,kamelei,2266,Tapach,527,124,RFT,2753,1340,1413,485,29.43,93.55
5845,Kokwopsis,kokwopsis,2266,Tapach,527,124,RFT,951,439,512,158,11.9,79.89
5846,Tapach,tapach,2266,Tapach,527,124,RFT,2399,1168,1231,400,29.34,81.78
5847,Akoret,akoret,2267,Akoret,528,125,RFT,1006,523,483,189,138.33,7.27
5848,Kodii,kodii,2267,Akoret,528,125,RFT,1219,672,547,177,160.67,7.59
5849,Kola,kola,2267,Akoret,528,125,RFT,1148,606,542,172,158.47,7.24
5850,Alale,alale,2268,Alale,528,125,RFT,2943,1412,1531,537,47.64,61.77
5851,Amakuriat,amakuriat,2268,Alale,528,125,RFT,4302,2169,2133,806,45.08,95.43
5852,Naruoro,naruoro,2268,Alale,528,125,RFT,3170,1595,1575,540,53.51,59.24
5853,Apuke,apuke,2269,Chemorongit,528,125,RFT,1174,701,473,150,75.05,15.64
5854,Kopito,kopito,2269,Chemorongit,528,125,RFT,977,491,486,166,94.44,10.34
5855,Lorusuk,lorusuk,2269,Chemorongit,528,125,RFT,952,486,466,171,134.43,7.08
5856,Kalapata,kalapata,2270,Kalapata,528,125,RFT,2473,1164,1309,401,36.88,67.06
5857,Lotukum,lotukum,2270,Kalapata,528,125,RFT,1486,748,738,216,83.96,17.7
5858,Mekuyo,mekuyo,2270,Kalapata,528,125,RFT,1049,497,552,158,46.97,22.33
5859,Kamunai,kamunai,2271,Kases,528,125,RFT,1496,786,710,266,53.19,28.13
5860,Kases,kases,2271,Kases,528,125,RFT,3740,1735,2005,668,193.37,19.34
5861,Pcholio,pcholio,2271,Kases,528,125,RFT,4417,2244,2173,706,74.59,59.21
5862,Chelopoy,chelopoy,2272,Kiwawa,528,125,RFT,6044,3013,3031,1155,59.98,100.77
5863,Kauriong,kauriong,2272,Kiwawa,528,125,RFT,2986,1445,1541,598,53.32,56
5864,Kiwawa,kiwawa,2272,Kiwawa,528,125,RFT,4174,2000,2174,750,117.36,35.57
5865,Lokitanyala,lokitanyala,2273,Lokitanyala,528,125,RFT,10413,5378,5035,1326,102.63,101.46
5866,Nauyapong,nauyapong,2273,Lokitanyala,528,125,RFT,3822,1893,1929,501,40.89,93.47
5867,Sasak,sasak,2273,Lokitanyala,528,125,RFT,7431,3460,3971,1329,31.47,236.11
5868,Kapyen,kapyen,2274,Kapchok,529,125,RFT,6904,3304,3600,1100,248.58,27.77
5869,Konyao,konyao,2274,Kapchok,529,125,RFT,16780,8515,8265,2469,189.65,88.48
5870,Cherangany,cherangany,2275,Kodich,529,125,RFT,4084,2049,2035,636,57.11,71.52
5871,Karameri,karameri,2275,Kodich,529,125,RFT,3414,1688,1726,492,50.94,67.03
5872,Kodich,kodich,2275,Kodich,529,125,RFT,5583,2950,2633,755,66.95,83.39
5873,Kanyerus,kanyerus,2276,Kopulio,529,125,RFT,1252,866,386,192,64.95,19.28
5874,Kopulio,kopulio,2276,Kopulio,529,125,RFT,1981,1264,717,325,83.66,23.68
5875,Nakuyen,nakuyen,2276,Kopulio,529,125,RFT,4740,2232,2508,817,75.13,63.09
5876,Kalemngorok,kalemngorok,2277,Lokichar,529,125,RFT,2533,1237,1296,433,48.53,52.19
5877,Lokichar,lokichar,2277,Lokichar,529,125,RFT,2879,1449,1430,485,30.19,95.37
5878,Orolwo,orolwo,2277,Lokichar,529,125,RFT,4046,1986,2060,627,30.03,134.75
5879,Kacheliba,kacheliba,2278,Suam,529,125,RFT,6196,3248,2948,935,11.38,544.46
5880,Karon,karon,2278,Suam,529,125,RFT,5687,2866,2821,977,115.89,49.07
5881,Ngengechwo,ngengechwo,2278,Suam,529,125,RFT,3367,1595,1772,556,42.09,79.99
5882,Kamunono,kamunono,2279,Kaptolomwo,530,125,RFT,1623,764,859,346,36.49,44.48
5883,Kaptolomwo,kaptolomwo,2279,Kaptolomwo,530,125,RFT,1463,676,787,297,59.51,24.58
5884,Ompolion,ompolion,2279,Kaptolomwo,530,125,RFT,1593,811,782,257,90.55,17.59
5885,Kamketo,kamketo,2280,Kasei,530,125,RFT,2136,1042,1094,447,27.08,78.87
5886,Kasei,kasei,2280,Kasei,530,125,RFT,1755,852,903,348,48.54,36.16
5887,Korokou,korokou,2280,Kasei,530,125,RFT,2588,1215,1373,536,25.52,101.39
5888,Kachawa,kachawa,2281,Korpu,530,125,RFT,1074,531,543,242,85.48,12.56
5889,Korpu,korpu,2281,Korpu,530,125,RFT,869,426,443,188,57.89,15.01
5890,Sirwach,sirwach,2281,Korpu,530,125,RFT,1664,799,865,350,164.86,10.09
5891,Chepropogh,chepropogh,2282,Lopet,530,125,RFT,1351,623,728,320,100.01,13.51
5892,Lopet,lopet,2282,Lopet,530,125,RFT,1873,946,927,358,180.95,10.35
5893,Mbaru,mbaru,2282,Lopet,530,125,RFT,2154,1007,1147,496,159.04,13.54
5894,Angata-Nanyokie,angata-nanyokie,2283,Angata Nanyukie,531,126,RFT,2388,1303,1085,471,172.56,13.84
5895,Loibashae,loibashae,2283,Angata Nanyukie,531,126,RFT,1239,619,620,262,57.04,21.72
5896,Morijo,morijo,2283,Angata Nanyukie,531,126,RFT,2368,1495,873,504,154.41,15.34
5897,Barsaloi,barsaloi,2284,Barsaloi,531,126,RFT,1525,816,709,272,64.62,23.6
5898,Lulu,lulu,2284,Barsaloi,531,126,RFT,1238,606,632,289,44.26,27.97
5899,Soit Naibor,soit-naibor,2284,Barsaloi,531,126,RFT,989,468,521,208,76.74,12.89
5900,Loosuk,loosuk,2285,Loosuk,531,126,RFT,2756,1368,1388,579,120.24,22.92
5901,Malaso,malaso,2285,Loosuk,531,126,RFT,2214,1122,1092,412,46.97,47.13
5902,Purra,purra,2285,Loosuk,531,126,RFT,472,270,202,86,136.04,3.47
5903,Tinga,tinga,2285,Loosuk,531,126,RFT,4798,2378,2420,954,187.54,25.58
5904,Ledero,ledero,2286,Maralal Town,531,126,RFT,1822,828,994,406,26.63,68.43
5905,Lkuroto,lkuroto,2286,Maralal Town,531,126,RFT,3407,1707,1700,695,21.89,155.67
5906,Lpartuk,lpartuk,2286,Maralal Town,531,126,RFT,3452,1667,1785,674,22.9,150.72
5907,Maralal Town,maralal-town,2286,Maralal Town,531,126,RFT,12431,6175,6256,3311,17.52,709.52
5908,Milimani,milimani,2286,Maralal Town,531,126,RFT,4468,2211,2257,979,28.58,156.34
5909,Ngari,ngari,2286,Maralal Town,531,126,RFT,5027,2526,2501,1036,25.52,197
5910,Shabaa,shabaa,2286,Maralal Town,531,126,RFT,6148,2973,3175,1279,78.59,78.23
5911,Lbukoi,lbukoi,2287,Opiroi,531,126,RFT,1112,555,557,287,170.28,6.53
5912,Loroklol Mongo,loroklol-mongo,2287,Opiroi,531,126,RFT,1507,753,754,328,89.31,16.87
5913,Mabati,mabati,2287,Opiroi,531,126,RFT,1042,478,564,231,111.78,9.32
5914,Moru,moru,2287,Opiroi,531,126,RFT,1501,680,821,384,222.19,6.76
5915,Opiroi,opiroi,2287,Opiroi,531,126,RFT,3115,1513,1602,704,185.54,16.79
5916,Elporowuai / Malaso,elporowuai-malaso,2288,Poro,531,126,RFT,1165,581,584,238,54.25,21.48
5917,Mugur,mugur,2288,Poro,531,126,RFT,990,501,489,198,36.91,26.82
5918,Seketet,seketet,2288,Poro,531,126,RFT,2560,1285,1275,460,63.72,40.18
5919,Siambu,siambu,2288,Poro,531,126,RFT,745,381,364,128,270.65,2.75
5920,Lemisigiyoi,lemisigiyoi,2289,Sirata Oiroboi,531,126,RFT,1222,605,617,232,13.13,93.1
5921,Ngejemuny,ngejemuny,2289,Sirata Oiroboi,531,126,RFT,924,421,503,197,19.62,47.09
5922,Sirata Oiroboi,sirata-oiroboi,2289,Sirata Oiroboi,531,126,RFT,1346,653,693,269,18.69,72.01
5923,Amaiya,amaiya,2290,Amaiya,532,126,RFT,413,203,210,65,46.67,8.85
5924,Longewan,longewan,2290,Amaiya,532,126,RFT,1479,909,570,264,95.26,15.53
5925,Nasur,nasur,2290,Amaiya,532,126,RFT,324,162,162,63,54.32,5.97
5926,Baawa,baawa,2291,Baawa,532,126,RFT,1799,827,972,364,133.42,13.48
5927,Lkiloriti,lkiloriti,2291,Baawa,532,126,RFT,2103,986,1117,422,69.69,30.18
5928,Nauneri,nauneri,2291,Baawa,532,126,RFT,1626,740,886,370,82.55,19.7
5929,Garma,garma,2292,Kirimon,532,126,RFT,987,400,587,247,32.6,30.28
5930,Kirimon,kirimon,2292,Kirimon,532,126,RFT,1293,614,679,303,48.52,26.65
5931,Mugur,mugur,2292,Kirimon,532,126,RFT,1400,627,773,364,86.7,16.15
5932,Langatolia,langatolia,2293,Kisima,532,126,RFT,1729,765,964,410,31.54,54.82
5933,Lmisigiyoi,lmisigiyoi,2293,Kisima,532,126,RFT,1014,411,603,244,44.07,23.01
5934,Mbarigon,mbarigon,2293,Kisima,532,126,RFT,1810,821,989,373,31.21,57.99
5935,Lodokejek,lodokejek,2294,Lodokejek,532,126,RFT,3684,1749,1935,785,120.31,30.62
5936,Nonkeek,nonkeek,2294,Lodokejek,532,126,RFT,1731,773,958,409,159.7,10.84
5937,Logorate,logorate,2295,Suguta Maramar,532,126,RFT,1758,893,865,356,73.4,23.95
5938,Lolmolog,lolmolog,2295,Suguta Maramar,532,126,RFT,3758,1718,2040,779,199.57,18.83
5939,Suguta Marmar,suguta-marmar,2295,Suguta Maramar,532,126,RFT,4173,1989,2184,929,89.82,46.46
5940,Koiting,koiting,2296,Koiting,533,127,RFT,2003,1014,989,464,536.1,3.74
5941,Lpashie,lpashie,2296,Koiting,533,127,RFT,614,269,345,128,70.57,8.7
5942,Lengei,lengei,2297,Londungokwe,533,127,RFT,975,440,535,221,81.8,11.92
5943,Lpus,lpus,2297,Londungokwe,533,127,RFT,1075,497,578,273,154.08,6.98
5944,Ltrimin,ltrimin,2297,Londungokwe,533,127,RFT,1672,838,834,267,71.04,23.54
5945,Sesia,sesia,2297,Londungokwe,533,127,RFT,2035,896,1139,509,219.55,9.27
5946,Lmarimaroi,lmarimaroi,2298,Naimirimo,533,127,RFT,748,318,430,192,84.81,8.82
5947,Lorok Onyokie,lorok-onyokie,2298,Naimirimo,533,127,RFT,1701,763,938,364,351.76,4.84
5948,Raraiti,raraiti,2298,Naimirimo,533,127,RFT,995,495,500,205,178.42,5.58
5949,Swari,swari,2298,Naimirimo,533,127,RFT,1967,924,1043,457,251.12,7.83
5950,Ngilai Central,ngilai-central,2299,Ngilai Central,533,127,RFT,3158,1657,1501,728,401.4,7.87
5951,Lkisin,lkisin,2300,Ngilai West,533,127,RFT,1564,662,902,386,131.33,11.91
5952,Nkogoltim,nkogoltim,2300,Ngilai West,533,127,RFT,2239,1111,1128,491,527.81,4.24
5953,Nkare Narok,nkare-narok,2301,Nkare Narok,533,127,RFT,2953,1462,1491,526,1026.41,2.88
5954,Nkaroni,nkaroni,2302,Nkaroni,533,127,RFT,2005,847,1158,507,185.03,10.84
5955,Resim,resim,2302,Nkaroni,533,127,RFT,994,431,563,266,93.02,10.69
5956,Silango Nanyukie,silango-nanyukie,2302,Nkaroni,533,127,RFT,1273,543,730,320,194.9,6.53
5957,Matakwani,matakwani,2303,Wamba,533,127,RFT,3396,1682,1714,751,90,37.73
5958,Wamba Town,wamba-town,2303,Wamba,533,127,RFT,6247,3144,3103,1415,21.67,288.22
5959,Donyo Wasin,donyo-wasin,2304,Ndonyo Wasin,534,127,RFT,3721,1890,1831,565,960.18,3.88
5960,Sereolipi,sereolipi,2305,Serolipi,534,127,RFT,3542,1944,1598,762,2380.14,1.49
5961,Archers Post Town,archers-post-town,2306,Waso East,534,127,RFT,6275,3226,3049,1444,244.83,25.63
5962,Laresoro,laresoro,2306,Waso East,534,127,RFT,1327,628,699,328,472.82,2.81
5963,Lerata,lerata,2306,Waso East,534,127,RFT,907,495,412,165,377.56,2.4
5964,Losesia,losesia,2306,Waso East,534,127,RFT,1044,700,344,173,387.21,2.7
5965,Lenkusaka,lenkusaka,2307,Waso West,534,127,RFT,980,454,526,180,127.7,7.67
5966,Lpus Leluai,lpus-leluai,2307,Waso West,534,127,RFT,1750,809,941,335,176.1,9.94
5967,Ngutuk Engiron,ngutuk-engiron,2307,Waso West,534,127,RFT,697,302,395,164,106.91,6.52
5968,Remote,remote,2307,Waso West,534,127,RFT,1237,570,667,249,145.4,8.51
5969,Baragoi Town,baragoi-town,2308,Baragoi,535,128,RFT,4694,2307,2387,924,2.23,2102.48
5970,Bendera,bendera,2308,Baragoi,535,128,RFT,1579,781,798,341,8.06,195.97
5971,Nalingangor,nalingangor,2308,Baragoi,535,128,RFT,1719,737,982,383,7.15,240.32
5972,Masikita,masikita,2309,Elbarata,535,128,RFT,1887,973,914,454,153.95,12.26
5973,Ngilai,ngilai,2309,Elbarata,535,128,RFT,1977,1060,917,417,285.93,6.91
5974,Latakwen,latakwen,2310,Latakwen,535,128,RFT,2066,1062,1004,455,274.39,7.53
5975,Loikumkum,loikumkum,2310,Latakwen,535,128,RFT,2651,1312,1339,559,281.76,9.41
5976,Kalele,kalele,2311,Marti,535,128,RFT,867,463,404,171,143.37,6.05
5977,Lokorkor,lokorkor,2311,Marti,535,128,RFT,796,420,376,163,276.02,2.88
5978,Morua Kiring,morua-kiring,2311,Marti,535,128,RFT,1875,1397,478,409,732.24,2.56
5979,Nachola,nachola,2312,Nachola,535,128,RFT,1953,1011,942,415,257.12,7.6
5980,Nakuprat,nakuprat,2312,Nachola,535,128,RFT,1889,1068,821,333,287.68,6.57
5981,Terter,terter,2312,Nachola,535,128,RFT,1185,683,502,192,348.44,3.4
5982,Lesirkan,lesirkan,2313,Ndoto,535,128,RFT,2397,1281,1116,554,196.47,12.2
5983,Lodua,lodua,2313,Ndoto,535,128,RFT,1689,788,901,352,204.49,8.26
5984,Marti,marti,2314,Suyan,535,128,RFT,659,341,318,146,144.37,4.56
5985,Suyan,suyan,2314,Suyan,535,128,RFT,1160,612,548,268,420.73,2.76
5986,Arism,arism,2315,Arism,536,128,RFT,1536,779,757,300,231.95,6.62
5987,Illaut,illaut,2315,Arism,536,128,RFT,828,369,459,184,82.79,10
5988,Ngurunit,ngurunit,2315,Arism,536,128,RFT,1312,635,677,281,421.26,3.11
5989,Lonyangaten,lonyangaten,2316,Kawop,536,128,RFT,3057,1537,1520,543,134.11,22.79
5990,Losurkoi,losurkoi,2316,Kawop,536,128,RFT,929,542,387,181,295.95,3.14
5991,Nakwei,nakwei,2316,Kawop,536,128,RFT,1612,825,787,222,176.76,9.12
5992,Lkayo,lkayo,2317,Parakat,536,128,RFT,2916,1658,1258,349,164.54,17.72
5993,Parkat,parkat,2317,Parakat,536,128,RFT,1767,826,941,320,181.16,9.75
5994,Seren,seren,2318,Seren,536,128,RFT,2433,1190,1243,465,365.5,6.66
5995,Lorjorin,lorjorin,2319,South Horr,536,128,RFT,2149,1157,992,317,154.47,13.91
5996,South Horr,south-horr,2319,South Horr,536,128,RFT,4433,2335,2098,874,185.29,23.92
5997,Ijuuk,ijuuk,2320,Tuum,536,128,RFT,480,318,162,74,85.93,5.59
5998,Tuum,tuum,2320,Tuum,536,128,RFT,1738,899,839,344,125.97,13.8
5999,Lkotikal,lkotikal,2321,Waso Rongai,536,128,RFT,887,550,337,194,242.91,3.65
6000,Simale,simale,2321,Waso Rongai,536,128,RFT,700,350,350,125,130.2,5.38
6001,Waso Rongai,waso-rongai,2321,Waso Rongai,536,128,RFT,1981,1205,776,390,31.86,62.17
6002,Abosi,abosi,2322,Abosi,537,129,RFT,5768,2831,2937,1109,10.44,552.52
6003,Gelegele,gelegele,2322,Abosi,537,129,RFT,3322,1643,1679,590,14.37,231.13
6004,Kapchumbe,kapchumbe,2322,Abosi,537,129,RFT,3426,1639,1787,625,32.93,104.04
6005,Kaplomboi,kaplomboi,2322,Abosi,537,129,RFT,3995,1892,2103,710,10.19,391.93
6006,Kipsimbol,kipsimbol,2322,Abosi,537,129,RFT,2169,1060,1109,384,9.61,225.69
6007,Koiyet,koiyet,2322,Abosi,537,129,RFT,797,406,391,153,6.35,125.42
6008,Chebilat,chebilat,2323,Chebilat,538,129,RFT,1980,992,988,357,6.1,324.58
6009,Togomin,togomin,2323,Chebilat,538,129,RFT,2105,1109,996,392,3.11,677
6010,Chebirbelek,chebirbelek,2324,Chebirbelek,538,129,RFT,5317,2651,2666,964,10.79,492.84
6011,Siroin,siroin,2324,Chebirbelek,538,129,RFT,4496,2182,2314,810,8.21,547.46
6012,Kamungei,kamungei,2325,Kamungei,538,129,RFT,3365,1645,1720,648,5.83,576.98
6013,Kapkoitim,kapkoitim,2325,Kamungei,538,129,RFT,2298,1166,1132,394,4.74,484.5
6014,Kenene,kenene,2325,Kamungei,538,129,RFT,3696,1825,1871,678,6.32,584.86
6015,Balek,balek,2326,Kapletundo,538,129,RFT,4854,2440,2414,887,8.53,568.79
6016,Chesilyot,chesilyot,2326,Kapletundo,538,129,RFT,2598,1237,1361,485,5.64,460.3
6017,Keronjo,keronjo,2327,Kimawit,538,129,RFT,1686,821,865,318,3.58,470.75
6018,Kimawit,kimawit,2327,Kimawit,538,129,RFT,4029,1965,2064,698,7.94,507.31
6019,Kapkesembe,kapkesembe,2328,Kimolwet,538,129,RFT,2020,991,1029,369,4.75,425.03
6020,Kimolwet,kimolwet,2328,Kimolwet,538,129,RFT,1924,983,941,342,4.74,405.65
6021,Kanusin,kanusin,2329,Kanusin,539,129,RFT,3338,1604,1734,596,10.21,327.08
6022,Kapsangaru,kapsangaru,2329,Kanusin,539,129,RFT,2774,1368,1406,504,8.09,343.1
6023,Solyot,solyot,2329,Kanusin,539,129,RFT,2105,981,1124,413,6.55,321.35
6024,Chebole,chebole,2330,Kiptulwa,539,129,RFT,6547,3266,3281,1224,30.18,216.9
6025,Kapkures,kapkures,2330,Kiptulwa,539,129,RFT,3271,1578,1693,597,13.66,239.49
6026,Kinyelwet,kinyelwet,2330,Kiptulwa,539,129,RFT,4524,2217,2307,816,21.92,206.38
6027,Kipsonoi,kipsonoi,2330,Kiptulwa,539,129,RFT,4153,2035,2118,742,16.85,246.51
6028,Leldaet,leldaet,2331,Mutarakwa,539,129,RFT,7188,3587,3601,1252,18.91,380.08
6029,Tarakwa,tarakwa,2331,Mutarakwa,539,129,RFT,5274,2566,2708,945,17.91,294.4
6030,Kapkelei,kapkelei,2332,Kapkelei,540,129,RFT,3738,1780,1958,700,12.81,291.72
6031,Motiret,motiret,2332,Kapkelei,540,129,RFT,2947,1428,1519,538,9.23,319.35
6032,Oldebesi,oldebesi,2332,Kapkelei,540,129,RFT,2755,1324,1431,546,5.45,505.63
6033,Sigorian,sigorian,2332,Kapkelei,540,129,RFT,4773,2281,2492,892,14.96,319.14
6034,Chepkeigei,chepkeigei,2333,Ndanai,540,129,RFT,2520,1212,1308,465,5.8,434.26
6035,Cheplelwa,cheplelwa,2333,Ndanai,540,129,RFT,3056,1530,1526,540,11.7,261.12
6036,Kipsingei,kipsingei,2333,Ndanai,540,129,RFT,5497,2721,2776,1053,13.29,413.67
6037,Ndanai,ndanai,2333,Ndanai,540,129,RFT,6599,3217,3382,1241,8.23,801.5
6038,Chebongi,chebongi,2334,Chemagel,541,129,RFT,3781,1831,1950,732,5.19,728.57
6039,Kipajit,kipajit,2334,Chemagel,541,129,RFT,2372,1155,1217,438,11.31,209.69
6040,Sotik,sotik,2334,Chemagel,541,129,RFT,5891,3081,2810,1577,4.65,1266.09
6041,Kapchepkoro,kapchepkoro,2335,Kaplong,541,129,RFT,6737,3412,3325,1312,9.71,693.53
6042,Kaplong,kaplong,2335,Kaplong,541,129,RFT,7023,3326,3697,1311,10.77,651.98
6043,Chebilat,chebilat,2336,Manaret,541,129,RFT,4388,2219,2169,1098,12.62,347.83
6044,Mabwaita,mabwaita,2336,Manaret,541,129,RFT,2164,1115,1049,437,12.35,175.18
6045,Manaret,manaret,2336,Manaret,541,129,RFT,2081,1045,1036,399,10.08,206.37
6046,Moniere,moniere,2336,Manaret,541,129,RFT,2321,1383,938,984,19.53,118.83
6047,Kipngosos,kipngosos,2337,Rongena,541,129,RFT,2085,1027,1058,397,4.58,455.16
6048,Rongena,rongena,2337,Rongena,541,129,RFT,4390,2248,2142,778,12.47,352.13
6049,Burgei,burgei,2338,Tembwo,541,129,RFT,2486,1195,1291,434,5.62,442.53
6050,Tembwo,tembwo,2338,Tembwo,541,129,RFT,4915,2393,2522,886,15.22,322.95
6051,Emityot,emityot,2339,Yaganek,541,129,RFT,1868,924,944,356,9.17,203.7
6052,Yaganek,yaganek,2339,Yaganek,541,129,RFT,4562,2255,2307,820,7.53,605.45
6053,Ainapngetuny,ainapngetuny,2340,Ainapngetuny,542,130,RFT,1455,724,731,280,4.85,299.91
6054,Kisoga,kisoga,2340,Ainapngetuny,542,130,RFT,963,477,486,187,2.39,403
6055,Toroton,toroton,2340,Ainapngetuny,542,130,RFT,1944,980,964,354,6.9,281.56
6056,Chebagang,chebagang,2341,Chemamul,542,130,RFT,1545,816,729,376,20.24,76.33
6057,Chemamul,chemamul,2341,Chemamul,542,130,RFT,2445,1302,1143,667,23.35,104.73
6058,Kipyaor,kipyaor,2341,Chemamul,542,130,RFT,1606,792,814,365,29.2,55
6059,Chepkemel,chepkemel,2342,Chepkemel,542,130,RFT,1754,892,862,288,4.65,377.4
6060,Kabikwen,kabikwen,2342,Chepkemel,542,130,RFT,880,443,437,175,5.2,169.15
6061,Kipsiwo,kipsiwo,2342,Chepkemel,542,130,RFT,893,459,434,157,2.64,338.16
6062,Cherondo,cherondo,2343,Kabirer,542,130,RFT,3283,1674,1609,597,5.98,548.9
6063,Kabirer,kabirer,2343,Kabirer,542,130,RFT,2789,1373,1416,514,8.03,347.46
6064,Kibukwo,kibukwo,2343,Kabirer,542,130,RFT,3066,1567,1499,524,7.03,436.29
6065,Kabolebo,kabolebo,2344,Kabolebo,542,130,RFT,2538,1236,1302,496,6.69,379.49
6066,Kaplelach,kaplelach,2344,Kabolebo,542,130,RFT,773,388,385,185,6.35,121.73
6067,Kabutiei,kabutiei,2345,Kabutiei,542,130,RFT,882,467,415,157,1.93,457.59
6068,Matambach,matambach,2345,Kabutiei,542,130,RFT,1205,622,583,194,4,301.52
6069,Kamelil,kamelil,2346,Kamelil,542,130,RFT,2452,1235,1217,444,6.61,370.68
6070,Kapsoen,kapsoen,2346,Kamelil,542,130,RFT,2659,1426,1233,479,4.79,554.95
6071,Ngatipkong,ngatipkong,2346,Kamelil,542,130,RFT,2920,1449,1471,498,5.22,559.17
6072,Got Nelel,got-nelel,2347,Kamelilo,542,130,RFT,1881,963,918,343,9.21,204.3
6073,Senetwo,senetwo,2347,Kamelilo,542,130,RFT,1986,1006,980,383,9.11,217.96
6074,Tebeson,tebeson,2347,Kamelilo,542,130,RFT,2474,1228,1246,437,8.03,308.11
6075,Cheptonon,cheptonon,2348,Kapkitony,542,130,RFT,2378,1234,1144,425,10.65,223.33
6076,Mombwo,mombwo,2348,Kapkitony,542,130,RFT,1228,636,592,240,4.04,304.26
6077,Kapkoros,kapkoros,2349,Kapkoros,542,130,RFT,2004,1022,982,395,4.41,454.56
6078,Kapsokio,kapsokio,2349,Kapkoros,542,130,RFT,1146,550,596,199,2.96,387.58
6079,Tereno,tereno,2349,Kapkoros,542,130,RFT,1713,879,834,301,6.51,263.1
6080,Meteitei,meteitei,2350,Meteitei,542,130,RFT,2035,1002,1033,357,4.83,421.55
6081,Setek,setek,2350,Meteitei,542,130,RFT,2011,995,1016,381,4.73,425.34
6082,Kamilet,kamilet,2351,Soba,542,130,RFT,961,478,483,203,8.37,114.87
6083,Kapkitany,kapkitany,2351,Soba,542,130,RFT,953,495,458,183,6.83,139.52
6084,Sigoria,sigoria,2351,Soba,542,130,RFT,1317,681,636,246,9.43,139.7
6085,Soba River,soba-river,2351,Soba,542,130,RFT,1726,881,845,309,9.57,180.28
6086,Sokosik,sokosik,2352,Songhor,542,130,RFT,3030,1523,1507,587,17.3,175.16
6087,Songhor,songhor,2352,Songhor,542,130,RFT,3170,1614,1556,562,20.69,153.21
6088,Taunet,taunet,2352,Songhor,542,130,RFT,4294,2174,2120,817,39.21,109.52
6089,Kaplamaiywo,kaplamaiywo,2353,Tachasis,542,130,RFT,1649,865,784,254,3.35,491.97
6090,Tachasis,tachasis,2353,Tachasis,542,130,RFT,1029,519,510,184,3.05,337.7
6091,Kimatkei,kimatkei,2354,Tinderet,542,130,RFT,1080,551,529,184,3.12,346.55
6092,Mbogo Valle,mbogo-valle,2354,Tinderet,542,130,RFT,1711,878,833,331,8.07,212.03
6093,Tinderet,tinderet,2354,Tinderet,542,130,RFT,1227,613,614,231,30.18,40.66
6094,Angata Barinkoi,angata-barinkoi,2355,Angata Barikoi,543,131,RFT,3275,1611,1664,562,26.95,121.51
6095,Chelchel,chelchel,2355,Angata Barikoi,543,131,RFT,2994,1490,1504,516,129.3,23.16
6096,Ngendalel,ngendalel,2355,Angata Barikoi,543,131,RFT,2803,1373,1430,496,26.69,105
6097,Machangwa,machangwa,2356,Machangwa,543,131,RFT,3190,1613,1577,588,53.95,59.13
6098,Magena,magena,2356,Machangwa,543,131,RFT,2972,1526,1446,443,16.24,183.01
6099,Kondamiet,kondamiet,2357,Oldonyorok,543,131,RFT,3278,1648,1630,594,11.94,274.64
6100,Oldonyorok,oldonyorok,2357,Oldonyorok,543,131,RFT,4851,2392,2459,865,20.6,235.52
6101,Chemamit,chemamit,2358,Emurua Dikirr,544,131,RFT,13070,6415,6655,2369,38.67,337.95
6102,Chemamit,chemamit,2359,Kapsasian,544,131,RFT,4975,2426,2549,804,13.2,377.02
6103,Kapolesho,kapolesho,2359,Kapsasian,544,131,RFT,5558,2702,2856,982,15.4,360.97
6104,Kapsasian,kapsasian,2359,Kapsasian,544,131,RFT,5449,2690,2759,920,15.09,361.19
6105,Mugor,mugor,2360,Mugor,544,131,RFT,10006,4990,5016,1856,30.62,326.73
6106,Mukondo,mukondo,2360,Mugor,544,131,RFT,7574,3734,3840,1427,31.76,238.44
6107,Ilkerin,ilkerin,2361,Murkan,544,131,RFT,13287,6708,6579,2450,58.03,228.96
6108,Enoosaen,enoosaen,2362,Enoosaen,545,131,RFT,4422,2189,2233,904,21.11,209.45
6109,Mapashi,mapashi,2362,Enoosaen,545,131,RFT,2603,1265,1338,433,28.75,90.52
6110,Elangata Osaen,elangata-osaen,2363,Isampin,545,131,RFT,2919,1471,1448,537,15.86,184.1
6111,Isampin,isampin,2363,Isampin,545,131,RFT,1811,902,909,332,14.05,128.91
6112,Masurura,masurura,2364,Masurura,545,131,RFT,2992,1534,1458,569,48.93,61.14
6113,Moita,moita,2365,Moita,545,131,RFT,4598,2287,2311,936,75.59,60.83
6114,Kiikat,kiikat,2366,Ndonyo,545,131,RFT,2413,1258,1155,465,22.84,105.65
6115,Naar-Olong,naar-olong,2366,Ndonyo,545,131,RFT,1533,794,739,294,30.38,50.46
6116,Enentekeny,enentekeny,2367,Nkararo,545,131,RFT,2815,1377,1438,531,25.74,109.38
6117,Ildolisho,ildolisho,2367,Nkararo,545,131,RFT,1704,855,849,340,20.57,82.83
6118,Nkararo,nkararo,2367,Nkararo,545,131,RFT,3187,1559,1628,700,22.06,144.5
6119,Ilpashire,ilpashire,2368,Olontare,545,131,RFT,2305,1207,1098,424,32.8,70.28
6120,Ntuka,ntuka,2368,Olontare,545,131,RFT,1653,817,836,305,19.38,85.3
6121,Olontare,olontare,2368,Olontare,545,131,RFT,1936,936,1000,388,37.36,51.83
6122,Oldonyati,oldonyati,2369,Sikawa,545,131,RFT,2842,1409,1433,512,20.75,136.98
6123,Sikawa,sikawa,2369,Sikawa,545,131,RFT,2065,1057,1008,397,36.87,56.01
6124,Ilmeshuki,ilmeshuki,2370,Olalui,546,131,RFT,2076,1026,1050,404,69.96,29.68
6125,Mukulelta,mukulelta,2370,Olalui,546,131,RFT,2278,1169,1109,448,18.27,124.68
6126,Olalui,olalui,2370,Olalui,546,131,RFT,2655,1381,1274,532,9.38,283.11
6127,Kilutoori,kilutoori,2371,Oloiborsoito,546,131,RFT,2617,1254,1363,441,14.33,182.61
6128,Oldonyo Rasha,oldonyo-rasha,2371,Oloiborsoito,546,131,RFT,4247,2064,2183,928,8.54,497.14
6129,Endoinyo Nkopit,endoinyo-nkopit,2372,Ololchani,546,131,RFT,2007,985,1022,374,10.63,188.78
6130,Lepolosi,lepolosi,2372,Ololchani,546,131,RFT,8673,4346,4327,2288,10.75,807.02
6131,Ololchani,ololchani,2372,Ololchani,546,131,RFT,2505,1282,1223,488,13.91,180.14
6132,Olengoloto,olengoloto,2373,Olomismis,546,131,RFT,2427,1225,1202,417,26.95,90.05
6133,Olesentu,olesentu,2373,Olomismis,546,131,RFT,2215,1104,1111,380,39.47,56.11
6134,Olomismis,olomismis,2373,Olomismis,546,131,RFT,3360,1623,1737,596,34.45,97.54
6135,Nyasita,nyasita,2374,Osinoni,546,131,RFT,664,354,310,116,9.51,69.8
6136,Osinoni,osinoni,2374,Osinoni,546,131,RFT,2542,1290,1252,527,26.88,94.57
6137,Naronyo,naronyo,2375,Osupuko,546,131,RFT,2316,1154,1162,366,10.6,218.58
6138,Osupuko,osupuko,2375,Osupuko,546,131,RFT,2524,1234,1290,434,16.24,155.44
6139,Nakuiyan,nakuiyan,2376,Poroko,546,131,RFT,2639,1315,1324,586,8.92,295.96
6140,Poroko,poroko,2376,Poroko,546,131,RFT,3363,1674,1689,578,17.02,197.55
6141,Enaenyeny,enaenyeny,2377,Shankoe,546,131,RFT,1750,905,845,285,18.26,95.82
6142,Olereko,olereko,2377,Shankoe,546,131,RFT,1541,765,776,279,13.18,116.89
6143,Shankoe,shankoe,2377,Shankoe,546,131,RFT,1854,931,923,316,19.75,93.85
6144,Emarti,emarti,2378,Emarti,547,131,RFT,3249,1639,1610,572,33.47,97.08
6145,Kiribwet,kiribwet,2378,Emarti,547,131,RFT,7423,3647,3776,1349,34.73,213.75
6146,Esoit-Naibor,esoit-naibor,2379,Esoit-Naibor,547,131,RFT,5317,2743,2574,984,49.71,106.97
6147,Pusanki,pusanki,2379,Esoit-Naibor,547,131,RFT,1622,853,769,296,48.11,33.71
6148,Sitoka,sitoka,2379,Esoit-Naibor,547,131,RFT,831,396,435,164,109.08,7.62
6149,Kirindon,kirindon,2380,Kimintet,547,131,RFT,5462,2763,2699,966,59.22,92.23
6150,Oloololo,oloololo,2380,Kimintet,547,131,RFT,2837,1742,1095,680,465.29,6.1
6151,Ntulele,ntulele,2381,Ntulele,547,131,RFT,3525,1773,1752,637,48.58,72.56
6152,Enkoiperiai,enkoiperiai,2382,Enkoiperiai,548,131,RFT,506,243,263,100,18.76,26.97
6153,Lolgorian,lolgorian,2383,Moyoi,548,131,RFT,5664,2887,2777,1285,37.34,151.68
6154,Olkiloriti,olkiloriti,2383,Moyoi,548,131,RFT,1512,750,762,269,21.47,70.42
6155,Olmotonyi,olmotonyi,2383,Moyoi,548,131,RFT,3223,1601,1622,564,83.02,38.82
6156,Siteti,siteti,2383,Moyoi,548,131,RFT,1076,522,554,204,22.68,47.43
6157,Kawai,kawai,2384,Oloiren,548,131,RFT,1842,875,967,369,70.39,26.17
6158,Ololmongi,ololmongi,2384,Oloiren,548,131,RFT,3610,1830,1780,628,128.68,28.05
6159,Kerinkani,kerinkani,2385,Sokon,548,131,RFT,4458,2216,2242,757,57.08,78.1
6160,Kapkoros,kapkoros,2386,Njipiship,549,131,RFT,5412,2695,2717,924,14.34,377.46
6161,Ndamama,ndamama,2386,Njipiship,549,131,RFT,2769,1391,1378,424,8.35,331.56
6162,Njipiship,njipiship,2386,Njipiship,549,131,RFT,3578,1784,1794,634,10.15,352.42
6163,Abossi,abossi,2387,Ololmasani,549,131,RFT,7450,3690,3760,1329,19.76,377.03
6164,Ololmasani,ololmasani,2387,Ololmasani,549,131,RFT,5632,2770,2862,979,20.07,280.55
6165,Kapune,kapune,2388,Kapune,550,131,RFT,1932,963,969,332,10.3,187.6
6166,Sirua-Aulo,sirua-aulo,2388,Kapune,550,131,RFT,3773,1848,1925,608,19.4,194.46
6167,Meguarra,meguarra,2389,Meguarra,550,131,RFT,2074,1006,1068,348,12.49,166.02
6168,Romosha,romosha,2389,Meguarra,550,131,RFT,1311,638,673,229,10.13,129.43
6169,Medugi,medugi,2390,Oronkai,550,131,RFT,1554,790,764,262,17.05,91.13
6170,Oronkai,oronkai,2390,Oronkai,550,131,RFT,806,388,418,135,10.88,74.11
6171,Pimpinet,pimpinet,2390,Oronkai,550,131,RFT,2527,1316,1211,419,13.54,186.66
6172,Enkosipa,enkosipa,2391,Shartuka,550,131,RFT,2218,1081,1137,412,15.48,143.28
6173,Shartuka,shartuka,2391,Shartuka,550,131,RFT,2006,1012,994,342,30.29,66.24
6174,Kapsigilai,kapsigilai,2392,Chepsiro,551,132,RFT,8131,3962,4169,1540,29.63,274.4
6175,Kibuswa,kibuswa,2392,Chepsiro,551,132,RFT,9843,4888,4955,1834,45.64,215.66
6176,Kachibora,kachibora,2393,Cherangany,551,132,RFT,12163,6004,6159,2453,32.33,376.16
6177,Nzoia,nzoia,2393,Cherangany,551,132,RFT,10614,5313,5301,2186,53.52,198.33
6178,Geta,geta,2394,Kiptoror,551,132,RFT,6142,2960,3182,1318,20.75,296.06
6179,Top Suwerwa,top-suwerwa,2394,Kiptoror,551,132,RFT,3903,1923,1980,736,13.3,293.43
6180,Kiptoi,kiptoi,2395,Milimani,551,132,RFT,5259,2604,2655,1062,14.84,354.37
6181,Milimani,milimani,2395,Milimani,551,132,RFT,7682,3852,3830,1590,33.13,231.88
6182,Kapkarwa,kapkarwa,2396,Suwerwa,551,132,RFT,3412,1684,1728,706,15.64,218.1
6183,Kapterit,kapterit,2396,Suwerwa,551,132,RFT,4929,2395,2534,1029,21.34,230.97
6184,Kaptumbo,kaptumbo,2396,Suwerwa,551,132,RFT,4651,2294,2357,897,17.34,268.18
6185,Biribiriet,biribiriet,2397,Makutano,552,132,RFT,7184,3583,3601,1422,21.2,338.83
6186,Kapolet,kapolet,2397,Makutano,552,132,RFT,4803,2427,2376,1106,23.96,200.47
6187,Kapsara,kapsara,2397,Makutano,552,132,RFT,6375,3287,3088,1449,35.61,179.03
6188,Kimoson,kimoson,2398,Motosiet,552,132,RFT,25257,12403,12854,4861,59.5,424.49
6189,Motosiet,motosiet,2398,Motosiet,552,132,RFT,22571,11098,11473,4371,56.26,401.16
6190,Sinyerere,sinyerere,2399,Sinyerere,552,132,RFT,25890,12816,13074,5255,72.42,357.52
6191,Sitatunga,sitatunga,2400,Sitatunga,552,132,RFT,26364,13103,13261,5304,63.37,416.04
6192,Bidii,bidii,2401,Kibomet,553,133,RFT,21498,10426,11072,5234,26.63,807.24
6193,Milimani,milimani,2401,Kibomet,553,133,RFT,13310,6926,6384,3132,12.09,1101.34
6194,Naisambu,naisambu,2401,Kibomet,553,133,RFT,16924,8165,8759,4055,22.27,759.88
6195,Matisi,matisi,2402,Matisi,553,133,RFT,22447,11425,11022,5881,11.04,2033.35
6196,Rafiki,rafiki,2402,Matisi,553,133,RFT,5720,2890,2830,1169,6.33,903.16
6197,Bondeni,bondeni,2403,Municipality,553,133,RFT,10533,5342,5191,2690,2.7,3899.52
6198,Grassland,grassland,2403,Municipality,553,133,RFT,8474,4970,3504,1601,27.83,304.53
6199,Kipsongok,kipsongok,2403,Municipality,553,133,RFT,4021,2178,1843,1174,2.2,1829.56
6200,Tuwan,tuwan,2403,Municipality,553,133,RFT,29129,14826,14303,8645,1.48,19667.14
6201,Kapkoi Sisal,kapkoi-sisal,2404,Waitaluk,553,133,RFT,40377,19801,20576,8235,100.25,402.77
6202,Sirende,sirende,2404,Waitaluk,553,133,RFT,23677,11548,12129,4783,38.89,608.87
6203,Kiminini,kiminini,2405,Kiminini,554,133,RFT,33764,16333,17431,6915,87.23,387.05
6204,Nabiswa,nabiswa,2405,Kiminini,554,133,RFT,38731,18796,19935,7767,65.76,588.97
6205,Sikhendu,sikhendu,2406,Sikhendu,554,133,RFT,24129,11696,12433,4804,40.97,589.01
6206,Kinyoro,kinyoro,2407,Kinyoro,555,133,RFT,12817,6336,6481,2556,29.6,433.04
6207,Kipyoiywan,kipyoiywan,2407,Kinyoro,555,133,RFT,16092,8043,8049,3071,44.74,359.66
6208,Teldet,teldet,2408,Kisawai,555,133,RFT,10736,5350,5386,2136,75.16,142.84
6209,Kiboroa,kiboroa,2409,Kiboroa,556,133,RFT,10346,5287,5059,1947,50.13,206.37
6210,Machewa,machewa,2410,Machewa,556,133,RFT,19999,9844,10155,3713,44.04,454.15
6211,Saboti,saboti,2411,Saboti,556,133,RFT,24642,12356,12286,4769,56.14,438.97
6212,Kanamkemer,kanamkemer,2412,Kanamkemer,557,134,RFT,14403,6764,7639,2758,82.32,174.97
6213,Nawoitorong,nawoitorong,2412,Kanamkemer,557,134,RFT,8381,4077,4304,1607,205.1,40.86
6214,Lodwer Township,lodwer-township,2413,Lodwer Township,557,134,RFT,14066,7201,6865,2906,279.71,50.29
6215,Nakwamekwi,nakwamekwi,2413,Lodwer Township,557,134,RFT,10285,4965,5320,1985,24.52,419.52
6216,Napetet,napetet,2413,Lodwer Township,557,134,RFT,11155,5524,5631,2181,240.19,46.44
6217,Kalokol,kalokol,2414,Kalokol,558,134,RFT,11480,5654,5826,2311,384.16,29.88
6218,Kapua,kapua,2414,Kalokol,558,134,RFT,3972,1899,2073,711,516.4,7.69
6219,Namadak,namadak,2414,Kalokol,558,134,RFT,4025,1931,2094,662,234.33,17.18
6220,Eliye,eliye,2415,Kangatotha,558,134,RFT,4792,2277,2515,804,493.72,9.71
6221,Lomopus,lomopus,2415,Kangatotha,558,134,RFT,2479,1176,1303,454,274.29,9.04
6222,Naworos,naworos,2415,Kangatotha,558,134,RFT,4562,2319,2243,711,97.32,46.88
6223,Locher Ekeny,locher-ekeny,2416,Namukuse,558,134,RFT,4580,2247,2333,598,104.68,43.75
6224,Namukuse,namukuse,2416,Namukuse,558,134,RFT,6282,3212,3070,1031,34.99,179.53
6225,Kangirisaye,kangirisaye,2417,Kangirisaye,559,134,RFT,3643,1791,1852,518,454.97,8.01
6226,Nakoret,nakoret,2417,Kangirisaye,559,134,RFT,4198,2080,2118,623,225.64,18.6
6227,Kerio,kerio,2418,Kerio,559,134,RFT,4254,2169,2085,692,265.95,16
6228,Nadoto,nadoto,2418,Kerio,559,134,RFT,8425,4450,3975,968,156.26,53.92
6229,Nakurio,nakurio,2418,Kerio,559,134,RFT,7754,3872,3882,1204,769.32,10.08
6230,Kakimat,kakimat,2419,Lorengelup,559,134,RFT,1879,896,983,295,433.44,4.34
6231,Kangagetei,kangagetei,2419,Lorengelup,559,134,RFT,1886,916,970,290,286.44,6.58
6232,Lorengelup,lorengelup,2419,Lorengelup,559,134,RFT,2173,1039,1134,372,112.12,19.38
6233,Lochor Edome,lochor-edome,2420,Loima,560,134,RFT,2242,1144,1098,299,166.91,13.43
6234,Lochor Ekuyen,lochor-ekuyen,2420,Loima,560,134,RFT,3354,1681,1673,511,335.02,10.01
6235,Namoruputh,namoruputh,2420,Loima,560,134,RFT,4478,2104,2374,691,243.33,18.4
6236,Puch,puch,2420,Loima,560,134,RFT,9774,4946,4828,1049,1373.87,7.11
6237,Atala Kamusio,atala-kamusio,2421,Lokiriama,560,134,RFT,3981,1993,1988,482,100.27,39.7
6238,Lochor Lomala,lochor-lomala,2421,Lokiriama,560,134,RFT,5839,3074,2765,800,428.21,13.64
6239,Lokiriama,lokiriama,2421,Lokiriama,560,134,RFT,3615,1951,1664,482,163.74,22.08
6240,Kaemanik,kaemanik,2422,Lorengippi,560,134,RFT,1207,645,562,153,189.56,6.37
6241,Lodwat,lodwat,2422,Lorengippi,560,134,RFT,1384,671,713,201,58.81,23.53
6242,Lorengippi,lorengippi,2422,Lorengippi,560,134,RFT,2459,1393,1066,299,209.39,11.74
6243,Loya,loya,2422,Lorengippi,560,134,RFT,1501,807,694,180,68.78,21.82
6244,Nakurio,nakurio,2422,Lorengippi,560,134,RFT,1070,594,476,141,91.14,11.74
6245,Kotaruk,kotaruk,2423,Kotaruk,561,134,RFT,9878,5304,4574,1142,225.32,43.84
6246,Lokipetot Arengani,lokipetot-arengani,2423,Kotaruk,561,134,RFT,4350,2082,2268,679,263.9,16.48
6247,Naipa,naipa,2423,Kotaruk,561,134,RFT,3606,1860,1746,493,199.15,18.11
6248,Kaapus,kaapus,2424,Lomeyan,561,134,RFT,7058,3490,3568,828,504.52,13.99
6249,Lomeyan,lomeyan,2424,Lomeyan,561,134,RFT,10093,4938,5155,1483,883.01,11.43
6250,Nachuro,nachuro,2424,Lomeyan,561,134,RFT,5164,2527,2637,698,547.12,9.44
6251,Kalemunyang,kalemunyang,2425,Lorugum,561,134,RFT,8666,4400,4266,1250,450.18,19.25
6252,Lobei,lobei,2425,Lorugum,561,134,RFT,5129,2709,2420,671,246.37,20.82
6253,Lorugum,lorugum,2425,Lorugum,561,134,RFT,4737,2172,2565,914,582.63,8.13
6254,Turkwel,turkwel,2425,Lorugum,561,134,RFT,8139,3871,4268,1602,333.29,24.42
6255,Kawalathe,kawalathe,2426,Nadapal,561,134,RFT,1473,664,809,311,416.66,3.54
6256,Nadapal,nadapal,2426,Nadapal,561,134,RFT,3286,1530,1756,645,109.32,30.06
6257,Napeikar,napeikar,2426,Nadapal,561,134,RFT,4526,2163,2363,899,276.41,16.37
6258,Tiya,tiya,2426,Nadapal,561,134,RFT,2923,1367,1556,536,447.89,6.53
6259,Kaeris,kaeris,2427,Kaeris,562,135,RFT,5544,2994,2550,620,526.4,10.53
6260,Kanakurudio,kanakurudio,2427,Kaeris,562,135,RFT,4491,2550,1941,545,1113.49,4.03
6261,Kangakipur,kangakipur,2427,Kaeris,562,135,RFT,2407,1318,1089,274,344.06,7
6262,Nadunga,nadunga,2427,Kaeris,562,135,RFT,4274,2292,1982,515,871.53,4.9
6263,Loitanit,loitanit,2428,Kaikor,562,135,RFT,4237,2167,2070,538,727.38,5.82
6264,Lokolio,lokolio,2428,Kaikor,562,135,RFT,6859,3619,3240,917,484.54,14.16
6265,Nalita,nalita,2428,Kaikor,562,135,RFT,3675,1972,1703,398,388.17,9.47
6266,Karach,karach,2429,Loruth,562,135,RFT,1465,764,701,188,607.31,2.41
6267,Katome,katome,2429,Loruth,562,135,RFT,2297,1241,1056,344,627.9,3.66
6268,Loruth Esekon,loruth-esekon,2429,Loruth,562,135,RFT,2675,1414,1261,315,655.24,4.08
6269,Kaalem,kaalem,2430,Yapakuno,562,135,RFT,6139,3231,2908,919,805.42,7.62
6270,Kakelae,kakelae,2430,Yapakuno,562,135,RFT,2508,1411,1097,328,214.44,11.7
6271,Milima Tatu,milima-tatu,2430,Yapakuno,562,135,RFT,4622,2496,2126,491,859.96,5.37
6272,Lopur,lopur,2431,Kakuma,563,135,RFT,38211,20374,17837,7508,184.51,207.1
6273,Nadapal,nadapal,2431,Kakuma,563,135,RFT,15870,8199,7671,2516,41.52,382.24
6274,Namorungole,namorungole,2431,Kakuma,563,135,RFT,11733,5987,5746,2074,289.36,40.55
6275,Tarach,tarach,2431,Kakuma,563,135,RFT,5936,3064,2872,689,120.65,49.2
6276,Kobwin,kobwin,2432,Nakalale,563,135,RFT,3487,1873,1614,528,581.56,6
6277,Losajait,losajait,2432,Nakalale,563,135,RFT,2152,1150,1002,277,442.31,4.87
6278,Nakalale,nakalale,2432,Nakalale,563,135,RFT,3886,1945,1941,629,652.61,5.95
6279,Lokore,lokore,2433,Pelekech,563,135,RFT,5963,3078,2885,859,190.95,31.23
6280,Lopusiki,lopusiki,2433,Pelekech,563,135,RFT,4870,2397,2473,649,225.5,21.6
6281,Namon,namon,2433,Pelekech,563,135,RFT,2583,1294,1289,355,737.54,3.5
6282,Kibish,kibish,2434,Kibish,564,135,RFT,1144,637,507,268,705.98,1.62
6283,Lokomarinyang,lokomarinyang,2434,Kibish,564,135,RFT,3414,1701,1713,456,987.6,3.46
6284,Koyasa,koyasa,2435,Naita,564,135,RFT,0,0,0,0,561.62,0
6285,Naita,naita,2435,Naita,564,135,RFT,3032,1452,1580,360,2027.35,1.5
6286,Kaitede,kaitede,2436,Natapar,564,135,RFT,5157,2835,2322,660,206.46,24.98
6287,Karach ( I),karach-i,2436,Natapar,564,135,RFT,4481,2415,2066,540,404.01,11.09
6288,Natapar,natapar,2436,Natapar,564,135,RFT,4445,2340,2105,651,740.13,6.01
6289,Karebur,karebur,2437,Karebur,565,135,RFT,1982,1011,971,266,278.44,7.12
6290,Nabulukok,nabulukok,2437,Karebur,565,135,RFT,1171,661,510,134,232.9,5.03
6291,Kokuro,kokuro,2438,Kokuro,565,135,RFT,3843,2066,1777,548,573.52,6.7
6292,Sasame,sasame,2438,Kokuro,565,135,RFT,2111,1137,974,273,139.49,15.13
6293,Todonyang,todonyang,2438,Kokuro,565,135,RFT,2786,1725,1061,438,526.97,5.29
6294,Lewan,lewan,2439,Meyan,565,135,RFT,2798,1624,1174,327,414.59,6.75
6295,Napeikar,napeikar,2439,Meyan,565,135,RFT,2788,1553,1235,366,270.05,10.32
6296,Lokariwon,lokariwon,2440,Lokichoggio,566,135,RFT,10980,5923,5057,1621,519.98,21.12
6297,Lokichoggio,lokichoggio,2440,Lokichoggio,566,135,RFT,10980,5652,5328,1868,503.89,21.79
6298,Lokangae,lokangae,2441,Lorao,566,135,RFT,9446,4982,4464,1074,1086.44,8.69
6299,Lotikipi,lotikipi,2441,Lorao,566,135,RFT,7406,3908,3498,911,1639.21,4.52
6300,Loremiet,loremiet,2442,Loteteleit,566,135,RFT,2700,1373,1327,295,99.68,27.09
6301,Loteteleit,loteteleit,2442,Loteteleit,566,135,RFT,4607,2447,2160,572,358,12.87
6302,Lopiding,lopiding,2443,Mogila,566,135,RFT,5208,2669,2539,658,144.21,36.11
6303,Mogila,mogila,2443,Mogila,566,135,RFT,14547,8094,6453,1536,597.69,24.34
6304,Lomeyan,lomeyan,2444,Nanam,566,135,RFT,9447,4953,4494,1080,1256.05,7.52
6305,Nanam,nanam,2444,Nanam,566,135,RFT,5603,2943,2660,748,780.95,7.17
6306,Lokudule,lokudule,2445,Songot,566,135,RFT,2619,1370,1249,341,365.44,7.17
6307,Lopwarin,lopwarin,2445,Songot,566,135,RFT,1939,959,980,277,350.81,5.53
6308,Songot,songot,2445,Songot,566,135,RFT,3620,2075,1545,459,562.43,6.44
6309,Kataboi,kataboi,2446,Kataboi,567,135,RFT,4203,2203,2000,683,287.83,14.6
6310,Katiko,katiko,2446,Kataboi,567,135,RFT,2031,1040,991,367,186.33,10.9
6311,Lomekwi,lomekwi,2446,Kataboi,567,135,RFT,2527,1281,1246,410,434.43,5.82
6312,Kachoda,kachoda,2447,Lokitaung,567,135,RFT,2387,1205,1182,373,34.83,68.54
6313,Nakalale,nakalale,2447,Lokitaung,567,135,RFT,3527,1683,1844,665,194.92,18.09
6314,Natoo,natoo,2447,Lokitaung,567,135,RFT,1325,647,678,246,86.49,15.32
6315,Kanamukuny,kanamukuny,2448,Ngissiger,567,135,RFT,2231,1248,983,339,36.33,61.42
6316,Lowarengak,lowarengak,2448,Ngissiger,567,135,RFT,5481,2743,2738,883,172.66,31.74
6317,Nachukui,nachukui,2448,Ngissiger,567,135,RFT,6088,3208,2880,988,188.51,32.3
6318,Kokiselei,kokiselei,2449,Riakomor,567,135,RFT,3232,1690,1542,472,120.51,26.82
6319,Riakomor,riakomor,2449,Riakomor,567,135,RFT,5710,3081,2629,740,114.99,49.66
6320,Kalobeyei,kalobeyei,2450,Kalobeyei,568,135,RFT,3010,1462,1548,529,267.92,11.23
6321,Lonyoduk,lonyoduk,2450,Kalobeyei,568,135,RFT,2521,1341,1180,375,255.33,9.87
6322,Nalapatui,nalapatui,2450,Kalobeyei,568,135,RFT,4016,2162,1854,469,211.32,19
6323,Natira,natira,2450,Kalobeyei,568,135,RFT,2004,942,1062,368,306.1,6.55
6324,Oropoi,oropoi,2450,Kalobeyei,568,135,RFT,4827,2651,2176,648,559.05,8.63
6325,Songot,songot,2450,Kalobeyei,568,135,RFT,1894,884,1010,188,1025.68,1.85
6326,Katelemot,katelemot,2451,Letea,568,135,RFT,4007,2068,1939,542,174.39,22.98
6327,Loito,loito,2451,Letea,568,135,RFT,5388,2939,2449,686,232.98,23.13
6328,Lokipoto,lokipoto,2451,Letea,568,135,RFT,15437,8286,7151,2065,646.07,23.89
6329,Loritit,loritit,2451,Letea,568,135,RFT,8527,4337,4190,1185,576.91,14.78
6330,Tulabalany,tulabalany,2451,Letea,568,135,RFT,4202,2364,1838,479,804.83,5.22
6331,Loreng,loreng,2452,Loreng,568,135,RFT,3210,1570,1640,376,308.53,10.4
6332,Namor-Kirionok,namor-kirionok,2452,Loreng,568,135,RFT,2491,1138,1353,355,165.64,15.04
6333,Kainuk,kainuk,2453,Kainuk,569,136,RFT,7151,3936,3215,900,186.52,38.34
6334,Kakongu,kakongu,2453,Kainuk,569,136,RFT,1883,1114,769,268,615.18,3.06
6335,Loyapat,loyapat,2453,Kainuk,569,136,RFT,2094,1193,901,244,200.36,10.45
6336,Kalomwae,kalomwae,2454,Kaputir,569,136,RFT,3634,2008,1626,547,361.84,10.04
6337,Lorogon,lorogon,2454,Kaputir,569,136,RFT,2405,1404,1001,372,72.49,33.18
6338,Nakwamoru,nakwamoru,2454,Kaputir,569,136,RFT,9080,4815,4265,1353,247.68,36.66
6339,Kalemgorok,kalemgorok,2455,Katilu,570,136,RFT,8531,4455,4076,1241,453.71,18.8
6340,Kanaodon,kanaodon,2455,Katilu,570,136,RFT,8232,4627,3605,875,93.43,88.11
6341,Katilu,katilu,2455,Katilu,570,136,RFT,17686,9120,8566,2334,366.4,48.27
6342,Lokapel,lokapel,2455,Katilu,570,136,RFT,7475,4163,3312,964,229.56,32.56
6343,Kalapata,kalapata,2456,Kalapata,571,136,RFT,8941,4612,4329,907,617.53,14.48
6344,Loperot,loperot,2456,Kalapata,571,136,RFT,7384,3952,3432,827,898.58,8.22
6345,Nakalale,nakalale,2456,Kalapata,571,136,RFT,7184,3815,3369,787,468.17,15.34
6346,Lochwangi Kamatak,lochwangi-kamatak,2457,Lochwangi Kamatak,571,136,RFT,14561,7915,6646,1636,1071.55,13.59
6347,Naposumuru,naposumuru,2457,Lochwangi Kamatak,571,136,RFT,6220,3222,2998,710,602.78,10.32
6348,Kapese,kapese,2458,Lokichar,571,136,RFT,12632,6610,6022,1664,690.24,18.3
6349,Lokichar,lokichar,2458,Lokichar,571,136,RFT,10820,5630,5190,1644,187.75,57.63
6350,Elelea,elelea,2459,Katilia,572,136,RFT,3907,1997,1910,583,748.55,5.22
6351,Katilia,katilia,2459,Katilia,572,136,RFT,7747,4152,3595,1047,814.4,9.51
6352,Parkati,parkati,2459,Katilia,572,136,RFT,9329,5157,4172,1157,1774.87,5.26
6353,Lochodin,lochodin,2460,Kochodin,572,136,RFT,2039,1013,1026,246,770.97,2.64
6354,Lopii,lopii,2460,Kochodin,572,136,RFT,2810,1458,1352,347,323.54,8.69
6355,Kakulit,kakulit,2461,Lochakula,572,136,RFT,2029,1165,864,264,632.34,3.21
6356,Lochakula,lochakula,2461,Lochakula,572,136,RFT,1566,871,695,184,232.61,6.73
6357,Lokwamosing,lokwamosing,2461,Lochakula,572,136,RFT,2919,1594,1325,341,154.78,18.86
6358,Kangitit,kangitit,2462,Lokori,572,136,RFT,6400,3347,3053,791,385.44,16.6
6359,Lokori,lokori,2462,Lokori,572,136,RFT,8261,4360,3901,953,245.69,33.62
6360,Lotubae,lotubae,2462,Lokori,572,136,RFT,18021,9322,8699,2191,1008.01,17.88
6361,Kamuga,kamuga,2463,Kamuge,573,136,RFT,5104,2762,2342,568,797.23,6.4
6362,Ngilukia,ngilukia,2463,Kamuge,573,136,RFT,3547,1959,1588,360,346.34,10.24
6363,Kapedo,kapedo,2464,Kapedo,573,136,RFT,1415,887,528,172,203.16,6.97
6364,Silale,silale,2464,Kapedo,573,136,RFT,1595,981,614,203,304.53,5.24
6365,Katir,katir,2465,Lomelo,573,136,RFT,1756,971,785,233,296.71,5.92
6366,Lomelo,lomelo,2465,Lomelo,573,136,RFT,1144,611,533,153,560.35,2.04
6367,Ekipor,ekipor,2466,Nadome,573,136,RFT,1597,951,646,276,541.59,2.95
6368,Nadome,nadome,2466,Nadome,573,136,RFT,2975,1559,1416,378,282.51,10.53
6369,Napeitom,napeitom,2467,Napeitom,573,136,RFT,6305,3314,2991,717,883.43,7.14
6370,Chepkatet,chepkatet,2468,Kapseret,574,137,RFT,9125,4696,4429,2068,57.6,158.42
6371,Lemook,lemook,2468,Kapseret,574,137,RFT,9789,4882,4907,1873,46.03,212.66
6372,Kabongo,kabongo,2469,Ngeria,574,137,RFT,8737,4281,4456,1970,52.88,165.22
6373,Kaplelach,kaplelach,2469,Ngeria,574,137,RFT,8610,4321,4289,1745,53.13,162.05
6374,Langas,langas,2470,Pioneer,574,137,RFT,93436,47684,45752,28252,46.47,2010.81
6375,Simat,simat,2471,Simat,574,137,RFT,12116,6018,6098,2558,44.67,271.22
6376,Cheptiret,cheptiret,2472,Cheptiret,575,137,RFT,4635,2292,2343,941,20.59,225.07
6377,Mugundoi,mugundoi,2472,Cheptiret,575,137,RFT,4389,2165,2224,852,16.68,263.17
6378,Koisagat,koisagat,2473,Chuiyat,575,137,RFT,7109,3526,3583,1244,28.18,252.29
6379,Emgwen,emgwen,2474,Kapkoi,575,137,RFT,3007,1483,1524,540,24.37,123.37
6380,Kaptumo,kaptumo,2474,Kapkoi,575,137,RFT,2518,1239,1279,462,14.79,170.23
6381,Kesses,kesses,2475,Kesses,575,137,RFT,22170,11393,10777,4023,60.45,366.72
6382,Lengut,lengut,2476,Kipchamo,575,137,RFT,3446,1725,1721,692,25.17,136.89
6383,Saroiyot,saroiyot,2476,Kipchamo,575,137,RFT,9662,4923,4739,2085,47.66,202.71
6384,Megun,megun,2477,Megun,575,137,RFT,5166,2642,2524,975,31.82,162.37
6385,Ndubeneti,ndubeneti,2477,Megun,575,137,RFT,4162,2170,1992,786,28.69,145.07
6386,Songoliet,songoliet,2477,Megun,575,137,RFT,3508,1745,1763,679,19.94,175.96
6387,Leinguse,leinguse,2478,Oleinguse,575,137,RFT,16105,7983,8122,3177,131.96,122.04
6388,Lingwai,lingwai,2479,Tarakwa,575,137,RFT,5424,2710,2714,1113,27.2,199.42
6389,Tarakwa,tarakwa,2479,Tarakwa,575,137,RFT,9807,4902,4905,2057,52.54,186.65
6390,Chagaiya,chagaiya,2480,Timboroa,575,137,RFT,6497,3294,3203,1378,72.68,89.4
6391,Kipkurere,kipkurere,2480,Timboroa,575,137,RFT,5274,2674,2600,1198,59.37,88.83
6392,Tulwet,tulwet,2481,Tulwet,575,137,RFT,6381,3162,3219,1198,34.55,184.66
6393,Chepkopegh,chepkopegh,2482,Chepkopegh,576,138,RFT,3894,1889,2005,731,67.6,57.61
6394,Chesra,chesra,2482,Chepkopegh,576,138,RFT,1925,932,993,371,35.66,53.99
6395,Pserum,pserum,2482,Chepkopegh,576,138,RFT,4354,2128,2226,785,88.4,49.25
6396,Shalpogh,shalpogh,2482,Chepkopegh,576,138,RFT,4942,2452,2490,1006,137.16,36.03
6397,Chepareria,chepareria,2483,Kipkomo,576,138,RFT,4747,2336,2411,953,13.65,347.69
6398,Kosulol,kosulol,2483,Kipkomo,576,138,RFT,4001,1953,2048,660,15.86,252.25
6399,Tampalal,tampalal,2483,Kipkomo,576,138,RFT,1956,974,982,348,16.67,117.35
6400,Chepturnguny,chepturnguny,2484,Senetwo,576,138,RFT,941,431,510,186,15.72,59.86
6401,Korellach,korellach,2484,Senetwo,576,138,RFT,1857,947,910,321,23.89,77.74
6402,Senetwo,senetwo,2484,Senetwo,576,138,RFT,1498,740,758,277,7.53,198.87
6403,Sla,sla,2484,Senetwo,576,138,RFT,1653,833,820,288,10.05,164.49
6404,Kapchemogen,kapchemogen,2485,Ywalateke,576,138,RFT,3360,1682,1678,598,27.93,120.31
6405,Mongorion,mongorion,2485,Ywalateke,576,138,RFT,2013,973,1040,364,14.1,142.79
6406,Propoi,propoi,2485,Ywalateke,576,138,RFT,2117,1013,1104,366,8.48,249.77
6407,Ywalateke,ywalateke,2485,Ywalateke,576,138,RFT,2305,1138,1167,386,12.32,187.09
6408,Chepkechir,chepkechir,2486,Chemwochoi,577,138,RFT,755,367,388,159,11.19,67.47
6409,Komol,komol,2486,Chemwochoi,577,138,RFT,1452,706,746,264,16.66,87.15
6410,Naramam,naramam,2486,Chemwochoi,577,138,RFT,978,450,528,185,16.75,58.39
6411,Ngoleyo,ngoleyo,2486,Chemwochoi,577,138,RFT,832,390,442,167,15.71,52.95
6412,Kaibos,kaibos,2487,Kaibos,577,138,RFT,1946,945,1001,379,5.87,331.26
6413,Kapkatet,kapkatet,2487,Kaibos,577,138,RFT,945,479,466,188,9.02,104.8
6414,Kipkorinya,kipkorinya,2487,Kaibos,577,138,RFT,917,486,431,165,3.3,277.9
6415,Kapchilla,kapchilla,2488,Kaisakat,577,138,RFT,2173,1085,1088,391,13.18,164.92
6416,Paraywa,paraywa,2488,Kaisakat,577,138,RFT,1314,687,627,226,8.8,149.39
6417,Siyoi,siyoi,2488,Kaisakat,577,138,RFT,5117,2580,2537,959,21.57,237.23
6418,Chewoyet,chewoyet,2489,Kapenguria,577,138,RFT,3947,2056,1891,920,8.14,485.12
6419,Kamatira,kamatira,2489,Kapenguria,577,138,RFT,3250,1640,1610,546,10.86,299.18
6420,Mwotot,mwotot,2489,Kapenguria,577,138,RFT,7172,3442,3730,1713,5.26,1363.14
6421,Chemwochoi,chemwochoi,2490,Kapkoris,577,138,RFT,4975,2432,2543,923,9.67,514.47
6422,Kaprom,kaprom,2490,Kapkoris,577,138,RFT,2817,1423,1394,513,21.07,133.67
6423,Tilak,tilak,2490,Kapkoris,577,138,RFT,3581,1811,1770,887,7.59,471.93
6424,Cheptuya,cheptuya,2491,Keringet,577,138,RFT,2425,1209,1216,495,24.07,100.75
6425,Lorkornoi,lorkornoi,2491,Keringet,577,138,RFT,452,228,224,103,4.82,93.68
6426,Mortome,mortome,2491,Keringet,577,138,RFT,411,197,214,76,5.81,70.72
6427,Kishaunet,kishaunet,2492,Kishaunet,577,138,RFT,5834,2883,2951,1132,28.16,207.17
6428,Lityei,lityei,2492,Kishaunet,577,138,RFT,7389,3671,3718,1498,13.53,546.17
6429,Sukut,sukut,2492,Kishaunet,577,138,RFT,2078,1034,1044,378,13.73,151.33
6430,Keringet,keringet,2493,Mnagei,577,138,RFT,4464,2233,2231,749,14.29,312.32
6431,Psigerio,psigerio,2493,Mnagei,577,138,RFT,9058,4529,4529,1725,19.91,455.04
6432,Tartar,tartar,2493,Mnagei,577,138,RFT,2855,1423,1432,468,13.87,205.82
6433,Chepkoti,chepkoti,2494,Talau,577,138,RFT,2220,1103,1117,409,3.68,603.33
6434,Kapsurum,kapsurum,2494,Talau,577,138,RFT,1746,886,860,336,4.5,387.73
6435,Talau,talau,2494,Talau,577,138,RFT,954,487,467,177,4.54,210.29
6436,Adurkoit,adurkoit,2495,Kanyarkwat,578,138,RFT,2581,1221,1360,551,84.25,30.63
6437,Kanyarkwat,kanyarkwat,2495,Kanyarkwat,578,138,RFT,2020,1006,1014,393,44.03,45.88
6438,Katikomor,katikomor,2495,Kanyarkwat,578,138,RFT,1545,936,609,314,52.24,29.58
6439,Kreswo,kreswo,2495,Kanyarkwat,578,138,RFT,1905,890,1015,402,23,82.83
6440,Chemakeu,chemakeu,2496,Miskwony,578,138,RFT,1634,770,864,355,69.23,23.6
6441,Chesira,chesira,2496,Miskwony,578,138,RFT,1440,662,778,296,30.91,46.58
6442,Emboasis,emboasis,2496,Miskwony,578,138,RFT,1887,880,1007,374,66.03,28.58
6443,Misikwony,misikwony,2496,Miskwony,578,138,RFT,1856,917,939,410,125.82,14.75
6444,Kitalakapel,kitalakapel,2497,Riwo,578,138,RFT,1530,737,793,309,35.55,43.03
6445,Kongelai,kongelai,2497,Riwo,578,138,RFT,2835,1403,1432,534,35.79,79.21
6446,Poole,poole,2497,Riwo,578,138,RFT,1060,509,551,197,28.13,37.68
6447,Simatwa,simatwa,2497,Riwo,578,138,RFT,2776,1416,1360,524,57.38,48.38
6448,Chepkram,chepkram,2498,Serewo,578,138,RFT,674,332,342,140,10.54,63.94
6449,Kamayech,kamayech,2498,Serewo,578,138,RFT,1470,743,727,301,25.49,57.68
6450,Mtembur,mtembur,2498,Serewo,578,138,RFT,1380,658,722,292,35.26,39.14
6451,Serewo,serewo,2498,Serewo,578,138,RFT,934,453,481,204,12.7,73.56
6452,Chepkomos,chepkomos,2499,Chepkomos,579,138,RFT,703,338,365,134,11.35,61.95
6453,Kochar,kochar,2499,Chepkomos,579,138,RFT,457,237,220,109,18.61,24.55
6454,Psapai,psapai,2499,Chepkomos,579,138,RFT,858,426,432,158,15.23,56.34
6455,Simat,simat,2499,Chepkomos,579,138,RFT,466,227,239,86,8.88,52.46
6456,Tompul,tompul,2499,Chepkomos,579,138,RFT,704,347,357,133,14.23,49.48
6457,Cheptram,cheptram,2500,Endugh,579,138,RFT,2009,972,1037,393,29.59,67.89
6458,Chewarany,chewarany,2500,Endugh,579,138,RFT,1735,880,855,383,59.72,29.05
6459,Kasitei,kasitei,2500,Endugh,579,138,RFT,1955,1017,938,440,87.23,22.41
6460,Kriich,kriich,2500,Endugh,579,138,RFT,2255,1175,1080,423,38.77,58.17
6461,Merur,merur,2501,Nakwijit,579,138,RFT,419,186,233,104,39.76,10.54
6462,Nakwijit,nakwijit,2501,Nakwijit,579,138,RFT,604,299,305,129,15.29,39.51
6463,Rukei,rukei,2501,Nakwijit,579,138,RFT,593,267,326,131,27.88,21.27
6464,Tamarukwo,tamarukwo,2501,Nakwijit,579,138,RFT,643,331,312,126,68.8,9.35
6465,Tunoyo,tunoyo,2501,Nakwijit,579,138,RFT,531,234,297,117,12.57,42.23
6466,Kesot,kesot,2502,Ptoyo,579,138,RFT,2079,1015,1064,423,93.42,22.25
6467,Ketiam,ketiam,2502,Ptoyo,579,138,RFT,2724,1373,1351,513,41.53,65.6
6468,Ptoyo,ptoyo,2502,Ptoyo,579,138,RFT,1955,982,973,392,42.26,46.26
6469,Chepnyar,chepnyar,2503,Sook,579,138,RFT,1735,860,875,320,8.24,210.63
6470,Mungit,mungit,2503,Sook,579,138,RFT,984,495,489,196,23.25,42.33
6471,Tindar,tindar,2503,Sook,579,138,RFT,769,365,404,137,5.09,151.07
6472,Kolo,kolo,2504,Tamugh,579,138,RFT,2290,1146,1144,394,24.89,92.01
6473,Letwa,letwa,2504,Tamugh,579,138,RFT,1647,837,810,323,38.92,42.32
6474,Tamugh,tamugh,2504,Tamugh,579,138,RFT,1801,844,957,332,25.02,71.97
6475,Mihuu,mihuu,2505,Chetambe,580,139,WST,15369,7574,7795,2999,26.95,570.27
6476,Mitukuyu,mitukuyu,2505,Chetambe,580,139,WST,8251,4062,4189,1545,14.58,565.99
6477,Lutacho,lutacho,2506,Lugusi,580,139,WST,8325,4080,4245,1507,19.8,420.48
6478,Misimo,misimo,2506,Lugusi,580,139,WST,9681,4764,4917,1840,17.72,546.45
6479,Makuselwa,makuselwa,2507,Namarambi,580,139,WST,4834,2337,2497,929,12.24,394.93
6480,Marinda,marinda,2507,Namarambi,580,139,WST,8590,4078,4512,1834,10.37,828.48
6481,Misemwa,misemwa,2507,Namarambi,580,139,WST,4491,2191,2300,848,7.09,633.53
6482,Wabukhonyi,wabukhonyi,2507,Namarambi,580,139,WST,2807,1348,1459,548,4.64,604.62
6483,Magemo,magemo,2508,Ndivisi,580,139,WST,4507,2188,2319,879,6.77,665.7
6484,Sitabicha,sitabicha,2508,Ndivisi,580,139,WST,10744,5280,5464,1999,13.69,784.62
6485,Bokoli,bokoli,2509,Bokoli,581,139,WST,8256,3978,4278,1575,15.85,520.91
6486,Mahanga,mahanga,2509,Bokoli,581,139,WST,6806,3338,3468,1286,14.91,456.4
6487,Matisi,matisi,2509,Bokoli,581,139,WST,7515,3657,3858,1434,13.72,547.73
6488,Miendo,miendo,2509,Bokoli,581,139,WST,10314,4999,5315,1809,24.42,422.42
6489,Kituni,kituni,2510,Misikhu,581,139,WST,9520,4680,4840,1879,17.87,532.7
6490,Malaha,malaha,2510,Misikhu,581,139,WST,10913,5114,5799,1980,18.96,575.53
6491,Misikhu,misikhu,2510,Misikhu,581,139,WST,21862,10749,11113,4139,33.24,657.63
6492,Khalumuli,khalumuli,2511,Sitikho,581,139,WST,9395,4628,4767,1817,38.04,246.96
6493,Milo,milo,2511,Sitikho,581,139,WST,9587,4733,4854,1821,20.48,468.01
6494,Sitikho,sitikho,2511,Sitikho,581,139,WST,11073,5351,5722,2175,21.6,512.52
6495,Maraka,maraka,2512,Webuye,581,139,WST,11368,5603,5765,2170,21.23,535.35
6496,Matulo,matulo,2512,Webuye,581,139,WST,11939,5753,6186,2558,17.07,699.49
6497,Township,township,2512,Webuye,581,139,WST,24106,11892,12214,6363,13.01,1853.22
6498,Makhonge,makhonge,2513,Kamukuywa,582,140,WST,16147,8151,7996,2944,23.64,683.08
6499,Nabikoto,nabikoto,2513,Kamukuywa,582,140,WST,21741,10453,11288,4267,22.51,965.69
6500,Chebukwabi,chebukwabi,2514,Kibingei,582,140,WST,25073,12232,12841,4894,34.83,719.81
6501,Kibingei,kibingei,2514,Kibingei,582,140,WST,9385,4602,4783,1804,17.06,549.99
6502,Kimilili Rural,kimilili-rural,2515,Kimilili,582,140,WST,22338,10830,11508,4352,33.11,674.66
6503,Township,township,2515,Kimilili,582,140,WST,13929,6552,7377,3350,9.03,1542.83
6504,Nasusi,nasusi,2516,Maeni,582,140,WST,13525,6586,6939,2571,23.32,580.05
6505,Sikhendu,sikhendu,2516,Maeni,582,140,WST,10684,5212,5472,2028,17.68,604.31
6506,Kabuyefwe,kabuyefwe,2517,Kabuyefwe,583,140,WST,9140,4410,4730,1668,17.27,529.28
6507,Sirakaru,sirakaru,2517,Kabuyefwe,583,140,WST,10355,4993,5362,1936,18.71,553.46
6508,Kiminini,kiminini,2518,Kiminini,583,140,WST,8937,4406,4531,1658,27.91,320.17
6509,Tabani,tabani,2518,Kiminini,583,140,WST,7518,3713,3805,1450,20.81,361.24
6510,Kibisi,kibisi,2519,Mbakalo,583,140,WST,17326,8275,9051,3164,26.86,645.14
6511,Mbakalo,mbakalo,2519,Mbakalo,583,140,WST,14903,7339,7564,2755,23.32,639.06
6512,Milima,milima,2520,Naitiri,583,140,WST,33352,16119,17233,6383,64.62,516.11
6513,Naitiri,naitiri,2520,Naitiri,583,140,WST,18528,9074,9454,3428,41.37,447.82
6514,Mituwa,mituwa,2521,Ndalu,583,140,WST,11115,5383,5732,2127,21.45,518.13
6515,Ndalu,ndalu,2521,Ndalu,583,140,WST,13630,6744,6886,2733,38.13,357.47
6516,Soysambu,soysambu,2522,Tongaren,583,140,WST,17704,8588,9116,3328,31.68,558.75
6517,Tongaren,tongaren,2522,Tongaren,583,140,WST,24970,12109,12861,4646,46.21,540.37
6518,Bumula,bumula,2523,Bumula,584,141,WST,7600,3659,3941,1530,15.56,488.29
6519,Lunao,lunao,2523,Bumula,584,141,WST,4989,2386,2603,974,11.78,423.57
6520,Kabula,kabula,2524,Kabula,584,141,WST,10360,4966,5394,2052,18.66,555.31
6521,Watoya,watoya,2524,Kabula,584,141,WST,10396,5041,5355,2019,23.08,450.48
6522,Khasoko,khasoko,2525,Khasoko,584,141,WST,4024,2045,1979,767,6.05,664.88
6523,Mungore,mungore,2525,Khasoko,584,141,WST,3563,1675,1888,672,6.97,511.31
6524,Namatotoa,namatotoa,2525,Khasoko,584,141,WST,6448,3036,3412,1312,11.91,541.39
6525,Kibuke,kibuke,2526,Kibuke,584,141,WST,5111,2483,2628,978,8.6,594.43
6526,Lwanja,lwanja,2526,Kibuke,584,141,WST,5961,2925,3036,1129,12.42,479.81
6527,Mayanja,mayanja,2526,Kibuke,584,141,WST,4891,2333,2558,912,9.64,507.45
6528,Ngoli,ngoli,2526,Kibuke,584,141,WST,4039,1929,2110,781,8.27,488.21
6529,Nakwana,nakwana,2527,Kimaeti,584,141,WST,8117,3933,4184,1570,13.49,601.69
6530,Siombe,siombe,2527,Kimaeti,584,141,WST,12068,5780,6288,2389,21.55,559.94
6531,Kimatuni,kimatuni,2528,Mabusi,584,141,WST,9012,4310,4702,1801,17.67,510.07
6532,Mabusi,mabusi,2528,Mabusi,584,141,WST,10322,4979,5343,1998,22.36,461.66
6533,Kisawayi,kisawayi,2529,Mukwa,584,141,WST,8674,4221,4453,1722,16.52,525.18
6534,Mukwa,mukwa,2529,Mukwa,584,141,WST,5623,2726,2897,1133,10.68,526.45
6535,Bitobo,bitobo,2530,Napara,584,141,WST,5771,2787,2984,1117,10.3,560.39
6536,Khasolo,khasolo,2530,Napara,584,141,WST,10583,5105,5478,2062,21.07,502.25
6537,East Siboti,east-siboti,2531,Siboti,584,141,WST,8730,4224,4506,1684,15.64,558.2
6538,Musakasa,musakasa,2531,Siboti,584,141,WST,9480,4563,4917,1887,17.27,548.79
6539,Lumboka,lumboka,2532,South Bukusu,584,141,WST,11672,5592,6080,2208,24.35,479.33
6540,Mateka,mateka,2532,South Bukusu,584,141,WST,3011,1451,1560,591,5.29,568.74
6541,Muanda,muanda,2532,South Bukusu,584,141,WST,8452,4079,4373,1646,18.69,452.23
6542,Kongoli,kongoli,2533,Bukembe,585,141,WST,12419,6210,6209,2645,29.79,416.9
6543,Namirembe,namirembe,2533,Bukembe,585,141,WST,9537,4668,4869,1783,17.86,534.09
6544,Ndengelwa,ndengelwa,2533,Bukembe,585,141,WST,10774,5315,5459,2050,17.78,606
6545,North Sangalo,north-sangalo,2533,Bukembe,585,141,WST,14330,7040,7290,2926,21.65,661.91
6546,East Sangalo,east-sangalo,2534,East Bukusu,585,141,WST,15434,7527,7907,2925,32.5,474.88
6547,Mwikhupo,mwikhupo,2534,East Bukusu,585,141,WST,16854,8106,8748,3197,33.38,504.85
6548,Namwacha,namwacha,2534,East Bukusu,585,141,WST,14301,6930,7371,2698,25.81,554.06
6549,West Sangalo,west-sangalo,2534,East Bukusu,585,141,WST,18822,9153,9669,3624,33.42,563.14
6550,Marakaru,marakaru,2535,Kibabii,585,141,WST,19396,9231,10165,3871,26.23,739.5
6551,Tuuti,tuuti,2535,Kibabii,585,141,WST,16385,7978,8407,3166,22.27,735.7
6552,Namasanda,namasanda,2536,Musikoma,585,141,WST,12682,6217,6465,2447,23.58,537.88
6553,South Kanduyi,south-kanduyi,2536,Musikoma,585,141,WST,25251,12507,12744,5997,20.37,1239.77
6554,Khalaba,khalaba,2537,Township,585,141,WST,24499,11657,12842,6363,8.8,2783.53
6555,Township,township,2537,Township,585,141,WST,19017,9946,9071,4669,5.09,3739.09
6556,Chwele,chwele,2538,Chwele,586,142,WST,18705,8897,9808,4198,17.9,1044.73
6557,Sichei,sichei,2538,Chwele,586,142,WST,9818,4782,5036,1913,15.46,634.97
6558,Sikulu,sikulu,2538,Chwele,586,142,WST,4460,2143,2317,845,8.16,546.7
6559,Kibichori,kibichori,2539,Mukuyuni,586,142,WST,6568,3247,3321,1305,11.39,576.83
6560,Kuywa,kuywa,2539,Mukuyuni,586,142,WST,11094,5404,5690,2107,19.13,579.87
6561,Mukuyuni,mukuyuni,2539,Mukuyuni,586,142,WST,6048,2933,3115,1206,9.89,611.74
6562,Chebukuyi,chebukuyi,2540,Lwandanyi,587,142,WST,7908,3888,4020,1671,14.76,535.77
6563,Mayekwe,mayekwe,2540,Lwandanyi,587,142,WST,6477,3169,3308,1317,11.02,587.86
6564,Bukokholo,bukokholo,2541,Malakisi,587,142,WST,4252,2029,2223,878,9.06,469.24
6565,Butonge,butonge,2541,Malakisi,587,142,WST,2416,1153,1263,451,6.71,359.79
6566,Mwalie,mwalie,2541,Malakisi,587,142,WST,3462,1701,1761,754,5.58,620.6
6567,Sitabicha,sitabicha,2541,Malakisi,587,142,WST,4292,2066,2226,824,9.75,440.21
6568,Tamulega,tamulega,2541,Malakisi,587,142,WST,3111,1504,1607,572,8.13,382.48
6569,Machakha,machakha,2542,Namubila,587,142,WST,5225,2540,2685,1028,12.97,402.78
6570,Wamono,wamono,2542,Namubila,587,142,WST,9327,4587,4740,1811,23.37,399.05
6571,Kabuchai,kabuchai,2543,Kabuchai,588,142,WST,10485,5036,5449,1972,19.05,550.53
6572,Kisiwa,kisiwa,2543,Kabuchai,588,142,WST,13225,6431,6794,2552,22.54,586.82
6573,Bwake,bwake,2544,Luuya,588,142,WST,11340,5543,5797,2079,21.21,534.67
6574,Luuya,luuya,2544,Luuya,588,142,WST,13618,6741,6877,2486,26.09,521.97
6575,Mukhweya,mukhweya,2545,North Bukusu,588,142,WST,6665,3347,3318,1247,12.76,522.49
6576,North Nalondo,north-nalondo,2545,North Bukusu,588,142,WST,9182,4382,4800,1797,16.34,561.85
6577,West Nalondo,west-nalondo,2546,Sirare,588,142,WST,19905,9845,10060,3770,32.4,614.37
6578,Central Namwela,central-namwela,2547,Namwela,589,142,WST,7602,3686,3916,1478,9.72,781.78
6579,Menu,menu,2547,Namwela,589,142,WST,6020,2941,3079,1153,9.6,627.29
6580,South Namwela,south-namwela,2547,Namwela,589,142,WST,13931,6690,7241,2598,27.83,500.6
6581,North Kulisiru,north-kulisiru,2548,Sirisia,589,142,WST,15876,7791,8085,3180,34.4,461.46
6582,South Kulisiru,south-kulisiru,2548,Sirisia,589,142,WST,12523,6092,6431,2456,30.23,414.22
6583,Magombe C.,magombe-c,2549,Bunyala Central,590,143,WST,3458,1596,1862,785,18.91,182.9
6584,Magombe E.,magombe-e,2549,Bunyala Central,590,143,WST,2579,1179,1400,622,7.59,339.75
6585,Magombe W.,magombe-w,2549,Bunyala Central,590,143,WST,4344,2011,2333,1063,21.23,204.61
6586,Budalangi,budalangi,2550,Bunyala East,590,143,WST,5608,2709,2899,1247,15.84,353.93
6587,Mudembi,mudembi,2550,Bunyala East,590,143,WST,4113,1953,2160,936,13.41,306.63
6588,Rwabwa,rwabwa,2550,Bunyala East,590,143,WST,5022,2350,2672,1135,12.6,398.68
6589,Bulemia,bulemia,2551,Bunyala North,590,143,WST,6810,3325,3485,1455,11.97,569.06
6590,Mundere,mundere,2551,Bunyala North,590,143,WST,1665,812,853,339,5.91,281.77
6591,Sisenye,sisenye,2551,Bunyala North,590,143,WST,4540,2183,2357,916,9.41,482.44
6592,Ebulwani,ebulwani,2552,Bunyala South,590,143,WST,1211,572,639,276,11.01,110
6593,Obaro,obaro,2552,Bunyala South,590,143,WST,2099,1038,1061,508,15.32,137.02
6594,Rukala,rukala,2552,Bunyala South,590,143,WST,3071,1435,1636,680,10.45,293.79
6595,Bukani,bukani,2553,Bunyala West,590,143,WST,6561,3101,3460,1710,2.96,2217
6596,Bukoma,bukoma,2553,Bunyala West,590,143,WST,4335,2096,2239,1032,9.06,478.22
6597,Siginga,siginga,2553,Bunyala West,590,143,WST,3531,1680,1851,779,2.52,1399.75
6598,Lugare,lugare,2554,Khajula,590,143,WST,2333,1099,1234,520,5.19,449.92
6599,Mabinju Mabusi,mabinju-mabusi,2554,Khajula,590,143,WST,3225,1548,1677,756,6.98,462.28
6600,Rugunga,rugunga,2554,Khajula,590,143,WST,2218,1031,1187,486,7.93,279.68
6601,Bujumba,bujumba,2555,Bujumba,591,144,WST,7096,3330,3766,1555,12.65,560.96
6602,Burinda,burinda,2555,Bujumba,591,144,WST,3724,1721,2003,907,8.37,444.91
6603,Ikonzo,ikonzo,2555,Bujumba,591,144,WST,4623,2082,2541,951,8.56,540.11
6604,Namwitsula,namwitsula,2555,Bujumba,591,144,WST,3397,1659,1738,687,8.13,417.71
6605,Bukhahala,bukhahala,2556,Bumala,591,144,WST,3062,1440,1622,711,7.1,431.4
6606,Bumala A,bumala-a,2556,Bumala,591,144,WST,3504,1611,1893,857,4.37,800.95
6607,Busire,busire,2556,Bumala,591,144,WST,2825,1269,1556,697,3.66,771.12
6608,Bulemia,bulemia,2557,Elugulu,591,144,WST,3514,1591,1923,722,7.03,499.99
6609,Bulwani,bulwani,2557,Elugulu,591,144,WST,2628,1231,1397,574,6.78,387.44
6610,Bwaliro,bwaliro,2557,Elugulu,591,144,WST,4605,2111,2494,958,11.2,411.11
6611,Emukhweso,emukhweso,2557,Elugulu,591,144,WST,4230,1974,2256,834,7.96,531.45
6612,Namusala,namusala,2557,Elugulu,591,144,WST,3677,1695,1982,780,8.99,408.98
6613,Bukati,bukati,2558,Elukhari,591,144,WST,5607,2678,2929,1150,11.53,486.33
6614,Kanjala,kanjala,2558,Elukhari,591,144,WST,2747,1307,1440,576,6.93,396.26
6615,Sikarira,sikarira,2558,Elukhari,591,144,WST,4896,2308,2588,956,7.8,628.09
6616,Bukhalalire,bukhalalire,2559,Marachi Central,591,144,WST,8959,4215,4744,1972,15.35,583.68
6617,Esikoma,esikoma,2559,Marachi Central,591,144,WST,10857,5032,5825,2290,23.58,460.49
6618,Kingandole,kingandole,2559,Marachi Central,591,144,WST,10250,4862,5388,2173,19.12,536.1
6619,Bumala B,bumala-b,2560,Marachi East,591,144,WST,8377,3977,4400,1714,16.33,513.1
6620,Elukongo,elukongo,2560,Marachi East,591,144,WST,12488,5855,6633,2581,27.18,459.41
6621,Tingolo,tingolo,2560,Marachi East,591,144,WST,10804,5077,5727,2308,24.46,441.77
6622,Bugegi,bugegi,2561,Bukhayo West,592,144,WST,11262,5392,5870,2296,27.84,404.56
6623,Esikulu,esikulu,2561,Bukhayo West,592,144,WST,12252,6152,6100,2440,21.58,567.72
6624,Mundika,mundika,2561,Bukhayo West,592,144,WST,9966,4840,5126,1964,23.38,426.19
6625,Alungoli,alungoli,2562,Busibwabo,592,144,WST,3145,1449,1696,639,7.01,448.57
6626,Nakhakina,nakhakina,2562,Busibwabo,592,144,WST,3641,1737,1904,708,13.01,279.94
6627,Nasira,nasira,2562,Busibwabo,592,144,WST,4542,2173,2369,906,12.47,364.18
6628,Busende,busende,2563,Lwanya,592,144,WST,3116,1459,1657,638,7.65,407.13
6629,Igero,igero,2563,Lwanya,592,144,WST,3147,1492,1655,665,5.63,558.72
6630,Luliba,luliba,2563,Lwanya,592,144,WST,2490,1142,1348,529,5.04,493.62
6631,Murende,murende,2564,Nangoma,592,144,WST,3877,1809,2068,764,11.34,341.93
6632,Muyafwa,muyafwa,2564,Nangoma,592,144,WST,3881,1911,1970,792,7.97,486.74
6633,Nagoma,nagoma,2564,Nangoma,592,144,WST,4500,2127,2373,948,9.11,493.96
6634,Buyama,buyama,2565,Nasewa,592,144,WST,2881,1353,1528,588,7.36,391.32
6635,Lunga,lunga,2565,Nasewa,592,144,WST,3390,1575,1815,687,8.2,413.33
6636,Mabunge,mabunge,2565,Nasewa,592,144,WST,3592,1683,1909,704,6.24,575.18
6637,Lwanyange,lwanyange,2566,Bukhayo Central,593,144,WST,3981,1914,2067,798,10.74,370.57
6638,Malanga,malanga,2566,Bukhayo Central,593,144,WST,6629,3119,3510,1334,19.22,344.91
6639,Sidende,sidende,2566,Bukhayo Central,593,144,WST,7579,3615,3964,1609,18.02,420.63
6640,Buyofu,buyofu,2567,Bukhayo East,593,144,WST,3922,1911,2011,782,11.51,340.75
6641,Madibo,madibo,2567,Bukhayo East,593,144,WST,5782,2710,3072,1129,12.44,464.7
6642,Mungatsi,mungatsi,2567,Bukhayo East,593,144,WST,6246,2998,3248,1259,19.57,319.22
6643,Sikinga,sikinga,2567,Bukhayo East,593,144,WST,5746,2780,2966,1139,15.03,382.18
6644,Kapina,kapina,2568,Bukhayo North,593,144,WST,5826,2831,2995,1130,13.24,439.93
6645,Lupida,lupida,2568,Bukhayo North,593,144,WST,5128,2476,2652,956,14.3,358.71
6646,Kisoko,kisoko,2569,Nambale T/Ship,593,144,WST,8937,4304,4633,1833,21.71,411.67
6647,Nambale T/Ship,nambale-t-ship,2569,Nambale T/Ship,593,144,WST,15793,7651,8142,3297,33.64,469.45
6648,Siekunya,siekunya,2569,Nambale T/Ship,593,144,WST,7563,3694,3869,1597,13.32,567.86
6649,Khwirale,khwirale,2570,Walatsi,593,144,WST,6752,3222,3530,1247,22.48,300.3
6650,Musokoto,musokoto,2570,Walatsi,593,144,WST,4753,2263,2490,892,12.53,379.42
6651,Mayenje,mayenje,2571,Township,594,144,WST,9170,4448,4722,1919,14.61,627.52
6652,Mjini,mjini,2571,Township,594,144,WST,26493,12835,13658,6639,7.71,3434.4
6653,Buchenya,buchenya,2572,Lunza,595,145,WST,6825,3241,3584,1519,7.69,886.95
6654,Bumamu,bumamu,2572,Lunza,595,145,WST,5728,2747,2981,1236,7.83,731.42
6655,Lunza,lunza,2572,Lunza,595,145,WST,9873,4783,5090,2102,19.43,508.01
6656,Shitari,shitari,2572,Lunza,595,145,WST,8824,4236,4588,1879,16.35,539.62
6657,Bushieni,bushieni,2573,Manyala,595,145,WST,3256,1562,1694,752,7.11,457.87
6658,Eshihenjera,eshihenjera,2573,Manyala,595,145,WST,4673,2200,2473,1129,8.41,555.92
6659,Ibokolo,ibokolo,2574,Marama C.,595,145,WST,7144,3451,3693,1565,11.51,620.63
6660,Imanga,imanga,2574,Marama C.,595,145,WST,11131,5390,5741,2310,20.5,543
6661,Mutoma,mutoma,2574,Marama C.,595,145,WST,6107,2935,3172,1305,6.5,939.91
6662,Bushitinji,bushitinji,2575,Marama N.,595,145,WST,6422,3062,3360,1435,7.44,862.78
6663,Inaya,inaya,2575,Marama N.,595,145,WST,3346,1577,1769,732,6.1,548.28
6664,Lukoye,lukoye,2575,Marama N.,595,145,WST,4791,2229,2562,1073,7.77,616.31
6665,Shiraha,shiraha,2575,Marama N.,595,145,WST,6237,2945,3292,1412,11.56,539.36
6666,Buboko,buboko,2576,Marenyo,595,145,WST,2550,1219,1331,564,4.76,535.58
6667,Muyundi,muyundi,2576,Marenyo,595,145,WST,6365,3042,3323,1400,8.8,723.56
6668,Shikunga,shikunga,2576,Marenyo,595,145,WST,2993,1440,1553,670,4.93,607.27
6669,Masaba,masaba,2577,S.Marama,595,145,WST,3912,1931,1981,884,8.72,448.52
6670,Shiatsala,shiatsala,2577,S.Marama,595,145,WST,3155,1489,1666,731,4.22,748.16
6671,Shibembe,shibembe,2577,S.Marama,595,145,WST,4956,2298,2658,1110,5.02,988.12
6672,Bubala,bubala,2578,Shianda,595,145,WST,3158,1473,1685,711,4.01,788.06
6673,Mabole,mabole,2578,Shianda,595,145,WST,4695,2200,2495,1049,5.63,834.37
6674,Shianda,shianda,2578,Shianda,595,145,WST,3304,1602,1702,746,3.73,885.06
6675,Shinamwinyuli,shinamwinyuli,2579,Township,595,145,WST,7555,3619,3936,1630,10.87,695.29
6676,Shirembe,shirembe,2579,Township,595,145,WST,4536,2101,2435,1052,4.81,942.13
6677,Shirotsa,shirotsa,2579,Township,595,145,WST,8244,3897,4347,1871,6.82,1208.11
6678,Emutsasa,emutsasa,2580,Kisa Central,596,145,WST,4773,2199,2574,1100,6.48,736.01
6679,Mundeku,mundeku,2580,Kisa Central,596,145,WST,4451,2078,2373,1041,4.95,899.12
6680,Wambulishe,wambulishe,2580,Kisa Central,596,145,WST,10519,4996,5523,2432,13.29,791.7
6681,Emasatsi,emasatsi,2581,Kisa East,596,145,WST,5648,2584,3064,1239,7.84,720.37
6682,Emuruba,emuruba,2581,Kisa East,596,145,WST,3017,1424,1593,684,5.05,597.73
6683,Munjiti,munjiti,2581,Kisa East,596,145,WST,3150,1481,1669,706,4,787.76
6684,Emalindi,emalindi,2582,Kisa South,596,145,WST,4306,2013,2293,967,8.57,502.66
6685,Eshibinga,eshibinga,2582,Kisa South,596,145,WST,4149,1979,2170,958,6.51,637.69
6686,Mundaha,mundaha,2582,Kisa South,596,145,WST,2652,1250,1402,597,4.96,534.35
6687,Doho,doho,2583,Kisa West,596,145,WST,3138,1449,1689,725,6.13,511.92
6688,Dudi,dudi,2583,Kisa West,596,145,WST,2872,1351,1521,646,3.75,765.48
6689,Muhaka,muhaka,2583,Kisa West,596,145,WST,5252,2501,2751,1223,7.92,663.34
6690,Khusiku,khusiku,2584,Mulwanda,596,145,WST,5382,2522,2860,1301,6.05,889.18
6691,Mulwanda,mulwanda,2584,Mulwanda,596,145,WST,5242,2458,2784,1220,7.02,746.93
6692,Mushiangubu,mushiangubu,2584,Mulwanda,596,145,WST,6334,3030,3304,1522,7.38,858.49
6693,Shirali,shirali,2584,Mulwanda,596,145,WST,5499,2604,2895,1285,8.33,660.22
6694,Mundobelwa,mundobelwa,2585,North Kisa,596,145,WST,11160,5316,5844,2485,15.85,704.11
6695,Mwikalikha,mwikalikha,2585,North Kisa,596,145,WST,5123,2426,2697,1095,10.56,485.25
6696,Ebuhala,ebuhala,2586,Shirombe,596,145,WST,3636,1703,1933,872,4.03,902.57
6697,Ekomero,ekomero,2586,Shirombe,596,145,WST,6332,3049,3283,1476,6.91,916.43
6698,Ebuyayi,ebuyayi,2587,E.Bunyore,597,146,WST,5503,2601,2902,1305,5.57,987.83
6699,Emutsalwa,emutsalwa,2587,E.Bunyore,597,146,WST,3886,1788,2098,927,4.35,892.57
6700,Esianda,esianda,2587,E.Bunyore,597,146,WST,5097,2366,2731,1223,3.97,1282.55
6701,Esirabe,esirabe,2587,E.Bunyore,597,146,WST,2941,1402,1539,711,2.26,1302.54
6702,Ebukhaya,ebukhaya,2588,N.Bunyore,597,146,WST,3920,1855,2065,933,3.04,1290.28
6703,Ebukhubi,ebukhubi,2588,N.Bunyore,597,146,WST,2498,1146,1352,611,2.63,950.93
6704,Ebulonga,ebulonga,2588,N.Bunyore,597,146,WST,3121,1490,1631,716,3.4,918.45
6705,Ebusiratsi,ebusiratsi,2588,N.Bunyore,597,146,WST,6834,3228,3606,1595,7.18,951.97
6706,Emmukhunzi,emmukhunzi,2588,N.Bunyore,597,146,WST,3883,1804,2079,859,3.87,1003.88
6707,Ebukhunza,ebukhunza,2589,N.E.Bunyore,597,146,WST,5578,2586,2992,1274,6.11,913.53
6708,Ebunangwe,ebunangwe,2589,N.E.Bunyore,597,146,WST,7371,3410,3961,1715,8.23,896.09
6709,Ebusamia,ebusamia,2589,N.E.Bunyore,597,146,WST,3409,1557,1852,808,2.72,1251.28
6710,Ebusiroli,ebusiroli,2589,N.E.Bunyore,597,146,WST,3523,1662,1861,820,3.03,1163.47
6711,Emusutswi,emusutswi,2589,N.E.Bunyore,597,146,WST,3276,1569,1707,754,4.27,766.35
6712,Ebuhando,ebuhando,2590,Wekhomo,597,146,WST,4351,2062,2289,964,3.89,1119
6713,Ebusundi,ebusundi,2590,Wekhomo,597,146,WST,5842,2705,3137,1326,5.13,1137.86
6714,Iboona,iboona,2590,Wekhomo,597,146,WST,5361,2531,2830,1281,4.42,1212.98
6715,Ebukhanga,ebukhanga,2591,C.Bunyore,598,146,WST,3913,1860,2053,865,4.88,802.62
6716,Emmabwi,emmabwi,2591,C.Bunyore,598,146,WST,4125,1955,2170,946,4.49,918.91
6717,Emusire,emusire,2591,C.Bunyore,598,146,WST,6937,3223,3714,1632,7.18,966.12
6718,Esirulo,esirulo,2591,C.Bunyore,598,146,WST,3424,1618,1806,759,4.68,731.25
6719,Essaba,essaba,2591,C.Bunyore,598,146,WST,5705,2621,3084,1303,5.29,1078.65
6720,Essunza,essunza,2591,C.Bunyore,598,146,WST,3447,1547,1900,814,3.74,920.48
6721,Ebukasami,ebukasami,2592,S.Bunyore,598,146,WST,5565,2630,2935,1297,3.11,1787.72
6722,Ekwanda,ekwanda,2592,S.Bunyore,598,146,WST,4695,2231,2464,1057,3.59,1308.02
6723,Emaloba,emaloba,2592,S.Bunyore,598,146,WST,1785,842,943,392,4.23,422.45
6724,Esabalu,esabalu,2592,S.Bunyore,598,146,WST,5262,2530,2732,1232,4.09,1286.9
6725,Maseno,maseno,2592,S.Bunyore,598,146,WST,5020,2385,2635,1185,5.54,906.17
6726,Ebutanyi,ebutanyi,2593,S.W. Bunyore,598,146,WST,6144,2986,3158,1409,7.4,830.72
6727,Ebwiranyi,ebwiranyi,2593,S.W. Bunyore,598,146,WST,3232,1514,1718,756,3.28,984.5
6728,Esiandumba,esiandumba,2593,S.W. Bunyore,598,146,WST,6560,3080,3480,1541,5.16,1272.11
6729,Mwitubwi,mwitubwi,2593,S.W. Bunyore,598,146,WST,4656,2281,2375,1037,4.64,1004.49
6730,Ebusiekwe,ebusiekwe,2594,W. Bunyore,598,146,WST,7327,3363,3964,1614,6.13,1194.59
6731,Ebusikhale,ebusikhale,2594,W. Bunyore,598,146,WST,9680,4718,4962,2383,4.44,2178.61
6732,Ebusiralo,ebusiralo,2594,W. Bunyore,598,146,WST,4723,2309,2414,1154,3.41,1386.71
6733,Embali,embali,2594,W. Bunyore,598,146,WST,4643,2143,2500,1100,4.9,946.84
6734,Emukola,emukola,2594,W. Bunyore,598,146,WST,4531,2093,2438,1025,4.77,950.85
6735,Itumbu,itumbu,2594,W. Bunyore,598,146,WST,7301,3445,3856,1707,4.45,1639.42
6736,Galona,galona,2595,Gisambai,599,147,WST,6502,3119,3383,1382,8.19,793.49
6737,Gamoi,gamoi,2595,Gisambai,599,147,WST,5106,2394,2712,1157,5.5,928.11
6738,Gavudunyi,gavudunyi,2595,Gisambai,599,147,WST,3854,1829,2025,855,4.02,957.78
6739,Gimomoi,gimomoi,2595,Gisambai,599,147,WST,5990,2892,3098,1324,6.33,946.96
6740,Givole,givole,2596,Jepkoyai,599,147,WST,4937,2397,2540,1082,4.68,1054.37
6741,Kapchemugung,kapchemugung,2596,Jepkoyai,599,147,WST,5565,2590,2975,1196,6.53,852.27
6742,Kitagwa,kitagwa,2596,Jepkoyai,599,147,WST,3419,1689,1730,781,2.73,1253.71
6743,Tigoi,tigoi,2596,Jepkoyai,599,147,WST,5134,2411,2723,1136,4.94,1039.44
6744,Kalwani,kalwani,2597,Senende,600,147,WST,3446,1592,1854,757,3.63,948.03
6745,Senende,senende,2597,Senende,600,147,WST,4552,2182,2370,953,4.65,979.14
6746,Jivovoli,jivovoli,2598,Shamakhokho,600,147,WST,7072,3340,3732,1603,6.61,1069.47
6747,Kisasi,kisasi,2598,Shamakhokho,600,147,WST,5676,2716,2960,1179,4.47,1269.37
6748,Serem,serem,2598,Shamakhokho,600,147,WST,6789,3289,3500,1537,5.66,1200.45
6749,Kaptech,kaptech,2599,Muhudu,601,147,WST,4758,2221,2537,1025,6.62,718.2
6750,Muhudu,muhudu,2599,Muhudu,601,147,WST,6021,2868,3153,1258,6.02,999.83
6751,Mulundu,mulundu,2599,Muhudu,601,147,WST,5880,2709,3171,1134,7.25,811.33
6752,Jeptulu,jeptulu,2600,Shaviringa,601,147,WST,5644,2576,3068,1189,4.95,1141.15
6753,Makuchi,makuchi,2600,Shaviringa,601,147,WST,7072,3381,3691,1484,7.52,939.89
6754,Shiru,shiru,2600,Shaviringa,601,147,WST,9618,4661,4957,2092,7.09,1356.88
6755,Gasianga,gasianga,2601,Banja,602,147,WST,4500,2120,2380,980,6.55,687.23
6756,Givogi,givogi,2601,Banja,602,147,WST,4334,1973,2361,943,5.63,770.16
6757,Kapsotik,kapsotik,2601,Banja,602,147,WST,6394,3064,3330,1389,6.43,993.81
6758,Kipchekwen,kipchekwen,2601,Banja,602,147,WST,7307,3359,3948,1615,8.67,842.39
6759,Gamalenga,gamalenga,2602,Tambua,602,147,WST,4085,2220,1865,777,2.54,1605.49
6760,Gimarakwa,gimarakwa,2602,Tambua,602,147,WST,3064,1447,1617,659,3.83,799.98
6761,Ivola,ivola,2602,Tambua,602,147,WST,4443,2099,2344,1017,6.19,717.56
6762,Kiptaimes,kiptaimes,2602,Tambua,602,147,WST,3049,1427,1622,660,4.03,756.88
6763,Mwembe,mwembe,2602,Tambua,602,147,WST,4048,1904,2144,932,5.16,785.14
6764,Eshisiru,eshisiru,2603,Central Butsotso,603,148,WST,4786,2281,2505,989,8.75,547.18
6765,Shibuli,shibuli,2603,Central Butsotso,603,148,WST,11702,5567,6135,2417,25.27,463.03
6766,Shiyunzu,shiyunzu,2603,Central Butsotso,603,148,WST,9256,4557,4699,1919,14.79,625.98
6767,Indangalasia,indangalasia,2604,East Butsotso,603,148,WST,7431,3565,3866,1566,10.83,686
6768,Murumba,murumba,2604,East Butsotso,603,148,WST,9932,4871,5061,2104,14.2,699.61
6769,Shirakalu,shirakalu,2604,East Butsotso,603,148,WST,5864,2823,3041,1173,8.02,731.45
6770,Esumeyia,esumeyia,2605,North Butsotso,603,148,WST,8978,4350,4628,1818,19.85,452.39
6771,Ingotse,ingotse,2605,North Butsotso,603,148,WST,9439,4519,4920,1914,16.21,582.23
6772,Matiha,matiha,2605,North Butsotso,603,148,WST,12652,6213,6439,2509,18.19,695.67
6773,Shikomari,shikomari,2605,North Butsotso,603,148,WST,7494,3603,3891,1586,13.03,575.29
6774,Shinoyi,shinoyi,2605,North Butsotso,603,148,WST,8880,4270,4610,1764,15.49,573.27
6775,Emukaya,emukaya,2606,South Butsotso,603,148,WST,5605,2690,2915,1235,8.93,627.69
6776,Eshibeye,eshibeye,2606,South Butsotso,603,148,WST,5552,2675,2877,1130,13.26,418.57
6777,Matioli,matioli,2606,South Butsotso,603,148,WST,6220,2932,3288,1387,9.02,689.52
6778,Mahiakalo,mahiakalo,2607,Bukhungu,604,148,WST,12067,6075,5992,2865,13.41,899.63
6779,Shirere,shirere,2607,Bukhungu,604,148,WST,33510,16958,16552,7738,17.43,1922.94
6780,Sichilayi,sichilayi,2608,Shieywe,604,148,WST,38249,18956,19293,10475,15.3,2500.47
6781,Township,township,2608,Shieywe,604,148,WST,10055,5268,4787,2691,2.59,3879.39
6782,Namirama,namirama,2609,East Bunyala,605,148,WST,10335,4952,5383,2061,22.05,468.64
6783,Sivilie,sivilie,2609,East Bunyala,605,148,WST,11787,5797,5990,2430,22.96,513.47
6784,Buchangu,buchangu,2610,Nambacha,605,148,WST,9444,4599,4845,1854,16.61,568.63
6785,Mukhweso,mukhweso,2610,Nambacha,605,148,WST,5342,2651,2691,1053,8.01,666.66
6786,Nambacha,nambacha,2610,Nambacha,605,148,WST,6065,2917,3148,1253,13.73,441.82
6787,Sirigoi,sirigoi,2610,Nambacha,605,148,WST,8342,4026,4316,1644,18.48,451.47
6788,Bundonga,bundonga,2611,West Bunyala,605,148,WST,6460,3071,3389,1281,13.37,483.3
6789,Kochwa,kochwa,2611,West Bunyala,605,148,WST,10620,4999,5621,2066,20.08,528.86
6790,Lusumu,lusumu,2611,West Bunyala,605,148,WST,12090,5736,6354,2428,18.97,637.26
6791,Sidikho,sidikho,2611,West Bunyala,605,148,WST,9237,4359,4878,1771,20.85,443.09
6792,Ikuywa,ikuywa,2612,Ivihiga,606,149,WST,1585,840,745,335,2.76,573.3
6793,Lukusi,lukusi,2612,Ivihiga,606,149,WST,6656,3186,3470,1381,15.28,435.72
6794,Lunyu,lunyu,2612,Ivihiga,606,149,WST,9606,4618,4988,2120,19.01,505.39
6795,Bulovi,bulovi,2613,Kambiri,606,149,WST,6480,3164,3316,1310,13.29,487.51
6796,Buyangu,buyangu,2613,Kambiri,606,149,WST,4709,2283,2426,987,7.41,635.29
6797,Ivakale,ivakale,2613,Kambiri,606,149,WST,6022,2930,3092,1304,13.1,459.83
6798,Lubao,lubao,2613,Kambiri,606,149,WST,6285,3585,2700,1227,8.38,749.95
6799,Kak. Forest,kak-forest,2614,Kak. Forest,607,149,WST,83,51,32,22,225.59,0.37
6800,Malimili,malimili,2615,Ilesi,608,149,WST,4786,2255,2531,1034,6.08,786.56
6801,Mugomari,mugomari,2615,Ilesi,608,149,WST,5674,2647,3027,1279,6.17,919.89
6802,Mukhonje,mukhonje,2615,Ilesi,608,149,WST,8952,4231,4721,1865,11.38,786.3
6803,Lugose,lugose,2616,Khayega,608,149,WST,6079,2961,3118,1280,8.29,733.51
6804,Museno,museno,2616,Khayega,608,149,WST,5913,2799,3114,1365,5.66,1045.35
6805,Shidodo,shidodo,2616,Khayega,608,149,WST,10804,5206,5598,2338,11.03,979.71
6806,Shirulu,shirulu,2616,Khayega,608,149,WST,4755,2204,2551,1037,6.61,719.91
6807,Sitochi,sitochi,2616,Khayega,608,149,WST,8256,3763,4493,1882,6.7,1232.66
6808,Itenyi,itenyi,2617,Murhanda,608,149,WST,4733,2253,2480,1006,6.91,684.84
6809,Mukulusu,mukulusu,2617,Murhanda,608,149,WST,8179,3931,4248,1753,10.86,753.21
6810,Shisembe,shisembe,2617,Murhanda,608,149,WST,5146,2469,2677,1088,5.86,878.7
6811,Shiswa,shiswa,2617,Murhanda,608,149,WST,10227,4896,5331,2144,12.36,827.59
6812,Mukango,mukango,2618,Shibuye,608,149,WST,6416,3075,3341,1325,8.78,730.41
6813,Shiasaba,shiasaba,2618,Shibuye,608,149,WST,7250,3491,3759,1505,9.02,804.05
6814,Shingondo,shingondo,2618,Shibuye,608,149,WST,11259,5280,5979,2532,11.21,1004.32
6815,Virhembe,virhembe,2618,Shibuye,608,149,WST,9620,4691,4929,2058,13.72,701.12
6816,Butali,butali,2619,Matioli,609,150,WST,3647,1774,1873,756,9.2,396.6
6817,Mukavakava,mukavakava,2619,Matioli,609,150,WST,3230,1577,1653,578,7.16,451.27
6818,Shipala,shipala,2619,Matioli,609,150,WST,1409,675,734,291,3.09,456.47
6819,Tande,tande,2619,Matioli,609,150,WST,3928,1922,2006,836,9.09,432.04
6820,Lukala,lukala,2620,Mugai,609,150,WST,2065,1003,1062,400,4.54,454.54
6821,Musungu,musungu,2620,Mugai,609,150,WST,2530,1260,1270,490,5.49,460.49
6822,Sundulo,sundulo,2620,Mugai,609,150,WST,3454,1676,1778,654,5.63,613.27
6823,Malekha,malekha,2621,Shirugu,609,150,WST,5636,2732,2904,1099,14.53,387.82
6824,Samitsi,samitsi,2621,Shirugu,609,150,WST,4721,2232,2489,923,12.36,381.87
6825,Sheywe,sheywe,2621,Shirugu,609,150,WST,4344,2087,2257,845,9.43,460.68
6826,Isanjiro,isanjiro,2622,Township,609,150,WST,1954,913,1041,519,2.66,735.5
6827,Malanga,malanga,2622,Township,609,150,WST,2305,1129,1176,487,2.39,966.25
6828,Shivikhwa,shivikhwa,2622,Township,609,150,WST,4204,2019,2185,907,8.61,488.01
6829,Chimoroni,chimoroni,2623,Chemuche,610,150,WST,5311,2568,2743,972,14.63,363.14
6830,Kimangeti,kimangeti,2623,Chemuche,610,150,WST,4024,1972,2052,767,11.13,361.41
6831,Lukhokho,lukhokho,2623,Chemuche,610,150,WST,2804,1371,1433,506,8.22,341.3
6832,Masungutsa,masungutsa,2623,Chemuche,610,150,WST,1197,547,650,213,3.18,376.04
6833,Musingu,musingu,2623,Chemuche,610,150,WST,1706,821,885,313,4.82,354.21
6834,Tumbeni,tumbeni,2623,Chemuche,610,150,WST,2695,1337,1358,530,8,336.92
6835,Fuvale,fuvale,2624,Chesero,610,150,WST,1789,858,931,365,9.1,196.49
6836,Ikoli,ikoli,2624,Chesero,610,150,WST,9698,4669,5029,1907,18.96,511.44
6837,Kakunga,kakunga,2624,Chesero,610,150,WST,6319,3084,3235,1333,9.22,685.01
6838,Lwanda,lwanda,2624,Chesero,610,150,WST,4853,2354,2499,913,12.3,394.56
6839,Chebwai,chebwai,2625,Chegulo,611,150,WST,5706,2761,2945,1157,11.54,494.36
6840,Mahusi,mahusi,2625,Chegulo,611,150,WST,4921,2428,2493,974,12.11,406.49
6841,Matsakha,matsakha,2625,Chegulo,611,150,WST,4553,2143,2410,940,8.97,507.45
6842,Namushiya,namushiya,2625,Chegulo,611,150,WST,4482,2183,2299,875,12.48,359.06
6843,Cheptuli,cheptuli,2626,Shivanga,611,150,WST,2122,1077,1045,380,3.81,557.23
6844,Fuvuye,fuvuye,2626,Shivanga,611,150,WST,5450,2642,2808,1011,13.22,412.35
6845,Muriola,muriola,2626,Shivanga,611,150,WST,5078,2473,2605,957,14.63,347.13
6846,Teresia,teresia,2626,Shivanga,611,150,WST,4157,2092,2065,783,7.12,584.21
6847,Manda,manda,2627,Sirungai,611,150,WST,5581,2693,2888,1071,11.24,496.61
6848,Shiandiche,shiandiche,2627,Sirungai,611,150,WST,3617,1744,1873,651,5.52,655.41
6849,Tombo,tombo,2627,Sirungai,611,150,WST,6189,2960,3229,1223,12.81,483.04
6850,Mukhonje,mukhonje,2628,Mahira,612,150,WST,3207,1538,1669,592,6.68,480.31
6851,Mutingongo,mutingongo,2628,Mahira,612,150,WST,2643,1295,1348,499,5.81,455.09
6852,Mwera,mwera,2628,Mahira,612,150,WST,4185,2020,2165,798,8.23,508.56
6853,Shilongo,shilongo,2628,Mahira,612,150,WST,5174,2544,2630,1058,8.87,583.22
6854,Chevoso,chevoso,2629,Shianda,612,150,WST,5506,2705,2801,1118,9.69,568.43
6855,Ifwetere,ifwetere,2629,Shianda,612,150,WST,2465,1246,1219,466,3.69,668.6
6856,Lunyinya,lunyinya,2629,Shianda,612,150,WST,4997,2413,2584,998,7.82,639.1
6857,Sasala,sasala,2629,Shianda,612,150,WST,4978,2450,2528,1079,10.01,497.23
6858,Shamberere,shamberere,2629,Shianda,612,150,WST,4042,2010,2032,1008,3.98,1015.55
6859,Shamoni,shamoni,2629,Shianda,612,150,WST,6176,2996,3180,1236,8.74,706.26
6860,Burundu,burundu,2630,Burundu,613,150,WST,3014,1481,1533,574,6.22,484.47
6861,Mutsuma,mutsuma,2630,Burundu,613,150,WST,2095,1024,1071,408,4.58,457.76
6862,Sawawa,sawawa,2630,Burundu,613,150,WST,3565,1774,1791,690,6.52,546.77
6863,Shimuli,shimuli,2630,Burundu,613,150,WST,1573,751,822,310,2.77,567.83
6864,Lukala West,lukala-west,2631,Lukume,613,150,WST,3973,1889,2084,814,6.38,622.55
6865,Lukume,lukume,2631,Lukume,613,150,WST,5110,2454,2656,995,7.47,684.26
6866,Shikutse,shikutse,2631,Lukume,613,150,WST,6784,3350,3434,1366,12.74,532.3
6867,Lunenere,lunenere,2632,Isulu,614,151,WST,5681,2656,3025,1311,6.4,888.07
6868,Mukongolo,mukongolo,2632,Isulu,614,151,WST,3710,1778,1932,849,5.12,724.09
6869,Musoli,musoli,2632,Isulu,614,151,WST,6161,2987,3174,1297,9.38,656.82
6870,Shibuname,shibuname,2632,Isulu,614,151,WST,2697,1285,1412,591,5.93,454.87
6871,Malinya,malinya,2633,Shirumba,614,151,WST,5585,2684,2901,1278,5.31,1051.31
6872,Shitoli,shitoli,2633,Shirumba,614,151,WST,4729,2213,2516,1100,6.5,728.04
6873,Shivagala,shivagala,2633,Shirumba,614,151,WST,7300,3383,3917,1624,7.47,976.72
6874,Mutaho,mutaho,2634,Shisere,614,151,WST,6098,2960,3138,1304,11.1,549.57
6875,Shikulu,shikulu,2634,Shisere,614,151,WST,5500,2590,2910,1195,9.35,587.98
6876,Shimanyiro,shimanyiro,2634,Shisere,614,151,WST,7532,3593,3939,1643,11.04,682.15
6877,Shiseso,shiseso,2634,Shisere,614,151,WST,6731,3233,3498,1506,9.11,738.74
6878,Lukose,lukose,2635,Eregi,615,151,WST,2271,1039,1232,513,2.97,764.41
6879,Shanjetso,shanjetso,2635,Eregi,615,151,WST,2673,1230,1443,605,3.42,782.08
6880,Shisejeri,shisejeri,2635,Eregi,615,151,WST,3596,1415,2181,637,2.92,1233.41
6881,Ivonda,ivonda,2636,Iguhu,615,151,WST,6157,2924,3233,1320,10.02,614.68
6882,Lirhembe,lirhembe,2636,Iguhu,615,151,WST,3139,1522,1617,687,3.01,1042.65
6883,Makhokho,makhokho,2636,Iguhu,615,151,WST,4926,2230,2696,1111,6.11,805.8
6884,Savane,savane,2636,Iguhu,615,151,WST,4412,2143,2269,968,8.47,520.9
6885,Shiveye,shiveye,2636,Iguhu,615,151,WST,3394,1629,1765,750,5.25,646.01
6886,Kaluni,kaluni,2637,Shikumu,615,151,WST,4191,1937,2254,961,4.57,916.71
6887,Madivini,madivini,2637,Shikumu,615,151,WST,4990,2369,2621,1142,5.32,937.86
6888,Shabwali,shabwali,2637,Shikumu,615,151,WST,3196,1460,1736,752,4.78,668.35
6889,Kongoni,kongoni,2638,Kongoni,616,152,WST,23701,11374,12327,4908,43.27,547.75
6890,Mawetatu,mawetatu,2638,Kongoni,616,152,WST,12129,5780,6349,2371,24.29,499.3
6891,Sango,sango,2638,Kongoni,616,152,WST,10724,5289,5435,2109,32.09,334.16
6892,Seregeya,seregeya,2639,Likuyani,616,152,WST,15704,7661,8043,3224,56.31,278.89
6893,Soy,soy,2639,Likuyani,616,152,WST,11539,5715,5824,2517,40.87,282.32
6894,Matunda,matunda,2640,Nzoia,616,152,WST,12342,5829,6513,2909,9.87,1250
6895,Mois Bridge,mois-bridge,2640,Nzoia,616,152,WST,7569,3621,3948,1467,15.57,486.24
6896,Musemwa,musemwa,2640,Nzoia,616,152,WST,5049,2495,2554,995,19.35,260.94
6897,Vinyenya,vinyenya,2640,Nzoia,616,152,WST,5361,2559,2802,1084,10.12,529.86
6898,Milimani,milimani,2641,Sinoko,616,152,WST,6535,3170,3365,1393,7.56,864.37
6899,Mwiba,mwiba,2641,Sinoko,616,152,WST,3256,1665,1591,633,16.6,196.18
6900,Namunyiri,namunyiri,2641,Sinoko,616,152,WST,7080,3429,3651,1447,9.86,718.26
6901,Nzoia,nzoia,2641,Sinoko,616,152,WST,4148,2058,2090,847,16.06,258.2
6902,Koromaiti,koromaiti,2642,Chekalini,617,152,WST,9532,4512,5020,1763,19.75,482.71
6903,Musembe,musembe,2642,Chekalini,617,152,WST,10173,4973,5200,2080,21.93,463.9
6904,Lugari,lugari,2643,Lugari,617,152,WST,12593,6141,6452,2465,43.54,289.25
6905,Marakusi,marakusi,2643,Lugari,617,152,WST,18788,9048,9740,3775,37.76,497.57
6906,Munyuki,munyuki,2644,Lumakanda,617,152,WST,15417,7597,7820,3288,26.02,592.59
6907,Mwamba,mwamba,2644,Lumakanda,617,152,WST,14538,7160,7378,3113,33.02,440.34
6908,Mbagara,mbagara,2645,Mautuma,617,152,WST,13935,6811,7124,2776,60.01,232.2
6909,Mukuyu,mukuyu,2645,Mautuma,617,152,WST,11147,5463,5684,2311,23.79,468.64
6910,Kiliboti,kiliboti,2646,Chevaywa,618,152,WST,7320,3535,3785,1407,13.21,554.16
6911,Kivaywa,kivaywa,2646,Chevaywa,618,152,WST,14462,7010,7452,2968,23.73,609.4
6912,Kulumbeni,kulumbeni,2646,Chevaywa,618,152,WST,11363,5580,5783,2243,20.1,565.22
6913,Luandeti,luandeti,2647,Luandeti,618,152,WST,8162,3954,4208,1545,14.45,564.82
6914,Mabunye,mabunye,2647,Luandeti,618,152,WST,6172,2956,3216,1228,9.58,643.96
6915,Mahanga,mahanga,2647,Luandeti,618,152,WST,5787,2819,2968,1107,8.48,682.08
6916,Maturu,maturu,2647,Luandeti,618,152,WST,7625,3619,4006,1503,11.68,653.08
6917,Chebwek,chebwek,2648,Chepkube,619,153,WST,4780,2353,2427,898,9.19,520.19
6918,Chepkube,chepkube,2648,Chepkube,619,153,WST,7344,3609,3735,1456,12.54,585.73
6919,Cheptais,cheptais,2649,Cheptais,619,153,WST,7007,3513,3494,1359,9.1,770.38
6920,Ngachi,ngachi,2649,Cheptais,619,153,WST,9657,4774,4883,2059,10.7,902.71
6921,Chemondi,chemondi,2650,Chesikak,619,153,WST,4759,2372,2387,850,7.46,637.77
6922,Chesikak,chesikak,2650,Chesikak,619,153,WST,9566,4689,4877,1872,13.57,705.02
6923,Sasur,sasur,2651,Sasur,619,153,WST,5888,2943,2945,1056,9.58,614.72
6924,Toroso,toroso,2651,Sasur,619,153,WST,3849,1878,1971,751,8.92,431.4
6925,Kamtiong,kamtiong,2652,Elgon,620,153,WST,1858,921,937,352,4.1,452.84
6926,Kibuk,kibuk,2652,Elgon,620,153,WST,3566,1718,1848,703,4.96,718.95
6927,Kimobo,kimobo,2652,Elgon,620,153,WST,2070,1067,1003,382,4.98,415.8
6928,Kamuneru,kamuneru,2653,Kamuneru,620,153,WST,3659,1817,1842,678,5.58,655.61
6929,Sacho,sacho,2653,Kamuneru,620,153,WST,2059,1066,993,417,3.83,537.93
6930,Bugaa,bugaa,2654,Kapsokwony,620,153,WST,2644,1303,1341,521,3.15,839.13
6931,Chemeisus,chemeisus,2654,Kapsokwony,620,153,WST,4076,2008,2068,762,6.4,636.87
6932,Kapsokwony,kapsokwony,2654,Kapsokwony,620,153,WST,3534,1732,1802,820,4.42,799.48
6933,Kipyeto,kipyeto,2655,Namorio,620,153,WST,1987,1020,967,341,3.67,541.17
6934,Koshok,koshok,2655,Namorio,620,153,WST,2041,1008,1033,355,4.09,498.8
6935,Namorio,namorio,2655,Namorio,620,153,WST,4683,2312,2371,839,9.27,504.97
6936,Sambocho,sambocho,2655,Namorio,620,153,WST,2242,1112,1130,397,4.01,559.58
6937,Chemoge,chemoge,2656,Chemoge,621,153,WST,2969,1447,1522,525,6.51,455.98
6938,Chemuses,chemuses,2656,Chemoge,621,153,WST,3161,1585,1576,579,6.43,491.24
6939,Chesito,chesito,2657,Kaboywo,621,153,WST,4038,2023,2015,738,7.21,559.67
6940,Kaboywo,kaboywo,2657,Kaboywo,621,153,WST,4724,2384,2340,823,8.91,530.36
6941,Kaborom,kaborom,2658,Kaptama,621,153,WST,4657,2332,2325,848,10.07,462.46
6942,Kaptama,kaptama,2658,Kaptama,621,153,WST,5116,2536,2580,993,11.31,452.38
6943,Kaptalelia,kaptalelia,2659,Kongit,621,153,WST,3879,1944,1935,713,6.9,561.86
6944,Kongit,kongit,2659,Kongit,621,153,WST,5708,2851,2857,1071,8.87,643.38
6945,Chepyuk,chepyuk,2660,Chepyuk,622,153,WST,5238,2712,2526,892,18.42,284.43
6946,Kaimugul,kaimugul,2660,Chepyuk,622,153,WST,6939,3536,3403,1131,18.79,369.31
6947,Kubura,kubura,2660,Chepyuk,622,153,WST,3168,1641,1527,555,16.28,194.63
6948,Chongeywo,chongeywo,2661,Chongeywo,622,153,WST,3882,1942,1940,721,7.58,511.85
6949,Kapkurongo,kapkurongo,2661,Chongeywo,622,153,WST,2741,1432,1309,523,5.15,532.49
6950,Masaek,masaek,2661,Chongeywo,622,153,WST,4097,2027,2070,714,6.71,610.59
6951,Chepkurkur,chepkurkur,2662,Emia,622,153,WST,3344,1731,1613,642,15.84,211.12
6952,Emia,emia,2662,Emia,622,153,WST,2365,1234,1131,462,6.59,358.79
6953,Korngotuny,korngotuny,2662,Emia,622,153,WST,4388,2201,2187,776,18.1,242.49
6954,Cheptonon,cheptonon,2663,Kapkateny,622,153,WST,3725,1852,1873,739,6.39,582.97
6955,Teremi,teremi,2663,Kapkateny,622,153,WST,2695,1316,1379,479,4.53,594.73
6956,Toywondet,toywondet,2663,Kapkateny,622,153,WST,5810,2917,2893,1169,8.28,701.89
6957,Mt.Elgon Forest,mt-elgon-forest,2664,Mt.Elgon Forest,623,153,WST,2464,1261,1203,500,618.16,3.99
6958,Eluche,eluche,2665,East Wanga,624,154,WST,12380,6015,6365,2744,16.5,750.28
6959,Munganga,munganga,2665,East Wanga,624,154,WST,12191,5848,6343,2580,18.81,648.06
6960,Isongo,isongo,2666,Isongo,624,154,WST,13105,6187,6918,2674,20.76,631.27
6961,Makunga,makunga,2666,Isongo,624,154,WST,10734,5100,5634,2250,18.57,578.03
6962,Lubinu,lubinu,2667,Lubinu,624,154,WST,10346,5078,5268,2162,17.75,582.71
6963,Lusheya,lusheya,2667,Lubinu,624,154,WST,16031,7713,8318,3356,20.71,773.95
6964,Khaunga,khaunga,2668,Malaha,624,154,WST,7772,3756,4016,1599,12.06,644.56
6965,Malaha,malaha,2668,Malaha,624,154,WST,7165,3393,3772,1538,10.61,675.22
6966,Indangalasia,indangalasia,2669,Koyonzo,625,154,WST,11986,5547,6439,2527,27.9,429.53
6967,Koyonzo,koyonzo,2669,Koyonzo,625,154,WST,10035,4770,5265,2170,15.93,630.03
6968,Lunganyiro,lunganyiro,2669,Koyonzo,625,154,WST,7924,3863,4061,1609,14.33,553
6969,Mirere,mirere,2669,Koyonzo,625,154,WST,7984,3892,4092,1629,16.68,478.52
6970,Munami,munami,2669,Koyonzo,625,154,WST,8248,3947,4301,1771,15.68,526.05
6971,Namamali,namamali,2669,Koyonzo,625,154,WST,7412,3580,3832,1534,11.59,639.57
6972,Nanyieni,nanyieni,2669,Koyonzo,625,154,WST,13791,6611,7180,2909,23.02,599.2
6973,Khalaba,khalaba,2670,Matungu,625,154,WST,10457,5021,5436,2192,21.95,476.51
6974,Kholera,kholera,2670,Matungu,625,154,WST,18895,8943,9952,3962,42.02,449.72
6975,Matungu,matungu,2670,Matungu,625,154,WST,10093,5040,5053,2317,14.72,685.55
6976,Mayoni,mayoni,2670,Matungu,625,154,WST,20491,9863,10628,4419,35.08,584.05
6977,Musamba,musamba,2670,Matungu,625,154,WST,9321,4538,4783,1867,17.03,547.21
6978,Namulungu,namulungu,2670,Matungu,625,154,WST,9926,4913,5013,1965,19.86,499.79
6979,Ekero,ekero,2671,Nabongo,626,154,WST,11232,5421,5811,2531,13.32,843.17
6980,Lureko,lureko,2671,Nabongo,626,154,WST,4850,2323,2527,1007,10.23,474.22
6981,Matawa,matawa,2671,Nabongo,626,154,WST,9765,4670,5095,1963,13.68,713.71
6982,Mumias Town,mumias-town,2671,Nabongo,626,154,WST,22599,11072,11527,6488,9.69,2332.61
6983,Nucleus,nucleus,2671,Nabongo,626,154,WST,15765,8010,7755,4128,35.74,441.1
6984,Buchifi,buchifi,2672,Etenje,627,154,WST,9382,4493,4889,1980,15.26,614.64
6985,Bukaya,bukaya,2672,Etenje,627,154,WST,10872,5159,5713,2352,21.26,511.4
6986,Eshikalame,eshikalame,2672,Etenje,627,154,WST,7171,3400,3771,1557,10.35,692.82
6987,Masinjira,masinjira,2672,Etenje,627,154,WST,7908,3686,4222,1704,14.05,562.71
6988,Bungasi,bungasi,2673,Musanda,627,154,WST,7021,3287,3734,1622,14.82,473.68
6989,Eshihaka,eshihaka,2673,Musanda,627,154,WST,6791,3214,3577,1429,6.97,974.6
6990,Musanda,musanda,2673,Musanda,627,154,WST,9738,4666,5072,2150,13.27,733.62
6991,Agenga,agenga,2674,Agenga,628,155,WST,4383,2108,2275,897,12.45,352.07
6992,Bukiri,bukiri,2674,Agenga,628,155,WST,1941,938,1003,404,8.58,226.33
6993,Ojibo,ojibo,2674,Agenga,628,155,WST,3662,1764,1898,797,10.94,334.62
6994,Sigalame,sigalame,2674,Agenga,628,155,WST,3960,1923,2037,804,12.57,315.04
6995,Busembe,busembe,2675,Bwiri,628,155,WST,4347,2123,2224,854,11.87,366.21
6996,Busijo,busijo,2675,Bwiri,628,155,WST,4274,2002,2272,814,11.14,383.56
6997,Hakati,hakati,2675,Bwiri,628,155,WST,5668,2731,2937,1101,20.02,283.06
6998,Namuduru,namuduru,2675,Bwiri,628,155,WST,5497,2614,2883,1164,21.23,258.88
6999,Buloma,buloma,2676,Namboboto,628,155,WST,3457,1636,1821,721,8.16,423.87
7000,Luanda,luanda,2676,Namboboto,628,155,WST,4221,1941,2280,889,9.52,443.6
7001,Mudoma,mudoma,2676,Namboboto,628,155,WST,2986,1416,1570,640,5.16,578.27
7002,Namboboto,namboboto,2676,Namboboto,628,155,WST,2424,1131,1293,522,4.78,507.41
7003,Nyakhobi,nyakhobi,2676,Namboboto,628,155,WST,3165,1457,1708,646,9.69,326.76
7004,Ganjala,ganjala,2677,Nambuku,628,155,WST,2267,1042,1225,470,7.51,301.94
7005,Ludacho,ludacho,2677,Nambuku,628,155,WST,2802,1332,1470,581,8.01,349.7
7006,Lugala,lugala,2677,Nambuku,628,155,WST,1953,916,1037,413,5.56,351.11
7007,Mango,mango,2677,Nambuku,628,155,WST,1899,889,1010,406,4.52,419.97
7008,Sibinga,sibinga,2677,Nambuku,628,155,WST,2969,1388,1581,583,7.09,418.53
7009,Bukhulungu,bukhulungu,2678,Nangosia,628,155,WST,3364,1545,1819,714,9.08,370.35
7010,Luchululo,luchululo,2678,Nangosia,628,155,WST,1657,748,909,348,4.63,357.74
7011,Sigulu,sigulu,2678,Nangosia,628,155,WST,2893,1349,1544,629,7.66,377.73
7012,Sirekeresi,sirekeresi,2678,Nangosia,628,155,WST,2695,1247,1448,592,6.09,442.85
7013,Bujwanga,bujwanga,2679,Nanguba,628,155,WST,5696,2724,2972,1158,14.46,393.87
7014,Nanderema,nanderema,2679,Nanguba,628,155,WST,3117,1517,1600,625,12,259.71
7015,Rumbiye,rumbiye,2679,Nanguba,628,155,WST,2619,1288,1331,585,9.82,266.67
7016,Budalanga,budalanga,2680,Odiado,628,155,WST,1171,564,607,246,3.36,348.81
7017,Kabwodo,kabwodo,2680,Odiado,628,155,WST,1349,640,709,306,4.07,331.25
7018,Odiado,odiado,2680,Odiado,628,155,WST,3003,1422,1581,613,8.49,353.9
7019,Wakhungu,wakhungu,2680,Odiado,628,155,WST,4061,1872,2189,873,6.66,610.1
7020,Komiriai,komiriai,2681,Akadetewai,629,156,WST,4985,2359,2626,1474,1.45,3446.96
7021,Olobai,olobai,2681,Akadetewai,629,156,WST,4013,2133,1880,966,0.96,4174.12
7022,Township,township,2681,Akadetewai,629,156,WST,2879,1407,1472,766,1.68,1709.82
7023,Amagoro,amagoro,2682,Amagoro,629,156,WST,4132,1958,2174,951,6.16,670.3
7024,Ikapolok,ikapolok,2682,Amagoro,629,156,WST,2473,1201,1272,482,5.6,441.97
7025,Korisai,korisai,2682,Amagoro,629,156,WST,1757,864,893,320,4.22,416.55
7026,Akariamasit,akariamasit,2683,Amoni,629,156,WST,3195,1582,1613,724,5.01,637.78
7027,Kajei,kajei,2683,Amoni,629,156,WST,3515,1706,1809,801,4.52,777.4
7028,Kamolo,kamolo,2684,Kamolo,629,156,WST,2085,1016,1069,412,6.14,339.63
7029,Kodedema,kodedema,2684,Kamolo,629,156,WST,2365,1129,1236,460,5.54,427.03
7030,Onyunyuri,onyunyuri,2684,Kamolo,629,156,WST,3668,1810,1858,717,10.57,347.09
7031,Osasame,osasame,2685,Kamuriai,629,156,WST,1467,711,756,273,3.68,398.24
7032,Kengatunyi,kengatunyi,2686,Kocholia,629,156,WST,1771,840,931,325,4.76,372.33
7033,Kocholia,kocholia,2686,Kocholia,629,156,WST,2519,1161,1358,525,5.69,442.83
7034,Koteko,koteko,2686,Kocholia,629,156,WST,2507,1220,1287,474,5.21,481.17
7035,Kiriko,kiriko,2687,Kokare,629,156,WST,1984,959,1025,374,5.06,392.4
7036,Kokare,kokare,2687,Kokare,629,156,WST,2351,1137,1214,449,8,293.75
7037,Kakoli,kakoli,2688,Okuleu,629,156,WST,2096,1010,1086,374,8.91,235.19
7038,Okuleu,okuleu,2688,Okuleu,629,156,WST,2621,1319,1302,486,6.71,390.67
7039,Kururuma,kururuma,2689,Osajai,629,156,WST,2635,1288,1347,502,5.69,462.84
7040,Onyunyur,onyunyur,2689,Osajai,629,156,WST,3189,1554,1635,623,8.58,371.48
7041,Aedomoru,aedomoru,2690,Aboloi,630,156,WST,1494,723,771,284,4.36,342.41
7042,Akachachat,akachachat,2690,Aboloi,630,156,WST,2579,1249,1330,470,8.94,288.32
7043,Mwari,mwari,2690,Aboloi,630,156,WST,1189,594,595,206,3.88,306.67
7044,Adanya,adanya,2691,Angurai,630,156,WST,2363,1100,1263,429,4.59,514.51
7045,Chelemuk,chelemuk,2691,Angurai,630,156,WST,3541,1646,1895,706,8.55,414.05
7046,Kakurikit,kakurikit,2691,Angurai,630,156,WST,3289,1580,1709,599,6.81,482.89
7047,Katotoi,katotoi,2691,Angurai,630,156,WST,2029,979,1050,366,5.85,346.91
7048,Chamasir,chamasir,2692,Chamasiri,630,156,WST,1850,928,922,333,8.12,227.93
7049,Kakemer,kakemer,2692,Chamasiri,630,156,WST,2683,1325,1358,492,4.56,588.62
7050,Akobwait,akobwait,2693,Changara,630,156,WST,2300,1169,1131,442,4.91,467.96
7051,Aterait,aterait,2693,Changara,630,156,WST,3148,1558,1590,573,6.64,473.91
7052,Changara,changara,2693,Changara,630,156,WST,1593,756,837,296,2.71,586.91
7053,Kakapel,kakapel,2694,Kakapel,630,156,WST,5567,2683,2884,1068,12.88,432.15
7054,Kekalet,kekalet,2694,Kakapel,630,156,WST,3226,1599,1627,633,8.3,388.61
7055,Akolong,akolong,2695,Katakwa,630,156,WST,2001,962,1039,357,4.3,465.34
7056,Katelepai,katelepai,2695,Katakwa,630,156,WST,1445,686,759,268,3.66,394.97
7057,Rwatama,rwatama,2695,Katakwa,630,156,WST,3290,1530,1760,610,7.3,450.76
7058,Aloete,aloete,2696,Kolanya,630,156,WST,1617,762,855,281,5.2,311.22
7059,Kolanya,kolanya,2696,Kolanya,630,156,WST,2358,1249,1109,372,4.76,495.64
7060,Adumai,adumai,2697,Moding,630,156,WST,2672,1311,1361,454,7.72,346.02
7061,Apokor,apokor,2697,Moding,630,156,WST,3043,1493,1550,537,8.7,349.69
7062,Kolait,kolait,2697,Moding,630,156,WST,2401,1157,1244,432,5.42,443.21
7063,Moding,moding,2697,Moding,630,156,WST,4062,2015,2047,746,8.69,467.54
7064,Aderema,aderema,2698,Akoreet,631,157,WST,1564,752,812,315,5.21,300.11
7065,Akoret,akoret,2698,Akoreet,631,157,WST,3615,1695,1920,708,10.42,346.97
7066,Okook,okook,2698,Akoreet,631,157,WST,2477,1233,1244,471,7.54,328.46
7067,Amugura,amugura,2699,Amukura,631,157,WST,2493,1189,1304,500,4.77,522.18
7068,Aturet,aturet,2699,Amukura,631,157,WST,1746,829,917,331,5.3,329.17
7069,Kochek,kochek,2699,Amukura,631,157,WST,1721,868,853,348,3.08,558.55
7070,Akirimasi,akirimasi,2700,Aremit,631,157,WST,3198,1658,1540,518,6.18,517.8
7071,Odioi,odioi,2700,Aremit,631,157,WST,2980,1463,1517,538,6.22,478.83
7072,Osuret,osuret,2700,Aremit,631,157,WST,3589,1756,1833,594,6.15,583.76
7073,Apatit,apatit,2701,Kaliwa,631,157,WST,3789,1830,1959,731,11.05,342.91
7074,Kaliwa,kaliwa,2701,Kaliwa,631,157,WST,3496,1672,1824,669,8.96,390.34
7075,Okatekok,okatekok,2701,Kaliwa,631,157,WST,4297,2070,2227,816,9.62,446.7
7076,Apokor,apokor,2702,Kaujakito,631,157,WST,5713,2763,2950,1089,13.74,415.91
7077,Katelenyang,katelenyang,2702,Kaujakito,631,157,WST,3461,1673,1788,711,7.82,442.74
7078,Kauriumoit,kauriumoit,2702,Kaujakito,631,157,WST,3786,1786,2000,763,10.65,355.45
7079,Kidera,kidera,2703,Kotur,631,157,WST,2310,1123,1187,437,7.18,321.61
7080,Kotur,kotur,2703,Kotur,631,157,WST,2741,1319,1422,496,8.93,306.93
7081,Akwobwait,akwobwait,2704,Kwangamor,631,157,WST,3903,1894,2009,746,9.52,409.97
7082,Kwangamor,kwangamor,2704,Kwangamor,631,157,WST,2499,1196,1303,506,7.37,338.99
7083,Okisimo,okisimo,2704,Kwangamor,631,157,WST,2158,1032,1126,415,9.25,233.35
7084,Alomodoi,alomodoi,2705,Amongura,632,157,WST,2901,1402,1499,565,6.53,444.48
7085,Obuchun,obuchun,2705,Amongura,632,157,WST,3978,1963,2015,716,9.15,434.83
7086,Ongariama,ongariama,2705,Amongura,632,157,WST,4447,2147,2300,847,9.7,458.24
7087,Agoloto,agoloto,2706,Angoromo,632,157,WST,12495,6186,6309,3037,3.67,3401.3
7088,Alupe,alupe,2706,Angoromo,632,157,WST,6044,2922,3122,1163,13.07,462.59
7089,Amerikwai,amerikwai,2706,Angoromo,632,157,WST,7623,3592,4031,1826,5.33,1429.7
7090,Akites,akites,2707,Apegel,632,157,WST,3062,1406,1656,611,7.78,393.62
7091,Aterait,aterait,2707,Apegel,632,157,WST,3099,1472,1627,603,6.91,448.23
7092,Morukarisa,morukarisa,2707,Apegel,632,157,WST,1765,809,956,319,5.33,331.44
7093,Achiit,achiit,2708,Asinge,632,157,WST,2351,1097,1254,437,5.23,449.42
7094,Aludeka,aludeka,2708,Asinge,632,157,WST,3986,1944,2042,797,11.84,336.74
7095,Ngelechodi,ngelechodi,2708,Asinge,632,157,WST,4392,2150,2242,846,12.41,354.04
7096,Okiludu,okiludu,2709,Ochude,632,157,WST,4102,1993,2109,815,9.01,455.22
7097,Olepito,olepito,2709,Ochude,632,157,WST,2851,1374,1477,551,6.62,430.94
7098,Otimong,otimong,2709,Ochude,632,157,WST,3691,1798,1893,712,9.82,375.93
7099,Adungosi,adungosi,2710,Okame,632,157,WST,3281,1474,1807,652,5.21,629.98
7100,Amaase,amaase,2710,Okame,632,157,WST,2506,1269,1237,472,5.12,489.88
7101,Ongaroi,ongaroi,2710,Okame,632,157,WST,3814,1830,1984,701,7.93,480.82
7102,Evojo,evojo,2711,Chavakali,633,158,WST,2854,1337,1517,579,2.81,1015.8
7103,Igunga,igunga,2711,Chavakali,633,158,WST,4559,2202,2357,993,4.08,1117.18
7104,Viyalo,viyalo,2711,Chavakali,633,158,WST,3261,1536,1725,736,3,1085.91
7105,Walodeya,walodeya,2711,Chavakali,633,158,WST,5122,2503,2619,1231,2.68,1912.34
7106,Wanondi,wanondi,2711,Chavakali,633,158,WST,2656,1278,1378,563,2.52,1053.68
7107,Bukulunya,bukulunya,2712,Izava North,633,158,WST,2906,1424,1482,593,2.77,1050.01
7108,Mbale,mbale,2712,Izava North,633,158,WST,5171,2461,2710,1148,3.17,1633.7
7109,Munoywa,munoywa,2712,Izava North,633,158,WST,3656,1731,1925,758,3.59,1017.62
7110,Demesi,demesi,2713,Izava South,633,158,WST,3921,1857,2064,838,3.29,1192.34
7111,Lyaduywa,lyaduywa,2713,Izava South,633,158,WST,4988,2421,2567,1066,3.03,1647.56
7112,Mukingi,mukingi,2713,Izava South,633,158,WST,4963,2330,2633,1137,3.32,1495.96
7113,Hamuyundi,hamuyundi,2714,W. Maragoli,633,158,WST,4427,2091,2336,961,4.32,1025.69
7114,Kegondi,kegondi,2714,W. Maragoli,633,158,WST,5235,2494,2741,1160,4.21,1244.06
7115,Kisatiru,kisatiru,2714,W. Maragoli,633,158,WST,5318,2561,2757,1158,4.4,1209.41
7116,Solongo,solongo,2714,W. Maragoli,633,158,WST,6521,2917,3604,1343,4.68,1394.45
7117,Chavogere,chavogere,2715,Busali East,634,158,WST,4268,1988,2280,868,5.37,794.9
7118,Itegero,itegero,2715,Busali East,634,158,WST,4657,2203,2454,955,4.6,1012.13
7119,Kedoli,kedoli,2715,Busali East,634,158,WST,3345,1618,1727,684,3.17,1054.94
7120,Budaywa,budaywa,2716,Busali West,634,158,WST,3583,1669,1914,774,3.53,1014.76
7121,Bugina,bugina,2716,Busali West,634,158,WST,3950,1868,2082,845,3.42,1154.67
7122,Chamakanga,chamakanga,2716,Busali West,634,158,WST,3890,1907,1983,774,3.61,1077.5
7123,Digula,digula,2717,N. Maragoli,634,158,WST,2784,1309,1475,589,2.12,1310.73
7124,Kigama,kigama,2717,N. Maragoli,634,158,WST,6460,3067,3393,1348,6.06,1065.71
7125,Kivagala,kivagala,2717,N. Maragoli,634,158,WST,2729,1290,1439,560,2.44,1116.93
7126,Mudete,mudete,2717,N. Maragoli,634,158,WST,4353,2118,2235,1062,3.32,1312.49
7127,Mulundu,mulundu,2717,N. Maragoli,634,158,WST,2161,1069,1092,451,2.36,914.24
7128,Gaigedi,gaigedi,2718,Wodanga,634,158,WST,3507,1661,1846,719,3.34,1050.19
7129,Gavudia,gavudia,2718,Wodanga,634,158,WST,4154,1977,2177,838,4.05,1026.41
7130,Lusengeli,lusengeli,2718,Wodanga,634,158,WST,4523,2152,2371,1009,3.75,1205.3
7131,Mambai,mambai,2718,Wodanga,634,158,WST,5110,2391,2719,1088,4.8,1064.45
7132,Vokoli,vokoli,2718,Wodanga,634,158,WST,4646,2009,2637,914,3.04,1529.35
7133,Chango,chango,2719,C. Maragoli,635,158,WST,5931,2853,3078,1272,4.13,1436.95
7134,Emanda,emanda,2719,C. Maragoli,635,158,WST,6348,3059,3289,1529,5.28,1202.16
7135,Ikumba,ikumba,2719,C. Maragoli,635,158,WST,5815,2930,2885,1363,3.01,1929.14
7136,Kidundu,kidundu,2719,C. Maragoli,635,158,WST,5276,2521,2755,1146,4.74,1113.62
7137,Magui,magui,2720,Lugaga,635,158,WST,3905,1866,2039,864,3.58,1091.79
7138,Muhanda,muhanda,2720,Lugaga,635,158,WST,4501,2056,2445,1005,4.59,979.76
7139,Vunandi,vunandi,2720,Lugaga,635,158,WST,3403,1577,1826,779,3.89,874.76
7140,Kisienya,kisienya,2721,Mungoma,635,158,WST,2467,1144,1323,558,2.76,894.85
7141,Madzuu,madzuu,2721,Mungoma,635,158,WST,4318,2015,2303,972,3.71,1165.2
7142,Mahanga,mahanga,2721,Mungoma,635,158,WST,6723,3180,3543,1503,6.53,1029.97
7143,Vigulu,vigulu,2721,Mungoma,635,158,WST,6292,2946,3346,1410,8.13,773.78
7144,Chagenda,chagenda,2722,S.Maragoli,635,158,WST,5321,2538,2783,1141,11.07,480.63
7145,Ideleri,ideleri,2722,S.Maragoli,635,158,WST,4967,2363,2604,1069,5.69,872.37
7146,Lusiola,lusiola,2722,S.Maragoli,635,158,WST,3481,1668,1813,757,4.62,753.43
7147,Masana,masana,2722,S.Maragoli,635,158,WST,5524,2604,2920,1119,6.45,856.98
7148,Chambiti,chambiti,2723,Wamuluma,635,158,WST,3468,1690,1778,751,2.93,1182.69
7149,Kegoye,kegoye,2723,Wamuluma,635,158,WST,5197,2541,2656,1165,3.98,1305.58
7150,Mbihi,mbihi,2723,Wamuluma,635,158,WST,8679,4121,4558,2076,5.08,1707.15
